{"type":"FeatureCollection","features":[{"type":"Feature","properties":{"id":"poyo-chiva","name":"Barranco de Chiva (cabecera de la Rambla del Poyo)","length_km":19.9},"geometry":{"type":"LineString","coordinates":[[-0.8454,39.4854],[-0.8479,39.4813],[-0.8471,39.4763],[-0.8454,39.4746],[-0.8404,39.4738],[-0.8387,39.4713],[-0.8371,39.4713],[-0.8346,39.4688],[-0.8304,39.4679],[-0.8296,39.4688],[-0.8287,39.4671],[-0.8246,39.4654],[-0.8237,39.4612],[-0.8213,39.4596],[-0.8254,39.4579],[-0.8213,39.4546],[-0.8162,39.4537],[-0.8129,39.4571],[-0.8079,39.4563],[-0.8062,39.4571],[-0.8029,39.4537],[-0.7987,39.4579],[-0.7937,39.4546],[-0.7946,39.4529],[-0.7929,39.4496],[-0.7937,39.4488],[-0.7879,39.4454],[-0.7862,39.4429],[-0.7804,39.4404],[-0.7637,39.4379],[-0.7571,39.4421],[-0.7487,39.4454],[-0.7429,39.4463],[-0.7379,39.4496],[-0.7321,39.4513],[-0.7312,39.4529],[-0.7271,39.4537],[-0.7246,39.4563],[-0.7221,39.4621],[-0.7229,39.4671],[-0.7179,39.4738],[-0.7188,39.4763],[-0.7179,39.4771],[-0.7112,39.4779],[-0.7087,39.4813],[-0.7054,39.4829],[-0.7021,39.4813],[-0.7012,39.4829],[-0.6954,39.4829],[-0.6829,39.4896],[-0.6787,39.4896],[-0.6746,39.4921],[-0.6712,39.4921],[-0.6671,39.4971],[-0.6562,39.4946],[-0.6529,39.4971],[-0.6512,39.5029],[-0.6462,39.5054],[-0.6379,39.5029],[-0.6321,39.4938],[-0.6287,39.4921],[-0.6221,39.4921],[-0.6171,39.4846],[-0.6087,39.4838],[-0.6046,39.4813],[-0.5946,39.4813],[-0.5804,39.4721],[-0.5754,39.4729],[-0.5546,39.4721],[-0.5471,39.4704],[-0.5346,39.4704],[-0.5337,39.4671],[-0.5246,39.4679],[-0.5187,39.4671],[-0.5154,39.4588],[-0.5162,39.4554],[-0.5096,39.4537],[-0.5046,39.4479],[-0.5004,39.4463],[-0.4962,39.4413],[-0.4812,39.4413],[-0.4779,39.4388],[-0.4737,39.4388],[-0.4688,39.4421],[-0.4579,39.4438],[-0.4537,39.4413],[-0.4462,39.4404],[-0.4312,39.4354],[-0.4237,39.4354],[-0.4196,39.4321],[-0.4179,39.4288],[-0.4129,39.4263],[-0.4129,39.4229],[-0.4071,39.4171],[-0.4062,39.4138],[-0.3954,39.4038],[-0.3787,39.4013],[-0.3671,39.3971]]}},{"type":"Feature","properties":{"id":"poyo-cheste","name":"Barranco de Chiva / Rambla del Poyo","length_km":27.1},"geometry":{"type":"LineString","coordinates":[[-0.8454,39.4854],[-0.8479,39.4813],[-0.8471,39.4763],[-0.8454,39.4746],[-0.8404,39.4738],[-0.8387,39.4713],[-0.8371,39.4713],[-0.8346,39.4688],[-0.8304,39.4679],[-0.8296,39.4688],[-0.8287,39.4671],[-0.8246,39.4654],[-0.8237,39.4612],[-0.8213,39.4596],[-0.8254,39.4579],[-0.8213,39.4546],[-0.8162,39.4537],[-0.8129,39.4571],[-0.8079,39.4563],[-0.8062,39.4571],[-0.8029,39.4537],[-0.7987,39.4579],[-0.7937,39.4546],[-0.7946,39.4529],[-0.7929,39.4496],[-0.7937,39.4488],[-0.7879,39.4454],[-0.7862,39.4429],[-0.7804,39.4404],[-0.7637,39.4379],[-0.7571,39.4421],[-0.7487,39.4454],[-0.7429,39.4463],[-0.7379,39.4496],[-0.7321,39.4513],[-0.7312,39.4529],[-0.7271,39.4537],[-0.7246,39.4563],[-0.7221,39.4621],[-0.7229,39.4671],[-0.7179,39.4738],[-0.7188,39.4763],[-0.7179,39.4771],[-0.7112,39.4779],[-0.7087,39.4813],[-0.7054,39.4829],[-0.7021,39.4813],[-0.7012,39.4829],[-0.6954,39.4829],[-0.6829,39.4896],[-0.6787,39.4896],[-0.6746,39.4921],[-0.6712,39.4921],[-0.6671,39.4971],[-0.6562,39.4946],[-0.6529,39.4971],[-0.6512,39.5029],[-0.6462,39.5054],[-0.6379,39.5029],[-0.6321,39.4938],[-0.6287,39.4921],[-0.6221,39.4921],[-0.6171,39.4846],[-0.6087,39.4838],[-0.6046,39.4813],[-0.5946,39.4813],[-0.5804,39.4721],[-0.5754,39.4729],[-0.5546,39.4721],[-0.5471,39.4704],[-0.5346,39.4704],[-0.5337,39.4671],[-0.5246,39.4679],[-0.5187,39.4671],[-0.5154,39.4588],[-0.5162,39.4554],[-0.5096,39.4537],[-0.5046,39.4479],[-0.5004,39.4463],[-0.4962,39.4413],[-0.4812,39.4413],[-0.4779,39.4388],[-0.4737,39.4388],[-0.4688,39.4421],[-0.4579,39.4438],[-0.4537,39.4413],[-0.4462,39.4404],[-0.4312,39.4354],[-0.4237,39.4354],[-0.4196,39.4321],[-0.4179,39.4288],[-0.4129,39.4263],[-0.4129,39.4229],[-0.4071,39.4171],[-0.4062,39.4138],[-0.3954,39.4038],[-0.3787,39.4013],[-0.3671,39.3971]]}},{"type":"Feature","properties":{"id":"poyo-ribarroja","name":"Rambla del Poyo","length_km":36.3},"geometry":{"type":"LineString","coordinates":[[-0.8454,39.4854],[-0.8479,39.4813],[-0.8471,39.4763],[-0.8454,39.4746],[-0.8404,39.4738],[-0.8387,39.4713],[-0.8371,39.4713],[-0.8346,39.4688],[-0.8304,39.4679],[-0.8296,39.4688],[-0.8287,39.4671],[-0.8246,39.4654],[-0.8237,39.4612],[-0.8213,39.4596],[-0.8254,39.4579],[-0.8213,39.4546],[-0.8162,39.4537],[-0.8129,39.4571],[-0.8079,39.4563],[-0.8062,39.4571],[-0.8029,39.4537],[-0.7987,39.4579],[-0.7937,39.4546],[-0.7946,39.4529],[-0.7929,39.4496],[-0.7937,39.4488],[-0.7879,39.4454],[-0.7862,39.4429],[-0.7804,39.4404],[-0.7637,39.4379],[-0.7571,39.4421],[-0.7487,39.4454],[-0.7429,39.4463],[-0.7379,39.4496],[-0.7321,39.4513],[-0.7312,39.4529],[-0.7271,39.4537],[-0.7246,39.4563],[-0.7221,39.4621],[-0.7229,39.4671],[-0.7179,39.4738],[-0.7188,39.4763],[-0.7179,39.4771],[-0.7112,39.4779],[-0.7087,39.4813],[-0.7054,39.4829],[-0.7021,39.4813],[-0.7012,39.4829],[-0.6954,39.4829],[-0.6829,39.4896],[-0.6787,39.4896],[-0.6746,39.4921],[-0.6712,39.4921],[-0.6671,39.4971],[-0.6562,39.4946],[-0.6529,39.4971],[-0.6512,39.5029],[-0.6462,39.5054],[-0.6379,39.5029],[-0.6321,39.4938],[-0.6287,39.4921],[-0.6221,39.4921],[-0.6171,39.4846],[-0.6087,39.4838],[-0.6046,39.4813],[-0.5946,39.4813],[-0.5804,39.4721],[-0.5754,39.4729],[-0.5546,39.4721],[-0.5471,39.4704],[-0.5346,39.4704],[-0.5337,39.4671],[-0.5246,39.4679],[-0.5187,39.4671],[-0.5154,39.4588],[-0.5162,39.4554],[-0.5096,39.4537],[-0.5046,39.4479],[-0.5004,39.4463],[-0.4962,39.4413],[-0.4812,39.4413],[-0.4779,39.4388],[-0.4737,39.4388],[-0.4688,39.4421],[-0.4579,39.4438],[-0.4537,39.4413],[-0.4462,39.4404],[-0.4312,39.4354],[-0.4237,39.4354],[-0.4196,39.4321],[-0.4179,39.4288],[-0.4129,39.4263],[-0.4129,39.4229],[-0.4071,39.4171],[-0.4062,39.4138],[-0.3954,39.4038],[-0.3787,39.4013],[-0.3671,39.3971]]}},{"type":"Feature","properties":{"id":"horteta-torrent","name":"Barranc de l'Horteta","length_km":26.1},"geometry":{"type":"LineString","coordinates":[[-0.7046,39.4071],[-0.6946,39.4096],[-0.6887,39.4046],[-0.6829,39.4021],[-0.6779,39.4004],[-0.6729,39.4004],[-0.6704,39.3987],[-0.6621,39.3996],[-0.6562,39.3954],[-0.6487,39.3946],[-0.6429,39.3979],[-0.6387,39.3987],[-0.6246,39.3954],[-0.6204,39.3987],[-0.6138,39.3987],[-0.6112,39.4013],[-0.6054,39.4013],[-0.6004,39.4071],[-0.5962,39.4071],[-0.5904,39.4113],[-0.5871,39.4113],[-0.5804,39.4138],[-0.5629,39.4146],[-0.5587,39.4179],[-0.5571,39.4179],[-0.5554,39.4146],[-0.5521,39.4146],[-0.5487,39.4129],[-0.5471,39.4146],[-0.5487,39.4163],[-0.5471,39.4179],[-0.5404,39.4196],[-0.5437,39.4213],[-0.5396,39.4254],[-0.5354,39.4238],[-0.5321,39.4246],[-0.5279,39.4313],[-0.5179,39.4338],[-0.5162,39.4354],[-0.5112,39.4346],[-0.5071,39.4321],[-0.4987,39.4321],[-0.4954,39.4354],[-0.4854,39.4338],[-0.4821,39.4363],[-0.4729,39.4371],[-0.4721,39.4396]]}},{"type":"Feature","properties":{"id":"poyo-torrent","name":"Rambla del Poyo","length_km":49.5},"geometry":{"type":"LineString","coordinates":[[-0.8454,39.4854],[-0.8479,39.4813],[-0.8471,39.4763],[-0.8454,39.4746],[-0.8404,39.4738],[-0.8387,39.4713],[-0.8371,39.4713],[-0.8346,39.4688],[-0.8304,39.4679],[-0.8296,39.4688],[-0.8287,39.4671],[-0.8246,39.4654],[-0.8237,39.4612],[-0.8213,39.4596],[-0.8254,39.4579],[-0.8213,39.4546],[-0.8162,39.4537],[-0.8129,39.4571],[-0.8079,39.4563],[-0.8062,39.4571],[-0.8029,39.4537],[-0.7987,39.4579],[-0.7937,39.4546],[-0.7946,39.4529],[-0.7929,39.4496],[-0.7937,39.4488],[-0.7879,39.4454],[-0.7862,39.4429],[-0.7804,39.4404],[-0.7637,39.4379],[-0.7571,39.4421],[-0.7487,39.4454],[-0.7429,39.4463],[-0.7379,39.4496],[-0.7321,39.4513],[-0.7312,39.4529],[-0.7271,39.4537],[-0.7246,39.4563],[-0.7221,39.4621],[-0.7229,39.4671],[-0.7179,39.4738],[-0.7188,39.4763],[-0.7179,39.4771],[-0.7112,39.4779],[-0.7087,39.4813],[-0.7054,39.4829],[-0.7021,39.4813],[-0.7012,39.4829],[-0.6954,39.4829],[-0.6829,39.4896],[-0.6787,39.4896],[-0.6746,39.4921],[-0.6712,39.4921],[-0.6671,39.4971],[-0.6562,39.4946],[-0.6529,39.4971],[-0.6512,39.5029],[-0.6462,39.5054],[-0.6379,39.5029],[-0.6321,39.4938],[-0.6287,39.4921],[-0.6221,39.4921],[-0.6171,39.4846],[-0.6087,39.4838],[-0.6046,39.4813],[-0.5946,39.4813],[-0.5804,39.4721],[-0.5754,39.4729],[-0.5546,39.4721],[-0.5471,39.4704],[-0.5346,39.4704],[-0.5337,39.4671],[-0.5246,39.4679],[-0.5187,39.4671],[-0.5154,39.4588],[-0.5162,39.4554],[-0.5096,39.4537],[-0.5046,39.4479],[-0.5004,39.4463],[-0.4962,39.4413],[-0.4812,39.4413],[-0.4779,39.4388],[-0.4737,39.4388],[-0.4688,39.4421],[-0.4579,39.4438],[-0.4537,39.4413],[-0.4462,39.4404],[-0.4312,39.4354],[-0.4237,39.4354],[-0.4196,39.4321],[-0.4179,39.4288],[-0.4129,39.4263],[-0.4129,39.4229],[-0.4071,39.4171],[-0.4062,39.4138],[-0.3954,39.4038],[-0.3787,39.4013],[-0.3671,39.3971]]}},{"type":"Feature","properties":{"id":"poyo-paiporta","name":"Rambla del Poyo","length_km":54.6},"geometry":{"type":"LineString","coordinates":[[-0.8454,39.4854],[-0.8479,39.4813],[-0.8471,39.4763],[-0.8454,39.4746],[-0.8404,39.4738],[-0.8387,39.4713],[-0.8371,39.4713],[-0.8346,39.4688],[-0.8304,39.4679],[-0.8296,39.4688],[-0.8287,39.4671],[-0.8246,39.4654],[-0.8237,39.4612],[-0.8213,39.4596],[-0.8254,39.4579],[-0.8213,39.4546],[-0.8162,39.4537],[-0.8129,39.4571],[-0.8079,39.4563],[-0.8062,39.4571],[-0.8029,39.4537],[-0.7987,39.4579],[-0.7937,39.4546],[-0.7946,39.4529],[-0.7929,39.4496],[-0.7937,39.4488],[-0.7879,39.4454],[-0.7862,39.4429],[-0.7804,39.4404],[-0.7637,39.4379],[-0.7571,39.4421],[-0.7487,39.4454],[-0.7429,39.4463],[-0.7379,39.4496],[-0.7321,39.4513],[-0.7312,39.4529],[-0.7271,39.4537],[-0.7246,39.4563],[-0.7221,39.4621],[-0.7229,39.4671],[-0.7179,39.4738],[-0.7188,39.4763],[-0.7179,39.4771],[-0.7112,39.4779],[-0.7087,39.4813],[-0.7054,39.4829],[-0.7021,39.4813],[-0.7012,39.4829],[-0.6954,39.4829],[-0.6829,39.4896],[-0.6787,39.4896],[-0.6746,39.4921],[-0.6712,39.4921],[-0.6671,39.4971],[-0.6562,39.4946],[-0.6529,39.4971],[-0.6512,39.5029],[-0.6462,39.5054],[-0.6379,39.5029],[-0.6321,39.4938],[-0.6287,39.4921],[-0.6221,39.4921],[-0.6171,39.4846],[-0.6087,39.4838],[-0.6046,39.4813],[-0.5946,39.4813],[-0.5804,39.4721],[-0.5754,39.4729],[-0.5546,39.4721],[-0.5471,39.4704],[-0.5346,39.4704],[-0.5337,39.4671],[-0.5246,39.4679],[-0.5187,39.4671],[-0.5154,39.4588],[-0.5162,39.4554],[-0.5096,39.4537],[-0.5046,39.4479],[-0.5004,39.4463],[-0.4962,39.4413],[-0.4812,39.4413],[-0.4779,39.4388],[-0.4737,39.4388],[-0.4688,39.4421],[-0.4579,39.4438],[-0.4537,39.4413],[-0.4462,39.4404],[-0.4312,39.4354],[-0.4237,39.4354],[-0.4196,39.4321],[-0.4179,39.4288],[-0.4129,39.4263],[-0.4129,39.4229],[-0.4071,39.4171],[-0.4062,39.4138],[-0.3954,39.4038],[-0.3787,39.4013],[-0.3671,39.3971]]}},{"type":"Feature","properties":{"id":"poyo-catarroja","name":"Rambla del Poyo","length_km":58.0},"geometry":{"type":"LineString","coordinates":[[-0.8454,39.4854],[-0.8479,39.4813],[-0.8471,39.4763],[-0.8454,39.4746],[-0.8404,39.4738],[-0.8387,39.4713],[-0.8371,39.4713],[-0.8346,39.4688],[-0.8304,39.4679],[-0.8296,39.4688],[-0.8287,39.4671],[-0.8246,39.4654],[-0.8237,39.4612],[-0.8213,39.4596],[-0.8254,39.4579],[-0.8213,39.4546],[-0.8162,39.4537],[-0.8129,39.4571],[-0.8079,39.4563],[-0.8062,39.4571],[-0.8029,39.4537],[-0.7987,39.4579],[-0.7937,39.4546],[-0.7946,39.4529],[-0.7929,39.4496],[-0.7937,39.4488],[-0.7879,39.4454],[-0.7862,39.4429],[-0.7804,39.4404],[-0.7637,39.4379],[-0.7571,39.4421],[-0.7487,39.4454],[-0.7429,39.4463],[-0.7379,39.4496],[-0.7321,39.4513],[-0.7312,39.4529],[-0.7271,39.4537],[-0.7246,39.4563],[-0.7221,39.4621],[-0.7229,39.4671],[-0.7179,39.4738],[-0.7188,39.4763],[-0.7179,39.4771],[-0.7112,39.4779],[-0.7087,39.4813],[-0.7054,39.4829],[-0.7021,39.4813],[-0.7012,39.4829],[-0.6954,39.4829],[-0.6829,39.4896],[-0.6787,39.4896],[-0.6746,39.4921],[-0.6712,39.4921],[-0.6671,39.4971],[-0.6562,39.4946],[-0.6529,39.4971],[-0.6512,39.5029],[-0.6462,39.5054],[-0.6379,39.5029],[-0.6321,39.4938],[-0.6287,39.4921],[-0.6221,39.4921],[-0.6171,39.4846],[-0.6087,39.4838],[-0.6046,39.4813],[-0.5946,39.4813],[-0.5804,39.4721],[-0.5754,39.4729],[-0.5546,39.4721],[-0.5471,39.4704],[-0.5346,39.4704],[-0.5337,39.4671],[-0.5246,39.4679],[-0.5187,39.4671],[-0.5154,39.4588],[-0.5162,39.4554],[-0.5096,39.4537],[-0.5046,39.4479],[-0.5004,39.4463],[-0.4962,39.4413],[-0.4812,39.4413],[-0.4779,39.4388],[-0.4737,39.4388],[-0.4688,39.4421],[-0.4579,39.4438],[-0.4537,39.4413],[-0.4462,39.4404],[-0.4312,39.4354],[-0.4237,39.4354],[-0.4196,39.4321],[-0.4179,39.4288],[-0.4129,39.4263],[-0.4129,39.4229],[-0.4071,39.4171],[-0.4062,39.4138],[-0.3954,39.4038],[-0.3787,39.4013],[-0.3671,39.3971]]}},{"type":"Feature","properties":{"id":"saleta-aldaia","name":"Barranc de la Saleta / Pozalet","length_km":28.6},"geometry":{"type":"LineString","coordinates":[[-0.7012,39.5304],[-0.7021,39.5279],[-0.6987,39.5237],[-0.6879,39.5213],[-0.6837,39.5171],[-0.6812,39.5171],[-0.6737,39.5129],[-0.6687,39.5129],[-0.6604,39.5179],[-0.6596,39.5171],[-0.6554,39.5196],[-0.6512,39.5196],[-0.6479,39.5129],[-0.6412,39.5138],[-0.6346,39.5088],[-0.6287,39.5071],[-0.6246,39.4996],[-0.6229,39.4979],[-0.6204,39.4979],[-0.6171,39.4946],[-0.6087,39.4946],[-0.6046,39.4921],[-0.5929,39.4921],[-0.5887,39.4913],[-0.5871,39.4896],[-0.5796,39.4904],[-0.5696,39.4863],[-0.5271,39.4829],[-0.5229,39.4771],[-0.5221,39.4779],[-0.5187,39.4763],[-0.5162,39.4779],[-0.5079,39.4771],[-0.5037,39.4746],[-0.4979,39.4738],[-0.4971,39.4721],[-0.4946,39.4721],[-0.4937,39.4688],[-0.4904,39.4688],[-0.4862,39.4663],[-0.4837,39.4679],[-0.4804,39.4679],[-0.4737,39.4654],[-0.4712,39.4663],[-0.4637,39.4612],[-0.4487,39.4604],[-0.4446,39.4588],[-0.4379,39.4529],[-0.4271,39.4537],[-0.4237,39.4521],[-0.4204,39.4521],[-0.4187,39.4537],[-0.4154,39.4537],[-0.4129,39.4521],[-0.4112,39.4537]]}},{"type":"Feature","properties":{"id":"picassent-beniparrell","name":"Barranc de Picassent","length_km":21.5},"geometry":{"type":"LineString","coordinates":[[-0.5837,39.3788],[-0.5804,39.3771],[-0.5729,39.3779],[-0.5662,39.3721],[-0.5629,39.3721],[-0.5596,39.3738],[-0.5513,39.3729],[-0.5471,39.3713],[-0.5437,39.3679],[-0.5404,39.3679],[-0.5379,39.3654],[-0.5387,39.3621],[-0.5371,39.3604],[-0.5346,39.3604],[-0.5296,39.3638],[-0.5279,39.3671],[-0.5254,39.3663],[-0.5204,39.3671],[-0.5146,39.3613],[-0.5012,39.3596],[-0.4946,39.3538],[-0.4954,39.3529],[-0.4946,39.3521],[-0.4879,39.3496],[-0.4829,39.3496],[-0.4779,39.3504],[-0.4762,39.3521],[-0.4679,39.3529],[-0.4621,39.3554],[-0.4587,39.3596],[-0.4529,39.3638],[-0.4504,39.3696],[-0.4504,39.3738],[-0.4387,39.3796],[-0.4354,39.3838],[-0.4304,39.3829],[-0.4204,39.3838],[-0.4179,39.3821],[-0.4062,39.3838],[-0.3904,39.3804]]}},{"type":"Feature","properties":{"id":"carraixet-betera","name":"Barranc del Carraixet","length_km":35.6},"geometry":{"type":"LineString","coordinates":[[-0.5754,39.7854],[-0.5737,39.7804],[-0.5637,39.7838],[-0.5612,39.7871],[-0.5546,39.7854],[-0.5521,39.7821],[-0.5479,39.7796],[-0.5421,39.7804],[-0.5379,39.7829],[-0.5362,39.7821],[-0.5337,39.7829],[-0.5329,39.7796],[-0.5304,39.7771],[-0.5304,39.7746],[-0.5246,39.7713],[-0.5204,39.7654],[-0.5246,39.7579],[-0.5287,39.7538],[-0.5271,39.7521],[-0.5279,39.7504],[-0.5296,39.7504],[-0.5287,39.7479],[-0.5329,39.7446],[-0.5321,39.7421],[-0.5346,39.7396],[-0.5346,39.7379],[-0.5296,39.7354],[-0.5321,39.7313],[-0.5312,39.7279],[-0.5329,39.7263],[-0.5312,39.7238],[-0.5362,39.7204],[-0.5379,39.7154],[-0.5354,39.7138],[-0.5396,39.7096],[-0.5396,39.7071],[-0.5371,39.7063],[-0.5362,39.7037],[-0.5329,39.7021],[-0.5329,39.6996],[-0.5312,39.6979],[-0.5287,39.6988],[-0.5262,39.6979],[-0.5262,39.6963],[-0.5296,39.6938],[-0.5287,39.6913],[-0.5329,39.6904],[-0.5371,39.6871],[-0.5379,39.6796],[-0.5437,39.6729],[-0.5412,39.6679],[-0.5421,39.6604],[-0.5354,39.6546],[-0.5354,39.6504],[-0.5312,39.6487],[-0.5262,39.6446],[-0.5229,39.6412],[-0.5237,39.6404],[-0.5229,39.6379],[-0.5187,39.6354],[-0.5146,39.6304],[-0.4929,39.6196],[-0.4888,39.6163],[-0.4812,39.6138],[-0.4779,39.6088],[-0.4721,39.6063],[-0.4654,39.5996],[-0.4529,39.5954],[-0.4479,39.5913],[-0.4387,39.5871],[-0.4329,39.5854],[-0.4246,39.5862],[-0.4154,39.5821],[-0.4087,39.5771],[-0.3996,39.5763],[-0.3937,39.5738],[-0.3929,39.5729],[-0.3937,39.5704],[-0.3912,39.5671],[-0.3904,39.5629],[-0.3854,39.5604],[-0.3854,39.5571],[-0.3829,39.5554],[-0.3829,39.5521],[-0.3804,39.5454],[-0.3746,39.5404],[-0.3737,39.5246],[-0.3696,39.5146],[-0.3554,39.5071],[-0.3304,39.5021],[-0.3229,39.5021]]}},{"type":"Feature","properties":{"id":"carraixet-alfara","name":"Barranc del Carraixet","length_km":49.4},"geometry":{"type":"LineString","coordinates":[[-0.5754,39.7854],[-0.5737,39.7804],[-0.5637,39.7838],[-0.5612,39.7871],[-0.5546,39.7854],[-0.5521,39.7821],[-0.5479,39.7796],[-0.5421,39.7804],[-0.5379,39.7829],[-0.5362,39.7821],[-0.5337,39.7829],[-0.5329,39.7796],[-0.5304,39.7771],[-0.5304,39.7746],[-0.5246,39.7713],[-0.5204,39.7654],[-0.5246,39.7579],[-0.5287,39.7538],[-0.5271,39.7521],[-0.5279,39.7504],[-0.5296,39.7504],[-0.5287,39.7479],[-0.5329,39.7446],[-0.5321,39.7421],[-0.5346,39.7396],[-0.5346,39.7379],[-0.5296,39.7354],[-0.5321,39.7313],[-0.5312,39.7279],[-0.5329,39.7263],[-0.5312,39.7238],[-0.5362,39.7204],[-0.5379,39.7154],[-0.5354,39.7138],[-0.5396,39.7096],[-0.5396,39.7071],[-0.5371,39.7063],[-0.5362,39.7037],[-0.5329,39.7021],[-0.5329,39.6996],[-0.5312,39.6979],[-0.5287,39.6988],[-0.5262,39.6979],[-0.5262,39.6963],[-0.5296,39.6938],[-0.5287,39.6913],[-0.5329,39.6904],[-0.5371,39.6871],[-0.5379,39.6796],[-0.5437,39.6729],[-0.5412,39.6679],[-0.5421,39.6604],[-0.5354,39.6546],[-0.5354,39.6504],[-0.5312,39.6487],[-0.5262,39.6446],[-0.5229,39.6412],[-0.5237,39.6404],[-0.5229,39.6379],[-0.5187,39.6354],[-0.5146,39.6304],[-0.4929,39.6196],[-0.4888,39.6163],[-0.4812,39.6138],[-0.4779,39.6088],[-0.4721,39.6063],[-0.4654,39.5996],[-0.4529,39.5954],[-0.4479,39.5913],[-0.4387,39.5871],[-0.4329,39.5854],[-0.4246,39.5862],[-0.4154,39.5821],[-0.4087,39.5771],[-0.3996,39.5763],[-0.3937,39.5738],[-0.3929,39.5729],[-0.3937,39.5704],[-0.3912,39.5671],[-0.3904,39.5629],[-0.3854,39.5604],[-0.3854,39.5571],[-0.3829,39.5554],[-0.3829,39.5521],[-0.3804,39.5454],[-0.3746,39.5404],[-0.3737,39.5246],[-0.3696,39.5146],[-0.3554,39.5071],[-0.3304,39.5021],[-0.3229,39.5021]]}},{"type":"Feature","properties":{"id":"castellarda-lliria","name":"Rambla Castellarda (Castellana)","length_km":53.5},"geometry":{"type":"LineString","coordinates":[[-0.8504,39.9329],[-0.8521,39.9313],[-0.8504,39.9288],[-0.8512,39.9263],[-0.8562,39.9246],[-0.8579,39.9196],[-0.8621,39.9154],[-0.8646,39.9146],[-0.8638,39.9113],[-0.8587,39.9079],[-0.8571,39.9038],[-0.8587,39.9004],[-0.8562,39.8987],[-0.8587,39.8954],[-0.8596,39.8896],[-0.8621,39.8863],[-0.8621,39.8838],[-0.8662,39.8796],[-0.8662,39.8754],[-0.8687,39.8729],[-0.8687,39.8704],[-0.8646,39.8663],[-0.8654,39.8646],[-0.8612,39.8579],[-0.8612,39.8546],[-0.8571,39.8529],[-0.8546,39.8488],[-0.8504,39.8479],[-0.8487,39.8454],[-0.8454,39.8454],[-0.8421,39.8404],[-0.8371,39.8379],[-0.8296,39.8379],[-0.8237,39.8396],[-0.8221,39.8379],[-0.8229,39.8329],[-0.8213,39.8279],[-0.8087,39.8138],[-0.8054,39.8138],[-0.8046,39.8113],[-0.7996,39.8104],[-0.7896,39.8004],[-0.7829,39.7979],[-0.7746,39.7921],[-0.7779,39.7888],[-0.7771,39.7879],[-0.7779,39.7871],[-0.7829,39.7846],[-0.7796,39.7829],[-0.7829,39.7804],[-0.7821,39.7796],[-0.7829,39.7754],[-0.7796,39.7721],[-0.7754,39.7713],[-0.7729,39.7679],[-0.7704,39.7596],[-0.7737,39.7563],[-0.7729,39.7546],[-0.7737,39.7513],[-0.7771,39.7521],[-0.7846,39.7463],[-0.7779,39.7421],[-0.7821,39.7413],[-0.7829,39.7404],[-0.7821,39.7388],[-0.7737,39.7321],[-0.7712,39.7329],[-0.7654,39.7296],[-0.7588,39.7288],[-0.7446,39.7221],[-0.7388,39.7154],[-0.7329,39.7163],[-0.7254,39.7121],[-0.7212,39.7063],[-0.7121,39.6988],[-0.7054,39.6879],[-0.7004,39.6838],[-0.6996,39.6804],[-0.6912,39.6746],[-0.6887,39.6704],[-0.6796,39.6663],[-0.6754,39.6604],[-0.6754,39.6562],[-0.6737,39.6529],[-0.6754,39.6496],[-0.6746,39.6487],[-0.6754,39.6388],[-0.6621,39.6263],[-0.6629,39.6196],[-0.6646,39.6163],[-0.6629,39.6138],[-0.6671,39.6054]]}},{"type":"Feature","properties":{"id":"turia-ribarroja","name":"Río Turia","length_km":277.9},"geometry":{"type":"LineString","coordinates":[[-0.6429,40.3854],[-0.6437,40.3904],[-0.6471,40.3938],[-0.6462,40.3946],[-0.6521,40.3987],[-0.6571,40.4046],[-0.6546,40.4071],[-0.6546,40.4088],[-0.6562,40.4088],[-0.6621,40.4154],[-0.6696,40.4154],[-0.6787,40.4213],[-0.6896,40.4179],[-0.6971,40.4196],[-0.7029,40.4163],[-0.7104,40.4171],[-0.7171,40.4138],[-0.7204,40.4171],[-0.7246,40.4188],[-0.7246,40.4213],[-0.7271,40.4238],[-0.7262,40.4246],[-0.7271,40.4313],[-0.7296,40.4379],[-0.7287,40.4388],[-0.7329,40.4421],[-0.7329,40.4463],[-0.7362,40.4504],[-0.7354,40.4546],[-0.7371,40.4588],[-0.7371,40.4696],[-0.7388,40.4729],[-0.7379,40.4796],[-0.7446,40.4871],[-0.7446,40.4913],[-0.7462,40.4946],[-0.7562,40.5063],[-0.7546,40.5071],[-0.7554,40.5088],[-0.7604,40.5129],[-0.7646,40.5204],[-0.7662,40.5213],[-0.7654,40.5229],[-0.7662,40.5296],[-0.7696,40.5354],[-0.7696,40.5379],[-0.7721,40.5396],[-0.7721,40.5429],[-0.7737,40.5438],[-0.7754,40.5479],[-0.7779,40.5496],[-0.7762,40.5513],[-0.7796,40.5571],[-0.7779,40.5604],[-0.7821,40.5621],[-0.7979,40.5779],[-0.7996,40.5779],[-0.8071,40.5854],[-0.8087,40.5854],[-0.8171,40.5938],[-0.8137,40.5971],[-0.8137,40.5996],[-0.8179,40.6038],[-0.8196,40.6079],[-0.8179,40.6104],[-0.8187,40.6121],[-0.8162,40.6138],[-0.8171,40.6154],[-0.8137,40.6196],[-0.8146,40.6229],[-0.8213,40.6263],[-0.8254,40.6221],[-0.8271,40.6296],[-0.8321,40.6329],[-0.8354,40.6379],[-0.8396,40.6379],[-0.8496,40.6412],[-0.8537,40.6412],[-0.8571,40.6396],[-0.8604,40.6421],[-0.8646,40.6412],[-0.8696,40.6454],[-0.8812,40.6454],[-0.8871,40.6496],[-0.8954,40.6504],[-0.8962,40.6521],[-0.8946,40.6538],[-0.8962,40.6554],[-0.8987,40.6554],[-0.9004,40.6538],[-0.8996,40.6504],[-0.9054,40.6479],[-0.9079,40.6429],[-0.9112,40.6404],[-0.9171,40.6421],[-0.9229,40.6404],[-0.9279,40.6429],[-0.9287,40.6354],[-0.9304,40.6338],[-0.9337,40.6371],[-0.9354,40.6371],[-0.9379,40.6329],[-0.9404,40.6321],[-0.9429,40.6338],[-0.9463,40.6304],[-0.9529,40.6338],[-0.9562,40.6329],[-0.9587,40.6288],[-0.9663,40.6246],[-0.9663,40.6221],[-0.9712,40.6179],[-0.9771,40.6063],[-0.9829,40.6004],[-0.9854,40.6004],[-0.9888,40.5979],[-0.9879,40.5946],[-0.9904,40.5913],[-0.9904,40.5888],[-0.9929,40.5862],[-0.9921,40.5821],[-0.9946,40.5804],[-0.9954,40.5771],[-0.9954,40.5738],[-0.9937,40.5721],[-0.9971,40.5663],[-1.0037,40.5604],[-1.0079,40.5613],[-1.0129,40.5571],[-1.0229,40.5554],[-1.0262,40.5538],[-1.0246,40.5521],[-1.0279,40.5471],[-1.0279,40.5429],[-1.0246,40.5404],[-1.0237,40.5379],[-1.0246,40.5354],[-1.0212,40.5304],[-1.0221,40.5271],[-1.0179,40.5146],[-1.0179,40.5088],[-1.0246,40.4996],[-1.0246,40.4954],[-1.0221,40.4929],[-1.0221,40.4888],[-1.0237,40.4863],[-1.0296,40.4854],[-1.0312,40.4838],[-1.0312,40.4813],[-1.0354,40.4813],[-1.0371,40.4796],[-1.0346,40.4754],[-1.0346,40.4704],[-1.0379,40.4688],[-1.0379,40.4654],[-1.0404,40.4629],[-1.0471,40.4621],[-1.0471,40.4588],[-1.0537,40.4546],[-1.0529,40.4479],[-1.0546,40.4446],[-1.0671,40.4354],[-1.0704,40.4296],[-1.0762,40.4263],[-1.0754,40.4229],[-1.0779,40.4196],[-1.0762,40.4179],[-1.0737,40.4021],[-1.0812,40.3929],[-1.0837,40.3912],[-1.0862,40.3921],[-1.0879,40.3912],[-1.0887,40.3854],[-1.0913,40.3829],[-1.0904,40.3804],[-1.0921,40.3771],[-1.0996,40.3738],[-1.1012,40.3746],[-1.1029,40.3713],[-1.1062,40.3713],[-1.1121,40.3646],[-1.1154,40.3654],[-1.1154,40.3638],[-1.1212,40.3588],[-1.1229,40.3454],[-1.1129,40.3446],[-1.1112,40.3429],[-1.1121,40.3404],[-1.1104,40.3371],[-1.1146,40.3346],[-1.1171,40.3287],[-1.1154,40.3271],[-1.1171,40.3263],[-1.1171,40.3246],[-1.1204,40.3204],[-1.1196,40.3188],[-1.1204,40.3163],[-1.1271,40.3129],[-1.1262,40.3104],[-1.1287,40.3063],[-1.1279,40.3029],[-1.1354,40.2938],[-1.1371,40.2896],[-1.1371,40.2838],[-1.1421,40.2796],[-1.1479,40.2804],[-1.1521,40.2771],[-1.1512,40.2746],[-1.1587,40.2671],[-1.1596,40.2596],[-1.1704,40.2488],[-1.1721,40.2463],[-1.1712,40.2429],[-1.1746,40.2396],[-1.1871,40.2388],[-1.1846,40.2304],[-1.1896,40.2271],[-1.1887,40.2246],[-1.1912,40.2229],[-1.1904,40.2213],[-1.1912,40.2196],[-1.1971,40.2188],[-1.2037,40.2146],[-1.2004,40.2121],[-1.2071,40.2046],[-1.2079,40.1996],[-1.2071,40.1963],[-1.2129,40.1929],[-1.2137,40.1879],[-1.2104,40.1871],[-1.2104,40.1846],[-1.2137,40.1821],[-1.2129,40.1763],[-1.2188,40.1704],[-1.2221,40.1688],[-1.2246,40.1713],[-1.2271,40.1713],[-1.2279,40.1696],[-1.2237,40.1654],[-1.2237,40.1638],[-1.2279,40.1621],[-1.2329,40.1629],[-1.2337,40.1613],[-1.2296,40.1571],[-1.2287,40.1538],[-1.2329,40.1496],[-1.2446,40.1463],[-1.2462,40.1446],[-1.2454,40.1438],[-1.2471,40.1396],[-1.2462,40.1388],[-1.2496,40.1354],[-1.2462,40.1296],[-1.2462,40.1271],[-1.2487,40.1246],[-1.2529,40.1254],[-1.2612,40.1204],[-1.2612,40.1188],[-1.2579,40.1154],[-1.2521,40.1129],[-1.2529,40.1071],[-1.2512,40.1046],[-1.2537,40.0979],[-1.2496,40.0971],[-1.2479,40.0954],[-1.2462,40.0896],[-1.2479,40.0854],[-1.2596,40.0879],[-1.2621,40.0871],[-1.2646,40.0846],[-1.2629,40.0779],[-1.2671,40.0771],[-1.2662,40.0738],[-1.2729,40.0721],[-1.2762,40.0679],[-1.2846,40.0638],[-1.2829,40.0613],[-1.2796,40.0604],[-1.2754,40.0554],[-1.2721,40.0554],[-1.2662,40.0488],[-1.2662,40.0471],[-1.2612,40.0446],[-1.2612,40.0413],[-1.2596,40.0396],[-1.2604,40.0288],[-1.2588,40.0229],[-1.2671,40.0121],[-1.2712,40.0113],[-1.2696,40.0096],[-1.2762,40.0029],[-1.2737,39.9996],[-1.2771,39.9963],[-1.2771,39.9904],[-1.2737,39.9871],[-1.2746,39.9854],[-1.2696,39.9821],[-1.2687,39.9788],[-1.2662,39.9771],[-1.2671,39.9738],[-1.2571,39.9688],[-1.2396,39.9513],[-1.2171,39.9521],[-1.2154,39.9471],[-1.2071,39.9404],[-1.2071,39.9371],[-1.2096,39.9346],[-1.2079,39.9313],[-1.2087,39.9288],[-1.2004,39.9221],[-1.2004,39.9204],[-1.1979,39.9179],[-1.1987,39.9163],[-1.1963,39.9138],[-1.1929,39.9146],[-1.1879,39.9121],[-1.1887,39.9079],[-1.1921,39.9029],[-1.1879,39.8987],[-1.1829,39.8987],[-1.1804,39.8963],[-1.1763,39.8888],[-1.1704,39.8829],[-1.1696,39.8804],[-1.1704,39.8763],[-1.1612,39.8671],[-1.1579,39.8671],[-1.1554,39.8654],[-1.1521,39.8663],[-1.1496,39.8638],[-1.1529,39.8554],[-1.1496,39.8538],[-1.1454,39.8479],[-1.1446,39.8421],[-1.1471,39.8396],[-1.1454,39.8354],[-1.1471,39.8338],[-1.1462,39.8313],[-1.1487,39.8287],[-1.1479,39.8271],[-1.1487,39.8221],[-1.1538,39.8196],[-1.1554,39.8146],[-1.1471,39.8113],[-1.1446,39.8088],[-1.1437,39.8021],[-1.1404,39.8013],[-1.1371,39.7979],[-1.1396,39.7954],[-1.1371,39.7929],[-1.1304,39.7946],[-1.1279,39.7921],[-1.1279,39.7904],[-1.1304,39.7879],[-1.1254,39.7821],[-1.1179,39.7804],[-1.1138,39.7771],[-1.1154,39.7704],[-1.1096,39.7646],[-1.1096,39.7604],[-1.1046,39.7596],[-1.1021,39.7563],[-1.1062,39.7513],[-1.1104,39.7488],[-1.1121,39.7421],[-1.1004,39.7363],[-1.0979,39.7338],[-1.0979,39.7304],[-1.0996,39.7279],[-1.0979,39.7254],[-1.0938,39.7238],[-1.0913,39.7238],[-1.0896,39.7254],[-1.0854,39.7254],[-1.0812,39.7188],[-1.0821,39.7179],[-1.0812,39.7163],[-1.0704,39.7154],[-1.0646,39.7104],[-1.0596,39.7013],[-1.0504,39.7004],[-1.0479,39.7029],[-1.0471,39.7088],[-1.0446,39.7104],[-1.0454,39.7121],[-1.0412,39.7154],[-1.0429,39.7179],[-1.0362,39.7213],[-1.0329,39.7213],[-1.0312,39.7229],[-1.0279,39.7204],[-1.0237,39.7204],[-1.0212,39.7229],[-1.0162,39.7229],[-1.0112,39.7171],[-1.0112,39.7129],[-1.0137,39.7088],[-1.0071,39.7046],[-1.0021,39.6971],[-1.0004,39.6971],[-0.9979,39.7004],[-0.9929,39.7004],[-0.9912,39.6988],[-0.9846,39.6979],[-0.9812,39.7013],[-0.9712,39.7013],[-0.9671,39.6979],[-0.9621,39.6979],[-0.9554,39.7037],[-0.9504,39.7054],[-0.9412,39.7054],[-0.9321,39.6954],[-0.9312,39.6838],[-0.9296,39.6821],[-0.9254,39.6821],[-0.9212,39.6779],[-0.9212,39.6763],[-0.9087,39.6638],[-0.9004,39.6629],[-0.8979,39.6638],[-0.8937,39.6679],[-0.8921,39.6671],[-0.8921,39.6646],[-0.8937,39.6629],[-0.8937,39.6588],[-0.8962,39.6579],[-0.8979,39.6546],[-0.8929,39.6538],[-0.8904,39.6504],[-0.8929,39.6471],[-0.8887,39.6446],[-0.8904,39.6421],[-0.8871,39.6396],[-0.8904,39.6371],[-0.8846,39.6346],[-0.8804,39.6363],[-0.8787,39.6354],[-0.8787,39.6338],[-0.8754,39.6296],[-0.8654,39.6213],[-0.8646,39.6171],[-0.8596,39.6129],[-0.8612,39.6113],[-0.8612,39.6071],[-0.8579,39.6046],[-0.8537,39.6038],[-0.8546,39.6021],[-0.8537,39.5996],[-0.8504,39.5996],[-0.8446,39.6038],[-0.8387,39.6038],[-0.8296,39.6004],[-0.8279,39.6046],[-0.8246,39.6079],[-0.8196,39.6088],[-0.8146,39.6121],[-0.8096,39.6113],[-0.8037,39.6079],[-0.7979,39.6088],[-0.7946,39.6046],[-0.7912,39.6046],[-0.7896,39.6063],[-0.7904,39.6079],[-0.7896,39.6104],[-0.7862,39.6104],[-0.7821,39.6046],[-0.7787,39.6046],[-0.7704,39.6079],[-0.7621,39.6088],[-0.7571,39.6079],[-0.7529,39.6113],[-0.7479,39.6104],[-0.7421,39.6113],[-0.7329,39.6021],[-0.7296,39.6004],[-0.7254,39.6004],[-0.7229,39.5979],[-0.7154,39.5979],[-0.7137,39.6013],[-0.7104,39.6038],[-0.7029,39.5988],[-0.6971,39.5996],[-0.6963,39.6004],[-0.6987,39.6021],[-0.6979,39.6029],[-0.6937,39.6013],[-0.6912,39.6021],[-0.6921,39.6063],[-0.6912,39.6071],[-0.6846,39.6071],[-0.6787,39.6054],[-0.6754,39.6079],[-0.6729,39.6079],[-0.6696,39.6054],[-0.6621,39.6029],[-0.6587,39.5971],[-0.6554,39.5996],[-0.6512,39.5996],[-0.6496,39.6013],[-0.6471,39.6013],[-0.6446,39.5979],[-0.6446,39.5954],[-0.6362,39.5854],[-0.6321,39.5829],[-0.6254,39.5829],[-0.6187,39.5796],[-0.6171,39.5771],[-0.6154,39.5771],[-0.6129,39.5746],[-0.6121,39.5696],[-0.6096,39.5679],[-0.6046,39.5671],[-0.6021,39.5646],[-0.5921,39.5654],[-0.5904,39.5629],[-0.5887,39.5638],[-0.5879,39.5621],[-0.5896,39.5588],[-0.5854,39.5546],[-0.5696,39.5513],[-0.5646,39.5488],[-0.5554,39.5513],[-0.5504,39.5496],[-0.5446,39.5438],[-0.5346,39.5429],[-0.5329,39.5404],[-0.5279,39.5404],[-0.5237,39.5346],[-0.5221,39.5288],[-0.5154,39.5246],[-0.5137,39.5254],[-0.5054,39.5213],[-0.5037,39.5196],[-0.5054,39.5162],[-0.4987,39.5096],[-0.4954,39.5088],[-0.4896,39.5113],[-0.4821,39.5113],[-0.4796,39.5096],[-0.4746,39.5096],[-0.4721,39.5063],[-0.4746,39.5029],[-0.4729,39.5004],[-0.4654,39.5013],[-0.4612,39.4988],[-0.4562,39.4988],[-0.4529,39.4938],[-0.4487,39.4913],[-0.4454,39.4871],[-0.4346,39.4838],[-0.4304,39.4804],[-0.4071,39.4479],[-0.4037,39.4438],[-0.3987,39.4404],[-0.3896,39.4371],[-0.3604,39.4346],[-0.3337,39.4246]]}},{"type":"Feature","properties":{"id":"turia-nuevo-cauce","name":"Río Turia (nuevo cauce)","length_km":297.1},"geometry":{"type":"LineString","coordinates":[[-0.6429,40.3854],[-0.6437,40.3904],[-0.6471,40.3938],[-0.6462,40.3946],[-0.6521,40.3987],[-0.6571,40.4046],[-0.6546,40.4071],[-0.6546,40.4088],[-0.6562,40.4088],[-0.6621,40.4154],[-0.6696,40.4154],[-0.6787,40.4213],[-0.6896,40.4179],[-0.6971,40.4196],[-0.7029,40.4163],[-0.7104,40.4171],[-0.7171,40.4138],[-0.7204,40.4171],[-0.7246,40.4188],[-0.7246,40.4213],[-0.7271,40.4238],[-0.7262,40.4246],[-0.7271,40.4313],[-0.7296,40.4379],[-0.7287,40.4388],[-0.7329,40.4421],[-0.7329,40.4463],[-0.7362,40.4504],[-0.7354,40.4546],[-0.7371,40.4588],[-0.7371,40.4696],[-0.7388,40.4729],[-0.7379,40.4796],[-0.7446,40.4871],[-0.7446,40.4913],[-0.7462,40.4946],[-0.7562,40.5063],[-0.7546,40.5071],[-0.7554,40.5088],[-0.7604,40.5129],[-0.7646,40.5204],[-0.7662,40.5213],[-0.7654,40.5229],[-0.7662,40.5296],[-0.7696,40.5354],[-0.7696,40.5379],[-0.7721,40.5396],[-0.7721,40.5429],[-0.7737,40.5438],[-0.7754,40.5479],[-0.7779,40.5496],[-0.7762,40.5513],[-0.7796,40.5571],[-0.7779,40.5604],[-0.7821,40.5621],[-0.7979,40.5779],[-0.7996,40.5779],[-0.8071,40.5854],[-0.8087,40.5854],[-0.8171,40.5938],[-0.8137,40.5971],[-0.8137,40.5996],[-0.8179,40.6038],[-0.8196,40.6079],[-0.8179,40.6104],[-0.8187,40.6121],[-0.8162,40.6138],[-0.8171,40.6154],[-0.8137,40.6196],[-0.8146,40.6229],[-0.8213,40.6263],[-0.8254,40.6221],[-0.8271,40.6296],[-0.8321,40.6329],[-0.8354,40.6379],[-0.8396,40.6379],[-0.8496,40.6412],[-0.8537,40.6412],[-0.8571,40.6396],[-0.8604,40.6421],[-0.8646,40.6412],[-0.8696,40.6454],[-0.8812,40.6454],[-0.8871,40.6496],[-0.8954,40.6504],[-0.8962,40.6521],[-0.8946,40.6538],[-0.8962,40.6554],[-0.8987,40.6554],[-0.9004,40.6538],[-0.8996,40.6504],[-0.9054,40.6479],[-0.9079,40.6429],[-0.9112,40.6404],[-0.9171,40.6421],[-0.9229,40.6404],[-0.9279,40.6429],[-0.9287,40.6354],[-0.9304,40.6338],[-0.9337,40.6371],[-0.9354,40.6371],[-0.9379,40.6329],[-0.9404,40.6321],[-0.9429,40.6338],[-0.9463,40.6304],[-0.9529,40.6338],[-0.9562,40.6329],[-0.9587,40.6288],[-0.9663,40.6246],[-0.9663,40.6221],[-0.9712,40.6179],[-0.9771,40.6063],[-0.9829,40.6004],[-0.9854,40.6004],[-0.9888,40.5979],[-0.9879,40.5946],[-0.9904,40.5913],[-0.9904,40.5888],[-0.9929,40.5862],[-0.9921,40.5821],[-0.9946,40.5804],[-0.9954,40.5771],[-0.9954,40.5738],[-0.9937,40.5721],[-0.9971,40.5663],[-1.0037,40.5604],[-1.0079,40.5613],[-1.0129,40.5571],[-1.0229,40.5554],[-1.0262,40.5538],[-1.0246,40.5521],[-1.0279,40.5471],[-1.0279,40.5429],[-1.0246,40.5404],[-1.0237,40.5379],[-1.0246,40.5354],[-1.0212,40.5304],[-1.0221,40.5271],[-1.0179,40.5146],[-1.0179,40.5088],[-1.0246,40.4996],[-1.0246,40.4954],[-1.0221,40.4929],[-1.0221,40.4888],[-1.0237,40.4863],[-1.0296,40.4854],[-1.0312,40.4838],[-1.0312,40.4813],[-1.0354,40.4813],[-1.0371,40.4796],[-1.0346,40.4754],[-1.0346,40.4704],[-1.0379,40.4688],[-1.0379,40.4654],[-1.0404,40.4629],[-1.0471,40.4621],[-1.0471,40.4588],[-1.0537,40.4546],[-1.0529,40.4479],[-1.0546,40.4446],[-1.0671,40.4354],[-1.0704,40.4296],[-1.0762,40.4263],[-1.0754,40.4229],[-1.0779,40.4196],[-1.0762,40.4179],[-1.0737,40.4021],[-1.0812,40.3929],[-1.0837,40.3912],[-1.0862,40.3921],[-1.0879,40.3912],[-1.0887,40.3854],[-1.0913,40.3829],[-1.0904,40.3804],[-1.0921,40.3771],[-1.0996,40.3738],[-1.1012,40.3746],[-1.1029,40.3713],[-1.1062,40.3713],[-1.1121,40.3646],[-1.1154,40.3654],[-1.1154,40.3638],[-1.1212,40.3588],[-1.1229,40.3454],[-1.1129,40.3446],[-1.1112,40.3429],[-1.1121,40.3404],[-1.1104,40.3371],[-1.1146,40.3346],[-1.1171,40.3287],[-1.1154,40.3271],[-1.1171,40.3263],[-1.1171,40.3246],[-1.1204,40.3204],[-1.1196,40.3188],[-1.1204,40.3163],[-1.1271,40.3129],[-1.1262,40.3104],[-1.1287,40.3063],[-1.1279,40.3029],[-1.1354,40.2938],[-1.1371,40.2896],[-1.1371,40.2838],[-1.1421,40.2796],[-1.1479,40.2804],[-1.1521,40.2771],[-1.1512,40.2746],[-1.1587,40.2671],[-1.1596,40.2596],[-1.1704,40.2488],[-1.1721,40.2463],[-1.1712,40.2429],[-1.1746,40.2396],[-1.1871,40.2388],[-1.1846,40.2304],[-1.1896,40.2271],[-1.1887,40.2246],[-1.1912,40.2229],[-1.1904,40.2213],[-1.1912,40.2196],[-1.1971,40.2188],[-1.2037,40.2146],[-1.2004,40.2121],[-1.2071,40.2046],[-1.2079,40.1996],[-1.2071,40.1963],[-1.2129,40.1929],[-1.2137,40.1879],[-1.2104,40.1871],[-1.2104,40.1846],[-1.2137,40.1821],[-1.2129,40.1763],[-1.2188,40.1704],[-1.2221,40.1688],[-1.2246,40.1713],[-1.2271,40.1713],[-1.2279,40.1696],[-1.2237,40.1654],[-1.2237,40.1638],[-1.2279,40.1621],[-1.2329,40.1629],[-1.2337,40.1613],[-1.2296,40.1571],[-1.2287,40.1538],[-1.2329,40.1496],[-1.2446,40.1463],[-1.2462,40.1446],[-1.2454,40.1438],[-1.2471,40.1396],[-1.2462,40.1388],[-1.2496,40.1354],[-1.2462,40.1296],[-1.2462,40.1271],[-1.2487,40.1246],[-1.2529,40.1254],[-1.2612,40.1204],[-1.2612,40.1188],[-1.2579,40.1154],[-1.2521,40.1129],[-1.2529,40.1071],[-1.2512,40.1046],[-1.2537,40.0979],[-1.2496,40.0971],[-1.2479,40.0954],[-1.2462,40.0896],[-1.2479,40.0854],[-1.2596,40.0879],[-1.2621,40.0871],[-1.2646,40.0846],[-1.2629,40.0779],[-1.2671,40.0771],[-1.2662,40.0738],[-1.2729,40.0721],[-1.2762,40.0679],[-1.2846,40.0638],[-1.2829,40.0613],[-1.2796,40.0604],[-1.2754,40.0554],[-1.2721,40.0554],[-1.2662,40.0488],[-1.2662,40.0471],[-1.2612,40.0446],[-1.2612,40.0413],[-1.2596,40.0396],[-1.2604,40.0288],[-1.2588,40.0229],[-1.2671,40.0121],[-1.2712,40.0113],[-1.2696,40.0096],[-1.2762,40.0029],[-1.2737,39.9996],[-1.2771,39.9963],[-1.2771,39.9904],[-1.2737,39.9871],[-1.2746,39.9854],[-1.2696,39.9821],[-1.2687,39.9788],[-1.2662,39.9771],[-1.2671,39.9738],[-1.2571,39.9688],[-1.2396,39.9513],[-1.2171,39.9521],[-1.2154,39.9471],[-1.2071,39.9404],[-1.2071,39.9371],[-1.2096,39.9346],[-1.2079,39.9313],[-1.2087,39.9288],[-1.2004,39.9221],[-1.2004,39.9204],[-1.1979,39.9179],[-1.1987,39.9163],[-1.1963,39.9138],[-1.1929,39.9146],[-1.1879,39.9121],[-1.1887,39.9079],[-1.1921,39.9029],[-1.1879,39.8987],[-1.1829,39.8987],[-1.1804,39.8963],[-1.1763,39.8888],[-1.1704,39.8829],[-1.1696,39.8804],[-1.1704,39.8763],[-1.1612,39.8671],[-1.1579,39.8671],[-1.1554,39.8654],[-1.1521,39.8663],[-1.1496,39.8638],[-1.1529,39.8554],[-1.1496,39.8538],[-1.1454,39.8479],[-1.1446,39.8421],[-1.1471,39.8396],[-1.1454,39.8354],[-1.1471,39.8338],[-1.1462,39.8313],[-1.1487,39.8287],[-1.1479,39.8271],[-1.1487,39.8221],[-1.1538,39.8196],[-1.1554,39.8146],[-1.1471,39.8113],[-1.1446,39.8088],[-1.1437,39.8021],[-1.1404,39.8013],[-1.1371,39.7979],[-1.1396,39.7954],[-1.1371,39.7929],[-1.1304,39.7946],[-1.1279,39.7921],[-1.1279,39.7904],[-1.1304,39.7879],[-1.1254,39.7821],[-1.1179,39.7804],[-1.1138,39.7771],[-1.1154,39.7704],[-1.1096,39.7646],[-1.1096,39.7604],[-1.1046,39.7596],[-1.1021,39.7563],[-1.1062,39.7513],[-1.1104,39.7488],[-1.1121,39.7421],[-1.1004,39.7363],[-1.0979,39.7338],[-1.0979,39.7304],[-1.0996,39.7279],[-1.0979,39.7254],[-1.0938,39.7238],[-1.0913,39.7238],[-1.0896,39.7254],[-1.0854,39.7254],[-1.0812,39.7188],[-1.0821,39.7179],[-1.0812,39.7163],[-1.0704,39.7154],[-1.0646,39.7104],[-1.0596,39.7013],[-1.0504,39.7004],[-1.0479,39.7029],[-1.0471,39.7088],[-1.0446,39.7104],[-1.0454,39.7121],[-1.0412,39.7154],[-1.0429,39.7179],[-1.0362,39.7213],[-1.0329,39.7213],[-1.0312,39.7229],[-1.0279,39.7204],[-1.0237,39.7204],[-1.0212,39.7229],[-1.0162,39.7229],[-1.0112,39.7171],[-1.0112,39.7129],[-1.0137,39.7088],[-1.0071,39.7046],[-1.0021,39.6971],[-1.0004,39.6971],[-0.9979,39.7004],[-0.9929,39.7004],[-0.9912,39.6988],[-0.9846,39.6979],[-0.9812,39.7013],[-0.9712,39.7013],[-0.9671,39.6979],[-0.9621,39.6979],[-0.9554,39.7037],[-0.9504,39.7054],[-0.9412,39.7054],[-0.9321,39.6954],[-0.9312,39.6838],[-0.9296,39.6821],[-0.9254,39.6821],[-0.9212,39.6779],[-0.9212,39.6763],[-0.9087,39.6638],[-0.9004,39.6629],[-0.8979,39.6638],[-0.8937,39.6679],[-0.8921,39.6671],[-0.8921,39.6646],[-0.8937,39.6629],[-0.8937,39.6588],[-0.8962,39.6579],[-0.8979,39.6546],[-0.8929,39.6538],[-0.8904,39.6504],[-0.8929,39.6471],[-0.8887,39.6446],[-0.8904,39.6421],[-0.8871,39.6396],[-0.8904,39.6371],[-0.8846,39.6346],[-0.8804,39.6363],[-0.8787,39.6354],[-0.8787,39.6338],[-0.8754,39.6296],[-0.8654,39.6213],[-0.8646,39.6171],[-0.8596,39.6129],[-0.8612,39.6113],[-0.8612,39.6071],[-0.8579,39.6046],[-0.8537,39.6038],[-0.8546,39.6021],[-0.8537,39.5996],[-0.8504,39.5996],[-0.8446,39.6038],[-0.8387,39.6038],[-0.8296,39.6004],[-0.8279,39.6046],[-0.8246,39.6079],[-0.8196,39.6088],[-0.8146,39.6121],[-0.8096,39.6113],[-0.8037,39.6079],[-0.7979,39.6088],[-0.7946,39.6046],[-0.7912,39.6046],[-0.7896,39.6063],[-0.7904,39.6079],[-0.7896,39.6104],[-0.7862,39.6104],[-0.7821,39.6046],[-0.7787,39.6046],[-0.7704,39.6079],[-0.7621,39.6088],[-0.7571,39.6079],[-0.7529,39.6113],[-0.7479,39.6104],[-0.7421,39.6113],[-0.7329,39.6021],[-0.7296,39.6004],[-0.7254,39.6004],[-0.7229,39.5979],[-0.7154,39.5979],[-0.7137,39.6013],[-0.7104,39.6038],[-0.7029,39.5988],[-0.6971,39.5996],[-0.6963,39.6004],[-0.6987,39.6021],[-0.6979,39.6029],[-0.6937,39.6013],[-0.6912,39.6021],[-0.6921,39.6063],[-0.6912,39.6071],[-0.6846,39.6071],[-0.6787,39.6054],[-0.6754,39.6079],[-0.6729,39.6079],[-0.6696,39.6054],[-0.6621,39.6029],[-0.6587,39.5971],[-0.6554,39.5996],[-0.6512,39.5996],[-0.6496,39.6013],[-0.6471,39.6013],[-0.6446,39.5979],[-0.6446,39.5954],[-0.6362,39.5854],[-0.6321,39.5829],[-0.6254,39.5829],[-0.6187,39.5796],[-0.6171,39.5771],[-0.6154,39.5771],[-0.6129,39.5746],[-0.6121,39.5696],[-0.6096,39.5679],[-0.6046,39.5671],[-0.6021,39.5646],[-0.5921,39.5654],[-0.5904,39.5629],[-0.5887,39.5638],[-0.5879,39.5621],[-0.5896,39.5588],[-0.5854,39.5546],[-0.5696,39.5513],[-0.5646,39.5488],[-0.5554,39.5513],[-0.5504,39.5496],[-0.5446,39.5438],[-0.5346,39.5429],[-0.5329,39.5404],[-0.5279,39.5404],[-0.5237,39.5346],[-0.5221,39.5288],[-0.5154,39.5246],[-0.5137,39.5254],[-0.5054,39.5213],[-0.5037,39.5196],[-0.5054,39.5162],[-0.4987,39.5096],[-0.4954,39.5088],[-0.4896,39.5113],[-0.4821,39.5113],[-0.4796,39.5096],[-0.4746,39.5096],[-0.4721,39.5063],[-0.4746,39.5029],[-0.4729,39.5004],[-0.4654,39.5013],[-0.4612,39.4988],[-0.4562,39.4988],[-0.4529,39.4938],[-0.4487,39.4913],[-0.4454,39.4871],[-0.4346,39.4838],[-0.4304,39.4804],[-0.4071,39.4479],[-0.4037,39.4438],[-0.3987,39.4404],[-0.3896,39.4371],[-0.3604,39.4346],[-0.3337,39.4246]]}},{"type":"Feature","properties":{"id":"bunol-bunol","name":"Río Buñol","length_km":27.8},"geometry":{"type":"LineString","coordinates":[[-0.9379,39.5038],[-0.9371,39.5054],[-0.9412,39.5088],[-0.9421,39.5113],[-0.9354,39.5179],[-0.9312,39.5179],[-0.9254,39.5154],[-0.9246,39.5138],[-0.9221,39.5138],[-0.9179,39.5113],[-0.9162,39.5079],[-0.9104,39.5071],[-0.9112,39.5038],[-0.9054,39.4979],[-0.9137,39.4946],[-0.9171,39.4879],[-0.9171,39.4854],[-0.9129,39.4821],[-0.9121,39.4788],[-0.9129,39.4738],[-0.9112,39.4713],[-0.9129,39.4696],[-0.9121,39.4612],[-0.9046,39.4537],[-0.8912,39.4571],[-0.8887,39.4554],[-0.8862,39.4571],[-0.8829,39.4571],[-0.8796,39.4554],[-0.8762,39.4554],[-0.8737,39.4571],[-0.8696,39.4529],[-0.8671,39.4529],[-0.8654,39.4554],[-0.8587,39.4529],[-0.8554,39.4471],[-0.8521,39.4446],[-0.8562,39.4388],[-0.8537,39.4363],[-0.8471,39.4363],[-0.8446,39.4338],[-0.8454,39.4329],[-0.8446,39.4288],[-0.8412,39.4254],[-0.8346,39.4254],[-0.8254,39.4221],[-0.8187,39.4221],[-0.8171,39.4196],[-0.8087,39.4154],[-0.8054,39.4163],[-0.8062,39.4171],[-0.8054,39.4188],[-0.7929,39.4171],[-0.7896,39.4113],[-0.7879,39.4096],[-0.7837,39.4096],[-0.7796,39.4038],[-0.7712,39.4038],[-0.7696,39.4013],[-0.7721,39.3987],[-0.7687,39.3963],[-0.7696,39.3954],[-0.7687,39.3938],[-0.7671,39.3946],[-0.7646,39.3912],[-0.7612,39.3912],[-0.7579,39.3896],[-0.7479,39.3829],[-0.7471,39.3821],[-0.7496,39.3779],[-0.7496,39.3721],[-0.7479,39.3721],[-0.7454,39.3754],[-0.7421,39.3729],[-0.7388,39.3729],[-0.7371,39.3713],[-0.7379,39.3696],[-0.7354,39.3679],[-0.7337,39.3621],[-0.7279,39.3579]]}},{"type":"Feature","properties":{"id":"magro-utiel","name":"Río Magro","length_km":43.9},"geometry":{"type":"LineString","coordinates":[[-1.3754,39.7037],[-1.3804,39.7004],[-1.3829,39.6963],[-1.3862,39.6946],[-1.3904,39.6946],[-1.3929,39.6921],[-1.3921,39.6904],[-1.3929,39.6829],[-1.3971,39.6813],[-1.4029,39.6754],[-1.4054,39.6754],[-1.4112,39.6679],[-1.4146,39.6688],[-1.4204,39.6688],[-1.4246,39.6671],[-1.4312,39.6679],[-1.4371,39.6638],[-1.4412,39.6638],[-1.4471,39.6579],[-1.4487,39.6579],[-1.4487,39.6529],[-1.4296,39.6338],[-1.4287,39.6279],[-1.4246,39.6246],[-1.4254,39.6179],[-1.4304,39.6054],[-1.4304,39.6013],[-1.4212,39.5896],[-1.4196,39.5829],[-1.4196,39.5738],[-1.4171,39.5713],[-1.4137,39.5704],[-1.4104,39.5721],[-1.4079,39.5696],[-1.4038,39.5713],[-1.4004,39.5679],[-1.3962,39.5671],[-1.3921,39.5621],[-1.3821,39.5579],[-1.3787,39.5538],[-1.3762,39.5529],[-1.3679,39.5546],[-1.3621,39.5521],[-1.3579,39.5521],[-1.3462,39.5488],[-1.3396,39.5488],[-1.3379,39.5471],[-1.3346,39.5471],[-1.3287,39.5496],[-1.3179,39.5479],[-1.3004,39.5488],[-1.2829,39.5571],[-1.2788,39.5579],[-1.2762,39.5571],[-1.2454,39.5663],[-1.2379,39.5729],[-1.2312,39.5721],[-1.2262,39.5688],[-1.2163,39.5696],[-1.2087,39.5646],[-1.2037,39.5629],[-1.1937,39.5546],[-1.1921,39.5513],[-1.1862,39.5454],[-1.1837,39.5329],[-1.1787,39.5279],[-1.1679,39.5246],[-1.1538,39.5154],[-1.1437,39.5054],[-1.1354,39.4946],[-1.1179,39.4788],[-1.1154,39.4771],[-1.0913,39.4754],[-1.0837,39.4713],[-1.0796,39.4654],[-1.0762,39.4646],[-1.0679,39.4654],[-1.0637,39.4638],[-1.0621,39.4621],[-1.0637,39.4588],[-1.0621,39.4546],[-1.0637,39.4529],[-1.0637,39.4504],[-1.0721,39.4463],[-1.0713,39.4446],[-1.0721,39.4421],[-1.0679,39.4379],[-1.0646,39.4313],[-1.0662,39.4288],[-1.0696,39.4271],[-1.0671,39.4246],[-1.0679,39.4188],[-1.0671,39.4179],[-1.0604,39.4204],[-1.0562,39.4171],[-1.0604,39.4146],[-1.0537,39.4104],[-1.0546,39.4071],[-1.0504,39.4029],[-1.0513,39.4013],[-1.0504,39.3963],[-1.0446,39.3921],[-1.0437,39.3888],[-1.0404,39.3854],[-1.0387,39.3863],[-1.0354,39.3829],[-1.0337,39.3829],[-1.0304,39.3788],[-1.0271,39.3796],[-1.0221,39.3779],[-1.0179,39.3738],[-1.0129,39.3738],[-1.0096,39.3713],[-1.0054,39.3721],[-1.0037,39.3704],[-1.0046,39.3696],[-1.0021,39.3688],[-0.9962,39.3629],[-0.9896,39.3621],[-0.9896,39.3654],[-0.9879,39.3663],[-0.9862,39.3638],[-0.9862,39.3604],[-0.9846,39.3588],[-0.9829,39.3604],[-0.9771,39.3604],[-0.9737,39.3629],[-0.9712,39.3604],[-0.9679,39.3604],[-0.9663,39.3629],[-0.9637,39.3588],[-0.9571,39.3554],[-0.9521,39.3554],[-0.9496,39.3538],[-0.9437,39.3529],[-0.9362,39.3488],[-0.9321,39.3529],[-0.9287,39.3521],[-0.9279,39.3529],[-0.9287,39.3579],[-0.9246,39.3588],[-0.9162,39.3546],[-0.9121,39.3504],[-0.9071,39.3496],[-0.9029,39.3529],[-0.9012,39.3529],[-0.8987,39.3504],[-0.8996,39.3454],[-0.9012,39.3438],[-0.8996,39.3421],[-0.8946,39.3413],[-0.8904,39.3354],[-0.8838,39.3379],[-0.8796,39.3454],[-0.8696,39.3454],[-0.8671,39.3438],[-0.8662,39.3404],[-0.8604,39.3438],[-0.8571,39.3421],[-0.8537,39.3429],[-0.8521,39.3396],[-0.8487,39.3388],[-0.8479,39.3396],[-0.8487,39.3404],[-0.8454,39.3446],[-0.8471,39.3463],[-0.8462,39.3471],[-0.8446,39.3471],[-0.8421,39.3438],[-0.8379,39.3446],[-0.8354,39.3413],[-0.8321,39.3421],[-0.8296,39.3446],[-0.8262,39.3446],[-0.8204,39.3413],[-0.8162,39.3421],[-0.8096,39.3488],[-0.8054,39.3471],[-0.8071,39.3454],[-0.8054,39.3421],[-0.8021,39.3429],[-0.7971,39.3404],[-0.7954,39.3488],[-0.7879,39.3571],[-0.7779,39.3579],[-0.7762,39.3554],[-0.7729,39.3538],[-0.7696,39.3538],[-0.7671,39.3563],[-0.7662,39.3604],[-0.7612,39.3613],[-0.7562,39.3613],[-0.7388,39.3521],[-0.7329,39.3571],[-0.7246,39.3579],[-0.7154,39.3513],[-0.7104,39.3454],[-0.7046,39.3488],[-0.7096,39.3579],[-0.7079,39.3596],[-0.7054,39.3596],[-0.7012,39.3571],[-0.7004,39.3521],[-0.6979,39.3521],[-0.6846,39.3579],[-0.6771,39.3546],[-0.6721,39.3554],[-0.6662,39.3538],[-0.6646,39.3571],[-0.6579,39.3571],[-0.6537,39.3588],[-0.6512,39.3571],[-0.6521,39.3504],[-0.6562,39.3438],[-0.6521,39.3388],[-0.6512,39.3346],[-0.6421,39.3379],[-0.6387,39.3404],[-0.6362,39.3404],[-0.6346,39.3388],[-0.6279,39.3388],[-0.6196,39.3321],[-0.6146,39.3313],[-0.6129,39.3329],[-0.6129,39.3379],[-0.6112,39.3413],[-0.6087,39.3438],[-0.6071,39.3438],[-0.6029,39.3404],[-0.6029,39.3379],[-0.6004,39.3354],[-0.5938,39.3313],[-0.5896,39.3313],[-0.5837,39.3263],[-0.5821,39.3204],[-0.5746,39.3079],[-0.5737,39.2938],[-0.5704,39.2904],[-0.5596,39.2879],[-0.5579,39.2863],[-0.5554,39.2796],[-0.5537,39.2679],[-0.5596,39.2654],[-0.5612,39.2629],[-0.5587,39.2604],[-0.5571,39.2604],[-0.5504,39.2646],[-0.5462,39.2638],[-0.5387,39.2588],[-0.5337,39.2521],[-0.5271,39.2496],[-0.5204,39.2379],[-0.5196,39.2313],[-0.5146,39.2246],[-0.5104,39.2229],[-0.5071,39.2196],[-0.5046,39.2154],[-0.5046,39.2104],[-0.5021,39.2079],[-0.4879,39.2054],[-0.4804,39.2021],[-0.4662,39.2013],[-0.4571,39.2037],[-0.4521,39.2021],[-0.4496,39.1996],[-0.4487,39.1963],[-0.4446,39.1921],[-0.4421,39.1871],[-0.4387,39.1846],[-0.4304,39.1821],[-0.4271,39.1863],[-0.4212,39.1879],[-0.4187,39.1854],[-0.4137,39.1838]]}},{"type":"Feature","properties":{"id":"magro-requena","name":"Río Magro","length_km":58.8},"geometry":{"type":"LineString","coordinates":[[-1.3754,39.7037],[-1.3804,39.7004],[-1.3829,39.6963],[-1.3862,39.6946],[-1.3904,39.6946],[-1.3929,39.6921],[-1.3921,39.6904],[-1.3929,39.6829],[-1.3971,39.6813],[-1.4029,39.6754],[-1.4054,39.6754],[-1.4112,39.6679],[-1.4146,39.6688],[-1.4204,39.6688],[-1.4246,39.6671],[-1.4312,39.6679],[-1.4371,39.6638],[-1.4412,39.6638],[-1.4471,39.6579],[-1.4487,39.6579],[-1.4487,39.6529],[-1.4296,39.6338],[-1.4287,39.6279],[-1.4246,39.6246],[-1.4254,39.6179],[-1.4304,39.6054],[-1.4304,39.6013],[-1.4212,39.5896],[-1.4196,39.5829],[-1.4196,39.5738],[-1.4171,39.5713],[-1.4137,39.5704],[-1.4104,39.5721],[-1.4079,39.5696],[-1.4038,39.5713],[-1.4004,39.5679],[-1.3962,39.5671],[-1.3921,39.5621],[-1.3821,39.5579],[-1.3787,39.5538],[-1.3762,39.5529],[-1.3679,39.5546],[-1.3621,39.5521],[-1.3579,39.5521],[-1.3462,39.5488],[-1.3396,39.5488],[-1.3379,39.5471],[-1.3346,39.5471],[-1.3287,39.5496],[-1.3179,39.5479],[-1.3004,39.5488],[-1.2829,39.5571],[-1.2788,39.5579],[-1.2762,39.5571],[-1.2454,39.5663],[-1.2379,39.5729],[-1.2312,39.5721],[-1.2262,39.5688],[-1.2163,39.5696],[-1.2087,39.5646],[-1.2037,39.5629],[-1.1937,39.5546],[-1.1921,39.5513],[-1.1862,39.5454],[-1.1837,39.5329],[-1.1787,39.5279],[-1.1679,39.5246],[-1.1538,39.5154],[-1.1437,39.5054],[-1.1354,39.4946],[-1.1179,39.4788],[-1.1154,39.4771],[-1.0913,39.4754],[-1.0837,39.4713],[-1.0796,39.4654],[-1.0762,39.4646],[-1.0679,39.4654],[-1.0637,39.4638],[-1.0621,39.4621],[-1.0637,39.4588],[-1.0621,39.4546],[-1.0637,39.4529],[-1.0637,39.4504],[-1.0721,39.4463],[-1.0713,39.4446],[-1.0721,39.4421],[-1.0679,39.4379],[-1.0646,39.4313],[-1.0662,39.4288],[-1.0696,39.4271],[-1.0671,39.4246],[-1.0679,39.4188],[-1.0671,39.4179],[-1.0604,39.4204],[-1.0562,39.4171],[-1.0604,39.4146],[-1.0537,39.4104],[-1.0546,39.4071],[-1.0504,39.4029],[-1.0513,39.4013],[-1.0504,39.3963],[-1.0446,39.3921],[-1.0437,39.3888],[-1.0404,39.3854],[-1.0387,39.3863],[-1.0354,39.3829],[-1.0337,39.3829],[-1.0304,39.3788],[-1.0271,39.3796],[-1.0221,39.3779],[-1.0179,39.3738],[-1.0129,39.3738],[-1.0096,39.3713],[-1.0054,39.3721],[-1.0037,39.3704],[-1.0046,39.3696],[-1.0021,39.3688],[-0.9962,39.3629],[-0.9896,39.3621],[-0.9896,39.3654],[-0.9879,39.3663],[-0.9862,39.3638],[-0.9862,39.3604],[-0.9846,39.3588],[-0.9829,39.3604],[-0.9771,39.3604],[-0.9737,39.3629],[-0.9712,39.3604],[-0.9679,39.3604],[-0.9663,39.3629],[-0.9637,39.3588],[-0.9571,39.3554],[-0.9521,39.3554],[-0.9496,39.3538],[-0.9437,39.3529],[-0.9362,39.3488],[-0.9321,39.3529],[-0.9287,39.3521],[-0.9279,39.3529],[-0.9287,39.3579],[-0.9246,39.3588],[-0.9162,39.3546],[-0.9121,39.3504],[-0.9071,39.3496],[-0.9029,39.3529],[-0.9012,39.3529],[-0.8987,39.3504],[-0.8996,39.3454],[-0.9012,39.3438],[-0.8996,39.3421],[-0.8946,39.3413],[-0.8904,39.3354],[-0.8838,39.3379],[-0.8796,39.3454],[-0.8696,39.3454],[-0.8671,39.3438],[-0.8662,39.3404],[-0.8604,39.3438],[-0.8571,39.3421],[-0.8537,39.3429],[-0.8521,39.3396],[-0.8487,39.3388],[-0.8479,39.3396],[-0.8487,39.3404],[-0.8454,39.3446],[-0.8471,39.3463],[-0.8462,39.3471],[-0.8446,39.3471],[-0.8421,39.3438],[-0.8379,39.3446],[-0.8354,39.3413],[-0.8321,39.3421],[-0.8296,39.3446],[-0.8262,39.3446],[-0.8204,39.3413],[-0.8162,39.3421],[-0.8096,39.3488],[-0.8054,39.3471],[-0.8071,39.3454],[-0.8054,39.3421],[-0.8021,39.3429],[-0.7971,39.3404],[-0.7954,39.3488],[-0.7879,39.3571],[-0.7779,39.3579],[-0.7762,39.3554],[-0.7729,39.3538],[-0.7696,39.3538],[-0.7671,39.3563],[-0.7662,39.3604],[-0.7612,39.3613],[-0.7562,39.3613],[-0.7388,39.3521],[-0.7329,39.3571],[-0.7246,39.3579],[-0.7154,39.3513],[-0.7104,39.3454],[-0.7046,39.3488],[-0.7096,39.3579],[-0.7079,39.3596],[-0.7054,39.3596],[-0.7012,39.3571],[-0.7004,39.3521],[-0.6979,39.3521],[-0.6846,39.3579],[-0.6771,39.3546],[-0.6721,39.3554],[-0.6662,39.3538],[-0.6646,39.3571],[-0.6579,39.3571],[-0.6537,39.3588],[-0.6512,39.3571],[-0.6521,39.3504],[-0.6562,39.3438],[-0.6521,39.3388],[-0.6512,39.3346],[-0.6421,39.3379],[-0.6387,39.3404],[-0.6362,39.3404],[-0.6346,39.3388],[-0.6279,39.3388],[-0.6196,39.3321],[-0.6146,39.3313],[-0.6129,39.3329],[-0.6129,39.3379],[-0.6112,39.3413],[-0.6087,39.3438],[-0.6071,39.3438],[-0.6029,39.3404],[-0.6029,39.3379],[-0.6004,39.3354],[-0.5938,39.3313],[-0.5896,39.3313],[-0.5837,39.3263],[-0.5821,39.3204],[-0.5746,39.3079],[-0.5737,39.2938],[-0.5704,39.2904],[-0.5596,39.2879],[-0.5579,39.2863],[-0.5554,39.2796],[-0.5537,39.2679],[-0.5596,39.2654],[-0.5612,39.2629],[-0.5587,39.2604],[-0.5571,39.2604],[-0.5504,39.2646],[-0.5462,39.2638],[-0.5387,39.2588],[-0.5337,39.2521],[-0.5271,39.2496],[-0.5204,39.2379],[-0.5196,39.2313],[-0.5146,39.2246],[-0.5104,39.2229],[-0.5071,39.2196],[-0.5046,39.2154],[-0.5046,39.2104],[-0.5021,39.2079],[-0.4879,39.2054],[-0.4804,39.2021],[-0.4662,39.2013],[-0.4571,39.2037],[-0.4521,39.2021],[-0.4496,39.1996],[-0.4487,39.1963],[-0.4446,39.1921],[-0.4421,39.1871],[-0.4387,39.1846],[-0.4304,39.1821],[-0.4271,39.1863],[-0.4212,39.1879],[-0.4187,39.1854],[-0.4137,39.1838]]}},{"type":"Feature","properties":{"id":"magro-real","name":"Río Magro","length_km":137.7},"geometry":{"type":"LineString","coordinates":[[-1.3754,39.7037],[-1.3804,39.7004],[-1.3829,39.6963],[-1.3862,39.6946],[-1.3904,39.6946],[-1.3929,39.6921],[-1.3921,39.6904],[-1.3929,39.6829],[-1.3971,39.6813],[-1.4029,39.6754],[-1.4054,39.6754],[-1.4112,39.6679],[-1.4146,39.6688],[-1.4204,39.6688],[-1.4246,39.6671],[-1.4312,39.6679],[-1.4371,39.6638],[-1.4412,39.6638],[-1.4471,39.6579],[-1.4487,39.6579],[-1.4487,39.6529],[-1.4296,39.6338],[-1.4287,39.6279],[-1.4246,39.6246],[-1.4254,39.6179],[-1.4304,39.6054],[-1.4304,39.6013],[-1.4212,39.5896],[-1.4196,39.5829],[-1.4196,39.5738],[-1.4171,39.5713],[-1.4137,39.5704],[-1.4104,39.5721],[-1.4079,39.5696],[-1.4038,39.5713],[-1.4004,39.5679],[-1.3962,39.5671],[-1.3921,39.5621],[-1.3821,39.5579],[-1.3787,39.5538],[-1.3762,39.5529],[-1.3679,39.5546],[-1.3621,39.5521],[-1.3579,39.5521],[-1.3462,39.5488],[-1.3396,39.5488],[-1.3379,39.5471],[-1.3346,39.5471],[-1.3287,39.5496],[-1.3179,39.5479],[-1.3004,39.5488],[-1.2829,39.5571],[-1.2788,39.5579],[-1.2762,39.5571],[-1.2454,39.5663],[-1.2379,39.5729],[-1.2312,39.5721],[-1.2262,39.5688],[-1.2163,39.5696],[-1.2087,39.5646],[-1.2037,39.5629],[-1.1937,39.5546],[-1.1921,39.5513],[-1.1862,39.5454],[-1.1837,39.5329],[-1.1787,39.5279],[-1.1679,39.5246],[-1.1538,39.5154],[-1.1437,39.5054],[-1.1354,39.4946],[-1.1179,39.4788],[-1.1154,39.4771],[-1.0913,39.4754],[-1.0837,39.4713],[-1.0796,39.4654],[-1.0762,39.4646],[-1.0679,39.4654],[-1.0637,39.4638],[-1.0621,39.4621],[-1.0637,39.4588],[-1.0621,39.4546],[-1.0637,39.4529],[-1.0637,39.4504],[-1.0721,39.4463],[-1.0713,39.4446],[-1.0721,39.4421],[-1.0679,39.4379],[-1.0646,39.4313],[-1.0662,39.4288],[-1.0696,39.4271],[-1.0671,39.4246],[-1.0679,39.4188],[-1.0671,39.4179],[-1.0604,39.4204],[-1.0562,39.4171],[-1.0604,39.4146],[-1.0537,39.4104],[-1.0546,39.4071],[-1.0504,39.4029],[-1.0513,39.4013],[-1.0504,39.3963],[-1.0446,39.3921],[-1.0437,39.3888],[-1.0404,39.3854],[-1.0387,39.3863],[-1.0354,39.3829],[-1.0337,39.3829],[-1.0304,39.3788],[-1.0271,39.3796],[-1.0221,39.3779],[-1.0179,39.3738],[-1.0129,39.3738],[-1.0096,39.3713],[-1.0054,39.3721],[-1.0037,39.3704],[-1.0046,39.3696],[-1.0021,39.3688],[-0.9962,39.3629],[-0.9896,39.3621],[-0.9896,39.3654],[-0.9879,39.3663],[-0.9862,39.3638],[-0.9862,39.3604],[-0.9846,39.3588],[-0.9829,39.3604],[-0.9771,39.3604],[-0.9737,39.3629],[-0.9712,39.3604],[-0.9679,39.3604],[-0.9663,39.3629],[-0.9637,39.3588],[-0.9571,39.3554],[-0.9521,39.3554],[-0.9496,39.3538],[-0.9437,39.3529],[-0.9362,39.3488],[-0.9321,39.3529],[-0.9287,39.3521],[-0.9279,39.3529],[-0.9287,39.3579],[-0.9246,39.3588],[-0.9162,39.3546],[-0.9121,39.3504],[-0.9071,39.3496],[-0.9029,39.3529],[-0.9012,39.3529],[-0.8987,39.3504],[-0.8996,39.3454],[-0.9012,39.3438],[-0.8996,39.3421],[-0.8946,39.3413],[-0.8904,39.3354],[-0.8838,39.3379],[-0.8796,39.3454],[-0.8696,39.3454],[-0.8671,39.3438],[-0.8662,39.3404],[-0.8604,39.3438],[-0.8571,39.3421],[-0.8537,39.3429],[-0.8521,39.3396],[-0.8487,39.3388],[-0.8479,39.3396],[-0.8487,39.3404],[-0.8454,39.3446],[-0.8471,39.3463],[-0.8462,39.3471],[-0.8446,39.3471],[-0.8421,39.3438],[-0.8379,39.3446],[-0.8354,39.3413],[-0.8321,39.3421],[-0.8296,39.3446],[-0.8262,39.3446],[-0.8204,39.3413],[-0.8162,39.3421],[-0.8096,39.3488],[-0.8054,39.3471],[-0.8071,39.3454],[-0.8054,39.3421],[-0.8021,39.3429],[-0.7971,39.3404],[-0.7954,39.3488],[-0.7879,39.3571],[-0.7779,39.3579],[-0.7762,39.3554],[-0.7729,39.3538],[-0.7696,39.3538],[-0.7671,39.3563],[-0.7662,39.3604],[-0.7612,39.3613],[-0.7562,39.3613],[-0.7388,39.3521],[-0.7329,39.3571],[-0.7246,39.3579],[-0.7154,39.3513],[-0.7104,39.3454],[-0.7046,39.3488],[-0.7096,39.3579],[-0.7079,39.3596],[-0.7054,39.3596],[-0.7012,39.3571],[-0.7004,39.3521],[-0.6979,39.3521],[-0.6846,39.3579],[-0.6771,39.3546],[-0.6721,39.3554],[-0.6662,39.3538],[-0.6646,39.3571],[-0.6579,39.3571],[-0.6537,39.3588],[-0.6512,39.3571],[-0.6521,39.3504],[-0.6562,39.3438],[-0.6521,39.3388],[-0.6512,39.3346],[-0.6421,39.3379],[-0.6387,39.3404],[-0.6362,39.3404],[-0.6346,39.3388],[-0.6279,39.3388],[-0.6196,39.3321],[-0.6146,39.3313],[-0.6129,39.3329],[-0.6129,39.3379],[-0.6112,39.3413],[-0.6087,39.3438],[-0.6071,39.3438],[-0.6029,39.3404],[-0.6029,39.3379],[-0.6004,39.3354],[-0.5938,39.3313],[-0.5896,39.3313],[-0.5837,39.3263],[-0.5821,39.3204],[-0.5746,39.3079],[-0.5737,39.2938],[-0.5704,39.2904],[-0.5596,39.2879],[-0.5579,39.2863],[-0.5554,39.2796],[-0.5537,39.2679],[-0.5596,39.2654],[-0.5612,39.2629],[-0.5587,39.2604],[-0.5571,39.2604],[-0.5504,39.2646],[-0.5462,39.2638],[-0.5387,39.2588],[-0.5337,39.2521],[-0.5271,39.2496],[-0.5204,39.2379],[-0.5196,39.2313],[-0.5146,39.2246],[-0.5104,39.2229],[-0.5071,39.2196],[-0.5046,39.2154],[-0.5046,39.2104],[-0.5021,39.2079],[-0.4879,39.2054],[-0.4804,39.2021],[-0.4662,39.2013],[-0.4571,39.2037],[-0.4521,39.2021],[-0.4496,39.1996],[-0.4487,39.1963],[-0.4446,39.1921],[-0.4421,39.1871],[-0.4387,39.1846],[-0.4304,39.1821],[-0.4271,39.1863],[-0.4212,39.1879],[-0.4187,39.1854],[-0.4137,39.1838]]}},{"type":"Feature","properties":{"id":"magro-carlet","name":"Río Magro","length_km":155.8},"geometry":{"type":"LineString","coordinates":[[-1.3754,39.7037],[-1.3804,39.7004],[-1.3829,39.6963],[-1.3862,39.6946],[-1.3904,39.6946],[-1.3929,39.6921],[-1.3921,39.6904],[-1.3929,39.6829],[-1.3971,39.6813],[-1.4029,39.6754],[-1.4054,39.6754],[-1.4112,39.6679],[-1.4146,39.6688],[-1.4204,39.6688],[-1.4246,39.6671],[-1.4312,39.6679],[-1.4371,39.6638],[-1.4412,39.6638],[-1.4471,39.6579],[-1.4487,39.6579],[-1.4487,39.6529],[-1.4296,39.6338],[-1.4287,39.6279],[-1.4246,39.6246],[-1.4254,39.6179],[-1.4304,39.6054],[-1.4304,39.6013],[-1.4212,39.5896],[-1.4196,39.5829],[-1.4196,39.5738],[-1.4171,39.5713],[-1.4137,39.5704],[-1.4104,39.5721],[-1.4079,39.5696],[-1.4038,39.5713],[-1.4004,39.5679],[-1.3962,39.5671],[-1.3921,39.5621],[-1.3821,39.5579],[-1.3787,39.5538],[-1.3762,39.5529],[-1.3679,39.5546],[-1.3621,39.5521],[-1.3579,39.5521],[-1.3462,39.5488],[-1.3396,39.5488],[-1.3379,39.5471],[-1.3346,39.5471],[-1.3287,39.5496],[-1.3179,39.5479],[-1.3004,39.5488],[-1.2829,39.5571],[-1.2788,39.5579],[-1.2762,39.5571],[-1.2454,39.5663],[-1.2379,39.5729],[-1.2312,39.5721],[-1.2262,39.5688],[-1.2163,39.5696],[-1.2087,39.5646],[-1.2037,39.5629],[-1.1937,39.5546],[-1.1921,39.5513],[-1.1862,39.5454],[-1.1837,39.5329],[-1.1787,39.5279],[-1.1679,39.5246],[-1.1538,39.5154],[-1.1437,39.5054],[-1.1354,39.4946],[-1.1179,39.4788],[-1.1154,39.4771],[-1.0913,39.4754],[-1.0837,39.4713],[-1.0796,39.4654],[-1.0762,39.4646],[-1.0679,39.4654],[-1.0637,39.4638],[-1.0621,39.4621],[-1.0637,39.4588],[-1.0621,39.4546],[-1.0637,39.4529],[-1.0637,39.4504],[-1.0721,39.4463],[-1.0713,39.4446],[-1.0721,39.4421],[-1.0679,39.4379],[-1.0646,39.4313],[-1.0662,39.4288],[-1.0696,39.4271],[-1.0671,39.4246],[-1.0679,39.4188],[-1.0671,39.4179],[-1.0604,39.4204],[-1.0562,39.4171],[-1.0604,39.4146],[-1.0537,39.4104],[-1.0546,39.4071],[-1.0504,39.4029],[-1.0513,39.4013],[-1.0504,39.3963],[-1.0446,39.3921],[-1.0437,39.3888],[-1.0404,39.3854],[-1.0387,39.3863],[-1.0354,39.3829],[-1.0337,39.3829],[-1.0304,39.3788],[-1.0271,39.3796],[-1.0221,39.3779],[-1.0179,39.3738],[-1.0129,39.3738],[-1.0096,39.3713],[-1.0054,39.3721],[-1.0037,39.3704],[-1.0046,39.3696],[-1.0021,39.3688],[-0.9962,39.3629],[-0.9896,39.3621],[-0.9896,39.3654],[-0.9879,39.3663],[-0.9862,39.3638],[-0.9862,39.3604],[-0.9846,39.3588],[-0.9829,39.3604],[-0.9771,39.3604],[-0.9737,39.3629],[-0.9712,39.3604],[-0.9679,39.3604],[-0.9663,39.3629],[-0.9637,39.3588],[-0.9571,39.3554],[-0.9521,39.3554],[-0.9496,39.3538],[-0.9437,39.3529],[-0.9362,39.3488],[-0.9321,39.3529],[-0.9287,39.3521],[-0.9279,39.3529],[-0.9287,39.3579],[-0.9246,39.3588],[-0.9162,39.3546],[-0.9121,39.3504],[-0.9071,39.3496],[-0.9029,39.3529],[-0.9012,39.3529],[-0.8987,39.3504],[-0.8996,39.3454],[-0.9012,39.3438],[-0.8996,39.3421],[-0.8946,39.3413],[-0.8904,39.3354],[-0.8838,39.3379],[-0.8796,39.3454],[-0.8696,39.3454],[-0.8671,39.3438],[-0.8662,39.3404],[-0.8604,39.3438],[-0.8571,39.3421],[-0.8537,39.3429],[-0.8521,39.3396],[-0.8487,39.3388],[-0.8479,39.3396],[-0.8487,39.3404],[-0.8454,39.3446],[-0.8471,39.3463],[-0.8462,39.3471],[-0.8446,39.3471],[-0.8421,39.3438],[-0.8379,39.3446],[-0.8354,39.3413],[-0.8321,39.3421],[-0.8296,39.3446],[-0.8262,39.3446],[-0.8204,39.3413],[-0.8162,39.3421],[-0.8096,39.3488],[-0.8054,39.3471],[-0.8071,39.3454],[-0.8054,39.3421],[-0.8021,39.3429],[-0.7971,39.3404],[-0.7954,39.3488],[-0.7879,39.3571],[-0.7779,39.3579],[-0.7762,39.3554],[-0.7729,39.3538],[-0.7696,39.3538],[-0.7671,39.3563],[-0.7662,39.3604],[-0.7612,39.3613],[-0.7562,39.3613],[-0.7388,39.3521],[-0.7329,39.3571],[-0.7246,39.3579],[-0.7154,39.3513],[-0.7104,39.3454],[-0.7046,39.3488],[-0.7096,39.3579],[-0.7079,39.3596],[-0.7054,39.3596],[-0.7012,39.3571],[-0.7004,39.3521],[-0.6979,39.3521],[-0.6846,39.3579],[-0.6771,39.3546],[-0.6721,39.3554],[-0.6662,39.3538],[-0.6646,39.3571],[-0.6579,39.3571],[-0.6537,39.3588],[-0.6512,39.3571],[-0.6521,39.3504],[-0.6562,39.3438],[-0.6521,39.3388],[-0.6512,39.3346],[-0.6421,39.3379],[-0.6387,39.3404],[-0.6362,39.3404],[-0.6346,39.3388],[-0.6279,39.3388],[-0.6196,39.3321],[-0.6146,39.3313],[-0.6129,39.3329],[-0.6129,39.3379],[-0.6112,39.3413],[-0.6087,39.3438],[-0.6071,39.3438],[-0.6029,39.3404],[-0.6029,39.3379],[-0.6004,39.3354],[-0.5938,39.3313],[-0.5896,39.3313],[-0.5837,39.3263],[-0.5821,39.3204],[-0.5746,39.3079],[-0.5737,39.2938],[-0.5704,39.2904],[-0.5596,39.2879],[-0.5579,39.2863],[-0.5554,39.2796],[-0.5537,39.2679],[-0.5596,39.2654],[-0.5612,39.2629],[-0.5587,39.2604],[-0.5571,39.2604],[-0.5504,39.2646],[-0.5462,39.2638],[-0.5387,39.2588],[-0.5337,39.2521],[-0.5271,39.2496],[-0.5204,39.2379],[-0.5196,39.2313],[-0.5146,39.2246],[-0.5104,39.2229],[-0.5071,39.2196],[-0.5046,39.2154],[-0.5046,39.2104],[-0.5021,39.2079],[-0.4879,39.2054],[-0.4804,39.2021],[-0.4662,39.2013],[-0.4571,39.2037],[-0.4521,39.2021],[-0.4496,39.1996],[-0.4487,39.1963],[-0.4446,39.1921],[-0.4421,39.1871],[-0.4387,39.1846],[-0.4304,39.1821],[-0.4271,39.1863],[-0.4212,39.1879],[-0.4187,39.1854],[-0.4137,39.1838]]}},{"type":"Feature","properties":{"id":"magro-algemesi","name":"Río Magro","length_km":165.1},"geometry":{"type":"LineString","coordinates":[[-1.3754,39.7037],[-1.3804,39.7004],[-1.3829,39.6963],[-1.3862,39.6946],[-1.3904,39.6946],[-1.3929,39.6921],[-1.3921,39.6904],[-1.3929,39.6829],[-1.3971,39.6813],[-1.4029,39.6754],[-1.4054,39.6754],[-1.4112,39.6679],[-1.4146,39.6688],[-1.4204,39.6688],[-1.4246,39.6671],[-1.4312,39.6679],[-1.4371,39.6638],[-1.4412,39.6638],[-1.4471,39.6579],[-1.4487,39.6579],[-1.4487,39.6529],[-1.4296,39.6338],[-1.4287,39.6279],[-1.4246,39.6246],[-1.4254,39.6179],[-1.4304,39.6054],[-1.4304,39.6013],[-1.4212,39.5896],[-1.4196,39.5829],[-1.4196,39.5738],[-1.4171,39.5713],[-1.4137,39.5704],[-1.4104,39.5721],[-1.4079,39.5696],[-1.4038,39.5713],[-1.4004,39.5679],[-1.3962,39.5671],[-1.3921,39.5621],[-1.3821,39.5579],[-1.3787,39.5538],[-1.3762,39.5529],[-1.3679,39.5546],[-1.3621,39.5521],[-1.3579,39.5521],[-1.3462,39.5488],[-1.3396,39.5488],[-1.3379,39.5471],[-1.3346,39.5471],[-1.3287,39.5496],[-1.3179,39.5479],[-1.3004,39.5488],[-1.2829,39.5571],[-1.2788,39.5579],[-1.2762,39.5571],[-1.2454,39.5663],[-1.2379,39.5729],[-1.2312,39.5721],[-1.2262,39.5688],[-1.2163,39.5696],[-1.2087,39.5646],[-1.2037,39.5629],[-1.1937,39.5546],[-1.1921,39.5513],[-1.1862,39.5454],[-1.1837,39.5329],[-1.1787,39.5279],[-1.1679,39.5246],[-1.1538,39.5154],[-1.1437,39.5054],[-1.1354,39.4946],[-1.1179,39.4788],[-1.1154,39.4771],[-1.0913,39.4754],[-1.0837,39.4713],[-1.0796,39.4654],[-1.0762,39.4646],[-1.0679,39.4654],[-1.0637,39.4638],[-1.0621,39.4621],[-1.0637,39.4588],[-1.0621,39.4546],[-1.0637,39.4529],[-1.0637,39.4504],[-1.0721,39.4463],[-1.0713,39.4446],[-1.0721,39.4421],[-1.0679,39.4379],[-1.0646,39.4313],[-1.0662,39.4288],[-1.0696,39.4271],[-1.0671,39.4246],[-1.0679,39.4188],[-1.0671,39.4179],[-1.0604,39.4204],[-1.0562,39.4171],[-1.0604,39.4146],[-1.0537,39.4104],[-1.0546,39.4071],[-1.0504,39.4029],[-1.0513,39.4013],[-1.0504,39.3963],[-1.0446,39.3921],[-1.0437,39.3888],[-1.0404,39.3854],[-1.0387,39.3863],[-1.0354,39.3829],[-1.0337,39.3829],[-1.0304,39.3788],[-1.0271,39.3796],[-1.0221,39.3779],[-1.0179,39.3738],[-1.0129,39.3738],[-1.0096,39.3713],[-1.0054,39.3721],[-1.0037,39.3704],[-1.0046,39.3696],[-1.0021,39.3688],[-0.9962,39.3629],[-0.9896,39.3621],[-0.9896,39.3654],[-0.9879,39.3663],[-0.9862,39.3638],[-0.9862,39.3604],[-0.9846,39.3588],[-0.9829,39.3604],[-0.9771,39.3604],[-0.9737,39.3629],[-0.9712,39.3604],[-0.9679,39.3604],[-0.9663,39.3629],[-0.9637,39.3588],[-0.9571,39.3554],[-0.9521,39.3554],[-0.9496,39.3538],[-0.9437,39.3529],[-0.9362,39.3488],[-0.9321,39.3529],[-0.9287,39.3521],[-0.9279,39.3529],[-0.9287,39.3579],[-0.9246,39.3588],[-0.9162,39.3546],[-0.9121,39.3504],[-0.9071,39.3496],[-0.9029,39.3529],[-0.9012,39.3529],[-0.8987,39.3504],[-0.8996,39.3454],[-0.9012,39.3438],[-0.8996,39.3421],[-0.8946,39.3413],[-0.8904,39.3354],[-0.8838,39.3379],[-0.8796,39.3454],[-0.8696,39.3454],[-0.8671,39.3438],[-0.8662,39.3404],[-0.8604,39.3438],[-0.8571,39.3421],[-0.8537,39.3429],[-0.8521,39.3396],[-0.8487,39.3388],[-0.8479,39.3396],[-0.8487,39.3404],[-0.8454,39.3446],[-0.8471,39.3463],[-0.8462,39.3471],[-0.8446,39.3471],[-0.8421,39.3438],[-0.8379,39.3446],[-0.8354,39.3413],[-0.8321,39.3421],[-0.8296,39.3446],[-0.8262,39.3446],[-0.8204,39.3413],[-0.8162,39.3421],[-0.8096,39.3488],[-0.8054,39.3471],[-0.8071,39.3454],[-0.8054,39.3421],[-0.8021,39.3429],[-0.7971,39.3404],[-0.7954,39.3488],[-0.7879,39.3571],[-0.7779,39.3579],[-0.7762,39.3554],[-0.7729,39.3538],[-0.7696,39.3538],[-0.7671,39.3563],[-0.7662,39.3604],[-0.7612,39.3613],[-0.7562,39.3613],[-0.7388,39.3521],[-0.7329,39.3571],[-0.7246,39.3579],[-0.7154,39.3513],[-0.7104,39.3454],[-0.7046,39.3488],[-0.7096,39.3579],[-0.7079,39.3596],[-0.7054,39.3596],[-0.7012,39.3571],[-0.7004,39.3521],[-0.6979,39.3521],[-0.6846,39.3579],[-0.6771,39.3546],[-0.6721,39.3554],[-0.6662,39.3538],[-0.6646,39.3571],[-0.6579,39.3571],[-0.6537,39.3588],[-0.6512,39.3571],[-0.6521,39.3504],[-0.6562,39.3438],[-0.6521,39.3388],[-0.6512,39.3346],[-0.6421,39.3379],[-0.6387,39.3404],[-0.6362,39.3404],[-0.6346,39.3388],[-0.6279,39.3388],[-0.6196,39.3321],[-0.6146,39.3313],[-0.6129,39.3329],[-0.6129,39.3379],[-0.6112,39.3413],[-0.6087,39.3438],[-0.6071,39.3438],[-0.6029,39.3404],[-0.6029,39.3379],[-0.6004,39.3354],[-0.5938,39.3313],[-0.5896,39.3313],[-0.5837,39.3263],[-0.5821,39.3204],[-0.5746,39.3079],[-0.5737,39.2938],[-0.5704,39.2904],[-0.5596,39.2879],[-0.5579,39.2863],[-0.5554,39.2796],[-0.5537,39.2679],[-0.5596,39.2654],[-0.5612,39.2629],[-0.5587,39.2604],[-0.5571,39.2604],[-0.5504,39.2646],[-0.5462,39.2638],[-0.5387,39.2588],[-0.5337,39.2521],[-0.5271,39.2496],[-0.5204,39.2379],[-0.5196,39.2313],[-0.5146,39.2246],[-0.5104,39.2229],[-0.5071,39.2196],[-0.5046,39.2154],[-0.5046,39.2104],[-0.5021,39.2079],[-0.4879,39.2054],[-0.4804,39.2021],[-0.4662,39.2013],[-0.4571,39.2037],[-0.4521,39.2021],[-0.4496,39.1996],[-0.4487,39.1963],[-0.4446,39.1921],[-0.4421,39.1871],[-0.4387,39.1846],[-0.4304,39.1821],[-0.4271,39.1863],[-0.4212,39.1879],[-0.4187,39.1854],[-0.4137,39.1838]]}},{"type":"Feature","properties":{"id":"verd-alzira","name":"Riu Verd (Riu dels Ulls)","length_km":41.2},"geometry":{"type":"LineString","coordinates":[[-0.6996,39.2654],[-0.6954,39.2646],[-0.6937,39.2629],[-0.6937,39.2563],[-0.6963,39.2546],[-0.6979,39.2513],[-0.6963,39.2479],[-0.6862,39.2388],[-0.6846,39.2379],[-0.6821,39.2388],[-0.6796,39.2363],[-0.6729,39.2396],[-0.6704,39.2454],[-0.6687,39.2446],[-0.6637,39.2454],[-0.6612,39.2504],[-0.6554,39.2496],[-0.6521,39.2529],[-0.6496,39.2529],[-0.6487,39.2554],[-0.6429,39.2579],[-0.6387,39.2579],[-0.6379,39.2588],[-0.6387,39.2596],[-0.6362,39.2621],[-0.6304,39.2621],[-0.6254,39.2604],[-0.6246,39.2571],[-0.6229,39.2579],[-0.6138,39.2571],[-0.6121,39.2596],[-0.6087,39.2613],[-0.6079,39.2588],[-0.5996,39.2504],[-0.5979,39.2504],[-0.5954,39.2529],[-0.5904,39.2529],[-0.5871,39.2504],[-0.5871,39.2488],[-0.5912,39.2463],[-0.5871,39.2446],[-0.5829,39.2396],[-0.5804,39.2438],[-0.5771,39.2413],[-0.5662,39.2396],[-0.5529,39.2346],[-0.5462,39.2338],[-0.5429,39.2271],[-0.5404,39.2271],[-0.5362,39.2238],[-0.5296,39.2229],[-0.5271,39.2196],[-0.5237,39.2188],[-0.5212,39.2163],[-0.5171,39.2071],[-0.5196,39.2013],[-0.5187,39.1963],[-0.5196,39.1888],[-0.5171,39.1863],[-0.5121,39.1846],[-0.5079,39.1771],[-0.5037,39.1738],[-0.5046,39.1721],[-0.5071,39.1713],[-0.5054,39.1696],[-0.5029,39.1704],[-0.5004,39.1688],[-0.5004,39.1654],[-0.4921,39.1571],[-0.4929,39.1529],[-0.4921,39.1504],[-0.4862,39.1513],[-0.4837,39.1538],[-0.4746,39.1546],[-0.4704,39.1571],[-0.4671,39.1571],[-0.4637,39.1596],[-0.4554,39.1588],[-0.4512,39.1654],[-0.4487,39.1663],[-0.4421,39.1654],[-0.4371,39.1671]]}},{"type":"Feature","properties":{"id":"jucar-alzira","name":"Río Júcar","length_km":483.1},"geometry":{"type":"LineString","coordinates":[[-1.7229,40.3138],[-1.7254,40.3154],[-1.7321,40.3138],[-1.7354,40.3146],[-1.7379,40.3104],[-1.7362,40.3071],[-1.7304,40.3013],[-1.7237,40.3004],[-1.7171,40.2954],[-1.7196,40.2879],[-1.7179,40.2863],[-1.7162,40.2796],[-1.7204,40.2763],[-1.7237,40.2763],[-1.7271,40.2796],[-1.7304,40.2779],[-1.7362,40.2796],[-1.7487,40.2854],[-1.7537,40.2896],[-1.7604,40.2904],[-1.7679,40.2996],[-1.7729,40.3096],[-1.7787,40.3121],[-1.7837,40.3179],[-1.7904,40.3204],[-1.7937,40.3254],[-1.7987,40.3254],[-1.8012,40.3229],[-1.8029,40.3238],[-1.8112,40.3188],[-1.8129,40.3163],[-1.8104,40.3146],[-1.8079,40.3079],[-1.8046,40.3046],[-1.8037,40.3004],[-1.8021,40.2988],[-1.8021,40.2871],[-1.8087,40.2838],[-1.8204,40.2746],[-1.8221,40.2746],[-1.8321,40.2646],[-1.8346,40.2613],[-1.8354,40.2546],[-1.8371,40.2529],[-1.8371,40.2488],[-1.8396,40.2429],[-1.8387,40.2379],[-1.8396,40.2338],[-1.8429,40.2296],[-1.8438,40.2246],[-1.8487,40.2213],[-1.8504,40.2154],[-1.8546,40.2163],[-1.8579,40.2129],[-1.8637,40.2112],[-1.8662,40.2121],[-1.8746,40.2112],[-1.8812,40.2154],[-1.8912,40.2154],[-1.8937,40.2129],[-1.8971,40.2138],[-1.8996,40.2104],[-1.9037,40.2079],[-1.9104,40.2088],[-1.9171,40.2071],[-1.9196,40.2104],[-1.9312,40.2096],[-1.9346,40.2129],[-1.9379,40.2112],[-1.9412,40.2129],[-1.9504,40.2138],[-1.9604,40.2129],[-1.9671,40.2163],[-1.9737,40.2221],[-1.9788,40.2213],[-1.9821,40.2263],[-1.9854,40.2254],[-1.9862,40.2288],[-1.9904,40.2329],[-1.9921,40.2329],[-1.9987,40.2379],[-1.9987,40.2429],[-2.0038,40.2496],[-2.0062,40.2496],[-2.0079,40.2513],[-2.0079,40.2546],[-2.0088,40.2554],[-2.0154,40.2546],[-2.0162,40.2554],[-2.0154,40.2571],[-2.0171,40.2588],[-2.0213,40.2546],[-2.0246,40.2546],[-2.0263,40.2529],[-2.0246,40.2504],[-2.0254,40.2496],[-2.0304,40.2496],[-2.0329,40.2521],[-2.0346,40.2521],[-2.0387,40.2479],[-2.0488,40.2488],[-2.0621,40.2421],[-2.0663,40.2413],[-2.0687,40.2388],[-2.0771,40.2371],[-2.0796,40.2346],[-2.0862,40.2346],[-2.0896,40.2296],[-2.0888,40.2229],[-2.0912,40.2213],[-2.0987,40.2221],[-2.1004,40.2204],[-2.1012,40.2171],[-2.0987,40.2146],[-2.0987,40.2129],[-2.1071,40.2037],[-2.1063,40.2029],[-2.1071,40.2004],[-2.1129,40.1929],[-2.1113,40.1871],[-2.1121,40.1838],[-2.1196,40.1771],[-2.1187,40.1746],[-2.1162,40.1754],[-2.1146,40.1746],[-2.1146,40.1713],[-2.1162,40.1696],[-2.1154,40.1671],[-2.1162,40.1646],[-2.1138,40.1613],[-2.1237,40.1513],[-2.1279,40.1487],[-2.1262,40.1446],[-2.1271,40.1412],[-2.1346,40.1421],[-2.1412,40.1412],[-2.1429,40.1396],[-2.1421,40.1354],[-2.1387,40.1296],[-2.1387,40.1221],[-2.1338,40.1163],[-2.1321,40.1079],[-2.1296,40.1054],[-2.1296,40.1038],[-2.1254,40.1013],[-2.1271,40.0979],[-2.1329,40.0954],[-2.1329,40.0938],[-2.1304,40.0913],[-2.1271,40.0904],[-2.1288,40.0879],[-2.1288,40.0829],[-2.1321,40.0804],[-2.1321,40.0787],[-2.1346,40.0763],[-2.1379,40.0787],[-2.1396,40.0787],[-2.1421,40.0763],[-2.1446,40.0696],[-2.1437,40.0688],[-2.1446,40.0654],[-2.1529,40.0654],[-2.1537,40.0629],[-2.1621,40.0638],[-2.1637,40.0654],[-2.1729,40.0638],[-2.1746,40.0654],[-2.1738,40.0679],[-2.1746,40.0688],[-2.1804,40.0721],[-2.1837,40.0713],[-2.1871,40.0754],[-2.1896,40.0763],[-2.2004,40.0754],[-2.2021,40.0721],[-2.1929,40.0646],[-2.1963,40.0596],[-2.1971,40.0538],[-2.1946,40.0529],[-2.1921,40.0496],[-2.1946,40.0479],[-2.1979,40.0496],[-2.2037,40.0488],[-2.2054,40.0471],[-2.2054,40.0404],[-2.2071,40.0388],[-2.2088,40.0404],[-2.2129,40.0413],[-2.2129,40.0446],[-2.2204,40.0429],[-2.2287,40.0438],[-2.2321,40.0413],[-2.2321,40.0388],[-2.2354,40.0346],[-2.2346,40.0329],[-2.2404,40.0271],[-2.2396,40.0246],[-2.2404,40.0162],[-2.2379,40.0138],[-2.2412,40.0121],[-2.2446,40.0146],[-2.2462,40.0129],[-2.2462,40.0113],[-2.2412,40.0071],[-2.2437,40.0046],[-2.2504,40.0054],[-2.2521,40.0038],[-2.2471,39.9963],[-2.2521,39.9938],[-2.2504,39.9913],[-2.2521,39.9846],[-2.2488,39.9829],[-2.2446,39.9854],[-2.2412,39.9821],[-2.2412,39.9796],[-2.2454,39.9754],[-2.2546,39.9779],[-2.2562,39.9754],[-2.2546,39.9704],[-2.2579,39.9688],[-2.2596,39.9704],[-2.2588,39.9763],[-2.2596,39.9779],[-2.2629,39.9788],[-2.2662,39.9754],[-2.2637,39.9713],[-2.2696,39.9654],[-2.2687,39.9612],[-2.2646,39.9612],[-2.2612,39.9629],[-2.2588,39.9612],[-2.2662,39.9537],[-2.2654,39.9471],[-2.2629,39.9446],[-2.2504,39.9429],[-2.2429,39.9346],[-2.2429,39.9329],[-2.2471,39.9304],[-2.2496,39.9271],[-2.2471,39.9254],[-2.2404,39.9271],[-2.2388,39.9254],[-2.2412,39.9221],[-2.2471,39.9179],[-2.2529,39.9062],[-2.2588,39.9096],[-2.2604,39.9071],[-2.2604,39.9021],[-2.2646,39.8971],[-2.2713,39.8979],[-2.2729,39.8963],[-2.2746,39.8921],[-2.2721,39.8896],[-2.2662,39.8888],[-2.2637,39.8863],[-2.2721,39.8813],[-2.2779,39.8804],[-2.2779,39.8796],[-2.2704,39.8771],[-2.2704,39.8704],[-2.2671,39.8671],[-2.2671,39.8646],[-2.2679,39.8638],[-2.2729,39.8646],[-2.2737,39.8638],[-2.2729,39.8604],[-2.2746,39.8588],[-2.2879,39.8529],[-2.2904,39.8496],[-2.2896,39.8479],[-2.2829,39.8446],[-2.2737,39.8421],[-2.2721,39.8396],[-2.2763,39.8304],[-2.2829,39.8263],[-2.2829,39.8229],[-2.2846,39.8204],[-2.2821,39.8179],[-2.2821,39.8154],[-2.2787,39.8113],[-2.2779,39.8079],[-2.2846,39.8038],[-2.2846,39.7971],[-2.2912,39.7938],[-2.2904,39.7879],[-2.2846,39.7854],[-2.2804,39.7796],[-2.2862,39.7779],[-2.2879,39.7746],[-2.2921,39.7713],[-2.2904,39.7679],[-2.2854,39.7662],[-2.2904,39.7638],[-2.2946,39.7646],[-2.2954,39.7638],[-2.2946,39.7579],[-2.2971,39.7538],[-2.2946,39.7521],[-2.2896,39.7529],[-2.2879,39.7513],[-2.2946,39.7463],[-2.2954,39.7438],[-2.2946,39.7404],[-2.2837,39.7313],[-2.2837,39.7246],[-2.2763,39.7188],[-2.2746,39.7129],[-2.2287,39.6663],[-2.2196,39.6554],[-2.2171,39.6521],[-2.2138,39.6412],[-2.1913,39.6196],[-2.1787,39.6179],[-2.1746,39.6146],[-2.1763,39.6088],[-2.1746,39.6054],[-2.1496,39.5979],[-2.1371,39.5913],[-2.1296,39.5896],[-2.1138,39.5738],[-2.1104,39.5688],[-2.1104,39.5663],[-2.1146,39.5638],[-2.1162,39.5621],[-2.1154,39.5613],[-2.1121,39.5596],[-2.1046,39.5604],[-2.1029,39.5588],[-2.1037,39.5579],[-2.1029,39.5554],[-2.1021,39.5546],[-2.0987,39.5554],[-2.0946,39.5504],[-2.0904,39.5504],[-2.0854,39.5529],[-2.0812,39.5496],[-2.0821,39.5479],[-2.0904,39.5488],[-2.0921,39.5454],[-2.0896,39.5429],[-2.0821,39.5454],[-2.0754,39.5446],[-2.0737,39.5463],[-2.0679,39.5471],[-2.0637,39.5496],[-2.0629,39.5488],[-2.0646,39.5463],[-2.0704,39.5438],[-2.0746,39.5396],[-2.0696,39.5321],[-2.0713,39.5304],[-2.0737,39.5304],[-2.0779,39.5329],[-2.0796,39.5304],[-2.0779,39.5288],[-2.0729,39.5279],[-2.0687,39.5246],[-2.0671,39.5246],[-2.0646,39.5279],[-2.0629,39.5279],[-2.0604,39.5254],[-2.0612,39.5229],[-2.0663,39.5213],[-2.0663,39.5179],[-2.0679,39.5162],[-2.0621,39.5121],[-2.0621,39.5071],[-2.0663,39.5038],[-2.0663,39.4996],[-2.0596,39.4929],[-2.0587,39.4888],[-2.0663,39.4829],[-2.0704,39.4821],[-2.0762,39.4771],[-2.0821,39.4754],[-2.0846,39.4729],[-2.0862,39.4654],[-2.0862,39.4588],[-2.0846,39.4571],[-2.0846,39.4479],[-2.0871,39.4438],[-2.0862,39.4421],[-2.0879,39.4388],[-2.0871,39.4363],[-2.0912,39.4321],[-2.0962,39.4238],[-2.0962,39.4221],[-2.0912,39.4179],[-2.0938,39.4146],[-2.0946,39.4088],[-2.0962,39.4071],[-2.0946,39.4046],[-2.0962,39.4021],[-2.0946,39.4004],[-2.0929,39.4013],[-2.0912,39.3979],[-2.0946,39.3946],[-2.0921,39.3921],[-2.0921,39.3904],[-2.0946,39.3871],[-2.0987,39.3871],[-2.1037,39.3829],[-2.1012,39.3771],[-2.1021,39.3746],[-2.1012,39.3729],[-2.1037,39.3721],[-2.1037,39.3704],[-2.0996,39.3671],[-2.1004,39.3621],[-2.0912,39.3529],[-2.0904,39.3513],[-2.0912,39.3496],[-2.0862,39.3471],[-2.0888,39.3438],[-2.0879,39.3388],[-2.0829,39.3338],[-2.0779,39.3321],[-2.0787,39.3296],[-2.0771,39.3246],[-2.0729,39.3179],[-2.0771,39.3129],[-2.0771,39.3071],[-2.0704,39.3013],[-2.0696,39.2988],[-2.0671,39.2979],[-2.0663,39.2946],[-2.0671,39.2888],[-2.0646,39.2863],[-2.0596,39.2854],[-2.0596,39.2829],[-2.0571,39.2796],[-2.0587,39.2729],[-2.0504,39.2662],[-2.0513,39.2621],[-2.0504,39.2546],[-2.0462,39.2463],[-2.0462,39.2421],[-2.0446,39.2404],[-2.0454,39.2388],[-2.0446,39.2338],[-2.0429,39.2321],[-2.0362,39.2304],[-2.0387,39.2288],[-2.0354,39.2254],[-2.0337,39.2263],[-2.0321,39.2246],[-2.0329,39.2221],[-2.0321,39.2213],[-2.0204,39.2196],[-2.0187,39.2179],[-2.0196,39.2121],[-2.0112,39.2029],[-2.0104,39.2004],[-2.0054,39.1963],[-2.0004,39.1938],[-1.9862,39.1954],[-1.9821,39.1921],[-1.9821,39.1904],[-1.9788,39.1871],[-1.9688,39.1838],[-1.9621,39.1763],[-1.9571,39.1729],[-1.9504,39.1729],[-1.9371,39.1796],[-1.9337,39.1796],[-1.9287,39.1704],[-1.9237,39.1679],[-1.9204,39.1704],[-1.9196,39.1763],[-1.9104,39.1746],[-1.9054,39.1754],[-1.9012,39.1721],[-1.8979,39.1713],[-1.8929,39.1721],[-1.8812,39.1713],[-1.8729,39.1746],[-1.8646,39.1729],[-1.8587,39.1754],[-1.8471,39.1754],[-1.8354,39.1646],[-1.8346,39.1604],[-1.8312,39.1579],[-1.8287,39.1579],[-1.8254,39.1613],[-1.8271,39.1663],[-1.8237,39.1679],[-1.8162,39.1646],[-1.7996,39.1621],[-1.7971,39.1588],[-1.7979,39.1571],[-1.7996,39.1562],[-1.8096,39.1571],[-1.8129,39.1546],[-1.8137,39.1529],[-1.8129,39.1504],[-1.8146,39.1463],[-1.8137,39.1438],[-1.8012,39.1471],[-1.7946,39.1521],[-1.7929,39.1521],[-1.7887,39.1496],[-1.7796,39.1496],[-1.7771,39.1479],[-1.7721,39.1479],[-1.7687,39.1454],[-1.7596,39.1438],[-1.7521,39.1404],[-1.7487,39.1371],[-1.7462,39.1371],[-1.7437,39.1421],[-1.7379,39.1454],[-1.7287,39.1446],[-1.7262,39.1429],[-1.7212,39.1471],[-1.7129,39.1487],[-1.7112,39.1513],[-1.7129,39.1571],[-1.7104,39.1579],[-1.7046,39.1504],[-1.6971,39.1504],[-1.6929,39.1538],[-1.6862,39.1538],[-1.6837,39.1513],[-1.6821,39.1421],[-1.6796,39.1396],[-1.6779,39.1396],[-1.6754,39.1412],[-1.6746,39.1463],[-1.6646,39.1504],[-1.6554,39.1496],[-1.6512,39.1454],[-1.6487,39.1446],[-1.6462,39.1487],[-1.6421,39.1496],[-1.6396,39.1529],[-1.6362,39.1529],[-1.6354,39.1562],[-1.6296,39.1588],[-1.6262,39.1588],[-1.6246,39.1571],[-1.6246,39.1538],[-1.6212,39.1504],[-1.6196,39.1504],[-1.6179,39.1521],[-1.6187,39.1562],[-1.6162,39.1596],[-1.6137,39.1604],[-1.6096,39.1596],[-1.6062,39.1629],[-1.6037,39.1621],[-1.6021,39.1588],[-1.5962,39.1596],[-1.5921,39.1562],[-1.5879,39.1571],[-1.5804,39.1546],[-1.5779,39.1571],[-1.5712,39.1571],[-1.5646,39.1613],[-1.5587,39.1604],[-1.5579,39.1621],[-1.5621,39.1663],[-1.5596,39.1679],[-1.5537,39.1679],[-1.5504,39.1646],[-1.5471,39.1638],[-1.5437,39.1663],[-1.5412,39.1713],[-1.5387,39.1713],[-1.5346,39.1688],[-1.5321,39.1713],[-1.5337,39.1754],[-1.5321,39.1788],[-1.5304,39.1788],[-1.5271,39.1746],[-1.5187,39.1729],[-1.5171,39.1746],[-1.5171,39.1779],[-1.5154,39.1796],[-1.5129,39.1796],[-1.5104,39.1771],[-1.5104,39.1754],[-1.5129,39.1738],[-1.5121,39.1721],[-1.5054,39.1738],[-1.4996,39.1796],[-1.4921,39.1729],[-1.4863,39.1804],[-1.4821,39.1829],[-1.4771,39.1838],[-1.4754,39.1854],[-1.4754,39.1888],[-1.4787,39.1921],[-1.4779,39.1946],[-1.4754,39.1938],[-1.4729,39.1896],[-1.4688,39.1888],[-1.4671,39.1904],[-1.4671,39.1938],[-1.4637,39.1963],[-1.4596,39.1946],[-1.4562,39.1904],[-1.4546,39.1904],[-1.4504,39.1946],[-1.4471,39.1938],[-1.4429,39.1896],[-1.4396,39.1896],[-1.4362,39.1938],[-1.4337,39.1938],[-1.4296,39.1888],[-1.4279,39.1954],[-1.4254,39.1971],[-1.4229,39.1971],[-1.4204,39.1946],[-1.4171,39.1946],[-1.4146,39.1963],[-1.4087,39.1963],[-1.4038,39.1979],[-1.3987,39.1946],[-1.3896,39.1938],[-1.3838,39.1971],[-1.3796,39.1979],[-1.3754,39.1979],[-1.3737,39.1963],[-1.3712,39.1971],[-1.3621,39.2029],[-1.3512,39.2029],[-1.3479,39.2013],[-1.3413,39.2046],[-1.3321,39.2037],[-1.3262,39.2063],[-1.3221,39.2054],[-1.3112,39.2071],[-1.3079,39.2054],[-1.3013,39.2054],[-1.2937,39.2071],[-1.2904,39.2104],[-1.2887,39.2104],[-1.2846,39.2063],[-1.2721,39.2071],[-1.2679,39.2079],[-1.2662,39.2096],[-1.2604,39.2088],[-1.2579,39.2071],[-1.2537,39.2088],[-1.2421,39.2088],[-1.2354,39.2054],[-1.2304,39.2054],[-1.2254,39.2071],[-1.2204,39.2037],[-1.2154,39.2037],[-1.2112,39.1996],[-1.1871,39.2004],[-1.1679,39.1954],[-1.1671,39.1929],[-1.1654,39.1921],[-1.1604,39.1938],[-1.1546,39.1921],[-1.1538,39.1929],[-1.1404,39.1921],[-1.1379,39.1929],[-1.1346,39.1971],[-1.1296,39.1963],[-1.1279,39.1988],[-1.1179,39.1988],[-1.1146,39.2004],[-1.1029,39.1988],[-1.0987,39.2004],[-1.0954,39.1979],[-1.0887,39.2021],[-1.0887,39.2071],[-1.0854,39.2079],[-1.0837,39.2063],[-1.0837,39.2013],[-1.0812,39.1988],[-1.0754,39.1963],[-1.0713,39.1996],[-1.0721,39.2021],[-1.0696,39.2037],[-1.0654,39.2037],[-1.0612,39.2071],[-1.0596,39.2063],[-1.0604,39.2054],[-1.0596,39.2037],[-1.0571,39.2029],[-1.0529,39.2054],[-1.0529,39.2096],[-1.0546,39.2112],[-1.0646,39.2121],[-1.0637,39.2146],[-1.0587,39.2163],[-1.0571,39.2188],[-1.0571,39.2204],[-1.0621,39.2246],[-1.0604,39.2263],[-1.0537,39.2246],[-1.0479,39.2296],[-1.0496,39.2329],[-1.0571,39.2321],[-1.0587,39.2338],[-1.0579,39.2354],[-1.0487,39.2371],[-1.0421,39.2413],[-1.0346,39.2413],[-1.0304,39.2396],[-1.0271,39.2363],[-1.0179,39.2363],[-1.0096,39.2321],[-1.0029,39.2363],[-0.9954,39.2329],[-0.9912,39.2329],[-0.9862,39.2363],[-0.9804,39.2354],[-0.9779,39.2379],[-0.9796,39.2454],[-0.9762,39.2488],[-0.9737,39.2488],[-0.9704,39.2454],[-0.9688,39.2454],[-0.9621,39.2496],[-0.9554,39.2496],[-0.9429,39.2529],[-0.9379,39.2479],[-0.9337,39.2463],[-0.9312,39.2471],[-0.9287,39.2521],[-0.9196,39.2588],[-0.9187,39.2621],[-0.9162,39.2646],[-0.9121,39.2662],[-0.9096,39.2696],[-0.9029,39.2721],[-0.9004,39.2746],[-0.8904,39.2696],[-0.8879,39.2713],[-0.8862,39.2746],[-0.8812,39.2771],[-0.8771,39.2729],[-0.8646,39.2721],[-0.8604,39.2754],[-0.8537,39.2746],[-0.8512,39.2771],[-0.8529,39.2829],[-0.8487,39.2838],[-0.8471,39.2821],[-0.8387,39.2812],[-0.8371,39.2796],[-0.8396,39.2771],[-0.8354,39.2737],[-0.8312,39.2737],[-0.8254,39.2713],[-0.8146,39.2729],[-0.8062,39.2646],[-0.8029,39.2646],[-0.7987,39.2604],[-0.7946,39.2604],[-0.7904,39.2671],[-0.7837,39.2662],[-0.7812,39.2638],[-0.7796,39.2588],[-0.7754,39.2538],[-0.7754,39.2513],[-0.7737,39.2496],[-0.7687,39.2504],[-0.7629,39.2446],[-0.7604,39.2446],[-0.7571,39.2413],[-0.7546,39.2413],[-0.7529,39.2429],[-0.7496,39.2404],[-0.7462,39.2404],[-0.7371,39.2338],[-0.7329,39.2354],[-0.7246,39.2263],[-0.7188,39.2271],[-0.7162,39.2196],[-0.7104,39.2188],[-0.7012,39.2088],[-0.7004,39.2046],[-0.7037,39.2013],[-0.7037,39.1988],[-0.6987,39.1938],[-0.6946,39.1938],[-0.6912,39.1904],[-0.6896,39.1871],[-0.6896,39.1838],[-0.6821,39.1763],[-0.6821,39.1729],[-0.6796,39.1704],[-0.6796,39.1613],[-0.6771,39.1588],[-0.6763,39.1554],[-0.6504,39.1288],[-0.6454,39.1271],[-0.6471,39.1179],[-0.6454,39.1163],[-0.6421,39.1163],[-0.6362,39.1121],[-0.6346,39.1071],[-0.6354,39.1021],[-0.6346,39.1013],[-0.6296,39.1021],[-0.6246,39.0988],[-0.6279,39.0929],[-0.6204,39.0871],[-0.6138,39.0888],[-0.6079,39.0821],[-0.6054,39.0813],[-0.6037,39.0829],[-0.6029,39.0871],[-0.6012,39.0871],[-0.5971,39.0829],[-0.5971,39.0804],[-0.6004,39.0746],[-0.5971,39.0713],[-0.5971,39.0688],[-0.5996,39.0663],[-0.5971,39.0646],[-0.5921,39.0671],[-0.5879,39.0663],[-0.5846,39.0713],[-0.5846,39.0738],[-0.5804,39.0771],[-0.5812,39.0787],[-0.5771,39.0829],[-0.5679,39.0821],[-0.5662,39.0838],[-0.5612,39.0838],[-0.5571,39.0904],[-0.5546,39.0904],[-0.5529,39.0888],[-0.5513,39.0838],[-0.5521,39.0821],[-0.5479,39.0779],[-0.5421,39.0804],[-0.5404,39.0796],[-0.5387,39.0746],[-0.5354,39.0746],[-0.5337,39.0821],[-0.5379,39.0846],[-0.5346,39.0871],[-0.5354,39.0896],[-0.5321,39.0921],[-0.5321,39.0946],[-0.5296,39.0963],[-0.5246,39.0954],[-0.5237,39.0979],[-0.5179,39.1021],[-0.5146,39.1063],[-0.5054,39.1079],[-0.4962,39.1146],[-0.4971,39.1163],[-0.4962,39.1171],[-0.4929,39.1171],[-0.4921,39.1179],[-0.4971,39.1213],[-0.4971,39.1238],[-0.4937,39.1271],[-0.4862,39.1229],[-0.4854,39.1238],[-0.4862,39.1279],[-0.4904,39.1304],[-0.4896,39.1321],[-0.4812,39.1329],[-0.4796,39.1313],[-0.4796,39.1288],[-0.4771,39.1271],[-0.4712,39.1313],[-0.4721,39.1346],[-0.4712,39.1354],[-0.4604,39.1363],[-0.4571,39.1396],[-0.4579,39.1412],[-0.4612,39.1421],[-0.4596,39.1454],[-0.4554,39.1446],[-0.4546,39.1371],[-0.4504,39.1354],[-0.4487,39.1371],[-0.4504,39.1421],[-0.4454,39.1479],[-0.4462,39.1496],[-0.4496,39.1496],[-0.4504,39.1521],[-0.4371,39.1596],[-0.4354,39.1613],[-0.4371,39.1671],[-0.4346,39.1688],[-0.4312,39.1688],[-0.4237,39.1729],[-0.4212,39.1771],[-0.4212,39.1804],[-0.4146,39.1829],[-0.4104,39.1871],[-0.4079,39.1929],[-0.4096,39.1979],[-0.4079,39.2013],[-0.4029,39.1988],[-0.3996,39.2013],[-0.3937,39.2029],[-0.3896,39.1979],[-0.3846,39.1979],[-0.3804,39.2037],[-0.3787,39.2037],[-0.3612,39.1979],[-0.3537,39.2021],[-0.3471,39.2029],[-0.3462,39.2037],[-0.3471,39.2046],[-0.3438,39.2079],[-0.3412,39.2071],[-0.3421,39.2046],[-0.3404,39.2029],[-0.3346,39.2021],[-0.3321,39.2037],[-0.3271,39.2037],[-0.3254,39.2021],[-0.3329,39.1963],[-0.3346,39.1929],[-0.3312,39.1921],[-0.3237,39.1954],[-0.3171,39.1904],[-0.3079,39.1896],[-0.3079,39.1871],[-0.3129,39.1846],[-0.3112,39.1804],[-0.3079,39.1771],[-0.3104,39.1721],[-0.3021,39.1696],[-0.2987,39.1646],[-0.2971,39.1638],[-0.2887,39.1646],[-0.2854,39.1679],[-0.2854,39.1696],[-0.2887,39.1713],[-0.2929,39.1713],[-0.2946,39.1738],[-0.2887,39.1771],[-0.2837,39.1721],[-0.2796,39.1763],[-0.2804,39.1796],[-0.2779,39.1804],[-0.2729,39.1779],[-0.2687,39.1779],[-0.2521,39.1571],[-0.2462,39.1529],[-0.2396,39.1513]]}},{"type":"Feature","properties":{"id":"jucar-sueca","name":"Río Júcar","length_km":503.4},"geometry":{"type":"LineString","coordinates":[[-1.7229,40.3138],[-1.7254,40.3154],[-1.7321,40.3138],[-1.7354,40.3146],[-1.7379,40.3104],[-1.7362,40.3071],[-1.7304,40.3013],[-1.7237,40.3004],[-1.7171,40.2954],[-1.7196,40.2879],[-1.7179,40.2863],[-1.7162,40.2796],[-1.7204,40.2763],[-1.7237,40.2763],[-1.7271,40.2796],[-1.7304,40.2779],[-1.7362,40.2796],[-1.7487,40.2854],[-1.7537,40.2896],[-1.7604,40.2904],[-1.7679,40.2996],[-1.7729,40.3096],[-1.7787,40.3121],[-1.7837,40.3179],[-1.7904,40.3204],[-1.7937,40.3254],[-1.7987,40.3254],[-1.8012,40.3229],[-1.8029,40.3238],[-1.8112,40.3188],[-1.8129,40.3163],[-1.8104,40.3146],[-1.8079,40.3079],[-1.8046,40.3046],[-1.8037,40.3004],[-1.8021,40.2988],[-1.8021,40.2871],[-1.8087,40.2838],[-1.8204,40.2746],[-1.8221,40.2746],[-1.8321,40.2646],[-1.8346,40.2613],[-1.8354,40.2546],[-1.8371,40.2529],[-1.8371,40.2488],[-1.8396,40.2429],[-1.8387,40.2379],[-1.8396,40.2338],[-1.8429,40.2296],[-1.8438,40.2246],[-1.8487,40.2213],[-1.8504,40.2154],[-1.8546,40.2163],[-1.8579,40.2129],[-1.8637,40.2112],[-1.8662,40.2121],[-1.8746,40.2112],[-1.8812,40.2154],[-1.8912,40.2154],[-1.8937,40.2129],[-1.8971,40.2138],[-1.8996,40.2104],[-1.9037,40.2079],[-1.9104,40.2088],[-1.9171,40.2071],[-1.9196,40.2104],[-1.9312,40.2096],[-1.9346,40.2129],[-1.9379,40.2112],[-1.9412,40.2129],[-1.9504,40.2138],[-1.9604,40.2129],[-1.9671,40.2163],[-1.9737,40.2221],[-1.9788,40.2213],[-1.9821,40.2263],[-1.9854,40.2254],[-1.9862,40.2288],[-1.9904,40.2329],[-1.9921,40.2329],[-1.9987,40.2379],[-1.9987,40.2429],[-2.0038,40.2496],[-2.0062,40.2496],[-2.0079,40.2513],[-2.0079,40.2546],[-2.0088,40.2554],[-2.0154,40.2546],[-2.0162,40.2554],[-2.0154,40.2571],[-2.0171,40.2588],[-2.0213,40.2546],[-2.0246,40.2546],[-2.0263,40.2529],[-2.0246,40.2504],[-2.0254,40.2496],[-2.0304,40.2496],[-2.0329,40.2521],[-2.0346,40.2521],[-2.0387,40.2479],[-2.0488,40.2488],[-2.0621,40.2421],[-2.0663,40.2413],[-2.0687,40.2388],[-2.0771,40.2371],[-2.0796,40.2346],[-2.0862,40.2346],[-2.0896,40.2296],[-2.0888,40.2229],[-2.0912,40.2213],[-2.0987,40.2221],[-2.1004,40.2204],[-2.1012,40.2171],[-2.0987,40.2146],[-2.0987,40.2129],[-2.1071,40.2037],[-2.1063,40.2029],[-2.1071,40.2004],[-2.1129,40.1929],[-2.1113,40.1871],[-2.1121,40.1838],[-2.1196,40.1771],[-2.1187,40.1746],[-2.1162,40.1754],[-2.1146,40.1746],[-2.1146,40.1713],[-2.1162,40.1696],[-2.1154,40.1671],[-2.1162,40.1646],[-2.1138,40.1613],[-2.1237,40.1513],[-2.1279,40.1487],[-2.1262,40.1446],[-2.1271,40.1412],[-2.1346,40.1421],[-2.1412,40.1412],[-2.1429,40.1396],[-2.1421,40.1354],[-2.1387,40.1296],[-2.1387,40.1221],[-2.1338,40.1163],[-2.1321,40.1079],[-2.1296,40.1054],[-2.1296,40.1038],[-2.1254,40.1013],[-2.1271,40.0979],[-2.1329,40.0954],[-2.1329,40.0938],[-2.1304,40.0913],[-2.1271,40.0904],[-2.1288,40.0879],[-2.1288,40.0829],[-2.1321,40.0804],[-2.1321,40.0787],[-2.1346,40.0763],[-2.1379,40.0787],[-2.1396,40.0787],[-2.1421,40.0763],[-2.1446,40.0696],[-2.1437,40.0688],[-2.1446,40.0654],[-2.1529,40.0654],[-2.1537,40.0629],[-2.1621,40.0638],[-2.1637,40.0654],[-2.1729,40.0638],[-2.1746,40.0654],[-2.1738,40.0679],[-2.1746,40.0688],[-2.1804,40.0721],[-2.1837,40.0713],[-2.1871,40.0754],[-2.1896,40.0763],[-2.2004,40.0754],[-2.2021,40.0721],[-2.1929,40.0646],[-2.1963,40.0596],[-2.1971,40.0538],[-2.1946,40.0529],[-2.1921,40.0496],[-2.1946,40.0479],[-2.1979,40.0496],[-2.2037,40.0488],[-2.2054,40.0471],[-2.2054,40.0404],[-2.2071,40.0388],[-2.2088,40.0404],[-2.2129,40.0413],[-2.2129,40.0446],[-2.2204,40.0429],[-2.2287,40.0438],[-2.2321,40.0413],[-2.2321,40.0388],[-2.2354,40.0346],[-2.2346,40.0329],[-2.2404,40.0271],[-2.2396,40.0246],[-2.2404,40.0162],[-2.2379,40.0138],[-2.2412,40.0121],[-2.2446,40.0146],[-2.2462,40.0129],[-2.2462,40.0113],[-2.2412,40.0071],[-2.2437,40.0046],[-2.2504,40.0054],[-2.2521,40.0038],[-2.2471,39.9963],[-2.2521,39.9938],[-2.2504,39.9913],[-2.2521,39.9846],[-2.2488,39.9829],[-2.2446,39.9854],[-2.2412,39.9821],[-2.2412,39.9796],[-2.2454,39.9754],[-2.2546,39.9779],[-2.2562,39.9754],[-2.2546,39.9704],[-2.2579,39.9688],[-2.2596,39.9704],[-2.2588,39.9763],[-2.2596,39.9779],[-2.2629,39.9788],[-2.2662,39.9754],[-2.2637,39.9713],[-2.2696,39.9654],[-2.2687,39.9612],[-2.2646,39.9612],[-2.2612,39.9629],[-2.2588,39.9612],[-2.2662,39.9537],[-2.2654,39.9471],[-2.2629,39.9446],[-2.2504,39.9429],[-2.2429,39.9346],[-2.2429,39.9329],[-2.2471,39.9304],[-2.2496,39.9271],[-2.2471,39.9254],[-2.2404,39.9271],[-2.2388,39.9254],[-2.2412,39.9221],[-2.2471,39.9179],[-2.2529,39.9062],[-2.2588,39.9096],[-2.2604,39.9071],[-2.2604,39.9021],[-2.2646,39.8971],[-2.2713,39.8979],[-2.2729,39.8963],[-2.2746,39.8921],[-2.2721,39.8896],[-2.2662,39.8888],[-2.2637,39.8863],[-2.2721,39.8813],[-2.2779,39.8804],[-2.2779,39.8796],[-2.2704,39.8771],[-2.2704,39.8704],[-2.2671,39.8671],[-2.2671,39.8646],[-2.2679,39.8638],[-2.2729,39.8646],[-2.2737,39.8638],[-2.2729,39.8604],[-2.2746,39.8588],[-2.2879,39.8529],[-2.2904,39.8496],[-2.2896,39.8479],[-2.2829,39.8446],[-2.2737,39.8421],[-2.2721,39.8396],[-2.2763,39.8304],[-2.2829,39.8263],[-2.2829,39.8229],[-2.2846,39.8204],[-2.2821,39.8179],[-2.2821,39.8154],[-2.2787,39.8113],[-2.2779,39.8079],[-2.2846,39.8038],[-2.2846,39.7971],[-2.2912,39.7938],[-2.2904,39.7879],[-2.2846,39.7854],[-2.2804,39.7796],[-2.2862,39.7779],[-2.2879,39.7746],[-2.2921,39.7713],[-2.2904,39.7679],[-2.2854,39.7662],[-2.2904,39.7638],[-2.2946,39.7646],[-2.2954,39.7638],[-2.2946,39.7579],[-2.2971,39.7538],[-2.2946,39.7521],[-2.2896,39.7529],[-2.2879,39.7513],[-2.2946,39.7463],[-2.2954,39.7438],[-2.2946,39.7404],[-2.2837,39.7313],[-2.2837,39.7246],[-2.2763,39.7188],[-2.2746,39.7129],[-2.2287,39.6663],[-2.2196,39.6554],[-2.2171,39.6521],[-2.2138,39.6412],[-2.1913,39.6196],[-2.1787,39.6179],[-2.1746,39.6146],[-2.1763,39.6088],[-2.1746,39.6054],[-2.1496,39.5979],[-2.1371,39.5913],[-2.1296,39.5896],[-2.1138,39.5738],[-2.1104,39.5688],[-2.1104,39.5663],[-2.1146,39.5638],[-2.1162,39.5621],[-2.1154,39.5613],[-2.1121,39.5596],[-2.1046,39.5604],[-2.1029,39.5588],[-2.1037,39.5579],[-2.1029,39.5554],[-2.1021,39.5546],[-2.0987,39.5554],[-2.0946,39.5504],[-2.0904,39.5504],[-2.0854,39.5529],[-2.0812,39.5496],[-2.0821,39.5479],[-2.0904,39.5488],[-2.0921,39.5454],[-2.0896,39.5429],[-2.0821,39.5454],[-2.0754,39.5446],[-2.0737,39.5463],[-2.0679,39.5471],[-2.0637,39.5496],[-2.0629,39.5488],[-2.0646,39.5463],[-2.0704,39.5438],[-2.0746,39.5396],[-2.0696,39.5321],[-2.0713,39.5304],[-2.0737,39.5304],[-2.0779,39.5329],[-2.0796,39.5304],[-2.0779,39.5288],[-2.0729,39.5279],[-2.0687,39.5246],[-2.0671,39.5246],[-2.0646,39.5279],[-2.0629,39.5279],[-2.0604,39.5254],[-2.0612,39.5229],[-2.0663,39.5213],[-2.0663,39.5179],[-2.0679,39.5162],[-2.0621,39.5121],[-2.0621,39.5071],[-2.0663,39.5038],[-2.0663,39.4996],[-2.0596,39.4929],[-2.0587,39.4888],[-2.0663,39.4829],[-2.0704,39.4821],[-2.0762,39.4771],[-2.0821,39.4754],[-2.0846,39.4729],[-2.0862,39.4654],[-2.0862,39.4588],[-2.0846,39.4571],[-2.0846,39.4479],[-2.0871,39.4438],[-2.0862,39.4421],[-2.0879,39.4388],[-2.0871,39.4363],[-2.0912,39.4321],[-2.0962,39.4238],[-2.0962,39.4221],[-2.0912,39.4179],[-2.0938,39.4146],[-2.0946,39.4088],[-2.0962,39.4071],[-2.0946,39.4046],[-2.0962,39.4021],[-2.0946,39.4004],[-2.0929,39.4013],[-2.0912,39.3979],[-2.0946,39.3946],[-2.0921,39.3921],[-2.0921,39.3904],[-2.0946,39.3871],[-2.0987,39.3871],[-2.1037,39.3829],[-2.1012,39.3771],[-2.1021,39.3746],[-2.1012,39.3729],[-2.1037,39.3721],[-2.1037,39.3704],[-2.0996,39.3671],[-2.1004,39.3621],[-2.0912,39.3529],[-2.0904,39.3513],[-2.0912,39.3496],[-2.0862,39.3471],[-2.0888,39.3438],[-2.0879,39.3388],[-2.0829,39.3338],[-2.0779,39.3321],[-2.0787,39.3296],[-2.0771,39.3246],[-2.0729,39.3179],[-2.0771,39.3129],[-2.0771,39.3071],[-2.0704,39.3013],[-2.0696,39.2988],[-2.0671,39.2979],[-2.0663,39.2946],[-2.0671,39.2888],[-2.0646,39.2863],[-2.0596,39.2854],[-2.0596,39.2829],[-2.0571,39.2796],[-2.0587,39.2729],[-2.0504,39.2662],[-2.0513,39.2621],[-2.0504,39.2546],[-2.0462,39.2463],[-2.0462,39.2421],[-2.0446,39.2404],[-2.0454,39.2388],[-2.0446,39.2338],[-2.0429,39.2321],[-2.0362,39.2304],[-2.0387,39.2288],[-2.0354,39.2254],[-2.0337,39.2263],[-2.0321,39.2246],[-2.0329,39.2221],[-2.0321,39.2213],[-2.0204,39.2196],[-2.0187,39.2179],[-2.0196,39.2121],[-2.0112,39.2029],[-2.0104,39.2004],[-2.0054,39.1963],[-2.0004,39.1938],[-1.9862,39.1954],[-1.9821,39.1921],[-1.9821,39.1904],[-1.9788,39.1871],[-1.9688,39.1838],[-1.9621,39.1763],[-1.9571,39.1729],[-1.9504,39.1729],[-1.9371,39.1796],[-1.9337,39.1796],[-1.9287,39.1704],[-1.9237,39.1679],[-1.9204,39.1704],[-1.9196,39.1763],[-1.9104,39.1746],[-1.9054,39.1754],[-1.9012,39.1721],[-1.8979,39.1713],[-1.8929,39.1721],[-1.8812,39.1713],[-1.8729,39.1746],[-1.8646,39.1729],[-1.8587,39.1754],[-1.8471,39.1754],[-1.8354,39.1646],[-1.8346,39.1604],[-1.8312,39.1579],[-1.8287,39.1579],[-1.8254,39.1613],[-1.8271,39.1663],[-1.8237,39.1679],[-1.8162,39.1646],[-1.7996,39.1621],[-1.7971,39.1588],[-1.7979,39.1571],[-1.7996,39.1562],[-1.8096,39.1571],[-1.8129,39.1546],[-1.8137,39.1529],[-1.8129,39.1504],[-1.8146,39.1463],[-1.8137,39.1438],[-1.8012,39.1471],[-1.7946,39.1521],[-1.7929,39.1521],[-1.7887,39.1496],[-1.7796,39.1496],[-1.7771,39.1479],[-1.7721,39.1479],[-1.7687,39.1454],[-1.7596,39.1438],[-1.7521,39.1404],[-1.7487,39.1371],[-1.7462,39.1371],[-1.7437,39.1421],[-1.7379,39.1454],[-1.7287,39.1446],[-1.7262,39.1429],[-1.7212,39.1471],[-1.7129,39.1487],[-1.7112,39.1513],[-1.7129,39.1571],[-1.7104,39.1579],[-1.7046,39.1504],[-1.6971,39.1504],[-1.6929,39.1538],[-1.6862,39.1538],[-1.6837,39.1513],[-1.6821,39.1421],[-1.6796,39.1396],[-1.6779,39.1396],[-1.6754,39.1412],[-1.6746,39.1463],[-1.6646,39.1504],[-1.6554,39.1496],[-1.6512,39.1454],[-1.6487,39.1446],[-1.6462,39.1487],[-1.6421,39.1496],[-1.6396,39.1529],[-1.6362,39.1529],[-1.6354,39.1562],[-1.6296,39.1588],[-1.6262,39.1588],[-1.6246,39.1571],[-1.6246,39.1538],[-1.6212,39.1504],[-1.6196,39.1504],[-1.6179,39.1521],[-1.6187,39.1562],[-1.6162,39.1596],[-1.6137,39.1604],[-1.6096,39.1596],[-1.6062,39.1629],[-1.6037,39.1621],[-1.6021,39.1588],[-1.5962,39.1596],[-1.5921,39.1562],[-1.5879,39.1571],[-1.5804,39.1546],[-1.5779,39.1571],[-1.5712,39.1571],[-1.5646,39.1613],[-1.5587,39.1604],[-1.5579,39.1621],[-1.5621,39.1663],[-1.5596,39.1679],[-1.5537,39.1679],[-1.5504,39.1646],[-1.5471,39.1638],[-1.5437,39.1663],[-1.5412,39.1713],[-1.5387,39.1713],[-1.5346,39.1688],[-1.5321,39.1713],[-1.5337,39.1754],[-1.5321,39.1788],[-1.5304,39.1788],[-1.5271,39.1746],[-1.5187,39.1729],[-1.5171,39.1746],[-1.5171,39.1779],[-1.5154,39.1796],[-1.5129,39.1796],[-1.5104,39.1771],[-1.5104,39.1754],[-1.5129,39.1738],[-1.5121,39.1721],[-1.5054,39.1738],[-1.4996,39.1796],[-1.4921,39.1729],[-1.4863,39.1804],[-1.4821,39.1829],[-1.4771,39.1838],[-1.4754,39.1854],[-1.4754,39.1888],[-1.4787,39.1921],[-1.4779,39.1946],[-1.4754,39.1938],[-1.4729,39.1896],[-1.4688,39.1888],[-1.4671,39.1904],[-1.4671,39.1938],[-1.4637,39.1963],[-1.4596,39.1946],[-1.4562,39.1904],[-1.4546,39.1904],[-1.4504,39.1946],[-1.4471,39.1938],[-1.4429,39.1896],[-1.4396,39.1896],[-1.4362,39.1938],[-1.4337,39.1938],[-1.4296,39.1888],[-1.4279,39.1954],[-1.4254,39.1971],[-1.4229,39.1971],[-1.4204,39.1946],[-1.4171,39.1946],[-1.4146,39.1963],[-1.4087,39.1963],[-1.4038,39.1979],[-1.3987,39.1946],[-1.3896,39.1938],[-1.3838,39.1971],[-1.3796,39.1979],[-1.3754,39.1979],[-1.3737,39.1963],[-1.3712,39.1971],[-1.3621,39.2029],[-1.3512,39.2029],[-1.3479,39.2013],[-1.3413,39.2046],[-1.3321,39.2037],[-1.3262,39.2063],[-1.3221,39.2054],[-1.3112,39.2071],[-1.3079,39.2054],[-1.3013,39.2054],[-1.2937,39.2071],[-1.2904,39.2104],[-1.2887,39.2104],[-1.2846,39.2063],[-1.2721,39.2071],[-1.2679,39.2079],[-1.2662,39.2096],[-1.2604,39.2088],[-1.2579,39.2071],[-1.2537,39.2088],[-1.2421,39.2088],[-1.2354,39.2054],[-1.2304,39.2054],[-1.2254,39.2071],[-1.2204,39.2037],[-1.2154,39.2037],[-1.2112,39.1996],[-1.1871,39.2004],[-1.1679,39.1954],[-1.1671,39.1929],[-1.1654,39.1921],[-1.1604,39.1938],[-1.1546,39.1921],[-1.1538,39.1929],[-1.1404,39.1921],[-1.1379,39.1929],[-1.1346,39.1971],[-1.1296,39.1963],[-1.1279,39.1988],[-1.1179,39.1988],[-1.1146,39.2004],[-1.1029,39.1988],[-1.0987,39.2004],[-1.0954,39.1979],[-1.0887,39.2021],[-1.0887,39.2071],[-1.0854,39.2079],[-1.0837,39.2063],[-1.0837,39.2013],[-1.0812,39.1988],[-1.0754,39.1963],[-1.0713,39.1996],[-1.0721,39.2021],[-1.0696,39.2037],[-1.0654,39.2037],[-1.0612,39.2071],[-1.0596,39.2063],[-1.0604,39.2054],[-1.0596,39.2037],[-1.0571,39.2029],[-1.0529,39.2054],[-1.0529,39.2096],[-1.0546,39.2112],[-1.0646,39.2121],[-1.0637,39.2146],[-1.0587,39.2163],[-1.0571,39.2188],[-1.0571,39.2204],[-1.0621,39.2246],[-1.0604,39.2263],[-1.0537,39.2246],[-1.0479,39.2296],[-1.0496,39.2329],[-1.0571,39.2321],[-1.0587,39.2338],[-1.0579,39.2354],[-1.0487,39.2371],[-1.0421,39.2413],[-1.0346,39.2413],[-1.0304,39.2396],[-1.0271,39.2363],[-1.0179,39.2363],[-1.0096,39.2321],[-1.0029,39.2363],[-0.9954,39.2329],[-0.9912,39.2329],[-0.9862,39.2363],[-0.9804,39.2354],[-0.9779,39.2379],[-0.9796,39.2454],[-0.9762,39.2488],[-0.9737,39.2488],[-0.9704,39.2454],[-0.9688,39.2454],[-0.9621,39.2496],[-0.9554,39.2496],[-0.9429,39.2529],[-0.9379,39.2479],[-0.9337,39.2463],[-0.9312,39.2471],[-0.9287,39.2521],[-0.9196,39.2588],[-0.9187,39.2621],[-0.9162,39.2646],[-0.9121,39.2662],[-0.9096,39.2696],[-0.9029,39.2721],[-0.9004,39.2746],[-0.8904,39.2696],[-0.8879,39.2713],[-0.8862,39.2746],[-0.8812,39.2771],[-0.8771,39.2729],[-0.8646,39.2721],[-0.8604,39.2754],[-0.8537,39.2746],[-0.8512,39.2771],[-0.8529,39.2829],[-0.8487,39.2838],[-0.8471,39.2821],[-0.8387,39.2812],[-0.8371,39.2796],[-0.8396,39.2771],[-0.8354,39.2737],[-0.8312,39.2737],[-0.8254,39.2713],[-0.8146,39.2729],[-0.8062,39.2646],[-0.8029,39.2646],[-0.7987,39.2604],[-0.7946,39.2604],[-0.7904,39.2671],[-0.7837,39.2662],[-0.7812,39.2638],[-0.7796,39.2588],[-0.7754,39.2538],[-0.7754,39.2513],[-0.7737,39.2496],[-0.7687,39.2504],[-0.7629,39.2446],[-0.7604,39.2446],[-0.7571,39.2413],[-0.7546,39.2413],[-0.7529,39.2429],[-0.7496,39.2404],[-0.7462,39.2404],[-0.7371,39.2338],[-0.7329,39.2354],[-0.7246,39.2263],[-0.7188,39.2271],[-0.7162,39.2196],[-0.7104,39.2188],[-0.7012,39.2088],[-0.7004,39.2046],[-0.7037,39.2013],[-0.7037,39.1988],[-0.6987,39.1938],[-0.6946,39.1938],[-0.6912,39.1904],[-0.6896,39.1871],[-0.6896,39.1838],[-0.6821,39.1763],[-0.6821,39.1729],[-0.6796,39.1704],[-0.6796,39.1613],[-0.6771,39.1588],[-0.6763,39.1554],[-0.6504,39.1288],[-0.6454,39.1271],[-0.6471,39.1179],[-0.6454,39.1163],[-0.6421,39.1163],[-0.6362,39.1121],[-0.6346,39.1071],[-0.6354,39.1021],[-0.6346,39.1013],[-0.6296,39.1021],[-0.6246,39.0988],[-0.6279,39.0929],[-0.6204,39.0871],[-0.6138,39.0888],[-0.6079,39.0821],[-0.6054,39.0813],[-0.6037,39.0829],[-0.6029,39.0871],[-0.6012,39.0871],[-0.5971,39.0829],[-0.5971,39.0804],[-0.6004,39.0746],[-0.5971,39.0713],[-0.5971,39.0688],[-0.5996,39.0663],[-0.5971,39.0646],[-0.5921,39.0671],[-0.5879,39.0663],[-0.5846,39.0713],[-0.5846,39.0738],[-0.5804,39.0771],[-0.5812,39.0787],[-0.5771,39.0829],[-0.5679,39.0821],[-0.5662,39.0838],[-0.5612,39.0838],[-0.5571,39.0904],[-0.5546,39.0904],[-0.5529,39.0888],[-0.5513,39.0838],[-0.5521,39.0821],[-0.5479,39.0779],[-0.5421,39.0804],[-0.5404,39.0796],[-0.5387,39.0746],[-0.5354,39.0746],[-0.5337,39.0821],[-0.5379,39.0846],[-0.5346,39.0871],[-0.5354,39.0896],[-0.5321,39.0921],[-0.5321,39.0946],[-0.5296,39.0963],[-0.5246,39.0954],[-0.5237,39.0979],[-0.5179,39.1021],[-0.5146,39.1063],[-0.5054,39.1079],[-0.4962,39.1146],[-0.4971,39.1163],[-0.4962,39.1171],[-0.4929,39.1171],[-0.4921,39.1179],[-0.4971,39.1213],[-0.4971,39.1238],[-0.4937,39.1271],[-0.4862,39.1229],[-0.4854,39.1238],[-0.4862,39.1279],[-0.4904,39.1304],[-0.4896,39.1321],[-0.4812,39.1329],[-0.4796,39.1313],[-0.4796,39.1288],[-0.4771,39.1271],[-0.4712,39.1313],[-0.4721,39.1346],[-0.4712,39.1354],[-0.4604,39.1363],[-0.4571,39.1396],[-0.4579,39.1412],[-0.4612,39.1421],[-0.4596,39.1454],[-0.4554,39.1446],[-0.4546,39.1371],[-0.4504,39.1354],[-0.4487,39.1371],[-0.4504,39.1421],[-0.4454,39.1479],[-0.4462,39.1496],[-0.4496,39.1496],[-0.4504,39.1521],[-0.4371,39.1596],[-0.4354,39.1613],[-0.4371,39.1671],[-0.4346,39.1688],[-0.4312,39.1688],[-0.4237,39.1729],[-0.4212,39.1771],[-0.4212,39.1804],[-0.4146,39.1829],[-0.4104,39.1871],[-0.4079,39.1929],[-0.4096,39.1979],[-0.4079,39.2013],[-0.4029,39.1988],[-0.3996,39.2013],[-0.3937,39.2029],[-0.3896,39.1979],[-0.3846,39.1979],[-0.3804,39.2037],[-0.3787,39.2037],[-0.3612,39.1979],[-0.3537,39.2021],[-0.3471,39.2029],[-0.3462,39.2037],[-0.3471,39.2046],[-0.3438,39.2079],[-0.3412,39.2071],[-0.3421,39.2046],[-0.3404,39.2029],[-0.3346,39.2021],[-0.3321,39.2037],[-0.3271,39.2037],[-0.3254,39.2021],[-0.3329,39.1963],[-0.3346,39.1929],[-0.3312,39.1921],[-0.3237,39.1954],[-0.3171,39.1904],[-0.3079,39.1896],[-0.3079,39.1871],[-0.3129,39.1846],[-0.3112,39.1804],[-0.3079,39.1771],[-0.3104,39.1721],[-0.3021,39.1696],[-0.2987,39.1646],[-0.2971,39.1638],[-0.2887,39.1646],[-0.2854,39.1679],[-0.2854,39.1696],[-0.2887,39.1713],[-0.2929,39.1713],[-0.2946,39.1738],[-0.2887,39.1771],[-0.2837,39.1721],[-0.2796,39.1763],[-0.2804,39.1796],[-0.2779,39.1804],[-0.2729,39.1779],[-0.2687,39.1779],[-0.2521,39.1571],[-0.2462,39.1529],[-0.2396,39.1513]]}},{"type":"Feature","properties":{"id":"sellent-carcer","name":"Río Sellent","length_km":41.0},"geometry":{"type":"LineString","coordinates":[[-0.9021,38.9596],[-0.8996,38.9612],[-0.8879,38.9621],[-0.8654,38.9596],[-0.8638,38.9604],[-0.8646,38.9621],[-0.8621,38.9654],[-0.8579,38.9638],[-0.8521,38.9671],[-0.8471,38.9671],[-0.8421,38.9696],[-0.8396,38.9679],[-0.8379,38.9688],[-0.8362,38.9671],[-0.8346,38.9704],[-0.8296,38.9729],[-0.8229,38.9721],[-0.8146,38.9729],[-0.8112,38.9754],[-0.8037,38.9771],[-0.8021,38.9788],[-0.7946,38.9779],[-0.7871,38.9838],[-0.7854,38.9829],[-0.7787,38.9854],[-0.7771,38.9879],[-0.7696,38.9888],[-0.7679,38.9913],[-0.7654,38.9913],[-0.7637,38.9929],[-0.7612,38.9921],[-0.7604,38.9938],[-0.7588,38.9929],[-0.7562,38.9938],[-0.7496,38.9929],[-0.7471,38.9913],[-0.7421,38.9946],[-0.7396,38.9946],[-0.7371,38.9979],[-0.7287,38.9971],[-0.7246,38.9979],[-0.7237,38.9996],[-0.7029,39.0004],[-0.6954,39.0029],[-0.6862,39.0013],[-0.6846,39.0029],[-0.6821,39.0029],[-0.6787,38.9996],[-0.6687,38.9963],[-0.6662,38.9971],[-0.6637,39.0021],[-0.6571,39.0013],[-0.6504,39.0046],[-0.6471,39.0079],[-0.6446,39.0121],[-0.6446,39.0146],[-0.6429,39.0162],[-0.6404,39.0162],[-0.6379,39.0204],[-0.6404,39.0237],[-0.6429,39.0246],[-0.6421,39.0304],[-0.6362,39.0338],[-0.6296,39.0296],[-0.6279,39.0279],[-0.6279,39.0246],[-0.6204,39.0188],[-0.6138,39.0179],[-0.6104,39.0204],[-0.6079,39.0204],[-0.6054,39.0179],[-0.6021,39.0204],[-0.5987,39.0179],[-0.5929,39.0179],[-0.5904,39.0196],[-0.5871,39.0263],[-0.5821,39.0263],[-0.5804,39.0279],[-0.5854,39.0321],[-0.5854,39.0338],[-0.5787,39.0404],[-0.5771,39.0471],[-0.5796,39.0488],[-0.5704,39.0604],[-0.5712,39.0646],[-0.5696,39.0688],[-0.5737,39.0713],[-0.5729,39.0721],[-0.5737,39.0746],[-0.5796,39.0754],[-0.5804,39.0771]]}},{"type":"Feature","properties":{"id":"albaida-manuel","name":"Río Albaida","length_km":71.4},"geometry":{"type":"LineString","coordinates":[[-0.9562,38.9096],[-0.9521,38.9104],[-0.9463,38.9038],[-0.9471,38.8963],[-0.9529,38.8921],[-0.9537,38.8896],[-0.9537,38.8863],[-0.9521,38.8846],[-0.9537,38.8796],[-0.9504,38.8746],[-0.9446,38.8696],[-0.9487,38.8613],[-0.9471,38.8596],[-0.9446,38.8596],[-0.9429,38.8563],[-0.9346,38.8529],[-0.9296,38.8479],[-0.9237,38.8471],[-0.9229,38.8463],[-0.9237,38.8429],[-0.9187,38.8421],[-0.9204,38.8388],[-0.9146,38.8388],[-0.9137,38.8379],[-0.9146,38.8354],[-0.9112,38.8346],[-0.9079,38.8313],[-0.9096,38.8279],[-0.9087,38.8263],[-0.8971,38.8271],[-0.8921,38.8229],[-0.8846,38.8254],[-0.8746,38.8238],[-0.8629,38.8296],[-0.8587,38.8287],[-0.8554,38.8329],[-0.8504,38.8362],[-0.8462,38.8362],[-0.8454,38.8396],[-0.8421,38.8396],[-0.8396,38.8438],[-0.8371,38.8438],[-0.8346,38.8471],[-0.8312,38.8488],[-0.8171,38.8504],[-0.8062,38.8546],[-0.8029,38.8529],[-0.8004,38.8554],[-0.7962,38.8538],[-0.7929,38.8563],[-0.7879,38.8554],[-0.7854,38.8571],[-0.7846,38.8563],[-0.7787,38.8571],[-0.7729,38.8613],[-0.7729,38.8638],[-0.7696,38.8679],[-0.7646,38.8671],[-0.7612,38.8721],[-0.7571,38.8704],[-0.7562,38.8738],[-0.7521,38.8771],[-0.7471,38.8788],[-0.7379,38.8788],[-0.7329,38.8854],[-0.7279,38.8838],[-0.7262,38.8854],[-0.7254,38.8896],[-0.7212,38.8938],[-0.7162,38.8954],[-0.7137,38.8946],[-0.7071,38.9004],[-0.6904,38.9013],[-0.6729,38.9096],[-0.6679,38.9113],[-0.6629,38.9113],[-0.6546,38.9163],[-0.6504,38.9129],[-0.6487,38.9171],[-0.6387,38.9204],[-0.6371,38.9221],[-0.6371,38.9254],[-0.6329,38.9271],[-0.6338,38.9296],[-0.6329,38.9379],[-0.6304,38.9379],[-0.6271,38.9354],[-0.6237,38.9404],[-0.6179,38.9438],[-0.6071,38.9429],[-0.5912,38.9504],[-0.5862,38.9537],[-0.5829,38.9588],[-0.5771,38.9596],[-0.5721,38.9638],[-0.5679,38.9788],[-0.5646,38.9779],[-0.5621,38.9804],[-0.5571,38.9813],[-0.5529,38.9871],[-0.5504,38.9871],[-0.5471,38.9896],[-0.5454,38.9921],[-0.5462,38.9938],[-0.5454,38.9963],[-0.5421,38.9963],[-0.5396,38.9988],[-0.5337,39.0013],[-0.5287,39.0054],[-0.5246,39.0071],[-0.5204,39.0121],[-0.5162,39.0129],[-0.5112,39.0121],[-0.5087,39.0154],[-0.5071,39.0154],[-0.5029,39.0196],[-0.5021,39.0229],[-0.4996,39.0254],[-0.4962,39.0263],[-0.4962,39.0279],[-0.4937,39.0304],[-0.4854,39.0329],[-0.4837,39.0346],[-0.4854,39.0371],[-0.4929,39.0388],[-0.4946,39.0404],[-0.4954,39.0454],[-0.4937,39.0479],[-0.5021,39.0563],[-0.5096,39.0563],[-0.5137,39.0588],[-0.5129,39.0621],[-0.5179,39.0671],[-0.5187,39.0713],[-0.5237,39.0779],[-0.5229,39.0854],[-0.5271,39.0888],[-0.5304,39.0888],[-0.5321,39.0921]]}},{"type":"Feature","properties":{"id":"canyoles-canals","name":"Río Cànyoles","length_km":55.0},"geometry":{"type":"LineString","coordinates":[[-0.9562,38.9096],[-0.9521,38.9104],[-0.9463,38.9038],[-0.9471,38.8963],[-0.9529,38.8921],[-0.9537,38.8896],[-0.9537,38.8863],[-0.9521,38.8846],[-0.9537,38.8796],[-0.9504,38.8746],[-0.9446,38.8696],[-0.9487,38.8613],[-0.9471,38.8596],[-0.9446,38.8596],[-0.9429,38.8563],[-0.9346,38.8529],[-0.9296,38.8479],[-0.9237,38.8471],[-0.9229,38.8463],[-0.9237,38.8429],[-0.9187,38.8421],[-0.9204,38.8388],[-0.9146,38.8388],[-0.9137,38.8379],[-0.9146,38.8354],[-0.9112,38.8346],[-0.9079,38.8313],[-0.9096,38.8279],[-0.9087,38.8263],[-0.8971,38.8271],[-0.8921,38.8229],[-0.8846,38.8254],[-0.8746,38.8238],[-0.8629,38.8296],[-0.8587,38.8287],[-0.8554,38.8329],[-0.8504,38.8362],[-0.8462,38.8362],[-0.8454,38.8396],[-0.8421,38.8396],[-0.8396,38.8438],[-0.8371,38.8438],[-0.8346,38.8471],[-0.8312,38.8488],[-0.8171,38.8504],[-0.8062,38.8546],[-0.8029,38.8529],[-0.8004,38.8554],[-0.7962,38.8538],[-0.7929,38.8563],[-0.7879,38.8554],[-0.7854,38.8571],[-0.7846,38.8563],[-0.7787,38.8571],[-0.7729,38.8613],[-0.7729,38.8638],[-0.7696,38.8679],[-0.7646,38.8671],[-0.7612,38.8721],[-0.7571,38.8704],[-0.7562,38.8738],[-0.7521,38.8771],[-0.7471,38.8788],[-0.7379,38.8788],[-0.7329,38.8854],[-0.7279,38.8838],[-0.7262,38.8854],[-0.7254,38.8896],[-0.7212,38.8938],[-0.7162,38.8954],[-0.7137,38.8946],[-0.7071,38.9004],[-0.6904,38.9013],[-0.6729,38.9096],[-0.6679,38.9113],[-0.6629,38.9113],[-0.6546,38.9163],[-0.6504,38.9129],[-0.6487,38.9171],[-0.6387,38.9204],[-0.6371,38.9221],[-0.6371,38.9254],[-0.6329,38.9271],[-0.6338,38.9296],[-0.6329,38.9379],[-0.6304,38.9379],[-0.6271,38.9354],[-0.6237,38.9404],[-0.6179,38.9438],[-0.6071,38.9429],[-0.5912,38.9504],[-0.5862,38.9537],[-0.5829,38.9588],[-0.5771,38.9596],[-0.5721,38.9638],[-0.5679,38.9788],[-0.5646,38.9779],[-0.5621,38.9804],[-0.5571,38.9813],[-0.5529,38.9871],[-0.5504,38.9871],[-0.5471,38.9896],[-0.5454,38.9921],[-0.5462,38.9938],[-0.5454,38.9963],[-0.5421,38.9963],[-0.5396,38.9988],[-0.5337,39.0013],[-0.5287,39.0054],[-0.5246,39.0071],[-0.5204,39.0121],[-0.5162,39.0129],[-0.5112,39.0121],[-0.5087,39.0154],[-0.5071,39.0154],[-0.5029,39.0196],[-0.5021,39.0229],[-0.4996,39.0254],[-0.4962,39.0263],[-0.4962,39.0279],[-0.4937,39.0304],[-0.4854,39.0329],[-0.4837,39.0346],[-0.4854,39.0371],[-0.4929,39.0388],[-0.4946,39.0404],[-0.4954,39.0454],[-0.4937,39.0479],[-0.5021,39.0563],[-0.5096,39.0563],[-0.5137,39.0588],[-0.5129,39.0621],[-0.5179,39.0671],[-0.5187,39.0713],[-0.5237,39.0779],[-0.5229,39.0854],[-0.5271,39.0888],[-0.5304,39.0888],[-0.5321,39.0921]]}},{"type":"Feature","properties":{"id":"clariano-ontinyent","name":"Río Clariano","length_km":19.4},"geometry":{"type":"LineString","coordinates":[[-0.7546,38.7613],[-0.7504,38.7596],[-0.7429,38.7662],[-0.7421,38.7704],[-0.7437,38.7729],[-0.7437,38.7763],[-0.7388,38.7812],[-0.7221,38.7838],[-0.7204,38.7863],[-0.7179,38.7863],[-0.7162,38.7871],[-0.7162,38.7888],[-0.7137,38.7888],[-0.7062,38.7963],[-0.7037,38.7971],[-0.6987,38.7954],[-0.6979,38.7963],[-0.6929,38.7954],[-0.6912,38.7971],[-0.6871,38.7963],[-0.6779,38.8004],[-0.6771,38.7996],[-0.6746,38.8021],[-0.6737,38.8013],[-0.6712,38.8029],[-0.6696,38.8021],[-0.6637,38.8029],[-0.6554,38.8079],[-0.6537,38.8063],[-0.6512,38.8063],[-0.6454,38.8071],[-0.6437,38.8088],[-0.6396,38.8088],[-0.6387,38.8104],[-0.6404,38.8121],[-0.6371,38.8146],[-0.6296,38.8138],[-0.6237,38.8171],[-0.6196,38.8163],[-0.6154,38.8179],[-0.6037,38.8287],[-0.5979,38.8279],[-0.5938,38.8329],[-0.5862,38.8371],[-0.5871,38.8388],[-0.5837,38.8429],[-0.5837,38.8463],[-0.5871,38.8496],[-0.5887,38.8488],[-0.5904,38.8504],[-0.5862,38.8571],[-0.5896,38.8588],[-0.5929,38.8629],[-0.5912,38.8654],[-0.5946,38.8713],[-0.5938,38.8746],[-0.5896,38.8754],[-0.5871,38.8713],[-0.5846,38.8729],[-0.5812,38.8713],[-0.5787,38.8746],[-0.5721,38.8746],[-0.5671,38.8763],[-0.5662,38.8771],[-0.5679,38.8788],[-0.5679,38.8821],[-0.5654,38.8838],[-0.5612,38.8838],[-0.5587,38.8821],[-0.5579,38.8829],[-0.5587,38.8863],[-0.5562,38.8879],[-0.5479,38.8879],[-0.5412,38.8854],[-0.5379,38.8879],[-0.5354,38.8921],[-0.5287,38.8896],[-0.5246,38.8946],[-0.5221,38.8954],[-0.5171,38.8954],[-0.5146,38.8938],[-0.5121,38.8954],[-0.5087,38.8912],[-0.5021,38.8921],[-0.4979,38.8904],[-0.4929,38.8946],[-0.4888,38.9004],[-0.4821,38.8996],[-0.4787,38.9013],[-0.4762,38.9038],[-0.4762,38.9054],[-0.4729,38.9079],[-0.4704,38.9138],[-0.4721,38.9154],[-0.4712,38.9196],[-0.4754,38.9238],[-0.4737,38.9271],[-0.4746,38.9329],[-0.4787,38.9371],[-0.4771,38.9413],[-0.4779,38.9496],[-0.4787,38.9513],[-0.4846,38.9504],[-0.4854,38.9513],[-0.4846,38.9537],[-0.4904,38.9646],[-0.4954,38.9654],[-0.4921,38.9696],[-0.4871,38.9704],[-0.4896,38.9729],[-0.4904,38.9763],[-0.4854,38.9804],[-0.4812,38.9813],[-0.4787,38.9838],[-0.4871,38.9863],[-0.4854,38.9896],[-0.4862,38.9929],[-0.4837,38.9954],[-0.4846,38.9963],[-0.4871,38.9954],[-0.4912,38.9971],[-0.4946,38.9946],[-0.4979,38.9946],[-0.5012,39.0004],[-0.5004,39.0121],[-0.4971,39.0146],[-0.4979,39.0196],[-0.4954,39.0229],[-0.4962,39.0279],[-0.4937,39.0304],[-0.4854,39.0329],[-0.4837,39.0346],[-0.4854,39.0371],[-0.4929,39.0388],[-0.4946,39.0404],[-0.4954,39.0454],[-0.4937,39.0479],[-0.5021,39.0563],[-0.5096,39.0563],[-0.5137,39.0588],[-0.5129,39.0621],[-0.5179,39.0671],[-0.5187,39.0713],[-0.5237,39.0779],[-0.5229,39.0854],[-0.5271,39.0888],[-0.5304,39.0888],[-0.5321,39.0921]]}},{"type":"Feature","properties":{"id":"barxeta-carcaixent","name":"Barranc de Barxeta","length_km":18.5},"geometry":{"type":"LineString","coordinates":[[-0.3712,39.0471],[-0.3737,39.0496],[-0.3771,39.0496],[-0.3804,39.0479],[-0.3837,39.0479],[-0.3854,39.0454],[-0.3912,39.0446],[-0.3929,39.0429],[-0.4062,39.0438],[-0.4146,39.0504],[-0.4179,39.0504],[-0.4246,39.0529],[-0.4329,39.0604],[-0.4346,39.0638],[-0.4371,39.0638],[-0.4379,39.0654],[-0.4471,39.0646],[-0.4496,39.0629],[-0.4587,39.0646],[-0.4671,39.0721],[-0.4671,39.0746],[-0.4754,39.0787],[-0.4696,39.0854],[-0.4712,39.0888],[-0.4654,39.0946],[-0.4662,39.0988],[-0.4646,39.1004],[-0.4646,39.1038],[-0.4679,39.1079],[-0.4671,39.1129],[-0.4646,39.1154],[-0.4587,39.1171],[-0.4546,39.1221],[-0.4529,39.1304],[-0.4454,39.1379],[-0.4421,39.1463],[-0.4454,39.1479]]}},{"type":"Feature","properties":{"id":"casella-alzira","name":"Barranc de la Casella","length_km":15.6},"geometry":{"type":"LineString","coordinates":[[-0.2921,39.0854],[-0.2937,39.0838],[-0.2962,39.0838],[-0.3062,39.0929],[-0.3246,39.1013],[-0.3312,39.1079],[-0.3412,39.1088],[-0.3496,39.1129],[-0.3596,39.1154],[-0.3621,39.1179],[-0.3696,39.1179],[-0.3729,39.1204],[-0.3746,39.1196],[-0.3837,39.1254],[-0.3937,39.1288],[-0.3971,39.1288],[-0.4037,39.1313],[-0.4129,39.1304],[-0.4162,39.1321],[-0.4229,39.1321],[-0.4287,39.1379],[-0.4337,39.1404],[-0.4404,39.1463],[-0.4421,39.1463]]}},{"type":"Feature","properties":{"id":"vaca-tavernes","name":"Río Vaca","length_km":13.4},"geometry":{"type":"LineString","coordinates":[[-0.3229,39.0312],[-0.3254,39.0312],[-0.3296,39.0271],[-0.3337,39.0279],[-0.3396,39.0312],[-0.3446,39.0379],[-0.3446,39.0396],[-0.3496,39.0429],[-0.3454,39.0463],[-0.3412,39.0471],[-0.3404,39.0529],[-0.3362,39.0563],[-0.3337,39.0563],[-0.3312,39.0529],[-0.3287,39.0538],[-0.3262,39.0529],[-0.3196,39.0546],[-0.3121,39.0596],[-0.3046,39.0621],[-0.2962,39.0613],[-0.2854,39.0621],[-0.2829,39.0646],[-0.2796,39.0654],[-0.2762,39.0638],[-0.2696,39.0679],[-0.2621,39.0679],[-0.2546,39.0696],[-0.2504,39.0671],[-0.2421,39.0679],[-0.2412,39.0704],[-0.2329,39.0713],[-0.2229,39.0679],[-0.2171,39.0621],[-0.2121,39.0529],[-0.2071,39.0471],[-0.1871,39.0363]]}},{"type":"Feature","properties":{"id":"serpis-alcoi","name":"Río Serpis (Riquer / Molinar)","length_km":19.3},"geometry":{"type":"LineString","coordinates":[[-0.5104,38.7662],[-0.5162,38.7621],[-0.5212,38.7604],[-0.5246,38.7613],[-0.5321,38.7596],[-0.5396,38.7529],[-0.5437,38.7438],[-0.5421,38.7363],[-0.5446,38.7354],[-0.5446,38.7321],[-0.5429,38.7304],[-0.5437,38.7288],[-0.5387,38.7254],[-0.5396,38.7229],[-0.5371,38.7204],[-0.5379,38.7188],[-0.5354,38.7163],[-0.5346,38.7171],[-0.5312,38.7163],[-0.5329,38.7138],[-0.5329,38.7104],[-0.5271,38.7029],[-0.5287,38.7013],[-0.5279,38.6954],[-0.5229,38.6921],[-0.5171,38.6904],[-0.5146,38.6871],[-0.5071,38.6863],[-0.5046,38.6838],[-0.5021,38.6846],[-0.5012,38.6829],[-0.4987,38.6829],[-0.4971,38.6846],[-0.4954,38.6829],[-0.4929,38.6854],[-0.4896,38.6854],[-0.4879,38.6888],[-0.4854,38.6888],[-0.4837,38.6904],[-0.4829,38.6929],[-0.4804,38.6929],[-0.4787,38.6954],[-0.4796,38.6971],[-0.4746,38.7021],[-0.4629,38.7029],[-0.4621,38.7054],[-0.4596,38.7063],[-0.4587,38.7054],[-0.4562,38.7071],[-0.4562,38.7088],[-0.4529,38.7112],[-0.4521,38.7138],[-0.4496,38.7138],[-0.4479,38.7154],[-0.4454,38.7146],[-0.4421,38.7188],[-0.4387,38.7204],[-0.4379,38.7229],[-0.4362,38.7229],[-0.4321,38.7263],[-0.4296,38.7296],[-0.4312,38.7313],[-0.4296,38.7321],[-0.4304,38.7338],[-0.4279,38.7363],[-0.4287,38.7404],[-0.4254,38.7421],[-0.4237,38.7446],[-0.4221,38.7438],[-0.4204,38.7446],[-0.4246,38.7479],[-0.4271,38.7463],[-0.4304,38.7471],[-0.4304,38.7488],[-0.4279,38.7504],[-0.4271,38.7529],[-0.4237,38.7538],[-0.4287,38.7613],[-0.4254,38.7638],[-0.4246,38.7629],[-0.4229,38.7654],[-0.4287,38.7679],[-0.4271,38.7696],[-0.4221,38.7696],[-0.4212,38.7713],[-0.4237,38.7746],[-0.4221,38.7763],[-0.4154,38.7763],[-0.4137,38.7779],[-0.4137,38.7812],[-0.4071,38.7838],[-0.4071,38.7863],[-0.4029,38.7904],[-0.3962,38.7946],[-0.3921,38.7938],[-0.3904,38.7971],[-0.3871,38.7996],[-0.3779,38.8004],[-0.3729,38.8038],[-0.3662,38.8046],[-0.3629,38.8063],[-0.3571,38.8121],[-0.3554,38.8204],[-0.3529,38.8238],[-0.3462,38.8246],[-0.3438,38.8296],[-0.3404,38.8329],[-0.3371,38.8296],[-0.3346,38.8296],[-0.3337,38.8354],[-0.3304,38.8396],[-0.3246,38.8379],[-0.3237,38.8362],[-0.3212,38.8362],[-0.3196,38.8379],[-0.3204,38.8471],[-0.3171,38.8521],[-0.3154,38.8513],[-0.3137,38.8521],[-0.3062,38.8596],[-0.3037,38.8588],[-0.3021,38.8596],[-0.3004,38.8579],[-0.2954,38.8629],[-0.2962,38.8654],[-0.2921,38.8696],[-0.2854,38.8671],[-0.2804,38.8754],[-0.2771,38.8738],[-0.2671,38.8788],[-0.2687,38.8804],[-0.2671,38.8829],[-0.2596,38.8788],[-0.2554,38.8821],[-0.2496,38.8821],[-0.2454,38.8838],[-0.2437,38.8804],[-0.2412,38.8804],[-0.2329,38.8838],[-0.2287,38.8871],[-0.2137,38.8888],[-0.2154,38.8921],[-0.2062,38.9013],[-0.2087,38.9079],[-0.2021,38.9129],[-0.2037,38.9146],[-0.2021,38.9163],[-0.1996,38.9163],[-0.1954,38.9196],[-0.1996,38.9229],[-0.1996,38.9254],[-0.1971,38.9263],[-0.1937,38.9304],[-0.1896,38.9321],[-0.1921,38.9338],[-0.1929,38.9371],[-0.1879,38.9388],[-0.1929,38.9421],[-0.1937,38.9446],[-0.1912,38.9471],[-0.1854,38.9454],[-0.1821,38.9471],[-0.1846,38.9513],[-0.1821,38.9546],[-0.1829,38.9571],[-0.1787,38.9596],[-0.1796,38.9638],[-0.1787,38.9654],[-0.1721,38.9696],[-0.1721,38.9729],[-0.1704,38.9746],[-0.1679,38.9746],[-0.1646,38.9771],[-0.1646,38.9796],[-0.1554,38.9871],[-0.1546,38.9904],[-0.1521,38.9904]]}},{"type":"Feature","properties":{"id":"serpis-gandia","name":"Río Serpis","length_km":76.8},"geometry":{"type":"LineString","coordinates":[[-0.5104,38.7662],[-0.5162,38.7621],[-0.5212,38.7604],[-0.5246,38.7613],[-0.5321,38.7596],[-0.5396,38.7529],[-0.5437,38.7438],[-0.5421,38.7363],[-0.5446,38.7354],[-0.5446,38.7321],[-0.5429,38.7304],[-0.5437,38.7288],[-0.5387,38.7254],[-0.5396,38.7229],[-0.5371,38.7204],[-0.5379,38.7188],[-0.5354,38.7163],[-0.5346,38.7171],[-0.5312,38.7163],[-0.5329,38.7138],[-0.5329,38.7104],[-0.5271,38.7029],[-0.5287,38.7013],[-0.5279,38.6954],[-0.5229,38.6921],[-0.5171,38.6904],[-0.5146,38.6871],[-0.5071,38.6863],[-0.5046,38.6838],[-0.5021,38.6846],[-0.5012,38.6829],[-0.4987,38.6829],[-0.4971,38.6846],[-0.4954,38.6829],[-0.4929,38.6854],[-0.4896,38.6854],[-0.4879,38.6888],[-0.4854,38.6888],[-0.4837,38.6904],[-0.4829,38.6929],[-0.4804,38.6929],[-0.4787,38.6954],[-0.4796,38.6971],[-0.4746,38.7021],[-0.4629,38.7029],[-0.4621,38.7054],[-0.4596,38.7063],[-0.4587,38.7054],[-0.4562,38.7071],[-0.4562,38.7088],[-0.4529,38.7112],[-0.4521,38.7138],[-0.4496,38.7138],[-0.4479,38.7154],[-0.4454,38.7146],[-0.4421,38.7188],[-0.4387,38.7204],[-0.4379,38.7229],[-0.4362,38.7229],[-0.4321,38.7263],[-0.4296,38.7296],[-0.4312,38.7313],[-0.4296,38.7321],[-0.4304,38.7338],[-0.4279,38.7363],[-0.4287,38.7404],[-0.4254,38.7421],[-0.4237,38.7446],[-0.4221,38.7438],[-0.4204,38.7446],[-0.4246,38.7479],[-0.4271,38.7463],[-0.4304,38.7471],[-0.4304,38.7488],[-0.4279,38.7504],[-0.4271,38.7529],[-0.4237,38.7538],[-0.4287,38.7613],[-0.4254,38.7638],[-0.4246,38.7629],[-0.4229,38.7654],[-0.4287,38.7679],[-0.4271,38.7696],[-0.4221,38.7696],[-0.4212,38.7713],[-0.4237,38.7746],[-0.4221,38.7763],[-0.4154,38.7763],[-0.4137,38.7779],[-0.4137,38.7812],[-0.4071,38.7838],[-0.4071,38.7863],[-0.4029,38.7904],[-0.3962,38.7946],[-0.3921,38.7938],[-0.3904,38.7971],[-0.3871,38.7996],[-0.3779,38.8004],[-0.3729,38.8038],[-0.3662,38.8046],[-0.3629,38.8063],[-0.3571,38.8121],[-0.3554,38.8204],[-0.3529,38.8238],[-0.3462,38.8246],[-0.3438,38.8296],[-0.3404,38.8329],[-0.3371,38.8296],[-0.3346,38.8296],[-0.3337,38.8354],[-0.3304,38.8396],[-0.3246,38.8379],[-0.3237,38.8362],[-0.3212,38.8362],[-0.3196,38.8379],[-0.3204,38.8471],[-0.3171,38.8521],[-0.3154,38.8513],[-0.3137,38.8521],[-0.3062,38.8596],[-0.3037,38.8588],[-0.3021,38.8596],[-0.3004,38.8579],[-0.2954,38.8629],[-0.2962,38.8654],[-0.2921,38.8696],[-0.2854,38.8671],[-0.2804,38.8754],[-0.2771,38.8738],[-0.2671,38.8788],[-0.2687,38.8804],[-0.2671,38.8829],[-0.2596,38.8788],[-0.2554,38.8821],[-0.2496,38.8821],[-0.2454,38.8838],[-0.2437,38.8804],[-0.2412,38.8804],[-0.2329,38.8838],[-0.2287,38.8871],[-0.2137,38.8888],[-0.2154,38.8921],[-0.2062,38.9013],[-0.2087,38.9079],[-0.2021,38.9129],[-0.2037,38.9146],[-0.2021,38.9163],[-0.1996,38.9163],[-0.1954,38.9196],[-0.1996,38.9229],[-0.1996,38.9254],[-0.1971,38.9263],[-0.1937,38.9304],[-0.1896,38.9321],[-0.1921,38.9338],[-0.1929,38.9371],[-0.1879,38.9388],[-0.1929,38.9421],[-0.1937,38.9446],[-0.1912,38.9471],[-0.1854,38.9454],[-0.1821,38.9471],[-0.1846,38.9513],[-0.1821,38.9546],[-0.1829,38.9571],[-0.1787,38.9596],[-0.1796,38.9638],[-0.1787,38.9654],[-0.1721,38.9696],[-0.1721,38.9729],[-0.1704,38.9746],[-0.1679,38.9746],[-0.1646,38.9771],[-0.1646,38.9796],[-0.1554,38.9871],[-0.1546,38.9904],[-0.1521,38.9904]]}},{"type":"Feature","properties":{"id":"vernissa-real","name":"Río Vernissa","length_km":34.9},"geometry":{"type":"LineString","coordinates":[[-0.3312,39.0063],[-0.3321,39.0038],[-0.3296,39.0013],[-0.3321,38.9988],[-0.3354,38.9979],[-0.3362,38.9963],[-0.3429,38.9979],[-0.3446,38.9946],[-0.3487,38.9921],[-0.3479,38.9904],[-0.3421,38.9896],[-0.3421,38.9854],[-0.3396,38.9821],[-0.3371,38.9746],[-0.3379,38.9729],[-0.3371,38.9713],[-0.3412,38.9654],[-0.3396,38.9629],[-0.3404,38.9621],[-0.3396,38.9563],[-0.3429,38.9529],[-0.3404,38.9488],[-0.3412,38.9429],[-0.3371,38.9396],[-0.3404,38.9371],[-0.3396,38.9338],[-0.3487,38.9246],[-0.3471,38.9229],[-0.3371,38.9213],[-0.3346,38.9163],[-0.3354,38.9138],[-0.3337,38.9121],[-0.3296,38.9121],[-0.3246,38.9088],[-0.3187,38.9071],[-0.3121,38.9071],[-0.3096,38.9088],[-0.3112,38.9129],[-0.3071,38.9171],[-0.3037,38.9171],[-0.3004,38.9154],[-0.2937,38.9154],[-0.2904,38.9171],[-0.2871,38.9138],[-0.2854,38.9138],[-0.2829,38.9179],[-0.2862,38.9246],[-0.2854,38.9254],[-0.2804,38.9263],[-0.2762,38.9304],[-0.2729,38.9279],[-0.2704,38.9304],[-0.2671,38.9288],[-0.2662,38.9296],[-0.2679,38.9313],[-0.2671,38.9329],[-0.2612,38.9313],[-0.2604,38.9321],[-0.2612,38.9346],[-0.2579,38.9354],[-0.2562,38.9379],[-0.2496,38.9371],[-0.2429,38.9329],[-0.2396,38.9338],[-0.2404,38.9363],[-0.2387,38.9379],[-0.2362,38.9371],[-0.2312,38.9379],[-0.2287,38.9363],[-0.2229,38.9379],[-0.2146,38.9288],[-0.2112,38.9279],[-0.2046,38.9346],[-0.1962,38.9363],[-0.1954,38.9379],[-0.1971,38.9396],[-0.1962,38.9404],[-0.1937,38.9396],[-0.1929,38.9421]]}},{"type":"Feature","properties":{"id":"beniopa-gandia","name":"Barranc de Beniopa (Sant Nicolau)","length_km":14.5},"geometry":{"type":"LineString","coordinates":[[-0.2996,38.9729],[-0.3037,38.9738],[-0.3046,38.9746],[-0.3037,38.9771],[-0.2996,38.9788],[-0.2954,38.9788],[-0.2912,38.9771],[-0.2871,38.9779],[-0.2854,38.9829],[-0.2804,38.9863],[-0.2787,38.9854],[-0.2704,38.9863],[-0.2612,38.9796],[-0.2512,38.9779],[-0.2454,38.9813],[-0.2429,38.9813],[-0.2371,38.9854],[-0.2279,38.9854],[-0.2221,38.9829],[-0.2212,38.9838],[-0.2179,38.9829],[-0.2137,38.9804],[-0.2104,38.9763],[-0.1996,38.9729],[-0.1962,38.9696],[-0.1921,38.9696],[-0.1854,38.9729],[-0.1846,38.9754],[-0.1821,38.9763],[-0.1812,38.9796],[-0.1762,38.9829],[-0.1754,38.9854],[-0.1737,38.9846],[-0.1696,38.9854],[-0.1646,38.9904],[-0.1687,38.9938],[-0.1696,38.9971],[-0.1737,38.9979],[-0.1754,38.9996],[-0.1821,38.9996]]}},{"type":"Feature","properties":{"id":"gallinera-oliva","name":"Rambla Gallinera","length_km":26.1},"geometry":{"type":"LineString","coordinates":[[-0.2971,38.8179],[-0.2954,38.8196],[-0.2929,38.8196],[-0.2896,38.8221],[-0.2837,38.8238],[-0.2787,38.8229],[-0.2737,38.8188],[-0.2687,38.8238],[-0.2554,38.8213],[-0.2529,38.8246],[-0.2487,38.8254],[-0.2396,38.8238],[-0.2379,38.8213],[-0.2362,38.8221],[-0.2354,38.8213],[-0.2321,38.8229],[-0.2229,38.8238],[-0.2171,38.8279],[-0.2046,38.8296],[-0.1987,38.8338],[-0.1904,38.8362],[-0.1879,38.8413],[-0.1887,38.8421],[-0.1846,38.8454],[-0.1771,38.8463],[-0.1779,38.8488],[-0.1771,38.8496],[-0.1721,38.8488],[-0.1671,38.8504],[-0.1629,38.8554],[-0.1612,38.8563],[-0.1579,38.8554],[-0.1521,38.8579],[-0.1504,38.8596],[-0.1512,38.8621],[-0.1496,38.8638],[-0.1521,38.8663],[-0.1521,38.8713],[-0.1471,38.8754],[-0.1437,38.8763],[-0.1412,38.8754],[-0.1387,38.8779],[-0.1354,38.8771],[-0.1279,38.8838],[-0.1212,38.8871],[-0.1171,38.8929],[-0.1171,38.8963],[-0.1121,38.8987],[-0.1071,38.9038],[-0.0962,38.9013],[-0.0912,38.9046],[-0.0821,38.9062],[-0.0721,38.9113]]}},{"type":"Feature","properties":{"id":"palancia-sagunt","name":"Río Palancia","length_km":96.7},"geometry":{"type":"LineString","coordinates":[[-0.8354,39.9963],[-0.8329,39.9996],[-0.8304,39.9996],[-0.8262,39.9963],[-0.8187,39.9971],[-0.8154,39.9929],[-0.8162,39.9904],[-0.8137,39.9871],[-0.8096,39.9904],[-0.8013,39.9904],[-0.7987,39.9879],[-0.7946,39.9871],[-0.7846,39.9879],[-0.7779,39.9846],[-0.7696,39.9863],[-0.7654,39.9888],[-0.7596,39.9846],[-0.7479,39.9854],[-0.7454,39.9829],[-0.7321,39.9771],[-0.7262,39.9771],[-0.7246,39.9738],[-0.7212,39.9721],[-0.7204,39.9663],[-0.7279,39.9588],[-0.7279,39.9571],[-0.7304,39.9546],[-0.7246,39.9537],[-0.7237,39.9513],[-0.7304,39.9463],[-0.7296,39.9396],[-0.7304,39.9388],[-0.7346,39.9396],[-0.7396,39.9338],[-0.7346,39.9304],[-0.7296,39.9188],[-0.7279,39.9179],[-0.7196,39.9188],[-0.7171,39.9171],[-0.7129,39.9179],[-0.7096,39.9121],[-0.7062,39.9138],[-0.6996,39.9129],[-0.6987,39.9046],[-0.6954,39.9021],[-0.6896,39.9021],[-0.6904,39.8996],[-0.6887,39.8979],[-0.6862,39.8979],[-0.6837,39.8946],[-0.6729,39.8938],[-0.6704,39.8954],[-0.6654,39.8954],[-0.6621,39.8996],[-0.6579,39.8996],[-0.6537,39.8979],[-0.6496,39.8979],[-0.6471,39.8996],[-0.6404,39.8971],[-0.6379,39.8946],[-0.6354,39.8946],[-0.6354,39.8963],[-0.6396,39.9004],[-0.6371,39.9013],[-0.6371,39.9038],[-0.6346,39.9062],[-0.6312,39.9054],[-0.6304,39.9088],[-0.6262,39.9079],[-0.6237,39.9129],[-0.6162,39.9113],[-0.6112,39.9054],[-0.6079,39.9038],[-0.6046,39.9038],[-0.6021,39.9054],[-0.5971,39.9029],[-0.5962,39.9038],[-0.5971,39.9104],[-0.5954,39.9121],[-0.5929,39.9129],[-0.5904,39.9121],[-0.5779,39.9163],[-0.5771,39.9129],[-0.5737,39.9113],[-0.5762,39.9079],[-0.5754,39.9054],[-0.5737,39.9071],[-0.5671,39.9071],[-0.5646,39.9088],[-0.5621,39.9079],[-0.5604,39.9062],[-0.5654,39.9021],[-0.5662,39.9004],[-0.5654,39.8996],[-0.5604,39.8987],[-0.5562,39.8954],[-0.5504,39.8963],[-0.5454,39.8938],[-0.5421,39.8938],[-0.5396,39.8912],[-0.5387,39.8863],[-0.5371,39.8871],[-0.5346,39.8921],[-0.5287,39.8921],[-0.5221,39.8879],[-0.5146,39.8879],[-0.5137,39.8871],[-0.5154,39.8838],[-0.5121,39.8796],[-0.5021,39.8788],[-0.4996,39.8738],[-0.4946,39.8729],[-0.4879,39.8663],[-0.4879,39.8638],[-0.4921,39.8604],[-0.4912,39.8588],[-0.4871,39.8563],[-0.4779,39.8571],[-0.4746,39.8538],[-0.4737,39.8479],[-0.4721,39.8454],[-0.4704,39.8438],[-0.4671,39.8438],[-0.4612,39.8354],[-0.4562,39.8346],[-0.4462,39.8396],[-0.4454,39.8362],[-0.4421,39.8321],[-0.4471,39.8263],[-0.4462,39.8254],[-0.4404,39.8254],[-0.4379,39.8204],[-0.4287,39.8221],[-0.4229,39.8204],[-0.4196,39.8163],[-0.4154,39.8138],[-0.4121,39.8138],[-0.4104,39.8121],[-0.4146,39.8046],[-0.4121,39.8021],[-0.4071,39.8046],[-0.4046,39.7988],[-0.3987,39.7929],[-0.3954,39.7954],[-0.3887,39.7963],[-0.3871,39.7921],[-0.3829,39.7879],[-0.3787,39.7888],[-0.3746,39.7854],[-0.3646,39.7821],[-0.3571,39.7746],[-0.3546,39.7671],[-0.3496,39.7613],[-0.3521,39.7563],[-0.3512,39.7521],[-0.3487,39.7513],[-0.3479,39.7479],[-0.3446,39.7454],[-0.3404,39.7463],[-0.3362,39.7454],[-0.3354,39.7446],[-0.3362,39.7404],[-0.3346,39.7388],[-0.3304,39.7379],[-0.3312,39.7238],[-0.3329,39.7204],[-0.3429,39.7138],[-0.3471,39.7088],[-0.3429,39.7029],[-0.3346,39.6988],[-0.3296,39.6921],[-0.3262,39.6904],[-0.3246,39.6863],[-0.3196,39.6804],[-0.3162,39.6804],[-0.3112,39.6779],[-0.3079,39.6788],[-0.2946,39.6779],[-0.2887,39.6796],[-0.2829,39.6838],[-0.2629,39.6796],[-0.2596,39.6813],[-0.2521,39.6821],[-0.2279,39.6754],[-0.2137,39.6738],[-0.2104,39.6688],[-0.2062,39.6663]]}},{"type":"Feature","properties":{"id":"belcaire-vall","name":"Río Belcaire","length_km":22.6},"geometry":{"type":"LineString","coordinates":[[-0.3596,39.8287],[-0.3554,39.8271],[-0.3521,39.8279],[-0.3479,39.8271],[-0.3429,39.8221],[-0.3429,39.8179],[-0.3479,39.8129],[-0.3462,39.8071],[-0.3471,39.8013],[-0.3454,39.7988],[-0.3429,39.7963],[-0.3396,39.7963],[-0.3362,39.7929],[-0.3337,39.7929],[-0.3312,39.7904],[-0.3279,39.7904],[-0.3246,39.7879],[-0.3204,39.7888],[-0.3162,39.7846],[-0.3162,39.7821],[-0.3137,39.7838],[-0.3096,39.7829],[-0.3037,39.7854],[-0.3012,39.7854],[-0.2996,39.7838],[-0.2971,39.7854],[-0.2887,39.7863],[-0.2862,39.7879],[-0.2779,39.7871],[-0.2729,39.7904],[-0.2704,39.7896],[-0.2671,39.7921],[-0.2662,39.7913],[-0.2629,39.7938],[-0.2604,39.7938],[-0.2596,39.7954],[-0.2579,39.7946],[-0.2546,39.7963],[-0.2429,39.7954],[-0.2379,39.7988],[-0.2396,39.8021],[-0.2329,39.8079],[-0.2271,39.8054],[-0.2237,39.8054],[-0.2221,39.8071],[-0.2204,39.8063],[-0.2062,39.8071],[-0.2029,39.8096],[-0.2004,39.8146],[-0.1946,39.8171],[-0.1721,39.8146],[-0.1671,39.8121],[-0.1596,39.8046],[-0.1587,39.8013],[-0.1546,39.7963],[-0.1421,39.7871]]}},{"type":"Feature","properties":{"id":"sec-borriana","name":"Riu Sec de Borriana (Riu Anna / Sonella)","length_km":38.0},"geometry":{"type":"LineString","coordinates":[[-0.4162,39.9363],[-0.4121,39.9346],[-0.4071,39.9346],[-0.3946,39.9254],[-0.3871,39.9263],[-0.3821,39.9229],[-0.3704,39.9254],[-0.3629,39.9204],[-0.3579,39.9196],[-0.3521,39.9138],[-0.3496,39.9129],[-0.3479,39.9154],[-0.3387,39.9154],[-0.3337,39.9204],[-0.3371,39.9279],[-0.3362,39.9288],[-0.3371,39.9321],[-0.3346,39.9346],[-0.3346,39.9363],[-0.3296,39.9371],[-0.3279,39.9404],[-0.3237,39.9396],[-0.3196,39.9429],[-0.3154,39.9438],[-0.3062,39.9521],[-0.2971,39.9513],[-0.2904,39.9571],[-0.2837,39.9563],[-0.2804,39.9596],[-0.2787,39.9596],[-0.2746,39.9563],[-0.2712,39.9588],[-0.2654,39.9579],[-0.2562,39.9588],[-0.2529,39.9554],[-0.2512,39.9554],[-0.2496,39.9579],[-0.2346,39.9571],[-0.2337,39.9537],[-0.2321,39.9546],[-0.2296,39.9521],[-0.2262,39.9521],[-0.2204,39.9479],[-0.2162,39.9471],[-0.2104,39.9488],[-0.2062,39.9454],[-0.2054,39.9429],[-0.1946,39.9304],[-0.1862,39.9279],[-0.1821,39.9238],[-0.1762,39.9204],[-0.1737,39.9213],[-0.1637,39.9204],[-0.1471,39.9129],[-0.1379,39.9121],[-0.1312,39.9062],[-0.1229,39.9071],[-0.1154,39.9062],[-0.1104,39.9038],[-0.1029,39.9046],[-0.1021,39.9029],[-0.0954,39.9038],[-0.0921,39.9021],[-0.0879,39.9021],[-0.0846,39.8996],[-0.0837,39.8929],[-0.0821,39.8912],[-0.0787,39.8912],[-0.0762,39.8879],[-0.0712,39.8854],[-0.0654,39.8871],[-0.0596,39.8796],[-0.0537,39.8796],[-0.0521,39.8779]]}},{"type":"Feature","properties":{"id":"millars-vilareal","name":"Río Mijares / Millars","length_km":161.4},"geometry":{"type":"LineString","coordinates":[[-0.7304,40.3871],[-0.7279,40.3896],[-0.7296,40.3946],[-0.7337,40.3979],[-0.7354,40.3971],[-0.7412,40.4038],[-0.7554,40.4146],[-0.7596,40.4154],[-0.7621,40.4138],[-0.7654,40.4146],[-0.7696,40.4138],[-0.7737,40.4171],[-0.7829,40.4163],[-0.7862,40.4129],[-0.7879,40.4129],[-0.7962,40.4196],[-0.8004,40.4196],[-0.8046,40.4213],[-0.8062,40.4254],[-0.8129,40.4296],[-0.8196,40.4321],[-0.8271,40.4321],[-0.8371,40.4379],[-0.8462,40.4388],[-0.8496,40.4354],[-0.8554,40.4346],[-0.8587,40.4313],[-0.8638,40.4304],[-0.8679,40.4271],[-0.8704,40.4279],[-0.8737,40.4271],[-0.8746,40.4238],[-0.8729,40.4204],[-0.8737,40.4188],[-0.8696,40.4163],[-0.8704,40.4138],[-0.8646,40.4088],[-0.8662,40.4046],[-0.8646,40.4013],[-0.8704,40.3946],[-0.8737,40.3938],[-0.8729,40.3921],[-0.8746,40.3904],[-0.8737,40.3888],[-0.8746,40.3871],[-0.8779,40.3871],[-0.8796,40.3846],[-0.8887,40.3813],[-0.8887,40.3763],[-0.8912,40.3746],[-0.8921,40.3713],[-0.8896,40.3663],[-0.8896,40.3621],[-0.8937,40.3563],[-0.8921,40.3538],[-0.8937,40.3529],[-0.8937,40.3513],[-0.8954,40.3513],[-0.8987,40.3429],[-0.8954,40.3413],[-0.8954,40.3396],[-0.9004,40.3371],[-0.9012,40.3338],[-0.8979,40.3287],[-0.8946,40.3271],[-0.8954,40.3246],[-0.8937,40.3229],[-0.8921,40.3238],[-0.8838,40.3179],[-0.8821,40.3179],[-0.8771,40.3121],[-0.8762,40.3088],[-0.8729,40.3071],[-0.8737,40.3054],[-0.8721,40.3046],[-0.8721,40.3029],[-0.8737,40.2996],[-0.8737,40.2963],[-0.8704,40.2954],[-0.8679,40.2929],[-0.8679,40.2913],[-0.8646,40.2888],[-0.8671,40.2863],[-0.8612,40.2821],[-0.8621,40.2796],[-0.8587,40.2771],[-0.8596,40.2721],[-0.8546,40.2688],[-0.8562,40.2662],[-0.8529,40.2596],[-0.8521,40.2546],[-0.8529,40.2521],[-0.8462,40.2429],[-0.8438,40.2404],[-0.8429,40.2413],[-0.8412,40.2404],[-0.8404,40.2338],[-0.8421,40.2296],[-0.8396,40.2229],[-0.8337,40.2179],[-0.8346,40.2163],[-0.8337,40.2154],[-0.8304,40.2154],[-0.8287,40.2138],[-0.8246,40.2079],[-0.8196,40.2071],[-0.8213,40.2054],[-0.8204,40.2013],[-0.8137,40.1988],[-0.8112,40.1946],[-0.8062,40.1954],[-0.8029,40.1913],[-0.8029,40.1871],[-0.8013,40.1854],[-0.7946,40.1813],[-0.7896,40.1763],[-0.7854,40.1763],[-0.7829,40.1721],[-0.7737,40.1638],[-0.7754,40.1621],[-0.7746,40.1613],[-0.7679,40.1604],[-0.7637,40.1546],[-0.7588,40.1554],[-0.7537,40.1538],[-0.7496,40.1496],[-0.7454,40.1479],[-0.7437,40.1487],[-0.7412,40.1479],[-0.7396,40.1454],[-0.7379,40.1463],[-0.7362,40.1446],[-0.7371,40.1438],[-0.7362,40.1429],[-0.7287,40.1412],[-0.7229,40.1438],[-0.7179,40.1438],[-0.7137,40.1379],[-0.6912,40.1354],[-0.6854,40.1296],[-0.6796,40.1271],[-0.6754,40.1279],[-0.6712,40.1246],[-0.6696,40.1246],[-0.6687,40.1263],[-0.6637,40.1254],[-0.6612,40.1288],[-0.6529,40.1271],[-0.6529,40.1288],[-0.6512,40.1296],[-0.6446,40.1271],[-0.6429,40.1304],[-0.6421,40.1296],[-0.6379,40.1321],[-0.6246,40.1304],[-0.6221,40.1321],[-0.6237,40.1346],[-0.6229,40.1354],[-0.6179,40.1354],[-0.6154,40.1338],[-0.6162,40.1304],[-0.6146,40.1288],[-0.6121,40.1288],[-0.6096,40.1254],[-0.6096,40.1238],[-0.6121,40.1213],[-0.6087,40.1196],[-0.6054,40.1154],[-0.6021,40.1154],[-0.5996,40.1096],[-0.5938,40.1096],[-0.5904,40.1063],[-0.5854,40.1038],[-0.5754,40.1038],[-0.5737,40.1054],[-0.5704,40.1054],[-0.5487,40.0854],[-0.5454,40.0838],[-0.5412,40.0879],[-0.5379,40.0763],[-0.5346,40.0738],[-0.5304,40.0763],[-0.5279,40.0763],[-0.5271,40.0729],[-0.5204,40.0679],[-0.5212,40.0663],[-0.5196,40.0646],[-0.5154,40.0654],[-0.5121,40.0688],[-0.5129,40.0713],[-0.5087,40.0729],[-0.5079,40.0754],[-0.5054,40.0763],[-0.4996,40.0729],[-0.4996,40.0704],[-0.4979,40.0688],[-0.4921,40.0696],[-0.4929,40.0713],[-0.4921,40.0738],[-0.4896,40.0713],[-0.4812,40.0721],[-0.4771,40.0646],[-0.4729,40.0646],[-0.4704,40.0629],[-0.4704,40.0613],[-0.4737,40.0588],[-0.4704,40.0571],[-0.4596,40.0588],[-0.4571,40.0554],[-0.4521,40.0546],[-0.4504,40.0571],[-0.4462,40.0579],[-0.4454,40.0538],[-0.4429,40.0529],[-0.4404,40.0579],[-0.4321,40.0571],[-0.4304,40.0604],[-0.4212,40.0579],[-0.4179,40.0604],[-0.4146,40.0588],[-0.4121,40.0596],[-0.4087,40.0554],[-0.4054,40.0538],[-0.4021,40.0488],[-0.3946,40.0463],[-0.3921,40.0438],[-0.3879,40.0446],[-0.3846,40.0421],[-0.3746,40.0421],[-0.3704,40.0446],[-0.3621,40.0438],[-0.3604,40.0421],[-0.3604,40.0388],[-0.3638,40.0354],[-0.3638,40.0338],[-0.3571,40.0288],[-0.3529,40.0288],[-0.3479,40.0354],[-0.3462,40.0354],[-0.3438,40.0329],[-0.3404,40.0279],[-0.3337,40.0279],[-0.3312,40.0304],[-0.3254,40.0312],[-0.3212,40.0279],[-0.3204,40.0246],[-0.3229,40.0229],[-0.3237,40.0188],[-0.3321,40.0154],[-0.3287,40.0129],[-0.3196,40.0129],[-0.3104,40.0188],[-0.3079,40.0162],[-0.3096,40.0071],[-0.3079,40.0063],[-0.3046,40.0079],[-0.3004,40.0063],[-0.2971,40.0029],[-0.2946,40.0046],[-0.2954,40.0071],[-0.2946,40.0079],[-0.2921,40.0079],[-0.2896,40.0054],[-0.2837,40.0063],[-0.2854,40.0096],[-0.2829,40.0121],[-0.2787,40.0129],[-0.2754,40.0113],[-0.2729,40.0138],[-0.2754,40.0171],[-0.2821,40.0196],[-0.2804,40.0221],[-0.2762,40.0196],[-0.2729,40.0196],[-0.2654,40.0129],[-0.2596,40.0146],[-0.2562,40.0104],[-0.2521,40.0121],[-0.2479,40.0179],[-0.2446,40.0171],[-0.2404,40.0104],[-0.2354,40.0154],[-0.2337,40.0154],[-0.2296,40.0113],[-0.2329,40.0088],[-0.2354,40.0013],[-0.2321,39.9988],[-0.2221,39.9988],[-0.2179,39.9971],[-0.2246,39.9863],[-0.2237,39.9854],[-0.2204,39.9871],[-0.2162,39.9871],[-0.2146,39.9854],[-0.2129,39.9871],[-0.2137,39.9896],[-0.2096,39.9913],[-0.2012,39.9838],[-0.2029,39.9813],[-0.2012,39.9788],[-0.1946,39.9821],[-0.1854,39.9779],[-0.1779,39.9829],[-0.1762,39.9813],[-0.1737,39.9829],[-0.1679,39.9829],[-0.1604,39.9771],[-0.1554,39.9713],[-0.1512,39.9713],[-0.1412,39.9654],[-0.1362,39.9663],[-0.1296,39.9612],[-0.1262,39.9621],[-0.1229,39.9596],[-0.1204,39.9596],[-0.1162,39.9638],[-0.1146,39.9596],[-0.1079,39.9596],[-0.1012,39.9546],[-0.0862,39.9537],[-0.0812,39.9513],[-0.0687,39.9413],[-0.0604,39.9313],[-0.0529,39.9288],[-0.0496,39.9263],[-0.0437,39.9254],[-0.0412,39.9229],[-0.0371,39.9229],[-0.0304,39.9196],[-0.0271,39.9196],[-0.0237,39.9171],[-0.0204,39.9171],[-0.0112,39.9079]]}},{"type":"Feature","properties":{"id":"viuda-almassora","name":"Rambla de la Viuda","length_km":122.9},"geometry":{"type":"LineString","coordinates":[[-0.4804,40.3079],[-0.4837,40.3063],[-0.4896,40.3071],[-0.4937,40.3054],[-0.4929,40.3004],[-0.4912,40.2988],[-0.4921,40.2938],[-0.4879,40.2888],[-0.4787,40.2846],[-0.4762,40.2812],[-0.4729,40.2796],[-0.4721,40.2804],[-0.4621,40.2796],[-0.4546,40.2829],[-0.4529,40.2812],[-0.4496,40.2812],[-0.4479,40.2829],[-0.4487,40.2846],[-0.4479,40.2854],[-0.4446,40.2846],[-0.4429,40.2854],[-0.4412,40.2829],[-0.4396,40.2846],[-0.4229,40.2838],[-0.4196,40.2854],[-0.4179,40.2838],[-0.4187,40.2829],[-0.4179,40.2812],[-0.4137,40.2838],[-0.4112,40.2871],[-0.4087,40.2871],[-0.4054,40.2913],[-0.4012,40.2913],[-0.3996,40.2929],[-0.4004,40.2946],[-0.3996,40.2963],[-0.3904,40.2996],[-0.3896,40.3004],[-0.3912,40.3021],[-0.3896,40.3038],[-0.3904,40.3054],[-0.3896,40.3063],[-0.3879,40.3071],[-0.3854,40.3054],[-0.3804,40.3096],[-0.3787,40.3096],[-0.3787,40.3071],[-0.3771,40.3054],[-0.3746,40.3063],[-0.3729,40.3046],[-0.3704,40.3046],[-0.3696,40.3063],[-0.3671,40.3063],[-0.3696,40.3113],[-0.3654,40.3129],[-0.3638,40.3163],[-0.3587,40.3129],[-0.3562,40.3146],[-0.3529,40.3138],[-0.3521,40.3146],[-0.3529,40.3179],[-0.3487,40.3213],[-0.3496,40.3271],[-0.3479,40.3279],[-0.3454,40.3246],[-0.3412,40.3279],[-0.3421,40.3304],[-0.3421,40.3346],[-0.3404,40.3362],[-0.3412,40.3388],[-0.3371,40.3396],[-0.3354,40.3413],[-0.3337,40.3404],[-0.3304,40.3454],[-0.3287,40.3446],[-0.3271,40.3471],[-0.3221,40.3488],[-0.3196,40.3538],[-0.3137,40.3579],[-0.3112,40.3588],[-0.3079,40.3571],[-0.3054,40.3621],[-0.2979,40.3613],[-0.2937,40.3654],[-0.2887,40.3679],[-0.2879,40.3654],[-0.2829,40.3646],[-0.2821,40.3696],[-0.2771,40.3671],[-0.2729,40.3721],[-0.2712,40.3713],[-0.2712,40.3696],[-0.2629,40.3671],[-0.2604,40.3679],[-0.2562,40.3729],[-0.2537,40.3729],[-0.2521,40.3754],[-0.2496,40.3738],[-0.2479,40.3754],[-0.2454,40.3738],[-0.2362,40.3746],[-0.2329,40.3704],[-0.2254,40.3721],[-0.2229,40.3713],[-0.2212,40.3688],[-0.2188,40.3688],[-0.2162,40.3663],[-0.2162,40.3646],[-0.2129,40.3654],[-0.2121,40.3646],[-0.2154,40.3596],[-0.2171,40.3613],[-0.2196,40.3596],[-0.2179,40.3579],[-0.2137,40.3571],[-0.2137,40.3538],[-0.2121,40.3521],[-0.2062,40.3529],[-0.2029,40.3521],[-0.2071,40.3463],[-0.2021,40.3446],[-0.2054,40.3413],[-0.2029,40.3379],[-0.2004,40.3388],[-0.1987,40.3354],[-0.2004,40.3362],[-0.2029,40.3354],[-0.2021,40.3338],[-0.2062,40.3313],[-0.2046,40.3287],[-0.2096,40.3229],[-0.2054,40.3213],[-0.2046,40.3154],[-0.2021,40.3179],[-0.2004,40.3171],[-0.2021,40.3138],[-0.2012,40.3121],[-0.1979,40.3121],[-0.1979,40.3104],[-0.1937,40.3079],[-0.1979,40.3071],[-0.1954,40.3046],[-0.1971,40.3013],[-0.1929,40.3004],[-0.1954,40.2979],[-0.1954,40.2954],[-0.1937,40.2946],[-0.1946,40.2921],[-0.1937,40.2904],[-0.1954,40.2879],[-0.1921,40.2863],[-0.1879,40.2896],[-0.1862,40.2896],[-0.1854,40.2888],[-0.1871,40.2863],[-0.1854,40.2846],[-0.1837,40.2846],[-0.1796,40.2879],[-0.1787,40.2854],[-0.1762,40.2846],[-0.1737,40.2812],[-0.1712,40.2846],[-0.1696,40.2846],[-0.1687,40.2812],[-0.1721,40.2779],[-0.1704,40.2763],[-0.1712,40.2746],[-0.1687,40.2729],[-0.1704,40.2704],[-0.1696,40.2662],[-0.1629,40.2621],[-0.1612,40.2571],[-0.1587,40.2571],[-0.1562,40.2596],[-0.1546,40.2596],[-0.1537,40.2571],[-0.1504,40.2546],[-0.1512,40.2529],[-0.1479,40.2488],[-0.1387,40.2454],[-0.1379,40.2446],[-0.1396,40.2421],[-0.1387,40.2404],[-0.1296,40.2363],[-0.1312,40.2346],[-0.1304,40.2329],[-0.1271,40.2338],[-0.1254,40.2321],[-0.1221,40.2321],[-0.1212,40.2329],[-0.1237,40.2346],[-0.1229,40.2363],[-0.1196,40.2363],[-0.1162,40.2338],[-0.1146,40.2371],[-0.1129,40.2371],[-0.1079,40.2329],[-0.1046,40.2329],[-0.1037,40.2388],[-0.0987,40.2404],[-0.0938,40.2354],[-0.0938,40.2279],[-0.0979,40.2229],[-0.0954,40.2213],[-0.0887,40.2213],[-0.0821,40.2196],[-0.0804,40.2179],[-0.0804,40.2163],[-0.0846,40.2138],[-0.0846,40.2121],[-0.0804,40.2071],[-0.0812,40.2021],[-0.0762,40.1904],[-0.0771,40.1813],[-0.0821,40.1746],[-0.0812,40.1688],[-0.0871,40.1629],[-0.0929,40.1529],[-0.0971,40.1487],[-0.0979,40.1438],[-0.1012,40.1404],[-0.1012,40.1388],[-0.1046,40.1371],[-0.1054,40.1329],[-0.1096,40.1296],[-0.1154,40.1296],[-0.1196,40.1313],[-0.1229,40.1296],[-0.1337,40.1288],[-0.1354,40.1271],[-0.1371,40.1213],[-0.1429,40.1163],[-0.1421,40.1146],[-0.1371,40.1121],[-0.1387,40.1104],[-0.1429,40.1113],[-0.1437,40.1096],[-0.1412,40.1071],[-0.1412,40.1054],[-0.1429,40.1038],[-0.1479,40.1029],[-0.1454,40.0996],[-0.1446,40.0971],[-0.1454,40.0938],[-0.1429,40.0896],[-0.1537,40.0862],[-0.1554,40.0846],[-0.1554,40.0813],[-0.1654,40.0738],[-0.1671,40.0688],[-0.1621,40.0638],[-0.1562,40.0629],[-0.1512,40.0571],[-0.1529,40.0546],[-0.1579,40.0529],[-0.1546,40.0496],[-0.1546,40.0479],[-0.1579,40.0446],[-0.1604,40.0363],[-0.1579,40.0329],[-0.1637,40.0296],[-0.1637,40.0279],[-0.1612,40.0254],[-0.1612,40.0196],[-0.1579,40.0113],[-0.1596,40.0038],[-0.1554,39.9996],[-0.1512,39.9988],[-0.1487,39.9963],[-0.1396,39.9921],[-0.1354,39.9879],[-0.1346,39.9788],[-0.1287,39.9788],[-0.1254,39.9729],[-0.1229,39.9721],[-0.1154,39.9729],[-0.1112,39.9679],[-0.1054,39.9679],[-0.0987,39.9654],[-0.0879,39.9571],[-0.0871,39.9537],[-0.0812,39.9513],[-0.0687,39.9413],[-0.0604,39.9313],[-0.0529,39.9288],[-0.0496,39.9263],[-0.0437,39.9254],[-0.0412,39.9229],[-0.0371,39.9229],[-0.0304,39.9196],[-0.0271,39.9196],[-0.0237,39.9171],[-0.0204,39.9171],[-0.0112,39.9079]]}},{"type":"Feature","properties":{"id":"sec-castello","name":"Riu Sec de Castelló","length_km":22.0},"geometry":{"type":"LineString","coordinates":[[-0.0087,40.0979],[-0.0079,40.0954],[-0.0104,40.0929],[-0.0096,40.0913],[-0.0187,40.0846],[-0.0204,40.0796],[-0.0321,40.0679],[-0.0379,40.0554],[-0.0421,40.0546],[-0.0437,40.0521],[-0.0512,40.0496],[-0.0571,40.0438],[-0.0629,40.0404],[-0.0637,40.0371],[-0.0679,40.0363],[-0.0696,40.0379],[-0.0721,40.0371],[-0.0754,40.0379],[-0.0762,40.0371],[-0.0754,40.0338],[-0.0779,40.0321],[-0.0821,40.0346],[-0.0846,40.0338],[-0.0846,40.0321],[-0.0887,40.0288],[-0.0954,40.0196],[-0.0929,40.0179],[-0.0962,40.0138],[-0.0954,40.0029],[-0.0896,39.9946],[-0.0821,39.9954],[-0.0796,39.9921],[-0.0696,39.9913],[-0.0662,39.9888],[-0.0621,39.9888],[-0.0596,39.9904],[-0.0496,39.9921],[-0.0471,39.9946],[-0.0421,39.9946],[-0.0371,39.9988],[-0.0337,39.9996],[-0.0304,40.0029],[-0.0237,40.0054],[-0.0196,40.0088],[0.0088,40.0088],[0.0138,40.0079],[0.0229,40.0029],[0.0313,40.0021]]}},{"type":"Feature","properties":{"id":"chinchilla-orpesa","name":"Riu Xinxilla (Chinchilla)","length_km":16.5},"geometry":{"type":"LineString","coordinates":[[0.0321,40.0862],[0.0354,40.0896],[0.0346,40.0971],[0.0329,40.0988],[0.0338,40.1013],[0.0396,40.1054],[0.0463,40.1129],[0.0496,40.1138],[0.0529,40.1129],[0.0579,40.1146],[0.0596,40.1121],[0.0638,40.1113],[0.0671,40.1079],[0.0704,40.1071],[0.0746,40.1079],[0.0763,40.1063],[0.0796,40.1088],[0.0854,40.1088],[0.0863,40.1071],[0.0896,40.1088],[0.0904,40.1079],[0.0971,40.1088],[0.1104,40.1213],[0.1129,40.1254],[0.1163,40.1271],[0.1246,40.1246],[0.1346,40.1196],[0.1388,40.1154],[0.1429,40.1146],[0.1513,40.1038]]}},{"type":"Feature","properties":{"id":"coves-alcala","name":"Riu de les Coves / Sant Miquel","length_km":57.2},"geometry":{"type":"LineString","coordinates":[[-0.0229,40.4829],[-0.0171,40.4804],[-0.0112,40.4838],[-0.0087,40.4879],[-0.0046,40.4879],[0.0063,40.4846],[0.0104,40.4813],[0.0121,40.4813],[0.0163,40.4771],[0.0238,40.4746],[0.0254,40.4729],[0.0263,40.4654],[0.0229,40.4612],[0.0238,40.4596],[0.0204,40.4546],[0.0213,40.4537],[0.0204,40.4504],[0.0238,40.4488],[0.0271,40.4488],[0.0321,40.4454],[0.0313,40.4421],[0.0329,40.4404],[0.0313,40.4371],[0.0329,40.4354],[0.0296,40.4321],[0.0321,40.4304],[0.0313,40.4288],[0.0321,40.4229],[0.0296,40.4213],[0.0296,40.4188],[0.0329,40.4171],[0.0338,40.4146],[0.0379,40.4129],[0.0388,40.4113],[0.0413,40.4113],[0.0429,40.4096],[0.0446,40.4104],[0.0488,40.4079],[0.0496,40.4071],[0.0479,40.4054],[0.0488,40.4038],[0.0463,40.4029],[0.0496,40.3996],[0.0521,40.4004],[0.0579,40.3938],[0.0654,40.3979],[0.0663,40.3921],[0.0704,40.3946],[0.0763,40.3921],[0.0771,40.3879],[0.0838,40.3896],[0.0871,40.3863],[0.0854,40.3846],[0.0863,40.3821],[0.0954,40.3804],[0.0963,40.3779],[0.0988,40.3779],[0.1021,40.3746],[0.1038,40.3754],[0.1121,40.3713],[0.1129,40.3696],[0.1096,40.3679],[0.1104,40.3663],[0.1213,40.3629],[0.1196,40.3579],[0.1288,40.3471],[0.1279,40.3404],[0.1304,40.3362],[0.1304,40.3321],[0.1338,40.3279],[0.1338,40.3246],[0.1271,40.3196],[0.1288,40.3171],[0.1271,40.3154],[0.1229,40.3146],[0.1246,40.3104],[0.1229,40.3071],[0.1238,40.3046],[0.1288,40.3063],[0.1296,40.3021],[0.1346,40.3046],[0.1371,40.3013],[0.1404,40.3021],[0.1446,40.2988],[0.1488,40.2988],[0.1563,40.2913],[0.1554,40.2888],[0.1563,40.2879],[0.1646,40.2871],[0.1604,40.2829],[0.1629,40.2812],[0.1621,40.2779],[0.1646,40.2771],[0.1688,40.2788],[0.1696,40.2763],[0.1679,40.2729],[0.1721,40.2704],[0.1754,40.2737],[0.1879,40.2713],[0.1888,40.2721],[0.1946,40.2713],[0.2104,40.2579],[0.2196,40.2571],[0.2246,40.2404],[0.2296,40.2363],[0.2379,40.2321],[0.2413,40.2288],[0.2429,40.2229],[0.2504,40.2179],[0.2563,40.2121],[0.2646,40.2096]]}},{"type":"Feature","properties":{"id":"cervera-benicarlo","name":"Rambla de Cervera (Riu Sec)","length_km":62.3},"geometry":{"type":"LineString","coordinates":[[-0.0637,40.4596],[-0.0629,40.4629],[-0.0546,40.4621],[-0.0529,40.4654],[-0.0529,40.4688],[-0.0462,40.4721],[-0.0421,40.4779],[-0.0337,40.4846],[-0.0321,40.4896],[-0.0279,40.4929],[-0.0296,40.4946],[-0.0296,40.4979],[-0.0262,40.5004],[-0.0237,40.5046],[-0.0179,40.5071],[-0.0162,40.5113],[-0.0154,40.5104],[-0.0054,40.5113],[-0.0029,40.5146],[0.0013,40.5146],[0.0054,40.5171],[0.0246,40.5196],[0.0271,40.5171],[0.0321,40.5154],[0.0346,40.5121],[0.0413,40.5104],[0.0471,40.5129],[0.0538,40.5129],[0.0579,40.5162],[0.0754,40.5188],[0.0821,40.5221],[0.0871,40.5229],[0.0896,40.5196],[0.0988,40.5196],[0.1046,40.5171],[0.1079,40.5171],[0.1204,40.5104],[0.1238,40.5138],[0.1279,40.5154],[0.1354,40.5162],[0.1388,40.5121],[0.1454,40.5129],[0.1563,40.5079],[0.1704,40.5063],[0.1796,40.5021],[0.1838,40.4979],[0.1863,40.4971],[0.1946,40.4971],[0.1996,40.4988],[0.2129,40.4979],[0.2263,40.4829],[0.2329,40.4796],[0.2354,40.4796],[0.2413,40.4746],[0.2446,40.4746],[0.2496,40.4696],[0.2488,40.4629],[0.2521,40.4596],[0.2563,40.4596],[0.2579,40.4579],[0.2529,40.4571],[0.2521,40.4554],[0.2588,40.4496],[0.2638,40.4537],[0.2696,40.4537],[0.2704,40.4529],[0.2679,40.4496],[0.2704,40.4479],[0.2796,40.4488],[0.2854,40.4463],[0.2904,40.4488],[0.2888,40.4546],[0.2888,40.4612],[0.2904,40.4629],[0.2929,40.4629],[0.2938,40.4663],[0.2988,40.4704],[0.3021,40.4696],[0.3021,40.4663],[0.3038,40.4654],[0.3079,40.4696],[0.3329,40.4688],[0.3388,40.4738],[0.3438,40.4746],[0.3504,40.4679],[0.3546,40.4671],[0.3604,40.4621],[0.3713,40.4629],[0.3788,40.4604],[0.3904,40.4488],[0.3946,40.4404],[0.3996,40.4404],[0.4029,40.4363],[0.4071,40.4354],[0.4104,40.4329],[0.4171,40.4329],[0.4221,40.4279],[0.4288,40.4246],[0.4321,40.4246],[0.4371,40.4196]]}},{"type":"Feature","properties":{"id":"aiguaoliva-vinaros","name":"Barranc d'Aiguadoliva","length_km":31.9},"geometry":{"type":"LineString","coordinates":[[0.2713,40.4979],[0.2688,40.5029],[0.2579,40.5038],[0.2504,40.5104],[0.2488,40.5104],[0.2479,40.5129],[0.2496,40.5146],[0.2546,40.5154],[0.2563,40.5138],[0.2604,40.5129],[0.2663,40.5146],[0.2713,40.5121],[0.2771,40.5146],[0.2796,40.5171],[0.2863,40.5171],[0.2888,40.5188],[0.2954,40.5179],[0.3013,40.5221],[0.3029,40.5221],[0.3038,40.5196],[0.3071,40.5179],[0.3154,40.5213],[0.3146,40.5288],[0.3204,40.5363],[0.3238,40.5354],[0.3271,40.5371],[0.3288,40.5363],[0.3354,40.5371],[0.3363,40.5363],[0.3338,40.5321],[0.3346,40.5296],[0.3338,40.5279],[0.3354,40.5263],[0.3379,40.5263],[0.3379,40.5237],[0.3404,40.5213],[0.3396,40.5204],[0.3404,40.5146],[0.3488,40.5104],[0.3521,40.5113],[0.3554,40.5104],[0.3696,40.4971],[0.3688,40.4954],[0.3713,40.4929],[0.3738,40.4946],[0.3763,40.4938],[0.3746,40.4904],[0.3754,40.4896],[0.3821,40.4921],[0.3888,40.4913],[0.3938,40.4879],[0.3979,40.4871],[0.3996,40.4838],[0.4038,40.4813],[0.4113,40.4813],[0.4171,40.4788],[0.4188,40.4763],[0.4204,40.4763],[0.4229,40.4738],[0.4221,40.4721],[0.4229,40.4713],[0.4271,40.4696],[0.4279,40.4663],[0.4321,40.4629],[0.4321,40.4596],[0.4338,40.4563],[0.4404,40.4479],[0.4454,40.4488],[0.4538,40.4429]]}},{"type":"Feature","properties":{"id":"cervol-vinaros","name":"Riu Cervol","length_km":69.5},"geometry":{"type":"LineString","coordinates":[[-0.0596,40.6704],[-0.0546,40.6696],[-0.0529,40.6679],[-0.0596,40.6654],[-0.0662,40.6588],[-0.0662,40.6554],[-0.0587,40.6496],[-0.0546,40.6504],[-0.0521,40.6487],[-0.0429,40.6396],[-0.0396,40.6388],[-0.0387,40.6354],[-0.0254,40.6263],[-0.0196,40.6246],[-0.0171,40.6204],[-0.0121,40.6188],[-0.0104,40.6146],[-0.0054,40.6121],[-0.0021,40.6088],[0.0021,40.6088],[0.0038,40.6071],[0.0113,40.6088],[0.0179,40.6088],[0.0204,40.6071],[0.0221,40.6079],[0.0246,40.6046],[0.0346,40.6013],[0.0496,40.6021],[0.0538,40.5971],[0.0563,40.5988],[0.0596,40.5979],[0.0629,40.6013],[0.0679,40.6029],[0.0721,40.6004],[0.0763,40.6013],[0.0813,40.5988],[0.0854,40.5996],[0.0879,40.6021],[0.0871,40.6029],[0.0879,40.6038],[0.0921,40.6013],[0.0938,40.6029],[0.0963,40.6021],[0.0979,40.6046],[0.1079,40.6029],[0.1163,40.6071],[0.1246,40.6063],[0.1279,40.6046],[0.1304,40.6046],[0.1321,40.6063],[0.1379,40.6046],[0.1429,40.6071],[0.1463,40.6071],[0.1521,40.6038],[0.1571,40.6046],[0.1629,40.6013],[0.1663,40.6013],[0.1679,40.5996],[0.1704,40.6004],[0.1729,40.5971],[0.1754,40.5971],[0.1788,40.5946],[0.1804,40.5954],[0.1788,40.5971],[0.1796,40.5988],[0.1821,40.5963],[0.1871,40.5979],[0.1888,40.5963],[0.1888,40.5938],[0.1946,40.5904],[0.1971,40.5921],[0.2021,40.5921],[0.2038,40.5871],[0.2063,40.5879],[0.2104,40.5929],[0.2121,40.5929],[0.2138,40.5921],[0.2138,40.5896],[0.2171,40.5862],[0.2196,40.5879],[0.2221,40.5862],[0.2254,40.5862],[0.2304,40.5813],[0.2404,40.5829],[0.2421,40.5796],[0.2446,40.5796],[0.2496,40.5754],[0.2546,40.5754],[0.2621,40.5729],[0.2671,40.5688],[0.2688,40.5646],[0.2721,40.5646],[0.2738,40.5629],[0.2738,40.5604],[0.2771,40.5588],[0.2813,40.5579],[0.2829,40.5604],[0.2888,40.5629],[0.2996,40.5638],[0.3013,40.5621],[0.3046,40.5621],[0.3088,40.5654],[0.3129,40.5654],[0.3154,40.5613],[0.3188,40.5613],[0.3238,40.5563],[0.3279,40.5571],[0.3321,40.5604],[0.3354,40.5588],[0.3346,40.5513],[0.3363,40.5471],[0.3421,40.5488],[0.3463,40.5429],[0.3496,40.5429],[0.3513,40.5413],[0.3546,40.5429],[0.3696,40.5371],[0.3771,40.5379],[0.3838,40.5363],[0.3838,40.5346],[0.3879,40.5296],[0.3904,40.5296],[0.3963,40.5246],[0.3988,40.5179],[0.4063,40.5088],[0.4063,40.5054],[0.4088,40.5029],[0.4179,40.5013],[0.4213,40.4988],[0.4296,40.4963],[0.4354,40.4921],[0.4446,40.4938],[0.4554,40.4879],[0.4646,40.4863],[0.4804,40.4771]]}},{"type":"Feature","properties":{"id":"senia-vinaros","name":"Riu Sénia","length_km":52.1},"geometry":{"type":"LineString","coordinates":[[0.0896,40.6513],[0.0904,40.6529],[0.0929,40.6529],[0.0938,40.6513],[0.0971,40.6504],[0.0979,40.6454],[0.1004,40.6429],[0.1046,40.6421],[0.1154,40.6421],[0.1204,40.6438],[0.1229,40.6429],[0.1321,40.6471],[0.1396,40.6471],[0.1479,40.6496],[0.1496,40.6521],[0.1521,40.6521],[0.1563,40.6554],[0.1613,40.6571],[0.1654,40.6562],[0.1738,40.6604],[0.1871,40.6604],[0.1888,40.6621],[0.1913,40.6613],[0.1929,40.6629],[0.1988,40.6621],[0.2038,40.6638],[0.2063,40.6671],[0.2096,40.6663],[0.2129,40.6688],[0.2146,40.6679],[0.2196,40.6696],[0.2246,40.6688],[0.2296,40.6696],[0.2313,40.6704],[0.2321,40.6729],[0.2346,40.6704],[0.2379,40.6721],[0.2496,40.6679],[0.2513,40.6679],[0.2538,40.6704],[0.2596,40.6713],[0.2654,40.6679],[0.2654,40.6621],[0.2679,40.6604],[0.2679,40.6562],[0.2696,40.6529],[0.2688,40.6521],[0.2696,40.6479],[0.2671,40.6471],[0.2654,40.6446],[0.2721,40.6371],[0.2754,40.6371],[0.2771,40.6354],[0.2779,40.6321],[0.2829,40.6271],[0.2888,40.6254],[0.2921,40.6229],[0.2963,40.6254],[0.2988,40.6254],[0.3013,40.6221],[0.3063,40.6204],[0.3154,40.6138],[0.3204,40.6146],[0.3238,40.6121],[0.3271,40.6121],[0.3396,40.6079],[0.3546,40.6079],[0.3604,40.6054],[0.3888,40.6071],[0.3946,40.6029],[0.4021,40.6029],[0.4071,40.5979],[0.4046,40.5954],[0.4054,40.5946],[0.4163,40.5896],[0.4204,40.5854],[0.4254,40.5838],[0.4304,40.5796],[0.4421,40.5796],[0.4438,40.5779],[0.4413,40.5771],[0.4371,40.5729],[0.4388,40.5704],[0.4338,40.5654],[0.4346,40.5613],[0.4371,40.5579],[0.4363,40.5496],[0.4396,40.5463],[0.4454,40.5454],[0.4488,40.5413],[0.4496,40.5421],[0.4546,40.5413],[0.4613,40.5371],[0.4721,40.5354],[0.4771,40.5321],[0.4821,40.5321],[0.4879,40.5288],[0.4996,40.5279],[0.5013,40.5263],[0.5054,40.5263],[0.5096,40.5237],[0.5146,40.5229]]}},{"type":"Feature","properties":{"id":"girona-verger","name":"Río Girona","length_km":38.2},"geometry":{"type":"LineString","coordinates":[[-0.2429,38.7838],[-0.2454,38.7854],[-0.2446,38.7888],[-0.2487,38.7929],[-0.2512,38.7938],[-0.2512,38.7979],[-0.2496,38.7996],[-0.2454,38.7996],[-0.2446,38.8013],[-0.2429,38.8004],[-0.2404,38.8021],[-0.2387,38.8013],[-0.2362,38.8046],[-0.2321,38.8046],[-0.2304,38.8071],[-0.2254,38.8088],[-0.2237,38.8071],[-0.2196,38.8063],[-0.2179,38.8013],[-0.2087,38.7979],[-0.2071,38.8004],[-0.2037,38.7996],[-0.2037,38.8013],[-0.1996,38.8029],[-0.1946,38.8004],[-0.1912,38.8004],[-0.1887,38.8038],[-0.1846,38.8029],[-0.1812,38.8063],[-0.1762,38.8063],[-0.1737,38.8088],[-0.1396,38.8088],[-0.1354,38.8046],[-0.1346,38.7971],[-0.1362,38.7954],[-0.1362,38.7888],[-0.1287,38.7829],[-0.1287,38.7804],[-0.1154,38.7812],[-0.1112,38.7846],[-0.1079,38.7846],[-0.1062,38.7863],[-0.0971,38.7871],[-0.0954,38.7854],[-0.0921,38.7854],[-0.0871,38.7879],[-0.0796,38.7863],[-0.0712,38.7938],[-0.0654,38.7929],[-0.0646,38.7988],[-0.0612,38.7988],[-0.0554,38.8038],[-0.0529,38.8038],[-0.0512,38.8071],[-0.0354,38.8088],[-0.0337,38.8113],[-0.0279,38.8129],[-0.0254,38.8154],[-0.0179,38.8088],[-0.0146,38.8138],[-0.0071,38.8163],[-0.0029,38.8163],[-0.0012,38.8179],[-0.0029,38.8204],[0.0004,38.8213],[0.0013,38.8246],[0.0046,38.8246],[0.0071,38.8287],[0.0096,38.8271],[0.0113,38.8287],[0.0104,38.8338],[0.0129,38.8379],[0.0104,38.8429],[0.0129,38.8471],[0.0154,38.8463],[0.0171,38.8471],[0.0179,38.8496],[0.0221,38.8521],[0.0229,38.8546],[0.0213,38.8563],[0.0246,38.8604],[0.0213,38.8646]]}},{"type":"Feature","properties":{"id":"gorgos-xabia","name":"Río Gorgos (Xaló)","length_km":51.5},"geometry":{"type":"LineString","coordinates":[[-0.2746,38.7171],[-0.2696,38.7171],[-0.2654,38.7196],[-0.2646,38.7271],[-0.2604,38.7338],[-0.2412,38.7321],[-0.2329,38.7329],[-0.2304,38.7296],[-0.2212,38.7304],[-0.2204,38.7288],[-0.2188,38.7304],[-0.2179,38.7296],[-0.2121,38.7304],[-0.2112,38.7288],[-0.2079,38.7288],[-0.2021,38.7304],[-0.2004,38.7321],[-0.2004,38.7363],[-0.1979,38.7404],[-0.1946,38.7413],[-0.1871,38.7471],[-0.1846,38.7463],[-0.1821,38.7504],[-0.1696,38.7513],[-0.1679,38.7529],[-0.1612,38.7529],[-0.1596,38.7513],[-0.1571,38.7513],[-0.1554,38.7538],[-0.1529,38.7546],[-0.1496,38.7538],[-0.1421,38.7563],[-0.1371,38.7554],[-0.1237,38.7563],[-0.1196,38.7579],[-0.1171,38.7571],[-0.1162,38.7546],[-0.1121,38.7546],[-0.1112,38.7554],[-0.1121,38.7563],[-0.1087,38.7579],[-0.1062,38.7579],[-0.1029,38.7554],[-0.1012,38.7563],[-0.0879,38.7554],[-0.0854,38.7571],[-0.0812,38.7563],[-0.0779,38.7579],[-0.0762,38.7563],[-0.0621,38.7554],[-0.0596,38.7529],[-0.0521,38.7538],[-0.0496,38.7504],[-0.0462,38.7504],[-0.0454,38.7479],[-0.0429,38.7463],[-0.0404,38.7471],[-0.0354,38.7446],[-0.0312,38.7463],[-0.0271,38.7463],[-0.0246,38.7438],[-0.0171,38.7446],[-0.0112,38.7429],[-0.0037,38.7454],[0.0029,38.7446],[0.0029,38.7479],[0.0046,38.7496],[0.0063,38.7479],[0.0104,38.7496],[0.0138,38.7471],[0.0179,38.7504],[0.0171,38.7513],[0.0179,38.7529],[0.0221,38.7554],[0.0279,38.7546],[0.0329,38.7604],[0.0379,38.7621],[0.0429,38.7596],[0.0438,38.7654],[0.0496,38.7646],[0.0521,38.7671],[0.0554,38.7629],[0.0579,38.7654],[0.0588,38.7688],[0.0629,38.7688],[0.0638,38.7704],[0.0679,38.7679],[0.0721,38.7679],[0.0746,38.7704],[0.0771,38.7696],[0.0779,38.7704],[0.0771,38.7721],[0.0796,38.7729],[0.0896,38.7704],[0.1021,38.7696],[0.1063,38.7654],[0.1079,38.7654],[0.1146,38.7729],[0.1179,38.7729],[0.1263,38.7671],[0.1304,38.7671],[0.1371,38.7704],[0.1438,38.7704],[0.1504,38.7771],[0.1571,38.7771],[0.1613,38.7788],[0.1629,38.7812],[0.1671,38.7821],[0.1688,38.7846],[0.1763,38.7879],[0.1788,38.7913],[0.1821,38.7913]]}},{"type":"Feature","properties":{"id":"algar-altea","name":"Río Algar","length_km":31.3},"geometry":{"type":"LineString","coordinates":[[-0.2921,38.7104],[-0.2912,38.7088],[-0.2937,38.7063],[-0.2937,38.7037],[-0.2929,38.7013],[-0.2896,38.6988],[-0.2904,38.6938],[-0.2854,38.6879],[-0.2821,38.6863],[-0.2721,38.6863],[-0.2696,38.6879],[-0.2621,38.6871],[-0.2537,38.6913],[-0.2421,38.6938],[-0.2379,38.6921],[-0.2304,38.6929],[-0.2254,38.6896],[-0.2229,38.6904],[-0.2129,38.6863],[-0.2087,38.6871],[-0.2046,38.6846],[-0.1979,38.6838],[-0.1879,38.6779],[-0.1829,38.6779],[-0.1787,38.6763],[-0.1762,38.6721],[-0.1704,38.6688],[-0.1671,38.6688],[-0.1621,38.6638],[-0.1571,38.6646],[-0.1554,38.6621],[-0.1546,38.6629],[-0.1496,38.6621],[-0.1421,38.6546],[-0.1429,38.6529],[-0.1379,38.6496],[-0.1371,38.6471],[-0.1337,38.6471],[-0.1279,38.6412],[-0.1229,38.6396],[-0.1121,38.6288],[-0.1062,38.6279],[-0.1029,38.6246],[-0.0938,38.6254],[-0.0896,38.6213],[-0.0837,38.6204],[-0.0804,38.6204],[-0.0762,38.6254],[-0.0712,38.6254],[-0.0654,38.6221],[-0.0562,38.6196],[-0.0404,38.6046]]}},{"type":"Feature","properties":{"id":"amadorio-vila","name":"Río Amadorio","length_km":27.1},"geometry":{"type":"LineString","coordinates":[[-0.2362,38.6487],[-0.2362,38.6454],[-0.2337,38.6429],[-0.2362,38.6379],[-0.2446,38.6354],[-0.2479,38.6329],[-0.2596,38.6338],[-0.2621,38.6321],[-0.2721,38.6329],[-0.2762,38.6313],[-0.2912,38.6304],[-0.2996,38.6263],[-0.2971,38.6238],[-0.2996,38.6204],[-0.2996,38.6171],[-0.2987,38.6154],[-0.2946,38.6138],[-0.2896,38.6129],[-0.2837,38.6138],[-0.2821,38.6121],[-0.2804,38.6129],[-0.2796,38.6079],[-0.2746,38.6079],[-0.2721,38.6054],[-0.2687,38.6054],[-0.2704,38.6029],[-0.2687,38.6013],[-0.2704,38.5971],[-0.2671,38.5946],[-0.2679,38.5904],[-0.2629,38.5854],[-0.2621,38.5787],[-0.2554,38.5713],[-0.2562,38.5696],[-0.2554,38.5679],[-0.2579,38.5654],[-0.2571,38.5629],[-0.2662,38.5521],[-0.2662,38.5496],[-0.2629,38.5471],[-0.2637,38.5438],[-0.2621,38.5421],[-0.2621,38.5396],[-0.2654,38.5363],[-0.2654,38.5346],[-0.2487,38.5213],[-0.2454,38.5213],[-0.2421,38.5188],[-0.2421,38.5162],[-0.2354,38.5088],[-0.2337,38.5054],[-0.2337,38.5021]]}},{"type":"Feature","properties":{"id":"monnegre-campello","name":"Río Monnegre / Seco","length_km":51.4},"geometry":{"type":"LineString","coordinates":[[-0.6579,38.6663],[-0.6537,38.6654],[-0.6504,38.6688],[-0.6487,38.6688],[-0.6454,38.6654],[-0.6387,38.6654],[-0.6346,38.6688],[-0.6312,38.6688],[-0.6287,38.6654],[-0.6229,38.6654],[-0.6237,38.6604],[-0.6229,38.6571],[-0.6312,38.6487],[-0.6287,38.6404],[-0.6262,38.6371],[-0.6296,38.6254],[-0.6396,38.6171],[-0.6454,38.6154],[-0.6504,38.6121],[-0.6571,38.6063],[-0.6562,38.6046],[-0.6604,38.6004],[-0.6571,38.5971],[-0.6504,38.5954],[-0.6446,38.5921],[-0.6371,38.5854],[-0.6237,38.5787],[-0.6212,38.5763],[-0.6162,38.5704],[-0.6154,38.5663],[-0.6121,38.5621],[-0.6129,38.5563],[-0.6071,38.5504],[-0.6062,38.5479],[-0.6037,38.5471],[-0.5979,38.5413],[-0.5987,38.5404],[-0.5979,38.5388],[-0.5954,38.5396],[-0.5938,38.5379],[-0.5962,38.5354],[-0.5871,38.5279],[-0.5879,38.5246],[-0.5846,38.5221],[-0.5854,38.5188],[-0.5804,38.5146],[-0.5812,38.5138],[-0.5787,38.5113],[-0.5737,38.5113],[-0.5712,38.5096],[-0.5696,38.5054],[-0.5662,38.5021],[-0.5596,38.5021],[-0.5571,38.4996],[-0.5562,38.4954],[-0.5529,38.4913],[-0.5454,38.4913],[-0.5421,38.4879],[-0.5387,38.4879],[-0.5362,38.4863],[-0.5329,38.4871],[-0.5271,38.4846],[-0.5229,38.4863],[-0.5187,38.4838],[-0.5154,38.4863],[-0.5112,38.4854],[-0.5037,38.4813],[-0.4987,38.4763],[-0.4979,38.4771],[-0.4962,38.4763],[-0.4912,38.4713],[-0.4921,38.4696],[-0.4862,38.4679],[-0.4846,38.4663],[-0.4779,38.4663],[-0.4754,38.4629],[-0.4754,38.4579],[-0.4729,38.4504],[-0.4696,38.4479],[-0.4696,38.4463],[-0.4646,38.4404],[-0.4579,38.4388],[-0.4512,38.4346],[-0.4462,38.4338],[-0.4421,38.4313],[-0.4362,38.4313],[-0.4329,38.4279],[-0.4246,38.4271],[-0.4212,38.4288],[-0.4196,38.4271],[-0.4154,38.4271],[-0.4104,38.4238],[-0.4096,38.4196],[-0.4054,38.4171],[-0.4004,38.4204],[-0.3946,38.4179],[-0.3904,38.4179]]}},{"type":"Feature","properties":{"id":"juncaret-alacant","name":"Barranc del Juncaret / Orgègia","length_km":18.7},"geometry":{"type":"LineString","coordinates":[[-0.5571,38.4754],[-0.5571,38.4721],[-0.5529,38.4679],[-0.5471,38.4679],[-0.5387,38.4646],[-0.5354,38.4596],[-0.5287,38.4571],[-0.5146,38.4421],[-0.5104,38.4404],[-0.5037,38.4404],[-0.4987,38.4379],[-0.4954,38.4388],[-0.4888,38.4363],[-0.4879,38.4329],[-0.4804,38.4238],[-0.4804,38.4196],[-0.4771,38.4171],[-0.4729,38.4163],[-0.4679,38.4104],[-0.4662,38.4062],[-0.4621,38.4054],[-0.4554,38.3987],[-0.4487,38.3963],[-0.4462,38.3938],[-0.4471,38.3904],[-0.4454,38.3888],[-0.4446,38.3838],[-0.4454,38.3813],[-0.4504,38.3763],[-0.4471,38.3696],[-0.4437,38.3671],[-0.4437,38.3638]]}},{"type":"Feature","properties":{"id":"ovejas-alacant","name":"Barranco de las Ovejas","length_km":36.3},"geometry":{"type":"LineString","coordinates":[[-0.6721,38.5088],[-0.6746,38.5088],[-0.6812,38.5038],[-0.6862,38.5029],[-0.6896,38.5004],[-0.6987,38.4971],[-0.7012,38.4938],[-0.7037,38.4938],[-0.7029,38.4863],[-0.6979,38.4804],[-0.6954,38.4804],[-0.6937,38.4788],[-0.6929,38.4763],[-0.6854,38.4696],[-0.6829,38.4654],[-0.6763,38.4629],[-0.6729,38.4604],[-0.6737,38.4596],[-0.6729,38.4571],[-0.6712,38.4571],[-0.6696,38.4546],[-0.6687,38.4554],[-0.6671,38.4546],[-0.6679,38.4521],[-0.6629,38.4496],[-0.6637,38.4479],[-0.6529,38.4363],[-0.6512,38.4254],[-0.6479,38.4213],[-0.6479,38.4179],[-0.6462,38.4163],[-0.6462,38.4113],[-0.6437,38.4062],[-0.6421,38.4046],[-0.6346,38.4021],[-0.6296,38.4021],[-0.6254,38.3996],[-0.6162,38.3987],[-0.6129,38.3971],[-0.6004,38.3979],[-0.5979,38.3996],[-0.5804,38.3979],[-0.5662,38.3987],[-0.5587,38.3963],[-0.5546,38.3971],[-0.5537,38.3946],[-0.5479,38.3896],[-0.5421,38.3896],[-0.5362,38.3838],[-0.5329,38.3838],[-0.5312,38.3813],[-0.5321,38.3788],[-0.5312,38.3779],[-0.5346,38.3729],[-0.5329,38.3579],[-0.5362,38.3546],[-0.5354,38.3521],[-0.5371,38.3504],[-0.5337,38.3463],[-0.5346,38.3429],[-0.5304,38.3388],[-0.5229,38.3371],[-0.5196,38.3329],[-0.5121,38.3321],[-0.5071,38.3287]]}},{"type":"Feature","properties":{"id":"vinalopo-elda","name":"Río Vinalopó","length_km":62.5},"geometry":{"type":"LineString","coordinates":[[-1.1379,38.7513],[-1.1387,38.7538],[-1.1437,38.7571],[-1.1421,38.7613],[-1.1487,38.7621],[-1.1471,38.7654],[-1.1404,38.7662],[-1.1346,38.7621],[-1.1271,38.7638],[-1.1221,38.7579],[-1.1187,38.7579],[-1.1146,38.7538],[-1.1071,38.7496],[-1.1029,38.7438],[-1.0996,38.7429],[-1.0987,38.7404],[-1.1029,38.7371],[-1.1029,38.7354],[-1.1012,38.7304],[-1.0987,38.7279],[-1.1004,38.7238],[-1.0971,38.7188],[-1.0979,38.7013],[-1.0971,38.6979],[-1.0938,38.6946],[-1.0938,38.6921],[-1.0913,38.6888],[-1.0713,38.6913],[-1.0513,38.6971],[-1.0354,38.6963],[-1.0279,38.6988],[-1.0187,38.6996],[-1.0029,38.6988],[-0.9979,38.6963],[-0.9821,38.6963],[-0.9754,38.6921],[-0.9621,38.6913],[-0.9587,38.6896],[-0.9554,38.6863],[-0.9554,38.6829],[-0.9529,38.6804],[-0.9529,38.6763],[-0.9487,38.6696],[-0.9496,38.6688],[-0.9479,38.6646],[-0.9429,38.6621],[-0.9387,38.6629],[-0.9354,38.6596],[-0.9354,38.6463],[-0.9212,38.6321],[-0.9212,38.6304],[-0.9079,38.6171],[-0.9021,38.6163],[-0.8954,38.6113],[-0.8904,38.6113],[-0.8887,38.6138],[-0.8871,38.6138],[-0.8787,38.6079],[-0.8771,38.6079],[-0.8729,38.6029],[-0.8737,38.6004],[-0.8704,38.5954],[-0.8696,38.5862],[-0.8638,38.5813],[-0.8638,38.5779],[-0.8579,38.5729],[-0.8537,38.5729],[-0.8496,38.5713],[-0.8412,38.5638],[-0.8304,38.5596],[-0.8229,38.5529],[-0.8221,38.5479],[-0.8179,38.5446],[-0.8179,38.5429],[-0.8129,38.5404],[-0.8146,38.5379],[-0.8129,38.5229],[-0.8087,38.5154],[-0.8087,38.5113],[-0.8071,38.5071],[-0.8021,38.5029],[-0.7996,38.4979],[-0.7954,38.4979],[-0.7929,38.4963],[-0.7846,38.4946],[-0.7862,38.4921],[-0.7912,38.4921],[-0.7929,38.4896],[-0.7954,38.4888],[-0.7971,38.4863],[-0.7954,38.4829],[-0.8013,38.4796],[-0.8013,38.4754],[-0.8071,38.4638],[-0.8071,38.4596],[-0.8021,38.4554],[-0.8037,38.4521],[-0.8021,38.4496],[-0.8121,38.4371],[-0.8129,38.4329],[-0.8087,38.4288],[-0.8029,38.4188],[-0.7937,38.4129],[-0.7896,38.4088],[-0.7896,38.4071],[-0.7804,38.3987],[-0.7737,38.3963],[-0.7629,38.3888],[-0.7588,38.3888],[-0.7521,38.3863],[-0.7487,38.3821],[-0.7454,38.3829],[-0.7412,38.3771],[-0.7421,38.3754],[-0.7354,38.3688],[-0.7337,38.3621],[-0.7312,38.3596],[-0.7287,38.3604],[-0.7246,38.3571],[-0.7254,38.3554],[-0.7246,38.3521],[-0.7279,38.3488],[-0.7262,38.3463],[-0.7271,38.3413],[-0.7237,38.3371],[-0.7237,38.3346],[-0.7279,38.3321],[-0.7287,38.3271],[-0.7246,38.3229],[-0.7246,38.3171],[-0.7212,38.3154],[-0.7229,38.3096],[-0.7196,38.3046],[-0.7212,38.3021],[-0.7204,38.3004],[-0.7171,38.2971],[-0.7146,38.2971],[-0.7121,38.2929],[-0.7071,38.2929],[-0.7054,38.2913],[-0.7046,38.2863],[-0.7012,38.2829],[-0.7021,38.2779],[-0.6996,38.2721],[-0.7004,38.2646],[-0.6996,38.2621],[-0.7012,38.2513],[-0.7029,38.2479],[-0.7012,38.2463],[-0.7012,38.2438],[-0.7037,38.2421],[-0.7062,38.2346],[-0.7112,38.2304],[-0.7104,38.2271],[-0.7137,38.2213],[-0.7129,38.2179],[-0.6929,38.2037],[-0.6887,38.1979],[-0.6871,38.1921],[-0.6821,38.1838],[-0.6787,38.1804],[-0.6779,38.1738]]}},{"type":"Feature","properties":{"id":"tarafa-aspe","name":"Riu Tarafa","length_km":49.1},"geometry":{"type":"LineString","coordinates":[[-1.0979,38.4496],[-1.0604,38.4488],[-1.0596,38.4513],[-1.0537,38.4529],[-1.0487,38.4513],[-1.0454,38.4479],[-1.0421,38.4479],[-1.0396,38.4504],[-1.0312,38.4521],[-1.0204,38.4521],[-1.0187,38.4504],[-1.0112,38.4488],[-1.0046,38.4488],[-1.0012,38.4504],[-0.9979,38.4504],[-0.9896,38.4488],[-0.9829,38.4446],[-0.9771,38.4438],[-0.9712,38.4404],[-0.9663,38.4421],[-0.9621,38.4396],[-0.9579,38.4404],[-0.9421,38.4354],[-0.9337,38.4371],[-0.9287,38.4421],[-0.9179,38.4421],[-0.9154,38.4396],[-0.9187,38.4363],[-0.9204,38.4213],[-0.9187,38.4196],[-0.9196,38.4154],[-0.9162,38.4121],[-0.9146,38.4046],[-0.9129,38.4029],[-0.9129,38.3996],[-0.9154,38.3971],[-0.9171,38.3912],[-0.9162,38.3879],[-0.9129,38.3854],[-0.9104,38.3854],[-0.9087,38.3871],[-0.9038,38.3863],[-0.9029,38.3779],[-0.9021,38.3771],[-0.8979,38.3779],[-0.8946,38.3754],[-0.8954,38.3713],[-0.8896,38.3638],[-0.8879,38.3638],[-0.8854,38.3613],[-0.8787,38.3621],[-0.8762,38.3604],[-0.8704,38.3604],[-0.8679,38.3579],[-0.8571,38.3529],[-0.8521,38.3463],[-0.8421,38.3421],[-0.8379,38.3388],[-0.8321,38.3379],[-0.8271,38.3354],[-0.8171,38.3263],[-0.8021,38.3271],[-0.7829,38.3321],[-0.7804,38.3346],[-0.7796,38.3396],[-0.7737,38.3454],[-0.7571,38.3579],[-0.7512,38.3604],[-0.7504,38.3596],[-0.7388,38.3604],[-0.7362,38.3546],[-0.7279,38.3488]]}},{"type":"Feature","properties":{"id":"vinalopo-elx","name":"Río Vinalopó","length_km":93.1},"geometry":{"type":"LineString","coordinates":[[-1.1379,38.7513],[-1.1387,38.7538],[-1.1437,38.7571],[-1.1421,38.7613],[-1.1487,38.7621],[-1.1471,38.7654],[-1.1404,38.7662],[-1.1346,38.7621],[-1.1271,38.7638],[-1.1221,38.7579],[-1.1187,38.7579],[-1.1146,38.7538],[-1.1071,38.7496],[-1.1029,38.7438],[-1.0996,38.7429],[-1.0987,38.7404],[-1.1029,38.7371],[-1.1029,38.7354],[-1.1012,38.7304],[-1.0987,38.7279],[-1.1004,38.7238],[-1.0971,38.7188],[-1.0979,38.7013],[-1.0971,38.6979],[-1.0938,38.6946],[-1.0938,38.6921],[-1.0913,38.6888],[-1.0713,38.6913],[-1.0513,38.6971],[-1.0354,38.6963],[-1.0279,38.6988],[-1.0187,38.6996],[-1.0029,38.6988],[-0.9979,38.6963],[-0.9821,38.6963],[-0.9754,38.6921],[-0.9621,38.6913],[-0.9587,38.6896],[-0.9554,38.6863],[-0.9554,38.6829],[-0.9529,38.6804],[-0.9529,38.6763],[-0.9487,38.6696],[-0.9496,38.6688],[-0.9479,38.6646],[-0.9429,38.6621],[-0.9387,38.6629],[-0.9354,38.6596],[-0.9354,38.6463],[-0.9212,38.6321],[-0.9212,38.6304],[-0.9079,38.6171],[-0.9021,38.6163],[-0.8954,38.6113],[-0.8904,38.6113],[-0.8887,38.6138],[-0.8871,38.6138],[-0.8787,38.6079],[-0.8771,38.6079],[-0.8729,38.6029],[-0.8737,38.6004],[-0.8704,38.5954],[-0.8696,38.5862],[-0.8638,38.5813],[-0.8638,38.5779],[-0.8579,38.5729],[-0.8537,38.5729],[-0.8496,38.5713],[-0.8412,38.5638],[-0.8304,38.5596],[-0.8229,38.5529],[-0.8221,38.5479],[-0.8179,38.5446],[-0.8179,38.5429],[-0.8129,38.5404],[-0.8146,38.5379],[-0.8129,38.5229],[-0.8087,38.5154],[-0.8087,38.5113],[-0.8071,38.5071],[-0.8021,38.5029],[-0.7996,38.4979],[-0.7954,38.4979],[-0.7929,38.4963],[-0.7846,38.4946],[-0.7862,38.4921],[-0.7912,38.4921],[-0.7929,38.4896],[-0.7954,38.4888],[-0.7971,38.4863],[-0.7954,38.4829],[-0.8013,38.4796],[-0.8013,38.4754],[-0.8071,38.4638],[-0.8071,38.4596],[-0.8021,38.4554],[-0.8037,38.4521],[-0.8021,38.4496],[-0.8121,38.4371],[-0.8129,38.4329],[-0.8087,38.4288],[-0.8029,38.4188],[-0.7937,38.4129],[-0.7896,38.4088],[-0.7896,38.4071],[-0.7804,38.3987],[-0.7737,38.3963],[-0.7629,38.3888],[-0.7588,38.3888],[-0.7521,38.3863],[-0.7487,38.3821],[-0.7454,38.3829],[-0.7412,38.3771],[-0.7421,38.3754],[-0.7354,38.3688],[-0.7337,38.3621],[-0.7312,38.3596],[-0.7287,38.3604],[-0.7246,38.3571],[-0.7254,38.3554],[-0.7246,38.3521],[-0.7279,38.3488],[-0.7262,38.3463],[-0.7271,38.3413],[-0.7237,38.3371],[-0.7237,38.3346],[-0.7279,38.3321],[-0.7287,38.3271],[-0.7246,38.3229],[-0.7246,38.3171],[-0.7212,38.3154],[-0.7229,38.3096],[-0.7196,38.3046],[-0.7212,38.3021],[-0.7204,38.3004],[-0.7171,38.2971],[-0.7146,38.2971],[-0.7121,38.2929],[-0.7071,38.2929],[-0.7054,38.2913],[-0.7046,38.2863],[-0.7012,38.2829],[-0.7021,38.2779],[-0.6996,38.2721],[-0.7004,38.2646],[-0.6996,38.2621],[-0.7012,38.2513],[-0.7029,38.2479],[-0.7012,38.2463],[-0.7012,38.2438],[-0.7037,38.2421],[-0.7062,38.2346],[-0.7112,38.2304],[-0.7104,38.2271],[-0.7137,38.2213],[-0.7129,38.2179],[-0.6929,38.2037],[-0.6887,38.1979],[-0.6871,38.1921],[-0.6821,38.1838],[-0.6787,38.1804],[-0.6779,38.1738]]}},{"type":"Feature","properties":{"id":"abanilla-benferri","name":"Rambla de Abanilla / Benferri","length_km":63.3},"geometry":{"type":"LineString","coordinates":[[-1.1587,38.4288],[-1.1512,38.4313],[-1.1454,38.4304],[-1.1371,38.4313],[-1.1338,38.4296],[-1.1179,38.4279],[-1.1154,38.4296],[-1.1071,38.4313],[-1.0996,38.4313],[-1.0979,38.4346],[-1.0946,38.4371],[-1.0896,38.4354],[-1.0796,38.4346],[-1.0746,38.4354],[-1.0729,38.4371],[-1.0687,38.4371],[-1.0654,38.4404],[-1.0546,38.4404],[-1.0471,38.4338],[-1.0471,38.4271],[-1.0446,38.4213],[-1.0446,38.4062],[-1.0471,38.4029],[-1.0462,38.4021],[-1.0496,38.3954],[-1.0504,38.3804],[-1.0471,38.3771],[-1.0454,38.3704],[-1.0396,38.3638],[-1.0346,38.3638],[-1.0288,38.3613],[-1.0288,38.3571],[-1.0304,38.3546],[-1.0296,38.3454],[-1.0237,38.3413],[-1.0221,38.3362],[-1.0162,38.3296],[-1.0004,38.3263],[-0.9962,38.3204],[-0.9879,38.3188],[-0.9854,38.3121],[-0.9862,38.3113],[-0.9854,38.3071],[-0.9787,38.3021],[-0.9779,38.2996],[-0.9812,38.2954],[-0.9812,38.2938],[-0.9746,38.2921],[-0.9729,38.2904],[-0.9787,38.2854],[-0.9804,38.2804],[-0.9804,38.2771],[-0.9787,38.2746],[-0.9787,38.2713],[-0.9804,38.2696],[-0.9796,38.2688],[-0.9829,38.2671],[-0.9871,38.2671],[-0.9912,38.2646],[-0.9946,38.2662],[-1.0004,38.2629],[-1.0029,38.2579],[-0.9996,38.2554],[-0.9996,38.2529],[-1.0021,38.2504],[-1.0029,38.2463],[-1.0046,38.2471],[-1.0079,38.2446],[-1.0146,38.2438],[-1.0204,38.2404],[-1.0271,38.2421],[-1.0312,38.2404],[-1.0337,38.2413],[-1.0371,38.2371],[-1.0404,38.2363],[-1.0446,38.2313],[-1.0496,38.2313],[-1.0521,38.2296],[-1.0504,38.2271],[-1.0579,38.2229],[-1.0513,38.2138],[-1.0562,38.2079],[-1.0554,38.2046],[-1.0587,38.2013],[-1.0587,38.1996],[-1.0521,38.1971],[-1.0504,38.1946],[-1.0513,38.1904],[-1.0487,38.1871],[-1.0487,38.1838],[-1.0404,38.1771],[-1.0412,38.1746],[-1.0396,38.1721],[-1.0362,38.1688],[-1.0279,38.1654],[-1.0262,38.1613],[-1.0171,38.1596],[-1.0137,38.1579],[-1.0096,38.1529],[-1.0012,38.1521],[-0.9971,38.1479],[-0.9821,38.1463],[-0.9704,38.1404],[-0.9596,38.1388],[-0.9546,38.1321],[-0.9537,38.1279]]}},{"type":"Feature","properties":{"id":"segura-orihuela","name":"Río Segura","length_km":303.2},"geometry":{"type":"LineString","coordinates":[[-2.7196,37.9629],[-2.7204,37.9671],[-2.7179,37.9704],[-2.7163,37.9788],[-2.7179,37.9804],[-2.7237,37.9804],[-2.7229,37.9829],[-2.7237,37.9938],[-2.7212,37.9979],[-2.7188,37.9979],[-2.7146,38.0021],[-2.7138,38.0071],[-2.7096,38.0104],[-2.7104,38.0162],[-2.7071,38.0204],[-2.6979,38.0221],[-2.6963,38.0246],[-2.6929,38.0246],[-2.6904,38.0263],[-2.6846,38.0254],[-2.6812,38.0221],[-2.6738,38.0196],[-2.6712,38.0213],[-2.6688,38.0196],[-2.6679,38.0204],[-2.6621,38.0196],[-2.6596,38.0213],[-2.6538,38.0213],[-2.6521,38.0237],[-2.6487,38.0221],[-2.6437,38.0229],[-2.6421,38.0246],[-2.6371,38.0229],[-2.6329,38.0237],[-2.6304,38.0296],[-2.6279,38.0288],[-2.6229,38.0329],[-2.6237,38.0354],[-2.6229,38.0413],[-2.6221,38.0421],[-2.6204,38.0413],[-2.6187,38.0429],[-2.6179,38.0471],[-2.6129,38.0521],[-2.6104,38.0529],[-2.6063,38.0571],[-2.6046,38.0571],[-2.6037,38.0621],[-2.5971,38.0629],[-2.5938,38.0654],[-2.5946,38.0663],[-2.5913,38.0696],[-2.5871,38.0696],[-2.5862,38.0721],[-2.5838,38.0721],[-2.5821,38.0738],[-2.5787,38.0729],[-2.5746,38.0738],[-2.5729,38.0763],[-2.5737,38.0771],[-2.5713,38.0779],[-2.5663,38.0829],[-2.5637,38.0829],[-2.5621,38.0813],[-2.5612,38.0821],[-2.5579,38.0813],[-2.5562,38.0829],[-2.5537,38.0821],[-2.5521,38.0854],[-2.5496,38.0871],[-2.5504,38.0888],[-2.5496,38.0896],[-2.5462,38.0896],[-2.5412,38.0921],[-2.5371,38.0988],[-2.5296,38.1013],[-2.5254,38.1071],[-2.5213,38.1079],[-2.5213,38.1096],[-2.5171,38.1129],[-2.5154,38.1163],[-2.5162,38.1196],[-2.5121,38.1221],[-2.5129,38.1246],[-2.5104,38.1263],[-2.5104,38.1288],[-2.4988,38.1313],[-2.4871,38.1487],[-2.4829,38.1504],[-2.4813,38.1538],[-2.4787,38.1538],[-2.4746,38.1562],[-2.4729,38.1621],[-2.4671,38.1679],[-2.4679,38.1713],[-2.4671,38.1729],[-2.4638,38.1729],[-2.4588,38.1754],[-2.4554,38.1804],[-2.4496,38.1821],[-2.4463,38.1854],[-2.4463,38.1888],[-2.4479,38.1904],[-2.4471,38.1929],[-2.4479,38.1954],[-2.4463,38.1979],[-2.4454,38.2046],[-2.4479,38.2079],[-2.4529,38.2096],[-2.4537,38.2112],[-2.4529,38.2129],[-2.4546,38.2163],[-2.4537,38.2188],[-2.4496,38.2213],[-2.4471,38.2263],[-2.4404,38.2329],[-2.4429,38.2354],[-2.4421,38.2421],[-2.4437,38.2446],[-2.4429,38.2479],[-2.4446,38.2504],[-2.4396,38.2596],[-2.4371,38.2613],[-2.4371,38.2638],[-2.4354,38.2646],[-2.4363,38.2713],[-2.4337,38.2763],[-2.4346,38.2796],[-2.4296,38.2829],[-2.4263,38.2821],[-2.4246,38.2838],[-2.4246,38.2863],[-2.4221,38.2896],[-2.4246,38.2921],[-2.4221,38.2938],[-2.4171,38.2929],[-2.4104,38.2979],[-2.4046,38.2963],[-2.3979,38.2963],[-2.3846,38.2979],[-2.3821,38.2996],[-2.3788,38.2988],[-2.3762,38.2996],[-2.3687,38.2954],[-2.3646,38.2996],[-2.3563,38.3004],[-2.3512,38.3046],[-2.3496,38.3046],[-2.3462,38.3096],[-2.3396,38.3113],[-2.3379,38.3146],[-2.3338,38.3146],[-2.3296,38.3196],[-2.3279,38.3238],[-2.3179,38.3246],[-2.3121,38.3304],[-2.3121,38.3338],[-2.3104,38.3354],[-2.3071,38.3354],[-2.3013,38.3413],[-2.2971,38.3429],[-2.2912,38.3429],[-2.2837,38.3471],[-2.2754,38.3488],[-2.2713,38.3521],[-2.2679,38.3513],[-2.2654,38.3521],[-2.2604,38.3579],[-2.2562,38.3596],[-2.2479,38.3688],[-2.2363,38.3738],[-2.2313,38.3804],[-2.2287,38.3804],[-2.2271,38.3821],[-2.2271,38.3846],[-2.2254,38.3863],[-2.2221,38.3871],[-2.2212,38.3904],[-2.2196,38.3904],[-2.2162,38.3871],[-2.2129,38.3896],[-2.2079,38.3888],[-2.2071,38.3954],[-2.2021,38.3938],[-2.1996,38.3971],[-2.1963,38.3946],[-2.1929,38.3946],[-2.1879,38.4004],[-2.1837,38.3987],[-2.1812,38.4013],[-2.1738,38.4013],[-2.1688,38.3979],[-2.1637,38.3987],[-2.1579,38.3938],[-2.1546,38.3971],[-2.1471,38.3971],[-2.1412,38.4013],[-2.1354,38.4004],[-2.1329,38.4021],[-2.1271,38.4021],[-2.1237,38.4054],[-2.0904,38.4046],[-2.0846,38.4088],[-2.0821,38.4071],[-2.0812,38.4046],[-2.0762,38.4046],[-2.0729,38.4071],[-2.0721,38.4138],[-2.0687,38.4138],[-2.0629,38.4062],[-2.0612,38.4071],[-2.0612,38.4096],[-2.0596,38.4113],[-2.0537,38.4129],[-2.0479,38.4054],[-2.0421,38.4062],[-2.0379,38.4046],[-2.0312,38.4096],[-2.0296,38.4096],[-2.0263,38.4054],[-2.0213,38.4029],[-2.0162,38.4046],[-2.0112,38.4104],[-2.0054,38.4121],[-2.0012,38.4104],[-1.9971,38.4104],[-1.9946,38.4079],[-1.9904,38.4113],[-1.9846,38.4071],[-1.9821,38.4071],[-1.9796,38.4046],[-1.9796,38.3987],[-1.9762,38.3954],[-1.9704,38.3929],[-1.9679,38.3963],[-1.9637,38.3921],[-1.9604,38.3921],[-1.9571,38.3963],[-1.9546,38.3954],[-1.9462,38.3979],[-1.9354,38.3946],[-1.9254,38.3954],[-1.9246,38.3971],[-1.9304,38.4029],[-1.9296,38.4054],[-1.9212,38.4013],[-1.9187,38.4013],[-1.9154,38.4062],[-1.9112,38.4062],[-1.9054,38.4004],[-1.9021,38.4004],[-1.8996,38.4054],[-1.8962,38.4088],[-1.8896,38.4113],[-1.8829,38.4113],[-1.8812,38.4096],[-1.8812,38.4046],[-1.8746,38.3921],[-1.8579,38.3738],[-1.8554,38.3738],[-1.8496,38.3771],[-1.8454,38.3771],[-1.8312,38.3713],[-1.8154,38.3679],[-1.7929,38.3696],[-1.7846,38.3654],[-1.7821,38.3688],[-1.7804,38.3688],[-1.7779,38.3654],[-1.7746,38.3654],[-1.7712,38.3638],[-1.7696,38.3654],[-1.7704,38.3713],[-1.7696,38.3788],[-1.7662,38.3796],[-1.7604,38.3771],[-1.7562,38.3729],[-1.7537,38.3729],[-1.7512,38.3763],[-1.7521,38.3771],[-1.7512,38.3796],[-1.7437,38.3804],[-1.7346,38.3746],[-1.7346,38.3704],[-1.7304,38.3721],[-1.7254,38.3688],[-1.7196,38.3688],[-1.7179,38.3671],[-1.7187,38.3646],[-1.7154,38.3629],[-1.7137,38.3646],[-1.7137,38.3688],[-1.7121,38.3704],[-1.7071,38.3704],[-1.7037,38.3746],[-1.7012,38.3746],[-1.6979,38.3713],[-1.6987,38.3696],[-1.6979,38.3688],[-1.6904,38.3679],[-1.6821,38.3596],[-1.6821,38.3571],[-1.6854,38.3538],[-1.6846,38.3513],[-1.6821,38.3496],[-1.6846,38.3471],[-1.6904,38.3479],[-1.6921,38.3463],[-1.6921,38.3438],[-1.6904,38.3421],[-1.6929,38.3379],[-1.6871,38.3354],[-1.6854,38.3287],[-1.6812,38.3246],[-1.6771,38.3246],[-1.6721,38.3204],[-1.6721,38.3179],[-1.6696,38.3154],[-1.6704,38.3129],[-1.6696,38.3088],[-1.6721,38.3063],[-1.6712,38.3021],[-1.6746,38.2988],[-1.6854,38.2979],[-1.6871,38.2963],[-1.6846,38.2929],[-1.6904,38.2888],[-1.6896,38.2854],[-1.6929,38.2821],[-1.6979,38.2846],[-1.7012,38.2921],[-1.7046,38.2896],[-1.7096,38.2929],[-1.7121,38.2904],[-1.7121,38.2871],[-1.7087,38.2838],[-1.7112,38.2804],[-1.7221,38.2812],[-1.7237,38.2796],[-1.7329,38.2788],[-1.7296,38.2754],[-1.7312,38.2696],[-1.7296,38.2679],[-1.7279,38.2688],[-1.7246,38.2679],[-1.7212,38.2629],[-1.7146,38.2621],[-1.7112,38.2662],[-1.7054,38.2662],[-1.7012,38.2646],[-1.6987,38.2613],[-1.7029,38.2554],[-1.7029,38.2538],[-1.6987,38.2488],[-1.6962,38.2488],[-1.6946,38.2471],[-1.6921,38.2479],[-1.6621,38.2471],[-1.6579,38.2513],[-1.6504,38.2538],[-1.6487,38.2554],[-1.6121,38.2554],[-1.6071,38.2579],[-1.5929,38.2571],[-1.5879,38.2554],[-1.5762,38.2546],[-1.5712,38.2521],[-1.5679,38.2521],[-1.5621,38.2496],[-1.5596,38.2463],[-1.5529,38.2438],[-1.5512,38.2413],[-1.5396,38.2421],[-1.5371,38.2404],[-1.5304,38.2396],[-1.5279,38.2371],[-1.5304,38.2321],[-1.5271,38.2296],[-1.5187,38.2363],[-1.5062,38.2371],[-1.5046,38.2354],[-1.5071,38.2304],[-1.5062,38.2288],[-1.4979,38.2338],[-1.4954,38.2329],[-1.4912,38.2379],[-1.4863,38.2371],[-1.4821,38.2396],[-1.4771,38.2396],[-1.4737,38.2429],[-1.4671,38.2421],[-1.4546,38.2454],[-1.4446,38.2421],[-1.4396,38.2421],[-1.4354,38.2463],[-1.4329,38.2471],[-1.4279,38.2404],[-1.4279,38.2388],[-1.4321,38.2363],[-1.4296,38.2329],[-1.4129,38.2321],[-1.4121,38.2304],[-1.4162,38.2279],[-1.4179,38.2254],[-1.4154,38.2229],[-1.4154,38.2188],[-1.4146,38.2179],[-1.4096,38.2188],[-1.4079,38.2138],[-1.4029,38.2096],[-1.4054,38.2063],[-1.4054,38.2021],[-1.3996,38.1979],[-1.3954,38.1996],[-1.3929,38.2029],[-1.3879,38.2013],[-1.3829,38.1938],[-1.3846,38.1863],[-1.3787,38.1813],[-1.3771,38.1779],[-1.3729,38.1763],[-1.3662,38.1763],[-1.3546,38.1654],[-1.3487,38.1579],[-1.3496,38.1562],[-1.3396,38.1496],[-1.3396,38.1446],[-1.3413,38.1421],[-1.3379,38.1396],[-1.3346,38.1346],[-1.3312,38.1329],[-1.3221,38.1421],[-1.3187,38.1388],[-1.3162,38.1329],[-1.3112,38.1279],[-1.3079,38.1271],[-1.3071,38.1279],[-1.3079,38.1296],[-1.3054,38.1304],[-1.3013,38.1263],[-1.2946,38.1246],[-1.2929,38.1221],[-1.2929,38.1171],[-1.2946,38.1129],[-1.2912,38.1104],[-1.2996,38.1063],[-1.2971,38.1021],[-1.2946,38.1029],[-1.2937,38.1004],[-1.2904,38.1004],[-1.2846,38.1029],[-1.2821,38.1021],[-1.2779,38.1038],[-1.2729,38.1038],[-1.2704,38.1013],[-1.2704,38.0971],[-1.2679,38.0954],[-1.2637,38.0954],[-1.2621,38.0929],[-1.2646,38.0904],[-1.2579,38.0862],[-1.2579,38.0838],[-1.2621,38.0763],[-1.2612,38.0746],[-1.2562,38.0754],[-1.2479,38.0671],[-1.2446,38.0671],[-1.2429,38.0696],[-1.2371,38.0621],[-1.2371,38.0596],[-1.2312,38.0546],[-1.2304,38.0529],[-1.2337,38.0504],[-1.2321,38.0488],[-1.2296,38.0479],[-1.2279,38.0496],[-1.2246,38.0488],[-1.2204,38.0496],[-1.2129,38.0471],[-1.2146,38.0429],[-1.2237,38.0379],[-1.2229,38.0338],[-1.2171,38.0346],[-1.2146,38.0321],[-1.2179,38.0296],[-1.2179,38.0271],[-1.2112,38.0213],[-1.2129,38.0196],[-1.2171,38.0188],[-1.2171,38.0162],[-1.2196,38.0129],[-1.2188,38.0121],[-1.2154,38.0129],[-1.2137,38.0113],[-1.2171,38.0054],[-1.2163,38.0012],[-1.2196,37.9979],[-1.2196,37.9963],[-1.2112,37.9938],[-1.2079,37.9904],[-1.2079,37.9879],[-1.2121,37.9846],[-1.2137,37.9804],[-1.2046,37.9771],[-1.2012,37.9796],[-1.2012,37.9813],[-1.1987,37.9838],[-1.1846,37.9829],[-1.1812,37.9796],[-1.1763,37.9788],[-1.1721,37.9813],[-1.1712,37.9846],[-1.1612,37.9854],[-1.1596,37.9838],[-1.1596,37.9796],[-1.1546,37.9763],[-1.1521,37.9763],[-1.1454,37.9821],[-1.1404,37.9788],[-1.1379,37.9788],[-1.1329,37.9829],[-1.1271,37.9813],[-1.1204,37.9813],[-1.1079,37.9829],[-1.1012,37.9863],[-1.0921,37.9871],[-1.0846,37.9946],[-1.0812,37.9946],[-1.0762,37.9904],[-1.0746,37.9904],[-1.0637,37.9979],[-1.0587,37.9988],[-1.0537,38.0046],[-1.0496,38.0054],[-1.0487,38.0079],[-1.0396,38.0179],[-1.0387,38.0237],[-1.0362,38.0263],[-1.0279,38.0288],[-1.0246,38.0321],[-1.0212,38.0312],[-1.0146,38.0346],[-1.0104,38.0404],[-1.0104,38.0429],[-1.0037,38.0513],[-1.0029,38.0563],[-0.9971,38.0604],[-0.9946,38.0654],[-0.9888,38.0679],[-0.9862,38.0704],[-0.9821,38.0704],[-0.9754,38.0746],[-0.9712,38.0754],[-0.9646,38.0829],[-0.9587,38.0871],[-0.9554,38.0871],[-0.9521,38.0846],[-0.9471,38.0854],[-0.9429,38.0838],[-0.9379,38.0846],[-0.9337,38.0821],[-0.9321,38.0821],[-0.9279,38.0862],[-0.9237,38.0871],[-0.9112,38.0879],[-0.9071,38.0862],[-0.9046,38.0871],[-0.8937,38.0821],[-0.8854,38.0754],[-0.8804,38.0754],[-0.8671,38.0713],[-0.8604,38.0713],[-0.8496,38.0804],[-0.8438,38.0838],[-0.8396,38.0846],[-0.8354,38.0838],[-0.8329,38.0854],[-0.8179,38.0871],[-0.8013,38.0938],[-0.7954,38.0938],[-0.7937,38.0913],[-0.7821,38.0896],[-0.7729,38.0854],[-0.7671,38.0854],[-0.7637,38.0829],[-0.7579,38.0846],[-0.7562,38.0829],[-0.7512,38.0838],[-0.7496,38.0821],[-0.7479,38.0838],[-0.7437,38.0829],[-0.7388,38.0862],[-0.7312,38.0854],[-0.7287,38.0879],[-0.7246,38.0871],[-0.7212,38.0896],[-0.7179,38.0888],[-0.7112,38.0929],[-0.7012,38.0938],[-0.6979,38.0963],[-0.6912,38.0938],[-0.6846,38.0938],[-0.6812,38.0963],[-0.6621,38.0971],[-0.6587,38.0996],[-0.6554,38.1063],[-0.6521,38.1096],[-0.6429,38.1113]]}},{"type":"Feature","properties":{"id":"seco-pilar","name":"Río Seco","length_km":17.6},"geometry":{"type":"LineString","coordinates":[[-0.9229,37.9454],[-0.9162,37.9454],[-0.9104,37.9413],[-0.9046,37.9413],[-0.8996,37.9379],[-0.8946,37.9371],[-0.8854,37.9329],[-0.8838,37.9338],[-0.8796,37.9288],[-0.8729,37.9271],[-0.8662,37.9188],[-0.8638,37.9188],[-0.8562,37.9129],[-0.8521,37.9138],[-0.8471,37.9129],[-0.8429,37.9146],[-0.8329,37.9138],[-0.8304,37.9088],[-0.8312,37.9054],[-0.8287,37.9029],[-0.8279,37.8979],[-0.8246,37.8921],[-0.8154,37.8904],[-0.8062,37.8929],[-0.8046,37.8912],[-0.8021,37.8921],[-0.7987,37.8912],[-0.7962,37.8921],[-0.7921,37.8904],[-0.7879,37.8912],[-0.7854,37.8888],[-0.7754,37.8896],[-0.7721,37.8879],[-0.7704,37.8896],[-0.7662,37.8904],[-0.7654,37.8879],[-0.7621,37.8863],[-0.7596,37.8829],[-0.7588,37.8838],[-0.7537,37.8813]]}}]}