{"type":"FeatureCollection","name":"Riuà basin units","attribution":"© Confederación Hidrográfica del Júcar (PHJ 2022-2027); CEDEX/DGA-MITECO subcuencas 1:25.000; HydroBASINS/HydroRIVERS © WWF/HydroSHEDS; names outside the Júcar district © OpenStreetMap contributors (ODbL)","features":[{"type":"Feature","properties":{"id":"J18-07-01-01","idx":0,"name":"Río Marimota","river":"Río Marimota","town":"San Lorenzo de la Parrilla","kind":"wb","area_km2":201.7,"up_area_km2":201.7,"next":"J18-07","terminal_unit":"J18-36","terminal":"sea","drains_to_sea":true,"n_upstream":0,"outlet":[-2.302,39.8093],"outlet_how":"cedex river x unit boundary","label":[-2.4025,39.855],"source":"CHJ PHJ 2022-2027 masas de agua superficial (cuenca)","chj_codes":["18-07-01-01"]},"geometry":{"type":"Polygon","coordinates":[[[-2.425,39.757],[-2.432,39.759],[-2.432,39.764],[-2.439,39.772],[-2.441,39.779],[-2.446,39.779],[-2.452,39.788],[-2.455,39.788],[-2.46,39.793],[-2.463,39.798],[-2.463,39.806],[-2.47,39.815],[-2.47,39.818],[-2.474,39.821],[-2.475,39.829],[-2.473,39.833],[-2.468,39.834],[-2.468,39.838],[-2.464,39.84],[-2.461,39.837],[-2.457,39.837],[-2.454,39.841],[-2.456,39.845],[-2.452,39.847],[-2.455,39.853],[-2.461,39.857],[-2.463,39.864],[-2.467,39.865],[-2.468,39.869],[-2.477,39.879],[-2.477,39.885],[-2.481,39.888],[-2.478,39.895],[-2.473,39.899],[-2.473,39.906],[-2.478,39.907],[-2.481,39.912],[-2.485,39.913],[-2.485,39.916],[-2.478,39.916],[-2.476,39.921],[-2.479,39.923],[-2.479,39.928],[-2.477,39.932],[-2.472,39.935],[-2.467,39.936],[-2.467,39.94],[-2.462,39.948],[-2.457,39.951],[-2.451,39.951],[-2.446,39.949],[-2.444,39.944],[-2.434,39.946],[-2.432,39.949],[-2.423,39.949],[-2.42,39.951],[-2.412,39.95],[-2.408,39.95],[-2.408,39.945],[-2.413,39.943],[-2.413,39.941],[-2.418,39.941],[-2.417,39.935],[-2.408,39.931],[-2.394,39.93],[-2.39,39.923],[-2.386,39.921],[-2.387,39.915],[-2.394,39.909],[-2.386,39.906],[-2.378,39.896],[-2.379,39.892],[-2.374,39.887],[-2.373,39.882],[-2.376,39.879],[-2.371,39.875],[-2.37,39.872],[-2.365,39.87],[-2.365,39.867],[-2.353,39.862],[-2.348,39.857],[-2.346,39.853],[-2.332,39.853],[-2.333,39.85],[-2.328,39.846],[-2.323,39.846],[-2.322,39.844],[-2.315,39.843],[-2.309,39.835],[-2.305,39.837],[-2.304,39.819],[-2.296,39.817],[-2.293,39.811],[-2.299,39.813],[-2.302,39.809],[-2.313,39.809],[-2.317,39.806],[-2.319,39.802],[-2.333,39.803],[-2.334,39.793],[-2.33,39.792],[-2.326,39.786],[-2.328,39.786],[-2.324,39.778],[-2.335,39.776],[-2.338,39.774],[-2.339,39.768],[-2.342,39.766],[-2.355,39.767],[-2.361,39.764],[-2.361,39.762],[-2.366,39.758],[-2.379,39.758],[-2.386,39.759],[-2.388,39.757],[-2.397,39.757],[-2.404,39.757],[-2.405,39.761],[-2.41,39.76],[-2.416,39.756],[-2.425,39.757]]]}},{"type":"Feature","properties":{"id":"J18-07-02-01","idx":1,"name":"Arroyo del Molinillo","river":"Arroyo del Molinillo","town":"La Almarcha","kind":"wb","area_km2":57.8,"up_area_km2":57.8,"next":"J18-07","terminal_unit":"J18-36","terminal":"sea","drains_to_sea":true,"n_upstream":0,"outlet":[-2.306,39.6874],"outlet_how":"cedex river x unit boundary","label":[-2.3741,39.716],"source":"CHJ PHJ 2022-2027 masas de agua superficial (cuenca)","chj_codes":["18-07-02-01"]},"geometry":{"type":"Polygon","coordinates":[[[-2.425,39.757],[-2.416,39.756],[-2.41,39.76],[-2.405,39.761],[-2.404,39.757],[-2.397,39.757],[-2.391,39.752],[-2.39,39.749],[-2.38,39.748],[-2.38,39.745],[-2.372,39.745],[-2.368,39.742],[-2.365,39.734],[-2.354,39.734],[-2.351,39.733],[-2.347,39.719],[-2.344,39.719],[-2.346,39.711],[-2.348,39.711],[-2.351,39.704],[-2.347,39.702],[-2.348,39.698],[-2.34,39.693],[-2.329,39.693],[-2.326,39.699],[-2.323,39.695],[-2.319,39.693],[-2.313,39.693],[-2.305,39.687],[-2.304,39.684],[-2.296,39.682],[-2.295,39.684],[-2.285,39.682],[-2.286,39.677],[-2.283,39.675],[-2.286,39.667],[-2.293,39.666],[-2.301,39.67],[-2.31,39.671],[-2.326,39.671],[-2.327,39.674],[-2.331,39.676],[-2.331,39.679],[-2.335,39.68],[-2.336,39.676],[-2.343,39.674],[-2.351,39.68],[-2.355,39.68],[-2.358,39.684],[-2.364,39.683],[-2.38,39.683],[-2.388,39.682],[-2.398,39.677],[-2.402,39.673],[-2.403,39.675],[-2.41,39.677],[-2.413,39.68],[-2.417,39.68],[-2.42,39.684],[-2.427,39.688],[-2.431,39.688],[-2.437,39.691],[-2.445,39.692],[-2.44,39.699],[-2.436,39.7],[-2.434,39.703],[-2.419,39.704],[-2.418,39.707],[-2.412,39.707],[-2.407,39.709],[-2.403,39.713],[-2.404,39.72],[-2.407,39.724],[-2.41,39.724],[-2.415,39.728],[-2.415,39.734],[-2.417,39.738],[-2.422,39.74],[-2.423,39.744],[-2.426,39.744],[-2.429,39.75],[-2.424,39.752],[-2.425,39.757]]]}},{"type":"Feature","properties":{"id":"J18-09-01-01","idx":2,"name":"Arroyo de Valhermoso","river":"Arroyo de Valhermoso","town":"Gabaldón","kind":"wb","area_km2":228.9,"up_area_km2":228.9,"next":"J18-09","terminal_unit":"J18-36","terminal":"sea","drains_to_sea":true,"n_upstream":0,"outlet":[-2.061,39.5083],"outlet_how":"cedex river x unit boundary","label":[-2.0095,39.6275],"source":"CHJ PHJ 2022-2027 masas de agua superficial (cuenca)","chj_codes":["18-09-01-01"]},"geometry":{"type":"Polygon","coordinates":[[[-2.028,39.754],[-2.028,39.752],[-2.015,39.751],[-2.015,39.749],[-2.008,39.749],[-2.005,39.744],[-1.993,39.741],[-1.993,39.738],[-1.982,39.739],[-1.982,39.737],[-1.97,39.73],[-1.967,39.724],[-1.962,39.724],[-1.96,39.722],[-1.955,39.722],[-1.951,39.717],[-1.947,39.715],[-1.942,39.715],[-1.938,39.713],[-1.938,39.708],[-1.926,39.706],[-1.923,39.704],[-1.925,39.699],[-1.93,39.692],[-1.934,39.691],[-1.936,39.688],[-1.936,39.683],[-1.938,39.679],[-1.942,39.68],[-1.943,39.675],[-1.947,39.674],[-1.948,39.661],[-1.947,39.654],[-1.948,39.648],[-1.946,39.644],[-1.949,39.642],[-1.947,39.639],[-1.947,39.634],[-1.942,39.631],[-1.939,39.626],[-1.939,39.62],[-1.941,39.615],[-1.938,39.609],[-1.94,39.606],[-1.957,39.606],[-1.958,39.605],[-1.959,39.589],[-1.961,39.585],[-1.961,39.58],[-1.959,39.576],[-1.959,39.567],[-1.957,39.563],[-1.959,39.561],[-1.965,39.561],[-1.968,39.556],[-1.968,39.552],[-1.974,39.551],[-1.976,39.549],[-1.981,39.549],[-1.988,39.545],[-1.997,39.545],[-1.997,39.54],[-2.009,39.537],[-2.011,39.53],[-2.011,39.519],[-2.012,39.513],[-2.015,39.513],[-2.017,39.507],[-2.024,39.508],[-2.025,39.502],[-2.031,39.504],[-2.032,39.502],[-2.043,39.503],[-2.046,39.5],[-2.053,39.5],[-2.055,39.504],[-2.061,39.508],[-2.06,39.513],[-2.062,39.515],[-2.058,39.516],[-2.059,39.522],[-2.053,39.527],[-2.053,39.531],[-2.058,39.533],[-2.062,39.539],[-2.058,39.54],[-2.052,39.548],[-2.049,39.548],[-2.049,39.552],[-2.052,39.554],[-2.052,39.56],[-2.054,39.561],[-2.055,39.571],[-2.061,39.573],[-2.065,39.576],[-2.068,39.581],[-2.071,39.582],[-2.071,39.593],[-2.076,39.595],[-2.084,39.605],[-2.08,39.607],[-2.08,39.618],[-2.079,39.629],[-2.075,39.635],[-2.066,39.643],[-2.06,39.646],[-2.053,39.646],[-2.053,39.648],[-2.046,39.646],[-2.041,39.648],[-2.042,39.664],[-2.05,39.665],[-2.053,39.668],[-2.061,39.669],[-2.061,39.672],[-2.067,39.673],[-2.067,39.678],[-2.069,39.68],[-2.075,39.68],[-2.075,39.686],[-2.084,39.691],[-2.077,39.693],[-2.058,39.693],[-2.054,39.695],[-2.055,39.71],[-2.05,39.713],[-2.049,39.717],[-2.053,39.72],[-2.054,39.725],[-2.049,39.726],[-2.045,39.729],[-2.047,39.735],[-2.039,39.738],[-2.04,39.747],[-2.028,39.754]]]}},{"type":"Feature","properties":{"id":"J18-12-01-01","idx":3,"name":"Río Valdemembra: cabecera - Motilla del Palancar","river":"Río Valdemembra","town":"Motilla del Palancar","kind":"wb","area_km2":173.1,"up_area_km2":173.1,"next":"J18-12-01-02","terminal_unit":"J18-36","terminal":"sea","drains_to_sea":true,"n_upstream":0,"outlet":[-1.917,39.5416],"outlet_how":"cedex river x unit boundary","label":[-1.906,39.668],"source":"CHJ PHJ 2022-2027 masas de agua superficial (cuenca)","chj_codes":["18-12-01-01"]},"geometry":{"type":"Polygon","coordinates":[[[-1.959,39.561],[-1.957,39.563],[-1.959,39.567],[-1.959,39.576],[-1.961,39.58],[-1.961,39.585],[-1.959,39.589],[-1.958,39.605],[-1.957,39.606],[-1.94,39.606],[-1.938,39.609],[-1.941,39.615],[-1.939,39.62],[-1.939,39.626],[-1.942,39.631],[-1.947,39.634],[-1.947,39.639],[-1.949,39.642],[-1.946,39.644],[-1.948,39.648],[-1.947,39.654],[-1.948,39.661],[-1.947,39.674],[-1.943,39.675],[-1.942,39.68],[-1.938,39.679],[-1.936,39.683],[-1.936,39.688],[-1.934,39.691],[-1.93,39.692],[-1.925,39.699],[-1.923,39.704],[-1.926,39.706],[-1.938,39.708],[-1.938,39.713],[-1.942,39.715],[-1.947,39.715],[-1.951,39.717],[-1.955,39.722],[-1.96,39.722],[-1.962,39.724],[-1.967,39.724],[-1.97,39.73],[-1.982,39.737],[-1.982,39.739],[-1.993,39.738],[-1.993,39.741],[-2.005,39.744],[-2.008,39.749],[-2.015,39.749],[-2.015,39.751],[-2.028,39.752],[-2.028,39.754],[-2.017,39.753],[-2.016,39.767],[-2.014,39.765],[-2.008,39.766],[-2.007,39.773],[-2.009,39.776],[-2.004,39.776],[-2.002,39.778],[-2.003,39.791],[-2.001,39.794],[-1.995,39.791],[-1.995,39.787],[-1.987,39.785],[-1.985,39.782],[-1.979,39.778],[-1.975,39.778],[-1.968,39.782],[-1.967,39.787],[-1.965,39.786],[-1.966,39.78],[-1.97,39.777],[-1.966,39.77],[-1.955,39.77],[-1.955,39.771],[-1.94,39.771],[-1.939,39.767],[-1.933,39.767],[-1.927,39.759],[-1.922,39.759],[-1.919,39.753],[-1.915,39.756],[-1.907,39.754],[-1.906,39.751],[-1.899,39.751],[-1.897,39.748],[-1.893,39.748],[-1.889,39.739],[-1.891,39.737],[-1.888,39.734],[-1.89,39.732],[-1.883,39.731],[-1.882,39.729],[-1.874,39.728],[-1.872,39.725],[-1.861,39.724],[-1.859,39.721],[-1.847,39.721],[-1.844,39.717],[-1.843,39.707],[-1.847,39.702],[-1.855,39.701],[-1.853,39.696],[-1.853,39.69],[-1.861,39.69],[-1.864,39.686],[-1.872,39.682],[-1.872,39.68],[-1.877,39.68],[-1.878,39.674],[-1.872,39.674],[-1.867,39.671],[-1.862,39.665],[-1.859,39.664],[-1.857,39.659],[-1.863,39.657],[-1.863,39.649],[-1.872,39.648],[-1.873,39.645],[-1.888,39.645],[-1.89,39.642],[-1.894,39.641],[-1.892,39.628],[-1.89,39.625],[-1.89,39.62],[-1.895,39.618],[-1.884,39.602],[-1.88,39.602],[-1.877,39.587],[-1.873,39.584],[-1.871,39.58],[-1.874,39.578],[-1.875,39.57],[-1.878,39.568],[-1.877,39.556],[-1.88,39.553],[-1.894,39.554],[-1.897,39.551],[-1.9,39.547],[-1.903,39.548],[-1.904,39.543],[-1.917,39.541],[-1.938,39.541],[-1.943,39.543],[-1.943,39.547],[-1.947,39.548],[-1.947,39.554],[-1.95,39.555],[-1.952,39.56],[-1.959,39.561]]]}},{"type":"Feature","properties":{"id":"J18-14-01-03","idx":4,"name":"Río Arquillo: azud de Carrasca del Sombrero - río Mirón","river":"Río Arquillo","town":"Balazote","kind":"wb","area_km2":59.6,"up_area_km2":450.7,"next":"J18-14-01-04","terminal_unit":"J18-36","terminal":"sea","drains_to_sea":true,"n_upstream":3,"outlet":[-2.14,38.8867],"outlet_how":"cedex river x unit boundary","label":[-2.2399,38.839],"source":"CHJ PHJ 2022-2027 masas de agua superficial (cuenca)","chj_codes":["18-14-01-03"]},"geometry":{"type":"Polygon","coordinates":[[[-2.142,38.886],[-2.145,38.885],[-2.146,38.88],[-2.151,38.878],[-2.151,38.875],[-2.166,38.875],[-2.169,38.878],[-2.176,38.878],[-2.179,38.876],[-2.185,38.876],[-2.187,38.873],[-2.192,38.873],[-2.192,38.868],[-2.194,38.86],[-2.192,38.859],[-2.193,38.853],[-2.196,38.85],[-2.197,38.84],[-2.21,38.838],[-2.21,38.835],[-2.214,38.833],[-2.216,38.829],[-2.224,38.828],[-2.23,38.822],[-2.235,38.822],[-2.237,38.82],[-2.236,38.811],[-2.238,38.807],[-2.242,38.804],[-2.244,38.8],[-2.243,38.795],[-2.253,38.792],[-2.255,38.784],[-2.263,38.781],[-2.263,38.779],[-2.269,38.78],[-2.273,38.778],[-2.276,38.787],[-2.281,38.789],[-2.277,38.791],[-2.273,38.8],[-2.268,38.804],[-2.269,38.81],[-2.267,38.813],[-2.268,38.82],[-2.267,38.825],[-2.264,38.827],[-2.269,38.832],[-2.269,38.836],[-2.275,38.837],[-2.277,38.84],[-2.282,38.84],[-2.282,38.842],[-2.287,38.843],[-2.282,38.846],[-2.282,38.85],[-2.278,38.852],[-2.271,38.853],[-2.269,38.86],[-2.258,38.859],[-2.254,38.856],[-2.25,38.863],[-2.246,38.863],[-2.244,38.867],[-2.239,38.867],[-2.239,38.876],[-2.235,38.878],[-2.233,38.885],[-2.23,38.887],[-2.226,38.886],[-2.222,38.889],[-2.22,38.893],[-2.217,38.896],[-2.209,38.895],[-2.206,38.899],[-2.201,38.899],[-2.2,38.896],[-2.196,38.898],[-2.191,38.898],[-2.187,38.901],[-2.169,38.9],[-2.163,38.897],[-2.161,38.891],[-2.152,38.887],[-2.14,38.887],[-2.142,38.886]]]}},{"type":"Feature","properties":{"id":"J18-14-01-03-01-02","idx":5,"name":"Río Mirón: rambla de Fuentecarrasca - río Arquillo","river":"Río Mirón","town":"San Pedro","kind":"wb","area_km2":98.9,"up_area_km2":229.0,"next":"J18-14-01-04","terminal_unit":"J18-36","terminal":"sea","drains_to_sea":true,"n_upstream":1,"outlet":[-2.145,38.8846],"outlet_how":"cedex river x unit boundary","label":[-2.198,38.8055],"source":"CHJ PHJ 2022-2027 masas de agua superficial (cuenca)","chj_codes":["18-14-01-03-01-02"]},"geometry":{"type":"Polygon","coordinates":[[[-2.255,38.784],[-2.253,38.792],[-2.243,38.795],[-2.244,38.8],[-2.242,38.804],[-2.238,38.807],[-2.236,38.811],[-2.237,38.82],[-2.235,38.822],[-2.23,38.822],[-2.224,38.828],[-2.216,38.829],[-2.214,38.833],[-2.21,38.835],[-2.21,38.838],[-2.197,38.84],[-2.196,38.85],[-2.193,38.853],[-2.192,38.859],[-2.194,38.86],[-2.192,38.868],[-2.192,38.873],[-2.187,38.873],[-2.185,38.876],[-2.179,38.876],[-2.176,38.878],[-2.169,38.878],[-2.166,38.875],[-2.151,38.875],[-2.151,38.878],[-2.146,38.88],[-2.145,38.885],[-2.142,38.886],[-2.143,38.881],[-2.139,38.878],[-2.137,38.874],[-2.137,38.856],[-2.135,38.844],[-2.137,38.841],[-2.135,38.838],[-2.137,38.836],[-2.138,38.83],[-2.144,38.825],[-2.147,38.82],[-2.152,38.819],[-2.154,38.811],[-2.156,38.809],[-2.156,38.799],[-2.154,38.795],[-2.153,38.785],[-2.156,38.781],[-2.155,38.775],[-2.155,38.765],[-2.148,38.754],[-2.142,38.752],[-2.134,38.745],[-2.131,38.745],[-2.131,38.74],[-2.133,38.737],[-2.143,38.737],[-2.144,38.735],[-2.159,38.735],[-2.159,38.73],[-2.162,38.726],[-2.168,38.726],[-2.17,38.724],[-2.184,38.725],[-2.184,38.731],[-2.181,38.731],[-2.179,38.735],[-2.184,38.737],[-2.184,38.74],[-2.188,38.741],[-2.188,38.746],[-2.19,38.747],[-2.188,38.752],[-2.207,38.752],[-2.213,38.758],[-2.217,38.758],[-2.22,38.767],[-2.228,38.773],[-2.231,38.773],[-2.233,38.778],[-2.238,38.781],[-2.247,38.781],[-2.251,38.784],[-2.255,38.784]]]}},{"type":"Feature","properties":{"id":"J18-14-01-04","idx":6,"name":"Río Arquillo: río Mirón - azud de Volada La Choriza","river":"Río Arquillo","town":"La Herrera","kind":"wb","area_km2":83.4,"up_area_km2":763.0,"next":"J18-14-01-05","terminal_unit":"J18-36","terminal":"sea","drains_to_sea":true,"n_upstream":6,"outlet":[-2.1096,38.96],"outlet_how":"cedex river x unit boundary","label":[-2.1522,38.9295],"source":"CHJ PHJ 2022-2027 masas de agua superficial (cuenca)","chj_codes":["18-14-01-04"]},"geometry":{"type":"Polygon","coordinates":[[[-2.22,38.893],[-2.224,38.898],[-2.228,38.899],[-2.227,38.906],[-2.221,38.907],[-2.221,38.915],[-2.218,38.917],[-2.218,38.923],[-2.214,38.925],[-2.2,38.925],[-2.198,38.927],[-2.193,38.926],[-2.192,38.932],[-2.188,38.934],[-2.185,38.938],[-2.188,38.943],[-2.201,38.944],[-2.202,38.95],[-2.197,38.954],[-2.196,38.961],[-2.194,38.962],[-2.191,38.97],[-2.185,38.97],[-2.183,38.976],[-2.174,38.981],[-2.167,38.981],[-2.168,38.99],[-2.167,38.996],[-2.164,38.997],[-2.164,39.001],[-2.167,39.007],[-2.154,39.007],[-2.152,39.006],[-2.152,39.007],[-2.145,39.003],[-2.139,39.001],[-2.135,38.997],[-2.127,38.993],[-2.126,38.989],[-2.121,38.983],[-2.121,38.978],[-2.12,38.964],[-2.112,38.962],[-2.11,38.959],[-2.112,38.952],[-2.108,38.947],[-2.109,38.932],[-2.115,38.927],[-2.114,38.923],[-2.115,38.908],[-2.118,38.902],[-2.121,38.9],[-2.125,38.892],[-2.132,38.886],[-2.133,38.876],[-2.135,38.874],[-2.135,38.865],[-2.133,38.86],[-2.137,38.856],[-2.137,38.874],[-2.139,38.878],[-2.143,38.881],[-2.142,38.886],[-2.14,38.887],[-2.152,38.887],[-2.161,38.891],[-2.163,38.897],[-2.169,38.9],[-2.187,38.901],[-2.191,38.898],[-2.196,38.898],[-2.2,38.896],[-2.201,38.899],[-2.206,38.899],[-2.209,38.895],[-2.217,38.896],[-2.22,38.893]]]}},{"type":"Feature","properties":{"id":"J18-15-01-02","idx":7,"name":"Arroyo de Ledaña","river":"Arroyo de Ledaña","town":"Villamalea","kind":"wb","area_km2":364.1,"up_area_km2":889.0,"next":"J18-16","terminal_unit":"J18-36","terminal":"sea","drains_to_sea":true,"n_upstream":2,"outlet":[-1.5183,39.178],"outlet_how":"cedex river x unit boundary","label":[-1.6396,39.3385],"source":"CHJ PHJ 2022-2027 masas de agua superficial (cuenca)","chj_codes":["18-15-01-02"]},"geometry":{"type":"MultiPolygon","coordinates":[[[[-1.89,39.62],[-1.895,39.618],[-1.884,39.602],[-1.88,39.602],[-1.877,39.587],[-1.87,39.602],[-1.875,39.608],[-1.879,39.61],[-1.886,39.618],[-1.89,39.62]]],[[[-1.55,39.361],[-1.547,39.357],[-1.547,39.349],[-1.542,39.345],[-1.543,39.34],[-1.54,39.332],[-1.538,39.33],[-1.538,39.318],[-1.529,39.316],[-1.527,39.314],[-1.521,39.313],[-1.518,39.309],[-1.517,39.302],[-1.512,39.301],[-1.508,39.298],[-1.503,39.297],[-1.503,39.287],[-1.509,39.284],[-1.511,39.28],[-1.508,39.276],[-1.505,39.276],[-1.501,39.268],[-1.505,39.268],[-1.506,39.265],[-1.501,39.264],[-1.501,39.262],[-1.495,39.26],[-1.495,39.255],[-1.497,39.253],[-1.503,39.25],[-1.512,39.25],[-1.518,39.248],[-1.518,39.242],[-1.516,39.238],[-1.516,39.227],[-1.518,39.224],[-1.515,39.22],[-1.523,39.218],[-1.521,39.213],[-1.512,39.204],[-1.499,39.202],[-1.504,39.195],[-1.51,39.194],[-1.517,39.188],[-1.52,39.184],[-1.519,39.176],[-1.526,39.175],[-1.528,39.18],[-1.536,39.181],[-1.539,39.177],[-1.55,39.18],[-1.55,39.181],[-1.563,39.181],[-1.564,39.187],[-1.572,39.188],[-1.582,39.195],[-1.588,39.197],[-1.587,39.201],[-1.576,39.202],[-1.575,39.211],[-1.573,39.211],[-1.574,39.219],[-1.572,39.224],[-1.577,39.227],[-1.578,39.234],[-1.584,39.236],[-1.591,39.236],[-1.592,39.244],[-1.59,39.249],[-1.592,39.251],[-1.604,39.248],[-1.61,39.248],[-1.615,39.244],[-1.628,39.242],[-1.635,39.239],[-1.641,39.239],[-1.64,39.237],[-1.645,39.236],[-1.645,39.229],[-1.647,39.228],[-1.653,39.227],[-1.658,39.229],[-1.669,39.238],[-1.674,39.243],[-1.679,39.244],[-1.681,39.25],[-1.685,39.252],[-1.685,39.259],[-1.689,39.265],[-1.694,39.269],[-1.694,39.273],[-1.697,39.275],[-1.697,39.286],[-1.692,39.29],[-1.692,39.295],[-1.696,39.299],[-1.701,39.3],[-1.704,39.304],[-1.71,39.305],[-1.715,39.311],[-1.718,39.311],[-1.72,39.32],[-1.725,39.323],[-1.724,39.326],[-1.729,39.326],[-1.731,39.335],[-1.736,39.337],[-1.738,39.341],[-1.744,39.343],[-1.745,39.345],[-1.753,39.346],[-1.764,39.346],[-1.769,39.345],[-1.768,39.351],[-1.766,39.353],[-1.762,39.351],[-1.762,39.355],[-1.765,39.355],[-1.767,39.359],[-1.773,39.359],[-1.777,39.363],[-1.785,39.365],[-1.788,39.372],[-1.792,39.375],[-1.797,39.375],[-1.797,39.38],[-1.791,39.391],[-1.793,39.397],[-1.795,39.398],[-1.789,39.396],[-1.789,39.39],[-1.781,39.388],[-1.779,39.385],[-1.779,39.38],[-1.777,39.378],[-1.767,39.376],[-1.764,39.367],[-1.749,39.363],[-1.744,39.37],[-1.735,39.372],[-1.73,39.372],[-1.73,39.377],[-1.726,39.377],[-1.721,39.382],[-1.723,39.383],[-1.724,39.393],[-1.728,39.393],[-1.73,39.396],[-1.726,39.398],[-1.726,39.405],[-1.729,39.406],[-1.73,39.414],[-1.725,39.418],[-1.722,39.424],[-1.721,39.434],[-1.716,39.434],[-1.715,39.439],[-1.712,39.439],[-1.709,39.449],[-1.711,39.451],[-1.71,39.455],[-1.704,39.46],[-1.698,39.459],[-1.698,39.461],[-1.691,39.465],[-1.691,39.472],[-1.685,39.472],[-1.683,39.475],[-1.673,39.481],[-1.673,39.488],[-1.669,39.491],[-1.667,39.495],[-1.662,39.498],[-1.661,39.501],[-1.658,39.499],[-1.654,39.5],[-1.646,39.495],[-1.65,39.49],[-1.649,39.477],[-1.652,39.475],[-1.652,39.471],[-1.657,39.469],[-1.654,39.464],[-1.662,39.455],[-1.664,39.451],[-1.668,39.451],[-1.668,39.447],[-1.671,39.446],[-1.672,39.434],[-1.667,39.434],[-1.666,39.428],[-1.67,39.427],[-1.664,39.423],[-1.655,39.423],[-1.655,39.421],[-1.642,39.417],[-1.643,39.412],[-1.64,39.405],[-1.635,39.405],[-1.634,39.403],[-1.628,39.402],[-1.627,39.405],[-1.623,39.403],[-1.623,39.397],[-1.625,39.394],[-1.617,39.392],[-1.614,39.388],[-1.61,39.388],[-1.605,39.382],[-1.594,39.376],[-1.588,39.376],[-1.583,39.374],[-1.581,39.376],[-1.573,39.374],[-1.568,39.367],[-1.559,39.368],[-1.556,39.364],[-1.55,39.361]]],[[[-1.864,39.527],[-1.876,39.526],[-1.878,39.527],[-1.887,39.527],[-1.888,39.53],[-1.886,39.535],[-1.883,39.533],[-1.874,39.533],[-1.87,39.529],[-1.864,39.527]]]]}},{"type":"Feature","properties":{"id":"J33-01A","idx":8,"name":"Río Lezuza: cabecera - canal del trasvase Tajo-Segura","river":"Río Lezuza","town":"Barrax","kind":"wb","area_km2":372.5,"up_area_km2":372.5,"next":"J33-01B","terminal_unit":"J18-36","terminal":"sea","drains_to_sea":true,"n_upstream":0,"outlet":[-2.155,39.009],"outlet_how":"cedex river x unit boundary","label":[-2.3355,38.9485],"source":"CHJ PHJ 2022-2027 masas de agua superficial (cuenca)","chj_codes":["33-01A"]},"geometry":{"type":"Polygon","coordinates":[[[-2.22,38.893],[-2.222,38.889],[-2.226,38.886],[-2.23,38.887],[-2.233,38.885],[-2.235,38.878],[-2.239,38.876],[-2.239,38.867],[-2.244,38.867],[-2.246,38.863],[-2.25,38.863],[-2.254,38.856],[-2.258,38.859],[-2.269,38.86],[-2.271,38.853],[-2.278,38.852],[-2.282,38.85],[-2.282,38.846],[-2.287,38.843],[-2.292,38.842],[-2.295,38.836],[-2.306,38.831],[-2.309,38.828],[-2.31,38.822],[-2.308,38.82],[-2.313,38.819],[-2.316,38.816],[-2.318,38.821],[-2.324,38.821],[-2.326,38.823],[-2.332,38.823],[-2.337,38.826],[-2.343,38.827],[-2.343,38.835],[-2.348,38.835],[-2.359,38.842],[-2.359,38.846],[-2.356,38.849],[-2.359,38.851],[-2.357,38.857],[-2.36,38.857],[-2.362,38.861],[-2.367,38.861],[-2.363,38.863],[-2.363,38.873],[-2.36,38.875],[-2.355,38.874],[-2.351,38.883],[-2.36,38.882],[-2.366,38.874],[-2.378,38.874],[-2.382,38.873],[-2.385,38.877],[-2.391,38.879],[-2.391,38.888],[-2.397,38.893],[-2.401,38.899],[-2.399,38.9],[-2.403,38.903],[-2.404,38.901],[-2.409,38.901],[-2.413,38.897],[-2.413,38.893],[-2.417,38.892],[-2.419,38.889],[-2.424,38.889],[-2.425,38.891],[-2.431,38.891],[-2.434,38.897],[-2.436,38.892],[-2.446,38.892],[-2.448,38.885],[-2.446,38.883],[-2.451,38.884],[-2.451,38.894],[-2.449,38.898],[-2.455,38.902],[-2.455,38.906],[-2.459,38.907],[-2.46,38.919],[-2.455,38.919],[-2.45,38.922],[-2.45,38.928],[-2.455,38.932],[-2.463,38.932],[-2.465,38.935],[-2.471,38.938],[-2.471,38.947],[-2.464,38.953],[-2.46,38.953],[-2.458,38.958],[-2.45,38.956],[-2.444,38.963],[-2.445,38.967],[-2.449,38.971],[-2.442,38.971],[-2.441,38.968],[-2.434,38.965],[-2.429,38.965],[-2.425,38.969],[-2.426,38.975],[-2.421,38.98],[-2.416,38.981],[-2.416,38.978],[-2.409,38.975],[-2.41,38.969],[-2.402,38.964],[-2.396,38.964],[-2.39,38.97],[-2.382,38.972],[-2.381,38.975],[-2.374,38.974],[-2.369,38.975],[-2.368,38.973],[-2.36,38.972],[-2.356,38.973],[-2.352,38.978],[-2.347,38.979],[-2.349,38.984],[-2.348,38.991],[-2.351,38.991],[-2.355,38.995],[-2.353,38.996],[-2.354,39.001],[-2.357,39.003],[-2.357,39.007],[-2.352,39.009],[-2.351,39.013],[-2.341,39.013],[-2.339,39.018],[-2.326,39.018],[-2.326,39.017],[-2.314,39.017],[-2.314,39.016],[-2.302,39.016],[-2.296,39.018],[-2.295,39.016],[-2.28,39.016],[-2.277,39.019],[-2.269,39.019],[-2.267,39.023],[-2.27,39.025],[-2.268,39.038],[-2.261,39.038],[-2.259,39.04],[-2.249,39.041],[-2.248,39.043],[-2.239,39.045],[-2.241,39.053],[-2.236,39.054],[-2.231,39.053],[-2.222,39.056],[-2.215,39.066],[-2.207,39.066],[-2.202,39.064],[-2.203,39.067],[-2.198,39.068],[-2.196,39.073],[-2.194,39.073],[-2.193,39.082],[-2.182,39.082],[-2.181,39.078],[-2.172,39.077],[-2.172,39.075],[-2.18,39.072],[-2.181,39.059],[-2.184,39.054],[-2.187,39.045],[-2.188,39.036],[-2.182,39.028],[-2.166,39.027],[-2.157,39.019],[-2.155,39.008],[-2.152,39.007],[-2.152,39.006],[-2.154,39.007],[-2.167,39.007],[-2.164,39.001],[-2.164,38.997],[-2.167,38.996],[-2.168,38.99],[-2.167,38.981],[-2.174,38.981],[-2.183,38.976],[-2.185,38.97],[-2.191,38.97],[-2.194,38.962],[-2.196,38.961],[-2.197,38.954],[-2.202,38.95],[-2.201,38.944],[-2.188,38.943],[-2.185,38.938],[-2.188,38.934],[-2.192,38.932],[-2.193,38.926],[-2.198,38.927],[-2.2,38.925],[-2.214,38.925],[-2.218,38.923],[-2.218,38.917],[-2.221,38.915],[-2.221,38.907],[-2.227,38.906],[-2.228,38.899],[-2.224,38.898],[-2.22,38.893]]]}},{"type":"Feature","properties":{"id":"J33-01B","idx":9,"name":"Río Lezuza: canal del trasvase Tajo-Segura - Caserío del Aljibarro","river":"Río Lezuza","town":null,"kind":"wb","area_km2":240.7,"up_area_km2":613.2,"next":"J18-14-01-06","terminal_unit":"J18-36","terminal":"sea","drains_to_sea":true,"n_upstream":1,"outlet":[-1.993,39.054],"outlet_how":"cedex river x unit boundary","label":[-2.1283,39.0955],"source":"CHJ PHJ 2022-2027 masas de agua superficial (cuenca)","chj_codes":["33-01B"]},"geometry":{"type":"Polygon","coordinates":[[[-2.121,38.978],[-2.121,38.983],[-2.126,38.989],[-2.127,38.993],[-2.135,38.997],[-2.139,39.001],[-2.145,39.003],[-2.152,39.007],[-2.155,39.008],[-2.157,39.019],[-2.166,39.027],[-2.182,39.028],[-2.188,39.036],[-2.187,39.045],[-2.184,39.054],[-2.181,39.059],[-2.18,39.072],[-2.172,39.075],[-2.172,39.077],[-2.181,39.078],[-2.182,39.082],[-2.193,39.082],[-2.194,39.073],[-2.196,39.073],[-2.198,39.068],[-2.203,39.067],[-2.202,39.064],[-2.207,39.066],[-2.215,39.066],[-2.222,39.056],[-2.231,39.053],[-2.236,39.054],[-2.236,39.063],[-2.232,39.064],[-2.229,39.078],[-2.225,39.085],[-2.224,39.093],[-2.213,39.098],[-2.213,39.101],[-2.209,39.103],[-2.206,39.107],[-2.194,39.107],[-2.185,39.116],[-2.179,39.116],[-2.176,39.127],[-2.174,39.128],[-2.171,39.135],[-2.164,39.138],[-2.163,39.142],[-2.159,39.142],[-2.163,39.146],[-2.164,39.153],[-2.151,39.152],[-2.147,39.15],[-2.146,39.153],[-2.14,39.158],[-2.131,39.158],[-2.123,39.163],[-2.12,39.168],[-2.119,39.176],[-2.115,39.186],[-2.11,39.189],[-2.11,39.196],[-2.107,39.196],[-2.106,39.201],[-2.102,39.206],[-2.097,39.207],[-2.094,39.213],[-2.091,39.214],[-2.09,39.212],[-2.082,39.213],[-2.079,39.208],[-2.081,39.202],[-2.08,39.198],[-2.083,39.194],[-2.08,39.19],[-2.08,39.184],[-2.082,39.184],[-2.082,39.179],[-2.08,39.177],[-2.081,39.169],[-2.083,39.163],[-2.074,39.157],[-2.078,39.153],[-2.078,39.149],[-2.075,39.147],[-2.076,39.144],[-2.066,39.14],[-2.056,39.137],[-2.057,39.132],[-2.06,39.129],[-2.056,39.127],[-2.058,39.123],[-2.054,39.12],[-2.05,39.12],[-2.051,39.116],[-2.047,39.113],[-2.037,39.109],[-2.035,39.104],[-2.032,39.105],[-2.032,39.101],[-2.036,39.101],[-2.039,39.098],[-2.037,39.092],[-2.042,39.088],[-2.053,39.089],[-2.053,39.084],[-2.055,39.084],[-2.051,39.079],[-2.047,39.077],[-2.041,39.077],[-2.037,39.074],[-2.035,39.07],[-2.029,39.071],[-2.025,39.069],[-2.025,39.063],[-2.022,39.063],[-2.018,39.059],[-2.013,39.059],[-2.01,39.056],[-2.004,39.057],[-2.004,39.055],[-1.999,39.055],[-1.993,39.057],[-1.996,39.048],[-1.999,39.045],[-1.997,39.043],[-1.996,39.036],[-2.003,39.035],[-2.002,39.031],[-2.004,39.029],[-2.004,39.024],[-2.006,39.024],[-2.006,39.019],[-2.004,39.018],[-2.015,39.018],[-2.017,39.019],[-2.02,39.014],[-2.033,39.014],[-2.035,39.012],[-2.046,39.014],[-2.069,39.014],[-2.075,39.009],[-2.075,39.007],[-2.087,39.008],[-2.087,39.003],[-2.092,39.003],[-2.096,39.005],[-2.096,39.0],[-2.102,38.998],[-2.106,38.987],[-2.111,38.987],[-2.118,38.98],[-2.121,38.978]]]}},{"type":"Feature","properties":{"id":"J18-14-01-05","idx":10,"name":"Río Arquillo: azud de Volada La Choriza - Albacete","river":"Río Arquillo","town":"Pozo Cañada","kind":"wb","area_km2":938.8,"up_area_km2":2114.4,"next":"J18-14-01-06","terminal_unit":"J18-36","terminal":"sea","drains_to_sea":true,"n_upstream":9,"outlet":[-1.874,39.0016],"outlet_how":"cedex river x unit boundary","label":[-1.7746,38.867],"source":"CHJ PHJ 2022-2027 masas de agua superficial (cuenca)","chj_codes":["18-14-01-05"]},"geometry":{"type":"MultiPolygon","coordinates":[[[[-2.184,38.725],[-2.17,38.724],[-2.168,38.726],[-2.162,38.726],[-2.159,38.73],[-2.159,38.735],[-2.144,38.735],[-2.143,38.737],[-2.133,38.737],[-2.131,38.74],[-2.131,38.745],[-2.119,38.744],[-2.119,38.745],[-2.105,38.745],[-2.094,38.747],[-2.093,38.749],[-2.088,38.749],[-2.08,38.753],[-2.075,38.753],[-2.07,38.755],[-2.067,38.759],[-2.057,38.759],[-2.057,38.76],[-2.046,38.76],[-2.045,38.769],[-2.04,38.769],[-2.039,38.773],[-2.045,38.777],[-2.045,38.781],[-2.04,38.781],[-2.038,38.783],[-2.039,38.794],[-2.049,38.794],[-2.05,38.802],[-2.041,38.802],[-2.038,38.805],[-2.028,38.806],[-2.028,38.811],[-2.022,38.815],[-2.021,38.823],[-2.019,38.823],[-2.019,38.831],[-2.016,38.833],[-2.016,38.839],[-2.014,38.841],[-2.008,38.841],[-2.005,38.846],[-1.999,38.846],[-1.995,38.849],[-1.995,38.855],[-1.991,38.859],[-1.986,38.86],[-1.976,38.869],[-1.971,38.878],[-1.963,38.886],[-1.956,38.889],[-1.964,38.9],[-1.959,38.905],[-1.956,38.906],[-1.956,38.913],[-1.96,38.917],[-1.957,38.919],[-1.951,38.919],[-1.95,38.923],[-1.941,38.924],[-1.941,38.947],[-1.933,38.951],[-1.934,38.963],[-1.93,38.967],[-1.926,38.967],[-1.922,38.976],[-1.917,38.981],[-1.923,38.98],[-1.933,38.98],[-1.939,38.979],[-1.944,38.982],[-1.957,38.982],[-1.958,38.984],[-1.969,38.984],[-1.974,38.988],[-1.98,38.988],[-1.988,38.98],[-1.994,38.978],[-2.007,38.978],[-2.012,38.96],[-2.016,38.955],[-2.027,38.955],[-2.031,38.956],[-2.034,38.951],[-2.04,38.951],[-2.041,38.949],[-2.049,38.947],[-2.05,38.945],[-2.064,38.936],[-2.066,38.933],[-2.073,38.933],[-2.077,38.928],[-2.081,38.928],[-2.09,38.918],[-2.094,38.916],[-2.105,38.916],[-2.105,38.911],[-2.103,38.909],[-2.108,38.908],[-2.108,38.899],[-2.112,38.897],[-2.113,38.887],[-2.118,38.884],[-2.125,38.875],[-2.125,38.87],[-2.127,38.863],[-2.13,38.861],[-2.131,38.852],[-2.128,38.85],[-2.135,38.844],[-2.137,38.856],[-2.133,38.86],[-2.135,38.865],[-2.135,38.874],[-2.133,38.876],[-2.132,38.886],[-2.125,38.892],[-2.121,38.9],[-2.118,38.902],[-2.115,38.908],[-2.114,38.923],[-2.115,38.927],[-2.109,38.932],[-2.108,38.947],[-2.112,38.952],[-2.11,38.959],[-2.112,38.962],[-2.12,38.964],[-2.121,38.978],[-2.118,38.98],[-2.112,38.978],[-2.101,38.978],[-2.095,38.982],[-2.09,38.983],[-2.088,38.986],[-2.074,38.986],[-2.066,38.984],[-2.064,38.986],[-2.052,38.989],[-2.05,38.993],[-2.037,38.993],[-2.037,38.999],[-2.025,39.0],[-2.017,39.003],[-2.011,39.003],[-2.01,39.005],[-2.001,39.008],[-1.998,39.012],[-1.999,39.015],[-1.986,39.015],[-1.978,39.013],[-1.973,39.015],[-1.965,39.015],[-1.963,39.012],[-1.961,39.014],[-1.956,39.012],[-1.947,39.013],[-1.944,39.017],[-1.94,39.017],[-1.934,39.012],[-1.93,39.012],[-1.929,39.017],[-1.927,39.014],[-1.92,39.017],[-1.914,39.016],[-1.911,39.013],[-1.909,39.016],[-1.903,39.016],[-1.901,39.018],[-1.896,39.018],[-1.897,39.024],[-1.893,39.027],[-1.894,39.031],[-1.885,39.033],[-1.878,39.029],[-1.876,39.026],[-1.868,39.022],[-1.86,39.016],[-1.861,39.012],[-1.864,39.012],[-1.868,39.007],[-1.866,39.003],[-1.877,39.001],[-1.872,38.998],[-1.872,38.994],[-1.877,38.992],[-1.875,38.989],[-1.877,38.982],[-1.872,38.98],[-1.872,38.97],[-1.87,38.964],[-1.873,38.963],[-1.87,38.959],[-1.865,38.959],[-1.864,38.957],[-1.858,38.957],[-1.856,38.951],[-1.848,38.951],[-1.845,38.948],[-1.846,38.944],[-1.839,38.939],[-1.839,38.922],[-1.826,38.919],[-1.822,38.914],[-1.816,38.909],[-1.796,38.901],[-1.784,38.888],[-1.768,38.887],[-1.757,38.888],[-1.755,38.885],[-1.748,38.886],[-1.742,38.885],[-1.742,38.883],[-1.736,38.883],[-1.73,38.881],[-1.727,38.877],[-1.724,38.878],[-1.718,38.886],[-1.715,38.892],[-1.707,38.892],[-1.703,38.897],[-1.706,38.902],[-1.703,38.902],[-1.701,38.907],[-1.702,38.914],[-1.705,38.914],[-1.709,38.923],[-1.697,38.923],[-1.692,38.92],[-1.692,38.924],[-1.689,38.925],[-1.689,38.931],[-1.687,38.933],[-1.676,38.934],[-1.669,38.937],[-1.667,38.942],[-1.66,38.941],[-1.646,38.941],[-1.641,38.946],[-1.637,38.945],[-1.632,38.941],[-1.632,38.93],[-1.629,38.927],[-1.629,38.917],[-1.63,38.912],[-1.623,38.912],[-1.614,38.906],[-1.615,38.902],[-1.612,38.897],[-1.605,38.898],[-1.603,38.904],[-1.591,38.904],[-1.588,38.909],[-1.58,38.909],[-1.578,38.906],[-1.574,38.905],[-1.572,38.902],[-1.561,38.899],[-1.56,38.896],[-1.552,38.889],[-1.546,38.889],[-1.547,38.881],[-1.551,38.877],[-1.562,38.877],[-1.565,38.872],[-1.577,38.862],[-1.58,38.854],[-1.584,38.851],[-1.588,38.852],[-1.592,38.849],[-1.594,38.844],[-1.589,38.843],[-1.587,38.84],[-1.583,38.839],[-1.587,38.836],[-1.585,38.83],[-1.581,38.829],[-1.577,38.825],[-1.565,38.825],[-1.558,38.824],[-1.56,38.82],[-1.562,38.808],[-1.571,38.809],[-1.575,38.802],[-1.572,38.796],[-1.567,38.794],[-1.567,38.791],[-1.563,38.79],[-1.561,38.787],[-1.561,38.782],[-1.554,38.779],[-1.555,38.776],[-1.56,38.775],[-1.563,38.773],[-1.572,38.773],[-1.576,38.771],[-1.583,38.763],[-1.587,38.762],[-1.595,38.756],[-1.596,38.752],[-1.599,38.754],[-1.607,38.752],[-1.613,38.748],[-1.615,38.743],[-1.62,38.743],[-1.62,38.745],[-1.627,38.748],[-1.632,38.748],[-1.637,38.752],[-1.652,38.753],[-1.655,38.752],[-1.665,38.752],[-1.673,38.755],[-1.673,38.758],[-1.685,38.757],[-1.7,38.754],[-1.701,38.746],[-1.708,38.74],[-1.711,38.739],[-1.71,38.734],[-1.713,38.733],[-1.716,38.736],[-1.721,38.736],[-1.722,38.734],[-1.732,38.73],[-1.736,38.737],[-1.741,38.737],[-1.747,38.741],[-1.753,38.741],[-1.754,38.743],[-1.763,38.743],[-1.768,38.745],[-1.771,38.741],[-1.775,38.74],[-1.775,38.733],[-1.78,38.729],[-1.783,38.724],[-1.792,38.73],[-1.799,38.73],[-1.799,38.737],[-1.809,38.739],[-1.811,38.743],[-1.823,38.743],[-1.826,38.739],[-1.829,38.739],[-1.828,38.735],[-1.832,38.732],[-1.842,38.732],[-1.847,38.731],[-1.861,38.732],[-1.863,38.733],[-1.875,38.734],[-1.879,38.737],[-1.889,38.737],[-1.894,38.738],[-1.898,38.733],[-1.904,38.733],[-1.905,38.73],[-1.911,38.733],[-1.916,38.733],[-1.927,38.727],[-1.928,38.724],[-1.935,38.722],[-1.938,38.711],[-1.936,38.71],[-1.943,38.707],[-1.945,38.698],[-1.949,38.701],[-1.953,38.701],[-1.957,38.705],[-1.971,38.706],[-1.974,38.704],[-1.984,38.704],[-1.984,38.709],[-1.99,38.714],[-1.997,38.713],[-2.001,38.719],[-2.008,38.72],[-2.012,38.723],[-2.018,38.724],[-2.024,38.728],[-2.026,38.731],[-2.033,38.73],[-2.039,38.734],[-2.051,38.733],[-2.053,38.731],[-2.062,38.731],[-2.063,38.728],[-2.077,38.729],[-2.079,38.727],[-2.088,38.727],[-2.091,38.723],[-2.104,38.723],[-2.109,38.721],[-2.116,38.721],[-2.119,38.719],[-2.132,38.718],[-2.134,38.713],[-2.139,38.71],[-2.155,38.71],[-2.156,38.707],[-2.161,38.709],[-2.167,38.709],[-2.173,38.706],[-2.174,38.708],[-2.183,38.707],[-2.186,38.712],[-2.193,38.712],[-2.191,38.716],[-2.19,38.724],[-2.184,38.725]]],[[[-1.534,38.975],[-1.539,38.975],[-1.54,38.973],[-1.549,38.973],[-1.551,38.971],[-1.555,38.972],[-1.552,38.978],[-1.539,38.977],[-1.534,38.975]]]]}},{"type":"Feature","properties":{"id":"J18-14-01-06","idx":11,"name":"Canal María Cristina: Albacete - carretera de Casas de Juan Núñez","river":"Canal María Cristina","town":"Albacete","kind":"wb","area_km2":685.8,"up_area_km2":3505.9,"next":"J18-16","terminal_unit":"J18-36","terminal":"sea","drains_to_sea":true,"n_upstream":13,"outlet":[-1.6369,39.123],"outlet_how":"cedex river x unit boundary","label":[-1.8692,39.0485],"source":"CHJ PHJ 2022-2027 masas de agua superficial (cuenca)","chj_codes":["18-14-01-06"]},"geometry":{"type":"Polygon","coordinates":[[[-2.118,38.98],[-2.111,38.987],[-2.106,38.987],[-2.102,38.998],[-2.096,39.0],[-2.096,39.005],[-2.092,39.003],[-2.087,39.003],[-2.087,39.008],[-2.075,39.007],[-2.075,39.009],[-2.069,39.014],[-2.046,39.014],[-2.035,39.012],[-2.033,39.014],[-2.02,39.014],[-2.017,39.019],[-2.015,39.018],[-2.004,39.018],[-2.006,39.019],[-2.006,39.024],[-2.004,39.024],[-2.004,39.029],[-2.002,39.031],[-2.003,39.035],[-1.996,39.036],[-1.997,39.043],[-1.999,39.045],[-1.996,39.048],[-1.993,39.057],[-1.999,39.055],[-2.004,39.055],[-2.004,39.057],[-2.01,39.056],[-2.013,39.059],[-2.018,39.059],[-2.022,39.063],[-2.025,39.063],[-2.025,39.069],[-2.029,39.071],[-2.035,39.07],[-2.037,39.074],[-2.041,39.077],[-2.047,39.077],[-2.051,39.079],[-2.055,39.084],[-2.053,39.084],[-2.053,39.089],[-2.042,39.088],[-2.037,39.092],[-2.039,39.098],[-2.036,39.101],[-2.032,39.101],[-2.032,39.105],[-2.035,39.104],[-2.037,39.109],[-2.047,39.113],[-2.051,39.116],[-2.05,39.12],[-2.054,39.12],[-2.058,39.123],[-2.056,39.127],[-2.06,39.129],[-2.057,39.132],[-2.056,39.137],[-2.066,39.14],[-2.076,39.144],[-2.075,39.147],[-2.078,39.149],[-2.078,39.153],[-2.074,39.157],[-2.083,39.163],[-2.081,39.169],[-2.08,39.177],[-2.082,39.179],[-2.082,39.184],[-2.08,39.184],[-2.08,39.19],[-2.083,39.194],[-2.08,39.198],[-2.081,39.202],[-2.079,39.208],[-2.082,39.213],[-2.078,39.214],[-2.076,39.219],[-2.072,39.218],[-2.059,39.218],[-2.054,39.219],[-2.052,39.217],[-2.052,39.213],[-2.049,39.212],[-2.049,39.206],[-2.043,39.205],[-2.043,39.2],[-2.046,39.199],[-2.043,39.196],[-2.045,39.19],[-2.032,39.189],[-2.029,39.187],[-2.022,39.186],[-2.022,39.183],[-2.012,39.184],[-2.009,39.18],[-2.004,39.177],[-1.995,39.174],[-1.995,39.17],[-1.991,39.17],[-1.99,39.166],[-1.98,39.169],[-1.978,39.166],[-1.974,39.165],[-1.978,39.157],[-1.978,39.152],[-1.974,39.149],[-1.97,39.149],[-1.97,39.146],[-1.964,39.142],[-1.95,39.138],[-1.944,39.138],[-1.943,39.136],[-1.932,39.135],[-1.928,39.132],[-1.921,39.133],[-1.919,39.13],[-1.91,39.13],[-1.902,39.127],[-1.902,39.125],[-1.893,39.12],[-1.882,39.121],[-1.88,39.119],[-1.875,39.119],[-1.876,39.114],[-1.87,39.112],[-1.87,39.114],[-1.865,39.113],[-1.863,39.11],[-1.855,39.103],[-1.853,39.1],[-1.839,39.1],[-1.837,39.089],[-1.832,39.087],[-1.818,39.086],[-1.817,39.084],[-1.796,39.084],[-1.793,39.081],[-1.787,39.081],[-1.782,39.085],[-1.767,39.085],[-1.767,39.088],[-1.761,39.089],[-1.759,39.095],[-1.764,39.098],[-1.762,39.103],[-1.757,39.106],[-1.75,39.106],[-1.749,39.108],[-1.742,39.107],[-1.738,39.109],[-1.729,39.104],[-1.725,39.106],[-1.718,39.106],[-1.712,39.102],[-1.711,39.104],[-1.7,39.103],[-1.696,39.106],[-1.687,39.106],[-1.681,39.108],[-1.671,39.109],[-1.666,39.111],[-1.664,39.114],[-1.66,39.114],[-1.659,39.117],[-1.654,39.118],[-1.653,39.121],[-1.642,39.121],[-1.642,39.124],[-1.63,39.123],[-1.629,39.12],[-1.614,39.12],[-1.608,39.122],[-1.606,39.12],[-1.601,39.12],[-1.6,39.125],[-1.594,39.125],[-1.591,39.129],[-1.583,39.132],[-1.582,39.134],[-1.576,39.132],[-1.569,39.123],[-1.569,39.118],[-1.567,39.113],[-1.565,39.113],[-1.56,39.107],[-1.559,39.091],[-1.555,39.087],[-1.557,39.082],[-1.554,39.076],[-1.551,39.075],[-1.553,39.07],[-1.558,39.064],[-1.562,39.064],[-1.565,39.061],[-1.563,39.057],[-1.567,39.053],[-1.561,39.05],[-1.559,39.042],[-1.561,39.038],[-1.565,39.035],[-1.567,39.029],[-1.57,39.028],[-1.572,39.021],[-1.572,39.008],[-1.569,38.997],[-1.565,38.99],[-1.565,38.986],[-1.574,38.983],[-1.576,38.976],[-1.578,38.974],[-1.585,38.974],[-1.591,38.969],[-1.601,38.968],[-1.606,38.964],[-1.615,38.964],[-1.623,38.954],[-1.631,38.952],[-1.632,38.956],[-1.636,38.959],[-1.636,38.972],[-1.633,38.974],[-1.628,38.982],[-1.628,38.986],[-1.625,38.987],[-1.622,38.996],[-1.624,38.999],[-1.632,38.997],[-1.64,39.005],[-1.645,39.008],[-1.646,39.021],[-1.65,39.021],[-1.651,39.028],[-1.653,39.029],[-1.653,39.034],[-1.65,39.037],[-1.652,39.043],[-1.656,39.045],[-1.656,39.048],[-1.662,39.049],[-1.667,39.054],[-1.667,39.058],[-1.67,39.059],[-1.67,39.065],[-1.673,39.067],[-1.672,39.07],[-1.668,39.071],[-1.668,39.08],[-1.675,39.075],[-1.685,39.074],[-1.688,39.075],[-1.691,39.072],[-1.697,39.072],[-1.704,39.065],[-1.704,39.059],[-1.726,39.059],[-1.728,39.062],[-1.736,39.059],[-1.738,39.055],[-1.741,39.054],[-1.743,39.047],[-1.749,39.044],[-1.751,39.036],[-1.755,39.032],[-1.756,39.026],[-1.752,39.018],[-1.752,39.013],[-1.748,39.01],[-1.748,39.003],[-1.745,38.991],[-1.741,38.99],[-1.737,38.986],[-1.729,38.986],[-1.721,38.982],[-1.717,38.983],[-1.715,38.98],[-1.709,38.98],[-1.702,38.975],[-1.694,38.975],[-1.689,38.973],[-1.684,38.968],[-1.677,38.966],[-1.676,38.963],[-1.669,38.96],[-1.656,38.961],[-1.653,38.958],[-1.649,38.958],[-1.639,38.95],[-1.641,38.946],[-1.646,38.941],[-1.66,38.941],[-1.667,38.942],[-1.669,38.937],[-1.676,38.934],[-1.687,38.933],[-1.689,38.931],[-1.689,38.925],[-1.692,38.924],[-1.692,38.92],[-1.697,38.923],[-1.709,38.923],[-1.705,38.914],[-1.702,38.914],[-1.701,38.907],[-1.703,38.902],[-1.706,38.902],[-1.703,38.897],[-1.707,38.892],[-1.715,38.892],[-1.718,38.886],[-1.724,38.878],[-1.727,38.877],[-1.73,38.881],[-1.736,38.883],[-1.742,38.883],[-1.742,38.885],[-1.748,38.886],[-1.755,38.885],[-1.757,38.888],[-1.768,38.887],[-1.784,38.888],[-1.796,38.901],[-1.816,38.909],[-1.822,38.914],[-1.826,38.919],[-1.839,38.922],[-1.839,38.939],[-1.846,38.944],[-1.845,38.948],[-1.848,38.951],[-1.856,38.951],[-1.858,38.957],[-1.864,38.957],[-1.865,38.959],[-1.87,38.959],[-1.873,38.963],[-1.87,38.964],[-1.872,38.97],[-1.872,38.98],[-1.877,38.982],[-1.875,38.989],[-1.877,38.992],[-1.872,38.994],[-1.872,38.998],[-1.877,39.001],[-1.866,39.003],[-1.868,39.007],[-1.864,39.012],[-1.861,39.012],[-1.86,39.016],[-1.868,39.022],[-1.876,39.026],[-1.878,39.029],[-1.885,39.033],[-1.894,39.031],[-1.893,39.027],[-1.897,39.024],[-1.896,39.018],[-1.901,39.018],[-1.903,39.016],[-1.909,39.016],[-1.911,39.013],[-1.914,39.016],[-1.92,39.017],[-1.927,39.014],[-1.929,39.017],[-1.93,39.012],[-1.934,39.012],[-1.94,39.017],[-1.944,39.017],[-1.947,39.013],[-1.956,39.012],[-1.961,39.014],[-1.963,39.012],[-1.965,39.015],[-1.973,39.015],[-1.978,39.013],[-1.986,39.015],[-1.999,39.015],[-1.998,39.012],[-2.001,39.008],[-2.01,39.005],[-2.011,39.003],[-2.017,39.003],[-2.025,39.0],[-2.037,38.999],[-2.037,38.993],[-2.05,38.993],[-2.052,38.989],[-2.064,38.986],[-2.066,38.984],[-2.074,38.986],[-2.088,38.986],[-2.09,38.983],[-2.095,38.982],[-2.101,38.978],[-2.112,38.978],[-2.118,38.98]]]}},{"type":"Feature","properties":{"id":"J18-12-01-02","idx":12,"name":"Río Valdemembra: Motilla del Palancar - Quintanar del Rey","river":"Río Valdemembra","town":"Quintanar del Rey","kind":"wb","area_km2":178.0,"up_area_km2":351.1,"next":"J18-12-01-03","terminal_unit":"J18-36","terminal":"sea","drains_to_sea":true,"n_upstream":1,"outlet":[-1.9314,39.343],"outlet_how":"cedex river x unit boundary","label":[-1.9531,39.4445],"source":"CHJ PHJ 2022-2027 masas de agua superficial (cuenca)","chj_codes":["18-12-01-02"]},"geometry":{"type":"Polygon","coordinates":[[[-2.025,39.502],[-2.024,39.508],[-2.017,39.507],[-2.015,39.513],[-2.012,39.513],[-2.011,39.519],[-2.011,39.53],[-2.009,39.537],[-1.997,39.54],[-1.997,39.545],[-1.988,39.545],[-1.981,39.549],[-1.976,39.549],[-1.974,39.551],[-1.968,39.552],[-1.968,39.556],[-1.965,39.561],[-1.959,39.561],[-1.952,39.56],[-1.95,39.555],[-1.947,39.554],[-1.947,39.548],[-1.943,39.547],[-1.943,39.543],[-1.938,39.541],[-1.917,39.541],[-1.904,39.543],[-1.903,39.548],[-1.9,39.547],[-1.897,39.551],[-1.897,39.545],[-1.891,39.541],[-1.89,39.537],[-1.886,39.535],[-1.888,39.53],[-1.887,39.527],[-1.878,39.527],[-1.877,39.522],[-1.879,39.521],[-1.878,39.516],[-1.882,39.51],[-1.882,39.505],[-1.88,39.502],[-1.882,39.499],[-1.885,39.498],[-1.886,39.494],[-1.883,39.491],[-1.883,39.486],[-1.887,39.484],[-1.885,39.479],[-1.891,39.479],[-1.895,39.477],[-1.898,39.467],[-1.898,39.457],[-1.899,39.455],[-1.904,39.454],[-1.912,39.456],[-1.915,39.453],[-1.913,39.447],[-1.911,39.447],[-1.91,39.439],[-1.914,39.439],[-1.916,39.436],[-1.905,39.432],[-1.903,39.434],[-1.898,39.431],[-1.897,39.422],[-1.901,39.422],[-1.906,39.422],[-1.907,39.425],[-1.915,39.425],[-1.922,39.423],[-1.924,39.42],[-1.929,39.419],[-1.929,39.414],[-1.923,39.412],[-1.921,39.409],[-1.921,39.403],[-1.917,39.403],[-1.918,39.399],[-1.916,39.396],[-1.919,39.394],[-1.916,39.392],[-1.916,39.386],[-1.912,39.38],[-1.907,39.377],[-1.907,39.372],[-1.905,39.368],[-1.907,39.367],[-1.906,39.36],[-1.902,39.36],[-1.903,39.356],[-1.907,39.353],[-1.908,39.346],[-1.908,39.328],[-1.915,39.326],[-1.921,39.331],[-1.927,39.331],[-1.931,39.329],[-1.931,39.343],[-1.937,39.345],[-1.942,39.343],[-1.945,39.346],[-1.949,39.345],[-1.955,39.35],[-1.955,39.353],[-1.962,39.354],[-1.964,39.357],[-1.96,39.358],[-1.964,39.364],[-1.968,39.366],[-1.968,39.37],[-1.974,39.376],[-1.975,39.388],[-1.979,39.39],[-1.98,39.396],[-1.977,39.399],[-1.979,39.402],[-1.978,39.414],[-1.979,39.428],[-1.982,39.431],[-1.988,39.433],[-1.991,39.438],[-1.991,39.443],[-1.996,39.443],[-1.995,39.446],[-1.991,39.446],[-1.986,39.449],[-1.982,39.459],[-1.991,39.464],[-1.99,39.47],[-1.994,39.473],[-1.999,39.473],[-2.002,39.477],[-2.008,39.476],[-2.011,39.48],[-2.021,39.479],[-2.02,39.484],[-2.029,39.484],[-2.031,39.486],[-2.027,39.488],[-2.025,39.492],[-2.025,39.502]]]}},{"type":"Feature","properties":{"id":"J18-12-01-03","idx":13,"name":"Río Valdemembra: Quintanar del Rey - río Júcar","river":"Río Valdemembra","town":"Tarazona de la Mancha","kind":"wb","area_km2":314.2,"up_area_km2":965.0,"next":"J18-13","terminal_unit":"J18-36","terminal":"sea","drains_to_sea":true,"n_upstream":3,"outlet":[-1.7112,39.158],"outlet_how":"cedex river x unit boundary","label":[-1.9419,39.318],"source":"CHJ PHJ 2022-2027 masas de agua superficial (cuenca)","chj_codes":["18-12-01-03"]},"geometry":{"type":"MultiPolygon","coordinates":[[[[-1.777,39.363],[-1.777,39.357],[-1.781,39.353],[-1.787,39.351],[-1.789,39.355],[-1.789,39.364],[-1.785,39.365],[-1.777,39.363]]],[[[-1.876,39.526],[-1.875,39.521],[-1.877,39.519],[-1.877,39.513],[-1.873,39.51],[-1.873,39.505],[-1.877,39.499],[-1.882,39.499],[-1.88,39.502],[-1.882,39.505],[-1.882,39.51],[-1.878,39.516],[-1.879,39.521],[-1.877,39.522],[-1.878,39.527],[-1.876,39.526]]],[[[-2.021,39.479],[-2.011,39.48],[-2.008,39.476],[-2.002,39.477],[-1.999,39.473],[-1.994,39.473],[-1.99,39.47],[-1.991,39.464],[-1.982,39.459],[-1.986,39.449],[-1.991,39.446],[-1.995,39.446],[-1.996,39.443],[-1.991,39.443],[-1.991,39.438],[-1.988,39.433],[-1.982,39.431],[-1.979,39.428],[-1.978,39.414],[-1.979,39.402],[-1.977,39.399],[-1.98,39.396],[-1.979,39.39],[-1.975,39.388],[-1.974,39.376],[-1.968,39.37],[-1.968,39.366],[-1.964,39.364],[-1.96,39.358],[-1.964,39.357],[-1.962,39.354],[-1.955,39.353],[-1.955,39.35],[-1.949,39.345],[-1.945,39.346],[-1.942,39.343],[-1.937,39.345],[-1.931,39.343],[-1.931,39.329],[-1.927,39.331],[-1.921,39.331],[-1.915,39.326],[-1.908,39.328],[-1.908,39.346],[-1.907,39.353],[-1.903,39.356],[-1.897,39.352],[-1.896,39.349],[-1.892,39.35],[-1.886,39.343],[-1.882,39.34],[-1.877,39.339],[-1.874,39.335],[-1.866,39.333],[-1.865,39.331],[-1.855,39.33],[-1.855,39.327],[-1.851,39.325],[-1.846,39.314],[-1.843,39.313],[-1.843,39.309],[-1.838,39.305],[-1.837,39.301],[-1.83,39.297],[-1.822,39.297],[-1.817,39.291],[-1.813,39.291],[-1.812,39.288],[-1.821,39.288],[-1.828,39.282],[-1.832,39.282],[-1.825,39.277],[-1.817,39.269],[-1.817,39.265],[-1.806,39.265],[-1.803,39.261],[-1.797,39.261],[-1.797,39.259],[-1.791,39.254],[-1.791,39.249],[-1.786,39.247],[-1.782,39.243],[-1.775,39.244],[-1.772,39.239],[-1.764,39.235],[-1.766,39.228],[-1.764,39.224],[-1.758,39.222],[-1.757,39.217],[-1.749,39.214],[-1.745,39.204],[-1.737,39.204],[-1.731,39.202],[-1.731,39.195],[-1.728,39.191],[-1.724,39.191],[-1.721,39.188],[-1.72,39.181],[-1.712,39.182],[-1.711,39.188],[-1.702,39.188],[-1.7,39.19],[-1.692,39.191],[-1.686,39.198],[-1.68,39.198],[-1.678,39.201],[-1.682,39.185],[-1.679,39.185],[-1.678,39.18],[-1.683,39.179],[-1.683,39.176],[-1.69,39.169],[-1.69,39.165],[-1.7,39.16],[-1.707,39.161],[-1.712,39.158],[-1.719,39.16],[-1.726,39.157],[-1.729,39.16],[-1.736,39.161],[-1.737,39.164],[-1.742,39.164],[-1.743,39.172],[-1.749,39.175],[-1.756,39.175],[-1.757,39.177],[-1.771,39.177],[-1.771,39.178],[-1.781,39.178],[-1.788,39.181],[-1.794,39.181],[-1.796,39.184],[-1.8,39.185],[-1.83,39.185],[-1.831,39.192],[-1.844,39.192],[-1.846,39.194],[-1.856,39.195],[-1.859,39.197],[-1.859,39.202],[-1.861,39.204],[-1.871,39.204],[-1.873,39.208],[-1.876,39.209],[-1.878,39.213],[-1.889,39.216],[-1.901,39.216],[-1.904,39.22],[-1.909,39.221],[-1.908,39.226],[-1.909,39.231],[-1.906,39.235],[-1.902,39.236],[-1.903,39.239],[-1.91,39.239],[-1.913,39.243],[-1.922,39.242],[-1.92,39.247],[-1.92,39.253],[-1.926,39.254],[-1.926,39.249],[-1.933,39.249],[-1.936,39.246],[-1.937,39.249],[-1.944,39.248],[-1.947,39.25],[-1.947,39.257],[-1.951,39.261],[-1.951,39.268],[-1.953,39.272],[-1.959,39.276],[-1.965,39.276],[-1.967,39.282],[-1.97,39.284],[-1.974,39.283],[-1.977,39.286],[-1.977,39.29],[-1.974,39.293],[-1.983,39.297],[-1.987,39.302],[-1.992,39.302],[-1.992,39.305],[-2.001,39.305],[-2.005,39.308],[-2.013,39.307],[-2.016,39.311],[-2.02,39.311],[-2.024,39.314],[-2.024,39.317],[-2.034,39.316],[-2.037,39.319],[-2.044,39.321],[-2.046,39.327],[-2.052,39.333],[-2.052,39.341],[-2.05,39.344],[-2.048,39.352],[-2.045,39.354],[-2.046,39.366],[-2.042,39.368],[-2.04,39.373],[-2.04,39.381],[-2.037,39.383],[-2.017,39.383],[-2.011,39.386],[-2.013,39.391],[-2.013,39.397],[-2.009,39.397],[-2.006,39.404],[-2.005,39.416],[-2.012,39.419],[-2.015,39.424],[-2.013,39.43],[-2.015,39.438],[-2.02,39.438],[-2.023,39.443],[-2.026,39.443],[-2.026,39.448],[-2.028,39.452],[-2.024,39.454],[-2.029,39.456],[-2.028,39.461],[-2.021,39.468],[-2.02,39.475],[-2.021,39.479]]],[[[-1.901,39.422],[-1.906,39.422],[-1.907,39.425],[-1.915,39.425],[-1.922,39.423],[-1.924,39.42],[-1.929,39.419],[-1.929,39.414],[-1.923,39.412],[-1.921,39.409],[-1.921,39.403],[-1.917,39.403],[-1.918,39.399],[-1.916,39.396],[-1.919,39.394],[-1.916,39.392],[-1.914,39.406],[-1.911,39.408],[-1.908,39.415],[-1.904,39.415],[-1.901,39.422]]],[[[-1.904,39.454],[-1.912,39.456],[-1.915,39.453],[-1.913,39.447],[-1.911,39.447],[-1.91,39.439],[-1.914,39.439],[-1.916,39.436],[-1.905,39.432],[-1.903,39.434],[-1.901,39.44],[-1.901,39.445],[-1.904,39.446],[-1.904,39.454]]],[[[-1.885,39.479],[-1.891,39.479],[-1.895,39.477],[-1.898,39.467],[-1.898,39.457],[-1.899,39.455],[-1.896,39.455],[-1.893,39.459],[-1.892,39.467],[-1.888,39.467],[-1.888,39.472],[-1.885,39.475],[-1.885,39.479]]]]}},{"type":"Feature","properties":{"id":"J16-01","idx":14,"name":"Rambla Poyo: cabecera - barranc dels Cavalls","river":"Rambla Poyo","town":"Chiva","kind":"wb","area_km2":253.3,"up_area_km2":253.3,"next":"J16-02","terminal_unit":"JL06","terminal":"sea","drains_to_sea":true,"n_upstream":0,"outlet":[-0.512,39.4543],"outlet_how":"cedex river x unit boundary","label":[-0.7158,39.475],"source":"CHJ PHJ 2022-2027 masas de agua superficial (cuenca)","chj_codes":["16-01"]},"geometry":{"type":"Polygon","coordinates":[[[-0.85,39.551],[-0.846,39.547],[-0.836,39.543],[-0.835,39.54],[-0.831,39.539],[-0.83,39.535],[-0.821,39.536],[-0.814,39.531],[-0.804,39.53],[-0.803,39.526],[-0.79,39.527],[-0.785,39.525],[-0.782,39.519],[-0.777,39.519],[-0.775,39.523],[-0.758,39.524],[-0.759,39.527],[-0.755,39.527],[-0.752,39.53],[-0.746,39.529],[-0.744,39.531],[-0.737,39.53],[-0.734,39.527],[-0.729,39.527],[-0.725,39.532],[-0.722,39.532],[-0.709,39.532],[-0.704,39.53],[-0.703,39.525],[-0.698,39.523],[-0.692,39.517],[-0.684,39.515],[-0.684,39.513],[-0.679,39.513],[-0.675,39.509],[-0.669,39.509],[-0.664,39.512],[-0.661,39.51],[-0.656,39.511],[-0.65,39.508],[-0.643,39.509],[-0.639,39.508],[-0.637,39.504],[-0.634,39.504],[-0.628,39.495],[-0.622,39.495],[-0.618,39.487],[-0.609,39.484],[-0.594,39.483],[-0.584,39.476],[-0.584,39.474],[-0.571,39.474],[-0.571,39.473],[-0.539,39.473],[-0.531,39.471],[-0.529,39.473],[-0.519,39.473],[-0.515,39.469],[-0.513,39.464],[-0.512,39.454],[-0.519,39.452],[-0.538,39.463],[-0.549,39.463],[-0.552,39.464],[-0.553,39.459],[-0.563,39.462],[-0.563,39.46],[-0.569,39.456],[-0.57,39.451],[-0.574,39.447],[-0.585,39.445],[-0.589,39.441],[-0.586,39.435],[-0.578,39.434],[-0.577,39.43],[-0.584,39.43],[-0.585,39.428],[-0.594,39.428],[-0.599,39.432],[-0.613,39.433],[-0.615,39.424],[-0.62,39.422],[-0.62,39.42],[-0.629,39.415],[-0.629,39.413],[-0.635,39.41],[-0.646,39.41],[-0.651,39.407],[-0.656,39.407],[-0.661,39.41],[-0.668,39.41],[-0.67,39.412],[-0.679,39.412],[-0.683,39.41],[-0.69,39.41],[-0.698,39.411],[-0.703,39.408],[-0.708,39.408],[-0.709,39.405],[-0.714,39.405],[-0.718,39.4],[-0.721,39.401],[-0.727,39.404],[-0.726,39.413],[-0.73,39.414],[-0.729,39.419],[-0.734,39.421],[-0.74,39.418],[-0.745,39.418],[-0.748,39.415],[-0.76,39.417],[-0.759,39.426],[-0.756,39.427],[-0.764,39.433],[-0.77,39.434],[-0.786,39.434],[-0.787,39.432],[-0.796,39.432],[-0.801,39.436],[-0.801,39.443],[-0.805,39.446],[-0.81,39.446],[-0.811,39.443],[-0.817,39.443],[-0.821,39.447],[-0.825,39.448],[-0.833,39.453],[-0.841,39.453],[-0.846,39.455],[-0.846,39.46],[-0.848,39.462],[-0.849,39.47],[-0.846,39.474],[-0.849,39.476],[-0.848,39.487],[-0.858,39.489],[-0.86,39.495],[-0.863,39.496],[-0.862,39.506],[-0.857,39.509],[-0.857,39.513],[-0.861,39.518],[-0.863,39.518],[-0.863,39.523],[-0.867,39.527],[-0.863,39.528],[-0.859,39.533],[-0.859,39.54],[-0.854,39.542],[-0.855,39.548],[-0.85,39.551]]]}},{"type":"Feature","properties":{"id":"J16-02","idx":15,"name":"Rambla Poyo: barranc dels Cavalls - Paiporta","river":"Rambla Poyo","town":"Torrent","kind":"wb","area_km2":113.9,"up_area_km2":367.2,"next":"J16-04","terminal_unit":"JL06","terminal":"sea","drains_to_sea":true,"n_upstream":1,"outlet":[-0.4196,39.432],"outlet_how":"cedex river x unit boundary","label":[-0.5535,39.423],"source":"CHJ PHJ 2022-2027 masas de agua superficial (cuenca)","chj_codes":["16-02"]},"geometry":{"type":"Polygon","coordinates":[[[-0.69,39.41],[-0.683,39.41],[-0.679,39.412],[-0.67,39.412],[-0.668,39.41],[-0.661,39.41],[-0.656,39.407],[-0.651,39.407],[-0.646,39.41],[-0.635,39.41],[-0.629,39.413],[-0.629,39.415],[-0.62,39.42],[-0.62,39.422],[-0.615,39.424],[-0.613,39.433],[-0.599,39.432],[-0.594,39.428],[-0.585,39.428],[-0.584,39.43],[-0.577,39.43],[-0.578,39.434],[-0.586,39.435],[-0.589,39.441],[-0.585,39.445],[-0.574,39.447],[-0.57,39.451],[-0.569,39.456],[-0.563,39.46],[-0.563,39.462],[-0.553,39.459],[-0.552,39.464],[-0.549,39.463],[-0.538,39.463],[-0.519,39.452],[-0.512,39.454],[-0.513,39.464],[-0.515,39.469],[-0.519,39.473],[-0.509,39.473],[-0.509,39.472],[-0.496,39.472],[-0.492,39.474],[-0.485,39.475],[-0.478,39.474],[-0.474,39.472],[-0.474,39.468],[-0.469,39.465],[-0.457,39.465],[-0.453,39.464],[-0.452,39.461],[-0.458,39.461],[-0.462,39.459],[-0.468,39.459],[-0.474,39.457],[-0.474,39.453],[-0.471,39.446],[-0.463,39.446],[-0.455,39.448],[-0.455,39.443],[-0.445,39.442],[-0.437,39.439],[-0.429,39.439],[-0.427,39.436],[-0.42,39.435],[-0.419,39.432],[-0.425,39.432],[-0.427,39.434],[-0.437,39.435],[-0.439,39.437],[-0.443,39.436],[-0.448,39.437],[-0.45,39.434],[-0.45,39.428],[-0.452,39.426],[-0.465,39.425],[-0.471,39.431],[-0.476,39.429],[-0.483,39.431],[-0.489,39.428],[-0.49,39.417],[-0.494,39.409],[-0.5,39.407],[-0.5,39.402],[-0.513,39.397],[-0.514,39.394],[-0.519,39.393],[-0.521,39.388],[-0.527,39.387],[-0.537,39.381],[-0.549,39.381],[-0.549,39.383],[-0.559,39.383],[-0.561,39.381],[-0.57,39.383],[-0.577,39.382],[-0.584,39.378],[-0.587,39.38],[-0.597,39.38],[-0.602,39.381],[-0.611,39.376],[-0.616,39.375],[-0.622,39.384],[-0.631,39.383],[-0.639,39.377],[-0.645,39.377],[-0.643,39.375],[-0.643,39.37],[-0.653,39.37],[-0.657,39.371],[-0.657,39.376],[-0.663,39.38],[-0.663,39.384],[-0.67,39.388],[-0.669,39.392],[-0.672,39.395],[-0.679,39.394],[-0.681,39.401],[-0.689,39.404],[-0.69,39.41]]]}},{"type":"Feature","properties":{"id":"J13-08","idx":16,"name":"Río Palancia: embalse de Algar - mar","river":"Río Palancia","town":"Sagunt","kind":"wb","area_km2":178.1,"up_area_km2":972.0,"next":null,"terminal_unit":"J13-08","terminal":"sea","drains_to_sea":true,"n_upstream":8,"outlet":[-0.2851,39.6826],"outlet_how":"cedex river","label":[-0.3775,39.723],"source":"CHJ PHJ 2022-2027 masas de agua superficial (cuenca)","merged_names":["Río Palancia: Sagunto - mar"],"chj_codes":["13-08","13-09"]},"geometry":{"type":"Polygon","coordinates":[[[-0.442,39.79],[-0.434,39.783],[-0.425,39.783],[-0.422,39.778],[-0.407,39.778],[-0.407,39.779],[-0.396,39.779],[-0.395,39.781],[-0.389,39.778],[-0.384,39.778],[-0.381,39.783],[-0.378,39.783],[-0.379,39.787],[-0.373,39.788],[-0.367,39.791],[-0.366,39.789],[-0.358,39.79],[-0.358,39.792],[-0.351,39.792],[-0.347,39.789],[-0.341,39.789],[-0.339,39.787],[-0.333,39.787],[-0.332,39.785],[-0.324,39.784],[-0.321,39.779],[-0.314,39.775],[-0.318,39.775],[-0.328,39.767],[-0.326,39.756],[-0.322,39.755],[-0.318,39.751],[-0.313,39.751],[-0.316,39.747],[-0.314,39.743],[-0.314,39.735],[-0.311,39.734],[-0.312,39.729],[-0.303,39.727],[-0.297,39.728],[-0.297,39.731],[-0.288,39.731],[-0.291,39.728],[-0.29,39.724],[-0.286,39.722],[-0.285,39.713],[-0.288,39.706],[-0.293,39.706],[-0.293,39.7],[-0.297,39.697],[-0.294,39.693],[-0.287,39.689],[-0.279,39.688],[-0.276,39.683],[-0.262,39.682],[-0.259,39.684],[-0.251,39.684],[-0.249,39.682],[-0.235,39.684],[-0.23,39.682],[-0.223,39.677],[-0.205,39.674],[-0.203,39.672],[-0.204,39.669],[-0.209,39.67],[-0.212,39.673],[-0.223,39.673],[-0.225,39.675],[-0.234,39.675],[-0.234,39.673],[-0.239,39.671],[-0.239,39.673],[-0.251,39.676],[-0.254,39.679],[-0.265,39.678],[-0.265,39.677],[-0.275,39.677],[-0.282,39.676],[-0.288,39.677],[-0.289,39.675],[-0.3,39.675],[-0.3,39.673],[-0.305,39.673],[-0.307,39.669],[-0.312,39.667],[-0.318,39.667],[-0.321,39.662],[-0.324,39.662],[-0.327,39.658],[-0.324,39.657],[-0.326,39.65],[-0.331,39.65],[-0.332,39.652],[-0.338,39.652],[-0.34,39.65],[-0.346,39.65],[-0.352,39.656],[-0.357,39.656],[-0.357,39.664],[-0.363,39.666],[-0.366,39.669],[-0.372,39.671],[-0.382,39.672],[-0.387,39.676],[-0.388,39.682],[-0.39,39.682],[-0.386,39.687],[-0.388,39.69],[-0.384,39.693],[-0.386,39.696],[-0.392,39.698],[-0.397,39.695],[-0.402,39.701],[-0.407,39.701],[-0.412,39.698],[-0.415,39.7],[-0.417,39.705],[-0.423,39.706],[-0.427,39.705],[-0.429,39.71],[-0.439,39.709],[-0.443,39.717],[-0.45,39.717],[-0.451,39.715],[-0.461,39.715],[-0.462,39.72],[-0.468,39.722],[-0.466,39.724],[-0.468,39.734],[-0.472,39.736],[-0.479,39.736],[-0.483,39.734],[-0.485,39.739],[-0.493,39.741],[-0.493,39.745],[-0.499,39.748],[-0.498,39.755],[-0.506,39.758],[-0.509,39.772],[-0.514,39.776],[-0.514,39.779],[-0.51,39.777],[-0.503,39.777],[-0.493,39.786],[-0.487,39.788],[-0.471,39.788],[-0.47,39.79],[-0.457,39.789],[-0.458,39.794],[-0.453,39.793],[-0.451,39.79],[-0.442,39.79]]]}},{"type":"Feature","properties":{"id":"J14-01","idx":17,"name":"Barranco del Carraixet: cabecera - Alfara del Patriarca","river":"Barranco del Carraixet","town":"Bétera","kind":"wb","area_km2":253.7,"up_area_km2":253.7,"next":"J14-02","terminal_unit":"J14-02","terminal":"sea","drains_to_sea":true,"n_upstream":0,"outlet":[-0.3763,39.542],"outlet_how":"cedex river x unit boundary","label":[-0.4878,39.6715],"source":"CHJ PHJ 2022-2027 masas de agua superficial (cuenca)","chj_codes":["14-01"]},"geometry":{"type":"Polygon","coordinates":[[[-0.514,39.779],[-0.514,39.776],[-0.509,39.772],[-0.506,39.758],[-0.498,39.755],[-0.499,39.748],[-0.493,39.745],[-0.493,39.741],[-0.485,39.739],[-0.483,39.734],[-0.479,39.736],[-0.472,39.736],[-0.468,39.734],[-0.466,39.724],[-0.468,39.722],[-0.462,39.72],[-0.461,39.715],[-0.451,39.715],[-0.45,39.717],[-0.443,39.717],[-0.439,39.709],[-0.429,39.71],[-0.427,39.705],[-0.423,39.706],[-0.417,39.705],[-0.415,39.7],[-0.412,39.698],[-0.407,39.701],[-0.402,39.701],[-0.397,39.695],[-0.399,39.693],[-0.397,39.685],[-0.406,39.681],[-0.404,39.678],[-0.404,39.673],[-0.4,39.674],[-0.396,39.67],[-0.397,39.667],[-0.393,39.665],[-0.392,39.661],[-0.399,39.66],[-0.401,39.656],[-0.4,39.651],[-0.397,39.647],[-0.401,39.645],[-0.404,39.641],[-0.409,39.637],[-0.405,39.627],[-0.412,39.62],[-0.412,39.613],[-0.408,39.606],[-0.405,39.605],[-0.397,39.594],[-0.397,39.59],[-0.392,39.584],[-0.384,39.586],[-0.381,39.583],[-0.381,39.578],[-0.383,39.577],[-0.382,39.572],[-0.386,39.572],[-0.387,39.569],[-0.383,39.566],[-0.383,39.562],[-0.378,39.559],[-0.378,39.55],[-0.375,39.544],[-0.373,39.544],[-0.373,39.542],[-0.386,39.543],[-0.387,39.545],[-0.386,39.553],[-0.389,39.559],[-0.392,39.559],[-0.396,39.563],[-0.401,39.565],[-0.412,39.565],[-0.416,39.564],[-0.42,39.572],[-0.423,39.57],[-0.428,39.571],[-0.429,39.574],[-0.433,39.573],[-0.431,39.569],[-0.439,39.568],[-0.439,39.566],[-0.449,39.568],[-0.45,39.573],[-0.454,39.57],[-0.458,39.57],[-0.46,39.567],[-0.46,39.56],[-0.465,39.558],[-0.468,39.561],[-0.473,39.56],[-0.475,39.564],[-0.48,39.565],[-0.483,39.572],[-0.488,39.574],[-0.496,39.584],[-0.498,39.584],[-0.502,39.589],[-0.503,39.591],[-0.511,39.592],[-0.516,39.598],[-0.514,39.599],[-0.514,39.608],[-0.519,39.611],[-0.519,39.614],[-0.523,39.618],[-0.528,39.618],[-0.53,39.623],[-0.538,39.629],[-0.538,39.631],[-0.55,39.638],[-0.549,39.644],[-0.555,39.647],[-0.563,39.647],[-0.566,39.654],[-0.571,39.657],[-0.573,39.661],[-0.582,39.666],[-0.578,39.668],[-0.578,39.679],[-0.581,39.68],[-0.581,39.686],[-0.579,39.687],[-0.58,39.693],[-0.579,39.701],[-0.58,39.704],[-0.577,39.705],[-0.577,39.714],[-0.574,39.715],[-0.574,39.722],[-0.571,39.728],[-0.566,39.732],[-0.568,39.733],[-0.566,39.74],[-0.561,39.743],[-0.561,39.751],[-0.557,39.752],[-0.555,39.756],[-0.547,39.755],[-0.546,39.76],[-0.54,39.761],[-0.54,39.769],[-0.551,39.772],[-0.554,39.779],[-0.558,39.781],[-0.565,39.781],[-0.571,39.777],[-0.575,39.777],[-0.578,39.78],[-0.578,39.784],[-0.576,39.784],[-0.575,39.789],[-0.568,39.794],[-0.56,39.792],[-0.56,39.794],[-0.548,39.796],[-0.547,39.801],[-0.542,39.799],[-0.537,39.799],[-0.536,39.797],[-0.531,39.797],[-0.529,39.792],[-0.525,39.793],[-0.523,39.786],[-0.518,39.781],[-0.514,39.779]]]}},{"type":"Feature","properties":{"id":"J15-09","idx":18,"name":"Río Turia: río Arcos - embalse de Benagéber","river":"Río Turia","town":"Aras de los Olmos","kind":"wb","area_km2":153.7,"up_area_km2":3950.3,"next":"J15-10","terminal_unit":"J15-19","terminal":"sea","drains_to_sea":true,"n_upstream":22,"outlet":[-1.1482,39.827],"outlet_how":"cedex river x unit boundary","label":[-1.16,39.893],"source":"CHJ PHJ 2022-2027 masas de agua superficial (cuenca)","merged_names":["Río Turia: río Arcos - paraje de El Villarejo"],"chj_codes":["15-09","15-08"]},"geometry":{"type":"Polygon","coordinates":[[[-1.059,39.959],[-1.059,39.957],[-1.05,39.95],[-1.039,39.944],[-1.039,39.941],[-1.035,39.937],[-1.037,39.931],[-1.043,39.929],[-1.051,39.921],[-1.053,39.917],[-1.056,39.916],[-1.058,39.906],[-1.069,39.906],[-1.07,39.904],[-1.078,39.903],[-1.084,39.904],[-1.09,39.9],[-1.093,39.903],[-1.104,39.904],[-1.107,39.899],[-1.103,39.896],[-1.107,39.895],[-1.107,39.89],[-1.113,39.888],[-1.115,39.881],[-1.121,39.875],[-1.121,39.87],[-1.123,39.866],[-1.127,39.863],[-1.127,39.858],[-1.125,39.858],[-1.124,39.848],[-1.13,39.842],[-1.127,39.837],[-1.13,39.837],[-1.13,39.827],[-1.136,39.826],[-1.137,39.823],[-1.142,39.824],[-1.143,39.827],[-1.155,39.827],[-1.163,39.83],[-1.17,39.83],[-1.178,39.834],[-1.178,39.837],[-1.183,39.838],[-1.185,39.841],[-1.201,39.841],[-1.21,39.842],[-1.215,39.845],[-1.225,39.857],[-1.231,39.858],[-1.235,39.863],[-1.236,39.87],[-1.238,39.873],[-1.243,39.874],[-1.245,39.881],[-1.242,39.886],[-1.243,39.89],[-1.233,39.891],[-1.227,39.886],[-1.216,39.887],[-1.213,39.891],[-1.213,39.896],[-1.21,39.9],[-1.207,39.9],[-1.21,39.905],[-1.215,39.908],[-1.219,39.915],[-1.231,39.922],[-1.231,39.927],[-1.234,39.932],[-1.237,39.933],[-1.235,39.939],[-1.223,39.94],[-1.219,39.942],[-1.219,39.95],[-1.214,39.951],[-1.209,39.949],[-1.205,39.952],[-1.191,39.951],[-1.189,39.948],[-1.178,39.95],[-1.169,39.954],[-1.158,39.954],[-1.153,39.955],[-1.145,39.961],[-1.141,39.958],[-1.131,39.958],[-1.129,39.956],[-1.124,39.956],[-1.121,39.954],[-1.116,39.954],[-1.113,39.952],[-1.099,39.953],[-1.098,39.949],[-1.094,39.945],[-1.09,39.945],[-1.084,39.949],[-1.08,39.949],[-1.073,39.955],[-1.068,39.957],[-1.066,39.96],[-1.059,39.959]]]}},{"type":"Feature","properties":{"id":"J15-10-01-01","idx":19,"name":"Rambla San Marco","river":"Rambla San Marco","town":"Talayuelas","kind":"wb","area_km2":138.8,"up_area_km2":138.8,"next":"J15-10","terminal_unit":"J15-19","terminal":"sea","drains_to_sea":true,"n_upstream":0,"outlet":[-1.146,39.7565],"outlet_how":"cedex river x unit boundary","label":[-1.2145,39.78],"source":"CHJ PHJ 2022-2027 masas de agua superficial (cuenca)","merged_names":["Laguna de Talayuelas"],"chj_codes":["15-10-01-01","L05"]},"geometry":{"type":"Polygon","coordinates":[[[-1.242,39.886],[-1.245,39.881],[-1.243,39.874],[-1.238,39.873],[-1.236,39.87],[-1.235,39.863],[-1.231,39.858],[-1.225,39.857],[-1.215,39.845],[-1.21,39.842],[-1.212,39.839],[-1.212,39.833],[-1.208,39.833],[-1.202,39.827],[-1.201,39.821],[-1.204,39.82],[-1.201,39.814],[-1.199,39.814],[-1.201,39.809],[-1.2,39.803],[-1.194,39.798],[-1.187,39.798],[-1.183,39.791],[-1.176,39.786],[-1.168,39.788],[-1.166,39.781],[-1.159,39.779],[-1.156,39.776],[-1.151,39.776],[-1.146,39.768],[-1.147,39.762],[-1.145,39.757],[-1.152,39.756],[-1.153,39.754],[-1.16,39.754],[-1.169,39.75],[-1.169,39.739],[-1.164,39.737],[-1.162,39.732],[-1.164,39.723],[-1.158,39.719],[-1.155,39.712],[-1.153,39.711],[-1.153,39.705],[-1.156,39.702],[-1.157,39.695],[-1.166,39.694],[-1.167,39.691],[-1.163,39.688],[-1.164,39.684],[-1.168,39.682],[-1.168,39.674],[-1.174,39.669],[-1.176,39.672],[-1.181,39.674],[-1.191,39.68],[-1.192,39.684],[-1.195,39.686],[-1.195,39.69],[-1.189,39.692],[-1.191,39.696],[-1.191,39.702],[-1.188,39.706],[-1.193,39.71],[-1.193,39.716],[-1.196,39.715],[-1.199,39.718],[-1.201,39.724],[-1.218,39.725],[-1.218,39.728],[-1.212,39.73],[-1.21,39.737],[-1.208,39.737],[-1.208,39.743],[-1.204,39.749],[-1.202,39.749],[-1.202,39.755],[-1.212,39.759],[-1.214,39.764],[-1.216,39.762],[-1.219,39.764],[-1.232,39.764],[-1.233,39.766],[-1.241,39.769],[-1.241,39.771],[-1.25,39.771],[-1.251,39.773],[-1.257,39.773],[-1.263,39.778],[-1.27,39.782],[-1.278,39.779],[-1.283,39.779],[-1.286,39.776],[-1.293,39.776],[-1.298,39.781],[-1.298,39.785],[-1.305,39.792],[-1.309,39.794],[-1.316,39.795],[-1.32,39.798],[-1.319,39.809],[-1.313,39.811],[-1.313,39.815],[-1.31,39.819],[-1.306,39.819],[-1.305,39.823],[-1.3,39.825],[-1.302,39.836],[-1.304,39.838],[-1.304,39.844],[-1.297,39.847],[-1.301,39.85],[-1.3,39.858],[-1.295,39.861],[-1.295,39.865],[-1.29,39.868],[-1.29,39.871],[-1.285,39.871],[-1.284,39.869],[-1.276,39.873],[-1.276,39.875],[-1.269,39.88],[-1.259,39.88],[-1.256,39.883],[-1.256,39.892],[-1.253,39.89],[-1.246,39.89],[-1.242,39.886]]]}},{"type":"Feature","properties":{"id":"J15-11","idx":20,"name":"Río Turia: embalse de Benagéber - embalse de Loriguilla","river":"Río Turia","town":"Benagéber","kind":"wb","area_km2":94.9,"up_area_km2":4355.1,"next":"J15-12","terminal_unit":"J15-19","terminal":"sea","drains_to_sea":true,"n_upstream":25,"outlet":[-0.981,39.7012],"outlet_how":"cedex river x unit boundary","label":[-1.0512,39.696],"source":"CHJ PHJ 2022-2027 masas de agua superficial (cuenca)","chj_codes":["15-11"]},"geometry":{"type":"Polygon","coordinates":[[[-0.98,39.707],[-0.981,39.697],[-0.979,39.694],[-0.97,39.691],[-0.966,39.688],[-0.966,39.681],[-0.964,39.677],[-0.979,39.671],[-0.98,39.669],[-0.993,39.669],[-0.998,39.667],[-1.004,39.667],[-1.008,39.661],[-1.014,39.661],[-1.016,39.657],[-1.015,39.646],[-1.022,39.643],[-1.032,39.648],[-1.037,39.648],[-1.038,39.65],[-1.048,39.653],[-1.056,39.658],[-1.062,39.659],[-1.068,39.662],[-1.072,39.668],[-1.082,39.669],[-1.083,39.671],[-1.096,39.67],[-1.097,39.673],[-1.108,39.673],[-1.111,39.675],[-1.121,39.683],[-1.126,39.69],[-1.122,39.695],[-1.122,39.701],[-1.119,39.701],[-1.119,39.712],[-1.116,39.713],[-1.112,39.719],[-1.107,39.719],[-1.102,39.722],[-1.099,39.727],[-1.094,39.727],[-1.083,39.732],[-1.081,39.735],[-1.075,39.737],[-1.072,39.742],[-1.069,39.743],[-1.07,39.747],[-1.064,39.747],[-1.061,39.749],[-1.048,39.749],[-1.047,39.746],[-1.039,39.745],[-1.038,39.741],[-1.028,39.745],[-1.019,39.737],[-1.014,39.737],[-1.008,39.732],[-1.003,39.732],[-0.999,39.728],[-0.998,39.724],[-1.003,39.72],[-1.003,39.712],[-0.993,39.712],[-0.989,39.711],[-0.988,39.707],[-0.98,39.707]]]}},{"type":"Feature","properties":{"id":"J15-12-01-01","idx":21,"name":"Río Tuéjar: cabecera - barranco del Prado","river":"Río Tuéjar","town":"Alpuente","kind":"wb","area_km2":243.0,"up_area_km2":243.0,"next":"J15-12-01-02","terminal_unit":"J15-19","terminal":"sea","drains_to_sea":true,"n_upstream":0,"outlet":[-1.0566,39.762],"outlet_how":"cedex river x unit boundary","label":[-0.9862,39.8725],"source":"CHJ PHJ 2022-2027 masas de agua superficial (cuenca)","chj_codes":["15-12-01-01"]},"geometry":{"type":"Polygon","coordinates":[[[-1.07,39.904],[-1.069,39.906],[-1.058,39.906],[-1.056,39.916],[-1.053,39.917],[-1.051,39.921],[-1.043,39.929],[-1.037,39.931],[-1.035,39.937],[-1.039,39.941],[-1.039,39.944],[-1.05,39.95],[-1.059,39.957],[-1.059,39.959],[-1.054,39.962],[-1.048,39.969],[-1.046,39.969],[-1.045,39.974],[-1.042,39.977],[-1.029,39.976],[-1.03,39.98],[-1.02,39.981],[-1.02,39.979],[-1.013,39.978],[-1.01,39.98],[-0.996,39.98],[-0.992,39.982],[-0.986,39.981],[-0.984,39.978],[-0.978,39.977],[-0.976,39.975],[-0.968,39.975],[-0.965,39.972],[-0.96,39.971],[-0.957,39.968],[-0.949,39.968],[-0.946,39.962],[-0.937,39.961],[-0.933,39.959],[-0.932,39.953],[-0.927,39.953],[-0.924,39.951],[-0.922,39.945],[-0.918,39.946],[-0.913,39.94],[-0.913,39.929],[-0.914,39.924],[-0.911,39.923],[-0.914,39.916],[-0.911,39.912],[-0.914,39.909],[-0.914,39.905],[-0.918,39.904],[-0.92,39.9],[-0.917,39.9],[-0.916,39.896],[-0.913,39.896],[-0.913,39.88],[-0.92,39.877],[-0.923,39.872],[-0.926,39.871],[-0.928,39.859],[-0.934,39.858],[-0.933,39.853],[-0.929,39.851],[-0.93,39.848],[-0.946,39.844],[-0.95,39.841],[-0.948,39.839],[-0.948,39.829],[-0.95,39.828],[-0.949,39.82],[-0.954,39.818],[-0.954,39.813],[-0.958,39.802],[-0.962,39.797],[-0.971,39.795],[-0.977,39.788],[-0.984,39.788],[-0.986,39.79],[-0.989,39.782],[-0.993,39.78],[-1.005,39.784],[-1.008,39.787],[-1.014,39.786],[-1.014,39.784],[-1.029,39.783],[-1.031,39.78],[-1.03,39.772],[-1.032,39.766],[-1.039,39.766],[-1.041,39.762],[-1.047,39.763],[-1.084,39.763],[-1.091,39.764],[-1.094,39.768],[-1.095,39.774],[-1.101,39.781],[-1.101,39.786],[-1.098,39.789],[-1.094,39.789],[-1.094,39.794],[-1.091,39.8],[-1.096,39.8],[-1.1,39.807],[-1.1,39.811],[-1.103,39.811],[-1.101,39.817],[-1.099,39.817],[-1.101,39.824],[-1.088,39.823],[-1.087,39.825],[-1.075,39.825],[-1.072,39.829],[-1.064,39.83],[-1.058,39.828],[-1.057,39.83],[-1.048,39.829],[-1.043,39.83],[-1.038,39.836],[-1.039,39.841],[-1.033,39.844],[-1.038,39.844],[-1.041,39.852],[-1.038,39.855],[-1.04,39.862],[-1.046,39.866],[-1.05,39.873],[-1.05,39.878],[-1.045,39.881],[-1.052,39.881],[-1.058,39.886],[-1.067,39.886],[-1.069,39.891],[-1.067,39.893],[-1.069,39.897],[-1.072,39.898],[-1.07,39.904]]]}},{"type":"Feature","properties":{"id":"J15-12-01-02","idx":22,"name":"Río Tuéjar: barranco del Prado - embalse de Loriguilla","river":"Río Tuéjar","town":"Chelva","kind":"wb","area_km2":45.2,"up_area_km2":426.6,"next":"J15-12","terminal_unit":"J15-19","terminal":"sea","drains_to_sea":true,"n_upstream":2,"outlet":[-0.9499,39.721],"outlet_how":"cedex river x unit boundary","label":[-1.0101,39.7465],"source":"CHJ PHJ 2022-2027 masas de agua superficial (cuenca)","chj_codes":["15-12-01-02"]},"geometry":{"type":"Polygon","coordinates":[[[-1.07,39.747],[-1.074,39.751],[-1.083,39.75],[-1.085,39.751],[-1.083,39.757],[-1.086,39.761],[-1.084,39.763],[-1.047,39.763],[-1.041,39.762],[-1.039,39.766],[-1.032,39.766],[-1.03,39.772],[-1.031,39.78],[-1.029,39.783],[-1.014,39.784],[-1.014,39.786],[-1.008,39.787],[-1.005,39.784],[-0.993,39.78],[-0.991,39.773],[-0.985,39.771],[-0.98,39.765],[-0.983,39.764],[-0.983,39.758],[-0.978,39.755],[-0.972,39.748],[-0.976,39.742],[-0.977,39.738],[-0.975,39.736],[-0.975,39.731],[-0.973,39.726],[-0.969,39.727],[-0.969,39.733],[-0.963,39.735],[-0.963,39.737],[-0.958,39.742],[-0.95,39.742],[-0.941,39.749],[-0.938,39.749],[-0.939,39.737],[-0.937,39.73],[-0.944,39.729],[-0.949,39.724],[-0.949,39.721],[-0.955,39.719],[-0.956,39.712],[-0.953,39.708],[-0.964,39.705],[-0.969,39.705],[-0.974,39.708],[-0.98,39.707],[-0.988,39.707],[-0.989,39.711],[-0.993,39.712],[-1.003,39.712],[-1.003,39.72],[-0.998,39.724],[-0.999,39.728],[-1.003,39.732],[-1.008,39.732],[-1.014,39.737],[-1.019,39.737],[-1.028,39.745],[-1.038,39.741],[-1.039,39.745],[-1.047,39.746],[-1.048,39.749],[-1.061,39.749],[-1.064,39.747],[-1.07,39.747]]]}},{"type":"Feature","properties":{"id":"J15-12-01-02-01-01","idx":23,"name":"Rambla de Alcotas","river":"Rambla de Alcotas","town":"Abejuela","kind":"wb","area_km2":138.4,"up_area_km2":138.4,"next":"J15-12-01-02","terminal_unit":"J15-19","terminal":"sea","drains_to_sea":true,"n_upstream":0,"outlet":[-0.9723,39.726],"outlet_how":"cedex river x unit boundary","label":[-0.9128,39.867],"source":"CHJ PHJ 2022-2027 masas de agua superficial (cuenca)","chj_codes":["15-12-01-02-01-01"]},"geometry":{"type":"Polygon","coordinates":[[[-0.993,39.78],[-0.989,39.782],[-0.986,39.79],[-0.984,39.788],[-0.977,39.788],[-0.971,39.795],[-0.962,39.797],[-0.958,39.802],[-0.954,39.813],[-0.954,39.818],[-0.949,39.82],[-0.95,39.828],[-0.948,39.829],[-0.948,39.839],[-0.95,39.841],[-0.946,39.844],[-0.93,39.848],[-0.929,39.851],[-0.933,39.853],[-0.934,39.858],[-0.928,39.859],[-0.926,39.871],[-0.923,39.872],[-0.92,39.877],[-0.913,39.88],[-0.913,39.896],[-0.916,39.896],[-0.917,39.9],[-0.92,39.9],[-0.918,39.904],[-0.914,39.905],[-0.914,39.909],[-0.911,39.912],[-0.914,39.916],[-0.911,39.923],[-0.914,39.924],[-0.913,39.929],[-0.913,39.94],[-0.918,39.946],[-0.922,39.945],[-0.924,39.951],[-0.927,39.953],[-0.932,39.953],[-0.933,39.959],[-0.937,39.961],[-0.946,39.962],[-0.949,39.968],[-0.957,39.968],[-0.96,39.971],[-0.965,39.972],[-0.968,39.975],[-0.976,39.975],[-0.978,39.977],[-0.98,39.984],[-0.979,39.991],[-0.981,39.993],[-0.981,39.998],[-0.976,40.001],[-0.975,40.004],[-0.97,40.002],[-0.969,40.006],[-0.965,40.008],[-0.957,40.002],[-0.95,40.001],[-0.95,39.999],[-0.942,39.998],[-0.939,40.002],[-0.936,40.002],[-0.927,39.997],[-0.922,39.997],[-0.919,39.999],[-0.912,39.999],[-0.906,39.996],[-0.906,39.992],[-0.917,39.991],[-0.913,39.987],[-0.912,39.978],[-0.91,39.975],[-0.903,39.975],[-0.898,39.973],[-0.899,39.964],[-0.889,39.962],[-0.875,39.962],[-0.879,39.958],[-0.877,39.956],[-0.876,39.949],[-0.88,39.944],[-0.873,39.941],[-0.872,39.932],[-0.87,39.928],[-0.871,39.923],[-0.871,39.917],[-0.874,39.915],[-0.872,39.909],[-0.87,39.909],[-0.865,39.904],[-0.869,39.904],[-0.87,39.897],[-0.874,39.895],[-0.881,39.894],[-0.883,39.892],[-0.883,39.881],[-0.892,39.881],[-0.891,39.878],[-0.895,39.877],[-0.895,39.873],[-0.899,39.869],[-0.899,39.865],[-0.895,39.861],[-0.895,39.856],[-0.89,39.855],[-0.892,39.849],[-0.883,39.848],[-0.882,39.844],[-0.875,39.841],[-0.873,39.837],[-0.867,39.837],[-0.869,39.833],[-0.869,39.827],[-0.862,39.827],[-0.854,39.824],[-0.857,39.821],[-0.861,39.821],[-0.864,39.818],[-0.861,39.813],[-0.867,39.813],[-0.869,39.811],[-0.869,39.806],[-0.875,39.805],[-0.893,39.805],[-0.897,39.802],[-0.906,39.798],[-0.899,39.79],[-0.901,39.789],[-0.901,39.78],[-0.911,39.771],[-0.917,39.77],[-0.917,39.767],[-0.923,39.765],[-0.923,39.759],[-0.931,39.759],[-0.937,39.755],[-0.938,39.749],[-0.941,39.749],[-0.95,39.742],[-0.958,39.742],[-0.963,39.737],[-0.963,39.735],[-0.969,39.733],[-0.969,39.727],[-0.973,39.726],[-0.975,39.731],[-0.975,39.736],[-0.977,39.738],[-0.976,39.742],[-0.972,39.748],[-0.978,39.755],[-0.983,39.758],[-0.983,39.764],[-0.98,39.765],[-0.985,39.771],[-0.991,39.773],[-0.993,39.78]]]}},{"type":"Feature","properties":{"id":"J15-13","idx":24,"name":"Río Turia: embalse Loriguilla - río Sot","river":"Río Turia","town":"Chulilla","kind":"wb","area_km2":64.6,"up_area_km2":4936.1,"next":"J15-14A","terminal_unit":"J15-19","terminal":"sea","drains_to_sea":true,"n_upstream":30,"outlet":[-0.864,39.621],"outlet_how":"cedex river x unit boundary","label":[-0.8728,39.6745],"source":"CHJ PHJ 2022-2027 masas de agua superficial (cuenca)","chj_codes":["15-13"]},"geometry":{"type":"Polygon","coordinates":[[[-0.858,39.624],[-0.864,39.621],[-0.869,39.621],[-0.872,39.618],[-0.887,39.618],[-0.887,39.624],[-0.891,39.626],[-0.902,39.626],[-0.907,39.63],[-0.916,39.629],[-0.921,39.625],[-0.938,39.625],[-0.941,39.624],[-0.948,39.626],[-0.953,39.629],[-0.952,39.638],[-0.948,39.638],[-0.945,39.642],[-0.941,39.644],[-0.933,39.645],[-0.929,39.641],[-0.925,39.641],[-0.919,39.647],[-0.912,39.65],[-0.912,39.659],[-0.915,39.66],[-0.913,39.667],[-0.909,39.668],[-0.909,39.671],[-0.902,39.672],[-0.903,39.676],[-0.9,39.678],[-0.9,39.683],[-0.907,39.69],[-0.903,39.691],[-0.902,39.694],[-0.892,39.696],[-0.888,39.701],[-0.886,39.701],[-0.886,39.707],[-0.889,39.714],[-0.878,39.721],[-0.874,39.721],[-0.87,39.724],[-0.869,39.731],[-0.865,39.729],[-0.858,39.73],[-0.857,39.725],[-0.852,39.724],[-0.852,39.726],[-0.847,39.728],[-0.843,39.732],[-0.84,39.732],[-0.838,39.724],[-0.835,39.723],[-0.833,39.719],[-0.835,39.714],[-0.84,39.709],[-0.844,39.7],[-0.845,39.694],[-0.843,39.693],[-0.844,39.685],[-0.84,39.682],[-0.843,39.681],[-0.843,39.673],[-0.836,39.67],[-0.837,39.665],[-0.834,39.664],[-0.834,39.66],[-0.831,39.659],[-0.831,39.655],[-0.836,39.653],[-0.836,39.651],[-0.842,39.65],[-0.847,39.642],[-0.854,39.641],[-0.858,39.638],[-0.862,39.638],[-0.862,39.633],[-0.866,39.632],[-0.865,39.629],[-0.861,39.629],[-0.858,39.624]]]}},{"type":"Feature","properties":{"id":"J15-13-01-01","idx":25,"name":"Río Reatillo","river":"Río Reatillo","town":null,"kind":"wb","area_km2":163.9,"up_area_km2":163.9,"next":"J15-13-01-02","terminal_unit":"J15-19","terminal":"sea","drains_to_sea":true,"n_upstream":0,"outlet":[-0.9604,39.573],"outlet_how":"cedex river x unit boundary","label":[-1.033,39.588],"source":"CHJ PHJ 2022-2027 masas de agua superficial (cuenca)","chj_codes":["15-13-01-01"]},"geometry":{"type":"Polygon","coordinates":[[[-1.111,39.675],[-1.108,39.673],[-1.097,39.673],[-1.096,39.67],[-1.083,39.671],[-1.082,39.669],[-1.072,39.668],[-1.068,39.662],[-1.062,39.659],[-1.056,39.658],[-1.048,39.653],[-1.038,39.65],[-1.037,39.648],[-1.032,39.648],[-1.022,39.643],[-1.021,39.64],[-1.017,39.64],[-1.016,39.634],[-1.013,39.63],[-1.007,39.63],[-1.002,39.636],[-0.996,39.634],[-0.994,39.63],[-0.993,39.622],[-0.991,39.616],[-0.991,39.61],[-0.995,39.61],[-0.995,39.6],[-0.994,39.598],[-0.989,39.598],[-0.985,39.59],[-0.98,39.589],[-0.975,39.584],[-0.975,39.579],[-0.97,39.579],[-0.967,39.573],[-0.956,39.573],[-0.947,39.568],[-0.947,39.564],[-0.94,39.562],[-0.938,39.558],[-0.928,39.56],[-0.92,39.554],[-0.919,39.551],[-0.919,39.539],[-0.92,39.537],[-0.928,39.531],[-0.937,39.533],[-0.938,39.529],[-0.935,39.525],[-0.939,39.523],[-0.939,39.518],[-0.945,39.518],[-0.952,39.513],[-0.95,39.509],[-0.952,39.507],[-0.956,39.51],[-0.966,39.513],[-0.974,39.51],[-0.981,39.51],[-0.984,39.513],[-0.994,39.511],[-0.993,39.509],[-0.997,39.505],[-1.005,39.506],[-1.011,39.502],[-1.016,39.503],[-1.028,39.503],[-1.03,39.505],[-1.039,39.506],[-1.045,39.51],[-1.046,39.515],[-1.049,39.515],[-1.049,39.52],[-1.046,39.522],[-1.048,39.526],[-1.053,39.529],[-1.056,39.528],[-1.057,39.531],[-1.062,39.531],[-1.058,39.55],[-1.053,39.554],[-1.053,39.558],[-1.061,39.56],[-1.061,39.564],[-1.064,39.568],[-1.072,39.571],[-1.078,39.571],[-1.082,39.574],[-1.079,39.578],[-1.083,39.582],[-1.085,39.587],[-1.089,39.589],[-1.089,39.595],[-1.083,39.599],[-1.084,39.604],[-1.089,39.607],[-1.089,39.609],[-1.095,39.61],[-1.095,39.614],[-1.098,39.619],[-1.106,39.623],[-1.113,39.628],[-1.118,39.628],[-1.124,39.633],[-1.131,39.634],[-1.133,39.638],[-1.133,39.64],[-1.128,39.641],[-1.129,39.644],[-1.126,39.646],[-1.125,39.65],[-1.121,39.652],[-1.123,39.655],[-1.116,39.659],[-1.115,39.657],[-1.107,39.656],[-1.107,39.667],[-1.111,39.671],[-1.111,39.675]]]}},{"type":"Feature","properties":{"id":"J15-13-01-03","idx":26,"name":"Río Sot: embalse de Buseo - río Turia","river":"Río Sot","town":"Sot de Chera","kind":"wb","area_km2":31.6,"up_area_km2":251.2,"next":"J15-14A","terminal_unit":"J15-19","terminal":"sea","drains_to_sea":true,"n_upstream":2,"outlet":[-0.864,39.6207],"outlet_how":"cedex river x unit boundary","label":[-0.9116,39.605],"source":"CHJ PHJ 2022-2027 masas de agua superficial (cuenca)","chj_codes":["15-13-01-03"]},"geometry":{"type":"Polygon","coordinates":[[[-0.953,39.629],[-0.948,39.626],[-0.941,39.624],[-0.938,39.625],[-0.921,39.625],[-0.916,39.629],[-0.907,39.63],[-0.902,39.626],[-0.891,39.626],[-0.887,39.624],[-0.887,39.618],[-0.872,39.618],[-0.869,39.621],[-0.864,39.621],[-0.867,39.618],[-0.866,39.607],[-0.868,39.603],[-0.872,39.601],[-0.871,39.595],[-0.878,39.591],[-0.883,39.585],[-0.883,39.582],[-0.889,39.58],[-0.894,39.583],[-0.901,39.585],[-0.907,39.592],[-0.913,39.595],[-0.918,39.592],[-0.918,39.59],[-0.928,39.589],[-0.93,39.591],[-0.936,39.591],[-0.938,39.595],[-0.944,39.599],[-0.946,39.602],[-0.952,39.602],[-0.959,39.607],[-0.963,39.607],[-0.964,39.611],[-0.968,39.615],[-0.975,39.615],[-0.98,39.622],[-0.975,39.624],[-0.973,39.628],[-0.968,39.628],[-0.963,39.631],[-0.953,39.629]]]}},{"type":"Feature","properties":{"id":"J15-14-01-01A","idx":27,"name":"Rambla Alcublas: cabecera - paraje de El Calderó","river":"Rambla Alcublas","town":"Alcublas","kind":"wb","area_km2":169.4,"up_area_km2":169.4,"next":"J15-14-01-01B","terminal_unit":"J15-19","terminal":"sea","drains_to_sea":true,"n_upstream":0,"outlet":[-0.774,39.7322],"outlet_how":"cedex river x unit boundary","label":[-0.7943,39.829],"source":"CHJ PHJ 2022-2027 masas de agua superficial (cuenca)","chj_codes":["15-14-01-01A"]},"geometry":{"type":"Polygon","coordinates":[[[-0.854,39.824],[-0.862,39.827],[-0.869,39.827],[-0.869,39.833],[-0.867,39.837],[-0.873,39.837],[-0.875,39.841],[-0.882,39.844],[-0.883,39.848],[-0.892,39.849],[-0.89,39.855],[-0.895,39.856],[-0.895,39.861],[-0.899,39.865],[-0.899,39.869],[-0.895,39.873],[-0.895,39.877],[-0.891,39.878],[-0.892,39.881],[-0.883,39.881],[-0.883,39.892],[-0.881,39.894],[-0.874,39.895],[-0.87,39.897],[-0.869,39.904],[-0.865,39.904],[-0.87,39.909],[-0.872,39.909],[-0.874,39.915],[-0.871,39.917],[-0.871,39.923],[-0.864,39.921],[-0.858,39.929],[-0.853,39.929],[-0.85,39.933],[-0.847,39.932],[-0.847,39.928],[-0.843,39.928],[-0.841,39.924],[-0.838,39.924],[-0.836,39.92],[-0.833,39.919],[-0.833,39.913],[-0.836,39.91],[-0.829,39.91],[-0.827,39.903],[-0.817,39.903],[-0.82,39.9],[-0.82,39.896],[-0.812,39.897],[-0.808,39.893],[-0.802,39.891],[-0.804,39.886],[-0.802,39.881],[-0.797,39.881],[-0.799,39.877],[-0.796,39.877],[-0.79,39.871],[-0.783,39.869],[-0.784,39.866],[-0.775,39.867],[-0.77,39.866],[-0.763,39.87],[-0.756,39.867],[-0.756,39.861],[-0.758,39.857],[-0.749,39.857],[-0.749,39.852],[-0.744,39.849],[-0.74,39.849],[-0.737,39.842],[-0.733,39.842],[-0.733,39.838],[-0.727,39.836],[-0.725,39.831],[-0.72,39.831],[-0.719,39.827],[-0.714,39.827],[-0.711,39.825],[-0.703,39.826],[-0.703,39.831],[-0.696,39.836],[-0.696,39.838],[-0.685,39.837],[-0.68,39.831],[-0.679,39.825],[-0.672,39.825],[-0.662,39.818],[-0.669,39.814],[-0.668,39.808],[-0.672,39.805],[-0.672,39.802],[-0.677,39.804],[-0.686,39.805],[-0.692,39.8],[-0.691,39.794],[-0.691,39.782],[-0.698,39.775],[-0.702,39.775],[-0.708,39.782],[-0.715,39.783],[-0.72,39.778],[-0.72,39.775],[-0.725,39.775],[-0.729,39.782],[-0.739,39.782],[-0.742,39.778],[-0.742,39.774],[-0.745,39.772],[-0.746,39.767],[-0.752,39.769],[-0.75,39.757],[-0.754,39.756],[-0.757,39.751],[-0.76,39.75],[-0.76,39.744],[-0.762,39.742],[-0.768,39.741],[-0.774,39.737],[-0.774,39.729],[-0.778,39.726],[-0.788,39.728],[-0.789,39.734],[-0.787,39.738],[-0.787,39.757],[-0.789,39.759],[-0.789,39.766],[-0.783,39.768],[-0.786,39.774],[-0.785,39.78],[-0.787,39.785],[-0.795,39.79],[-0.794,39.796],[-0.798,39.799],[-0.803,39.799],[-0.81,39.804],[-0.816,39.803],[-0.821,39.808],[-0.831,39.807],[-0.832,39.809],[-0.846,39.817],[-0.846,39.82],[-0.854,39.824]]]}},{"type":"Feature","properties":{"id":"J15-14-01-01B","idx":28,"name":"Rambla Alcublas: paraje de El Calderó - rambla Castellana","river":"Rambla Alcublas","town":null,"kind":"wb","area_km2":51.0,"up_area_km2":220.4,"next":"J15-14-01-02A","terminal_unit":"J15-19","terminal":"sea","drains_to_sea":true,"n_upstream":1,"outlet":[-0.688,39.6704],"outlet_how":"cedex river x unit boundary","label":[-0.7442,39.727],"source":"CHJ PHJ 2022-2027 masas de agua superficial (cuenca)","chj_codes":["15-14-01-01B"]},"geometry":{"type":"Polygon","coordinates":[[[-0.778,39.726],[-0.774,39.729],[-0.774,39.737],[-0.768,39.741],[-0.762,39.742],[-0.76,39.744],[-0.76,39.75],[-0.757,39.751],[-0.754,39.756],[-0.75,39.757],[-0.752,39.769],[-0.746,39.767],[-0.745,39.772],[-0.742,39.774],[-0.742,39.778],[-0.739,39.782],[-0.729,39.782],[-0.725,39.775],[-0.72,39.775],[-0.72,39.778],[-0.715,39.783],[-0.708,39.782],[-0.702,39.775],[-0.698,39.775],[-0.701,39.767],[-0.703,39.766],[-0.701,39.758],[-0.704,39.754],[-0.707,39.754],[-0.707,39.748],[-0.711,39.745],[-0.709,39.733],[-0.713,39.728],[-0.708,39.724],[-0.708,39.716],[-0.71,39.716],[-0.712,39.701],[-0.709,39.699],[-0.703,39.69],[-0.696,39.686],[-0.689,39.678],[-0.689,39.67],[-0.698,39.673],[-0.699,39.675],[-0.707,39.675],[-0.715,39.682],[-0.719,39.688],[-0.722,39.688],[-0.729,39.694],[-0.729,39.698],[-0.739,39.697],[-0.742,39.695],[-0.753,39.696],[-0.758,39.691],[-0.767,39.69],[-0.767,39.693],[-0.771,39.697],[-0.779,39.699],[-0.778,39.708],[-0.777,39.717],[-0.775,39.717],[-0.775,39.725],[-0.778,39.726]]]}},{"type":"Feature","properties":{"id":"J15-14-01-02-01-01A","idx":29,"name":"Rambla de la Aceña: cabecera - rambla Castellana","river":"Rambla de la Aceña","town":"Higueruelas","kind":"wb","area_km2":87.5,"up_area_km2":87.5,"next":"J15-14-01-02-01-01B","terminal_unit":"J15-19","terminal":"sea","drains_to_sea":true,"n_upstream":0,"outlet":[-0.8,39.7003],"outlet_how":"cedex river x unit boundary","label":[-0.856,39.763],"source":"CHJ PHJ 2022-2027 masas de agua superficial (cuenca)","chj_codes":["15-14-01-02-01-01A"]},"geometry":{"type":"Polygon","coordinates":[[[-0.923,39.759],[-0.923,39.765],[-0.917,39.767],[-0.917,39.77],[-0.911,39.771],[-0.901,39.78],[-0.901,39.789],[-0.899,39.79],[-0.906,39.798],[-0.897,39.802],[-0.893,39.805],[-0.875,39.805],[-0.869,39.806],[-0.869,39.811],[-0.867,39.813],[-0.861,39.813],[-0.864,39.818],[-0.861,39.821],[-0.857,39.821],[-0.854,39.824],[-0.846,39.82],[-0.846,39.817],[-0.832,39.809],[-0.831,39.807],[-0.821,39.808],[-0.816,39.803],[-0.81,39.804],[-0.803,39.799],[-0.798,39.799],[-0.794,39.796],[-0.795,39.79],[-0.787,39.785],[-0.785,39.78],[-0.786,39.774],[-0.783,39.768],[-0.789,39.766],[-0.789,39.759],[-0.787,39.757],[-0.787,39.738],[-0.789,39.734],[-0.788,39.728],[-0.778,39.726],[-0.775,39.725],[-0.775,39.717],[-0.777,39.717],[-0.778,39.708],[-0.78,39.706],[-0.787,39.705],[-0.792,39.701],[-0.802,39.701],[-0.8,39.703],[-0.8,39.708],[-0.803,39.71],[-0.804,39.719],[-0.807,39.72],[-0.807,39.728],[-0.811,39.732],[-0.827,39.732],[-0.829,39.735],[-0.834,39.735],[-0.837,39.738],[-0.843,39.738],[-0.851,39.733],[-0.858,39.73],[-0.865,39.729],[-0.869,39.731],[-0.877,39.731],[-0.878,39.738],[-0.883,39.741],[-0.887,39.741],[-0.89,39.745],[-0.891,39.75],[-0.896,39.755],[-0.9,39.754],[-0.905,39.756],[-0.907,39.761],[-0.913,39.761],[-0.915,39.758],[-0.923,39.759]]]}},{"type":"Feature","properties":{"id":"J15-14-01-02-01-01B","idx":30,"name":"Rambla Castellana: rambla de la Aceña - rambla Alcublas","river":"Rambla Castellana","town":"Villar del Arzobispo","kind":"wb","area_km2":80.4,"up_area_km2":167.9,"next":"J15-14-01-02A","terminal_unit":"J15-19","terminal":"sea","drains_to_sea":true,"n_upstream":1,"outlet":[-0.6899,39.67],"outlet_how":"cedex river x unit boundary","label":[-0.7767,39.678],"source":"CHJ PHJ 2022-2027 masas de agua superficial (cuenca)","chj_codes":["15-14-01-02-01-01B"]},"geometry":{"type":"Polygon","coordinates":[[[-0.858,39.73],[-0.851,39.733],[-0.843,39.738],[-0.837,39.738],[-0.834,39.735],[-0.829,39.735],[-0.827,39.732],[-0.811,39.732],[-0.807,39.728],[-0.807,39.72],[-0.804,39.719],[-0.803,39.71],[-0.8,39.708],[-0.8,39.703],[-0.802,39.701],[-0.792,39.701],[-0.787,39.705],[-0.78,39.706],[-0.778,39.708],[-0.779,39.699],[-0.771,39.697],[-0.767,39.693],[-0.767,39.69],[-0.758,39.691],[-0.753,39.696],[-0.742,39.695],[-0.739,39.697],[-0.729,39.698],[-0.729,39.694],[-0.722,39.688],[-0.719,39.688],[-0.715,39.682],[-0.707,39.675],[-0.699,39.675],[-0.698,39.673],[-0.689,39.67],[-0.694,39.664],[-0.705,39.662],[-0.708,39.656],[-0.712,39.656],[-0.714,39.653],[-0.721,39.654],[-0.727,39.659],[-0.735,39.661],[-0.735,39.666],[-0.747,39.665],[-0.752,39.656],[-0.761,39.65],[-0.77,39.651],[-0.772,39.646],[-0.781,39.647],[-0.782,39.645],[-0.794,39.645],[-0.801,39.643],[-0.801,39.64],[-0.806,39.636],[-0.812,39.636],[-0.818,39.633],[-0.819,39.629],[-0.817,39.626],[-0.82,39.622],[-0.825,39.622],[-0.823,39.625],[-0.828,39.628],[-0.834,39.628],[-0.835,39.625],[-0.841,39.623],[-0.842,39.621],[-0.849,39.62],[-0.858,39.624],[-0.861,39.629],[-0.865,39.629],[-0.866,39.632],[-0.862,39.633],[-0.862,39.638],[-0.858,39.638],[-0.854,39.641],[-0.847,39.642],[-0.842,39.65],[-0.836,39.651],[-0.836,39.653],[-0.831,39.655],[-0.831,39.659],[-0.834,39.66],[-0.834,39.664],[-0.837,39.665],[-0.836,39.67],[-0.843,39.673],[-0.843,39.681],[-0.84,39.682],[-0.844,39.685],[-0.843,39.693],[-0.845,39.694],[-0.844,39.7],[-0.84,39.709],[-0.835,39.714],[-0.833,39.719],[-0.835,39.723],[-0.838,39.724],[-0.84,39.732],[-0.843,39.732],[-0.847,39.728],[-0.852,39.726],[-0.852,39.724],[-0.857,39.725],[-0.858,39.73]]]}},{"type":"Feature","properties":{"id":"J15-14-01-02A","idx":31,"name":"Rambla Castellana: rambla Alcublas - río Turia","river":"Rambla Castellana","town":null,"kind":"wb","area_km2":34.2,"up_area_km2":422.6,"next":"J15-15A","terminal_unit":"J15-19","terminal":"sea","drains_to_sea":true,"n_upstream":4,"outlet":[-0.6675,39.605],"outlet_how":"cedex river x unit boundary","label":[-0.7071,39.6415],"source":"CHJ PHJ 2022-2027 masas de agua superficial (cuenca)","chj_codes":["15-14-01-02A"]},"geometry":{"type":"Polygon","coordinates":[[[-0.689,39.67],[-0.689,39.678],[-0.681,39.674],[-0.676,39.67],[-0.676,39.664],[-0.674,39.661],[-0.674,39.656],[-0.671,39.654],[-0.671,39.648],[-0.673,39.645],[-0.669,39.645],[-0.668,39.64],[-0.665,39.637],[-0.666,39.634],[-0.662,39.628],[-0.657,39.624],[-0.657,39.621],[-0.653,39.619],[-0.651,39.614],[-0.656,39.615],[-0.657,39.612],[-0.658,39.61],[-0.666,39.607],[-0.668,39.605],[-0.672,39.608],[-0.671,39.611],[-0.675,39.611],[-0.676,39.614],[-0.68,39.616],[-0.687,39.616],[-0.688,39.618],[-0.703,39.618],[-0.71,39.621],[-0.716,39.621],[-0.723,39.626],[-0.729,39.626],[-0.736,39.632],[-0.74,39.632],[-0.741,39.637],[-0.746,39.639],[-0.746,39.643],[-0.749,39.647],[-0.759,39.646],[-0.761,39.65],[-0.752,39.656],[-0.747,39.665],[-0.735,39.666],[-0.735,39.661],[-0.727,39.659],[-0.721,39.654],[-0.714,39.653],[-0.712,39.656],[-0.708,39.656],[-0.705,39.662],[-0.694,39.664],[-0.689,39.67]]]}},{"type":"Feature","properties":{"id":"J15-14-02-01","idx":32,"name":"Rambla Escorihuela: cabecera - escorredor de Crispina","river":"Rambla Escorihuela","town":null,"kind":"wb","area_km2":128.9,"up_area_km2":128.9,"next":"J15-14-02-02","terminal_unit":"J15-19","terminal":"sea","drains_to_sea":true,"n_upstream":0,"outlet":[-0.6211,39.649],"outlet_how":"cedex river x unit boundary","label":[-0.6036,39.7405],"source":"CHJ PHJ 2022-2027 masas de agua superficial (cuenca)","chj_codes":["15-14-02-01"]},"geometry":{"type":"Polygon","coordinates":[[[-0.578,39.784],[-0.578,39.78],[-0.575,39.777],[-0.571,39.777],[-0.565,39.781],[-0.558,39.781],[-0.554,39.779],[-0.551,39.772],[-0.54,39.769],[-0.54,39.761],[-0.546,39.76],[-0.547,39.755],[-0.555,39.756],[-0.557,39.752],[-0.561,39.751],[-0.561,39.743],[-0.566,39.74],[-0.568,39.733],[-0.566,39.732],[-0.571,39.728],[-0.574,39.722],[-0.574,39.715],[-0.577,39.714],[-0.577,39.705],[-0.58,39.704],[-0.579,39.701],[-0.58,39.693],[-0.579,39.687],[-0.581,39.686],[-0.581,39.68],[-0.578,39.679],[-0.578,39.668],[-0.582,39.666],[-0.587,39.658],[-0.603,39.657],[-0.603,39.659],[-0.608,39.659],[-0.612,39.654],[-0.613,39.65],[-0.622,39.649],[-0.634,39.663],[-0.638,39.666],[-0.643,39.667],[-0.644,39.673],[-0.647,39.678],[-0.651,39.681],[-0.653,39.686],[-0.649,39.689],[-0.648,39.695],[-0.645,39.697],[-0.645,39.705],[-0.64,39.709],[-0.637,39.716],[-0.64,39.719],[-0.64,39.731],[-0.643,39.732],[-0.642,39.741],[-0.645,39.742],[-0.645,39.746],[-0.649,39.748],[-0.651,39.754],[-0.657,39.755],[-0.657,39.757],[-0.663,39.76],[-0.67,39.76],[-0.667,39.763],[-0.667,39.769],[-0.664,39.772],[-0.662,39.779],[-0.669,39.779],[-0.669,39.776],[-0.687,39.779],[-0.691,39.782],[-0.691,39.794],[-0.692,39.8],[-0.686,39.805],[-0.677,39.804],[-0.672,39.802],[-0.672,39.805],[-0.668,39.808],[-0.669,39.814],[-0.662,39.818],[-0.656,39.82],[-0.649,39.82],[-0.647,39.816],[-0.642,39.817],[-0.639,39.82],[-0.634,39.818],[-0.627,39.822],[-0.626,39.828],[-0.615,39.827],[-0.613,39.831],[-0.606,39.828],[-0.606,39.822],[-0.601,39.821],[-0.603,39.817],[-0.603,39.812],[-0.605,39.81],[-0.6,39.809],[-0.599,39.806],[-0.593,39.804],[-0.589,39.801],[-0.591,39.796],[-0.587,39.793],[-0.587,39.789],[-0.582,39.786],[-0.582,39.783],[-0.578,39.784]]]}},{"type":"Feature","properties":{"id":"J15-14-02-02","idx":33,"name":"Rambla Escorihuela: escorredor de Crispina - río Turia","river":"Rambla Escorihuela","town":"Casinos","kind":"wb","area_km2":95.3,"up_area_km2":224.2,"next":"J15-15A","terminal_unit":"J15-19","terminal":"sea","drains_to_sea":true,"n_upstream":1,"outlet":[-0.6494,39.601],"outlet_how":"cedex river x unit boundary","label":[-0.6765,39.6925],"source":"CHJ PHJ 2022-2027 masas de agua superficial (cuenca)","chj_codes":["15-14-02-02"]},"geometry":{"type":"Polygon","coordinates":[[[-0.582,39.666],[-0.573,39.661],[-0.571,39.657],[-0.566,39.654],[-0.569,39.651],[-0.572,39.652],[-0.573,39.645],[-0.576,39.644],[-0.576,39.638],[-0.586,39.638],[-0.59,39.636],[-0.594,39.631],[-0.598,39.63],[-0.603,39.622],[-0.606,39.62],[-0.61,39.612],[-0.614,39.611],[-0.616,39.613],[-0.631,39.612],[-0.635,39.606],[-0.645,39.606],[-0.649,39.601],[-0.654,39.602],[-0.657,39.612],[-0.656,39.615],[-0.651,39.614],[-0.653,39.619],[-0.657,39.621],[-0.657,39.624],[-0.662,39.628],[-0.666,39.634],[-0.665,39.637],[-0.668,39.64],[-0.669,39.645],[-0.673,39.645],[-0.671,39.648],[-0.671,39.654],[-0.674,39.656],[-0.674,39.661],[-0.676,39.664],[-0.676,39.67],[-0.681,39.674],[-0.689,39.678],[-0.696,39.686],[-0.703,39.69],[-0.709,39.699],[-0.712,39.701],[-0.71,39.716],[-0.708,39.716],[-0.708,39.724],[-0.713,39.728],[-0.709,39.733],[-0.711,39.745],[-0.707,39.748],[-0.707,39.754],[-0.704,39.754],[-0.701,39.758],[-0.703,39.766],[-0.701,39.767],[-0.698,39.775],[-0.691,39.782],[-0.687,39.779],[-0.669,39.776],[-0.669,39.779],[-0.662,39.779],[-0.664,39.772],[-0.667,39.769],[-0.667,39.763],[-0.67,39.76],[-0.663,39.76],[-0.657,39.757],[-0.657,39.755],[-0.651,39.754],[-0.649,39.748],[-0.645,39.746],[-0.645,39.742],[-0.642,39.741],[-0.643,39.732],[-0.64,39.731],[-0.64,39.719],[-0.637,39.716],[-0.64,39.709],[-0.645,39.705],[-0.645,39.697],[-0.648,39.695],[-0.649,39.689],[-0.653,39.686],[-0.651,39.681],[-0.647,39.678],[-0.644,39.673],[-0.643,39.667],[-0.638,39.666],[-0.634,39.663],[-0.622,39.649],[-0.613,39.65],[-0.612,39.654],[-0.608,39.659],[-0.603,39.659],[-0.603,39.657],[-0.587,39.658],[-0.582,39.666]]]}},{"type":"Feature","properties":{"id":"J01-04","idx":34,"name":"Río de la Sénia: embalse de Ulldecona - acequia de Foies","river":"Río de la Sénia","town":"Ulldecona","kind":"wb","area_km2":82.2,"up_area_km2":178.9,"next":"J01-05","terminal_unit":"J01-05","terminal":"sea","drains_to_sea":true,"n_upstream":1,"outlet":[0.439,40.5741],"outlet_how":"cedex river x unit boundary","label":[0.2796,40.6385],"source":"CHJ PHJ 2022-2027 masas de agua superficial (cuenca)","merged_names":["Río de la Sénia: azud presa del Martinet - azud de la Tanca","Río de la Sénia: embalse de Ulldecona - azud presa del Martinet"],"chj_codes":["01-04","01-03B","01-03A"]},"geometry":{"type":"Polygon","coordinates":[[[0.261,40.707],[0.271,40.704],[0.277,40.695],[0.284,40.693],[0.293,40.689],[0.293,40.686],[0.289,40.68],[0.286,40.679],[0.284,40.675],[0.284,40.669],[0.286,40.665],[0.291,40.661],[0.291,40.658],[0.286,40.655],[0.276,40.654],[0.273,40.652],[0.274,40.649],[0.281,40.647],[0.284,40.644],[0.289,40.644],[0.293,40.64],[0.292,40.634],[0.294,40.631],[0.298,40.631],[0.3,40.628],[0.308,40.625],[0.312,40.62],[0.318,40.618],[0.323,40.614],[0.329,40.614],[0.331,40.612],[0.338,40.612],[0.34,40.61],[0.345,40.61],[0.348,40.612],[0.354,40.611],[0.374,40.611],[0.374,40.61],[0.384,40.61],[0.398,40.608],[0.402,40.606],[0.41,40.606],[0.419,40.609],[0.422,40.615],[0.429,40.615],[0.436,40.624],[0.44,40.627],[0.444,40.625],[0.451,40.625],[0.453,40.627],[0.461,40.628],[0.462,40.632],[0.469,40.637],[0.473,40.632],[0.473,40.628],[0.476,40.623],[0.483,40.616],[0.489,40.614],[0.49,40.612],[0.496,40.611],[0.497,40.609],[0.509,40.604],[0.514,40.604],[0.523,40.607],[0.52,40.598],[0.521,40.587],[0.516,40.587],[0.514,40.584],[0.504,40.584],[0.501,40.587],[0.492,40.587],[0.487,40.581],[0.484,40.58],[0.482,40.576],[0.477,40.574],[0.474,40.574],[0.471,40.569],[0.462,40.568],[0.452,40.568],[0.452,40.572],[0.446,40.575],[0.439,40.574],[0.437,40.578],[0.43,40.579],[0.429,40.581],[0.422,40.583],[0.421,40.585],[0.412,40.585],[0.408,40.589],[0.404,40.589],[0.402,40.592],[0.396,40.593],[0.39,40.596],[0.389,40.594],[0.381,40.598],[0.375,40.598],[0.364,40.604],[0.356,40.604],[0.35,40.607],[0.339,40.606],[0.334,40.609],[0.326,40.611],[0.317,40.611],[0.306,40.618],[0.301,40.619],[0.298,40.623],[0.289,40.622],[0.282,40.625],[0.274,40.629],[0.271,40.636],[0.262,40.641],[0.257,40.641],[0.252,40.644],[0.241,40.644],[0.235,40.641],[0.224,40.642],[0.221,40.646],[0.212,40.648],[0.214,40.655],[0.218,40.655],[0.223,40.658],[0.229,40.657],[0.237,40.66],[0.237,40.663],[0.233,40.671],[0.236,40.672],[0.236,40.676],[0.241,40.677],[0.243,40.68],[0.244,40.694],[0.243,40.696],[0.247,40.698],[0.247,40.702],[0.251,40.705],[0.259,40.705],[0.261,40.707]]]}},{"type":"Feature","properties":{"id":"J01-05","idx":35,"name":"Río de la Sénia: acequia de Foies - mar","river":"Río de la Sénia","town":"Alcanar","kind":"wb","area_km2":40.5,"up_area_km2":219.4,"next":null,"terminal_unit":"J01-05","terminal":"sea","drains_to_sea":true,"n_upstream":2,"outlet":[0.5147,40.5231],"outlet_how":"cedex river","label":[0.4504,40.557],"source":"CHJ PHJ 2022-2027 masas de agua superficial (cuenca)","chj_codes":["01-05"]},"geometry":{"type":"Polygon","coordinates":[[[0.339,40.606],[0.35,40.607],[0.356,40.604],[0.364,40.604],[0.375,40.598],[0.381,40.598],[0.389,40.594],[0.39,40.596],[0.396,40.593],[0.402,40.592],[0.404,40.589],[0.408,40.589],[0.412,40.585],[0.421,40.585],[0.422,40.583],[0.429,40.581],[0.43,40.579],[0.437,40.578],[0.439,40.574],[0.446,40.575],[0.452,40.572],[0.452,40.568],[0.462,40.568],[0.471,40.569],[0.474,40.574],[0.477,40.574],[0.477,40.556],[0.474,40.553],[0.482,40.552],[0.486,40.546],[0.481,40.544],[0.484,40.54],[0.49,40.539],[0.493,40.535],[0.497,40.535],[0.5,40.531],[0.505,40.529],[0.511,40.529],[0.516,40.524],[0.515,40.516],[0.511,40.513],[0.507,40.507],[0.5,40.508],[0.498,40.51],[0.484,40.51],[0.478,40.515],[0.471,40.516],[0.467,40.52],[0.462,40.521],[0.456,40.527],[0.455,40.531],[0.451,40.532],[0.447,40.538],[0.442,40.54],[0.436,40.546],[0.429,40.548],[0.428,40.552],[0.423,40.558],[0.416,40.561],[0.416,40.564],[0.412,40.567],[0.411,40.571],[0.407,40.571],[0.404,40.574],[0.4,40.574],[0.395,40.578],[0.383,40.581],[0.378,40.585],[0.366,40.588],[0.364,40.591],[0.356,40.594],[0.35,40.6],[0.34,40.604],[0.339,40.606]]]}},{"type":"Feature","properties":{"id":"J03-01","idx":36,"name":"Río Servol: cabecera - barranco de Barsella","river":"Río Servol","town":"Vallibona","kind":"wb","area_km2":194.2,"up_area_km2":194.2,"next":"J03-02","terminal_unit":"J03-02","terminal":"sea","drains_to_sea":true,"n_upstream":0,"outlet":[0.228,40.584],"outlet_how":"cedex river x unit boundary","label":[0.0972,40.603],"source":"CHJ PHJ 2022-2027 masas de agua superficial (cuenca)","chj_codes":["03-01"]},"geometry":{"type":"Polygon","coordinates":[[[-0.05,40.67],[-0.048,40.666],[-0.039,40.664],[-0.037,40.661],[-0.031,40.659],[-0.026,40.659],[-0.023,40.657],[-0.019,40.658],[0.0,40.658],[0.001,40.655],[0.011,40.652],[0.013,40.649],[0.029,40.649],[0.031,40.652],[0.04,40.652],[0.048,40.648],[0.06,40.647],[0.066,40.651],[0.075,40.652],[0.088,40.652],[0.09,40.649],[0.096,40.648],[0.098,40.64],[0.112,40.639],[0.116,40.635],[0.122,40.635],[0.124,40.637],[0.14,40.637],[0.147,40.63],[0.153,40.629],[0.157,40.626],[0.16,40.62],[0.166,40.623],[0.174,40.621],[0.174,40.619],[0.186,40.623],[0.187,40.625],[0.194,40.625],[0.2,40.627],[0.201,40.623],[0.206,40.621],[0.206,40.614],[0.21,40.613],[0.21,40.61],[0.214,40.607],[0.219,40.606],[0.218,40.6],[0.225,40.596],[0.227,40.591],[0.232,40.59],[0.23,40.585],[0.226,40.581],[0.22,40.58],[0.22,40.573],[0.217,40.568],[0.208,40.569],[0.206,40.566],[0.2,40.565],[0.199,40.563],[0.183,40.564],[0.185,40.561],[0.181,40.559],[0.182,40.555],[0.179,40.553],[0.179,40.549],[0.176,40.546],[0.171,40.545],[0.172,40.542],[0.167,40.54],[0.166,40.534],[0.164,40.532],[0.157,40.531],[0.151,40.535],[0.138,40.536],[0.132,40.539],[0.13,40.542],[0.123,40.543],[0.123,40.549],[0.119,40.551],[0.113,40.551],[0.108,40.548],[0.1,40.549],[0.096,40.547],[0.088,40.548],[0.085,40.551],[0.086,40.556],[0.083,40.562],[0.078,40.565],[0.079,40.572],[0.07,40.571],[0.068,40.569],[0.058,40.569],[0.054,40.571],[0.054,40.574],[0.045,40.574],[0.035,40.579],[0.029,40.579],[0.016,40.584],[0.0,40.585],[-0.001,40.584],[-0.005,40.588],[-0.009,40.589],[-0.015,40.594],[-0.018,40.6],[-0.032,40.607],[-0.032,40.611],[-0.029,40.612],[-0.029,40.616],[-0.037,40.618],[-0.039,40.621],[-0.048,40.623],[-0.049,40.625],[-0.055,40.627],[-0.055,40.632],[-0.059,40.637],[-0.061,40.637],[-0.065,40.645],[-0.067,40.646],[-0.067,40.651],[-0.07,40.655],[-0.07,40.66],[-0.066,40.665],[-0.065,40.669],[-0.062,40.671],[-0.05,40.67]]]}},{"type":"Feature","properties":{"id":"J03-02","idx":37,"name":"Río Servol: barranco de Barsella - mar","river":"Río Servol","town":"Vinaròs","kind":"wb","area_km2":167.3,"up_area_km2":361.5,"next":null,"terminal_unit":"J03-02","terminal":"sea","drains_to_sea":true,"n_upstream":1,"outlet":[0.4839,40.4749],"outlet_how":"cedex river","label":[0.2597,40.5575],"source":"CHJ PHJ 2022-2027 masas de agua superficial (cuenca)","chj_codes":["03-02"]},"geometry":{"type":"Polygon","coordinates":[[[0.214,40.655],[0.212,40.648],[0.221,40.646],[0.224,40.642],[0.235,40.641],[0.241,40.644],[0.252,40.644],[0.257,40.641],[0.262,40.641],[0.271,40.636],[0.274,40.629],[0.282,40.625],[0.283,40.614],[0.285,40.608],[0.29,40.604],[0.29,40.6],[0.295,40.594],[0.298,40.587],[0.303,40.581],[0.308,40.58],[0.313,40.575],[0.315,40.575],[0.318,40.57],[0.326,40.57],[0.33,40.566],[0.338,40.564],[0.339,40.559],[0.337,40.556],[0.341,40.553],[0.345,40.547],[0.35,40.545],[0.356,40.545],[0.362,40.543],[0.365,40.54],[0.376,40.54],[0.376,40.539],[0.386,40.538],[0.387,40.54],[0.391,40.538],[0.401,40.538],[0.401,40.537],[0.411,40.537],[0.418,40.536],[0.418,40.526],[0.425,40.522],[0.426,40.52],[0.437,40.518],[0.444,40.512],[0.455,40.511],[0.458,40.509],[0.459,40.505],[0.464,40.501],[0.465,40.495],[0.469,40.491],[0.48,40.492],[0.487,40.487],[0.489,40.484],[0.486,40.48],[0.485,40.475],[0.479,40.47],[0.479,40.461],[0.477,40.466],[0.474,40.466],[0.465,40.458],[0.462,40.461],[0.454,40.461],[0.445,40.465],[0.441,40.476],[0.437,40.478],[0.437,40.483],[0.428,40.493],[0.424,40.493],[0.416,40.5],[0.41,40.5],[0.404,40.503],[0.404,40.507],[0.401,40.513],[0.396,40.513],[0.395,40.517],[0.39,40.519],[0.39,40.522],[0.382,40.525],[0.38,40.529],[0.375,40.533],[0.368,40.533],[0.364,40.536],[0.351,40.539],[0.339,40.539],[0.331,40.54],[0.328,40.538],[0.321,40.538],[0.316,40.54],[0.314,40.536],[0.306,40.535],[0.3,40.53],[0.289,40.53],[0.288,40.534],[0.284,40.534],[0.282,40.539],[0.278,40.544],[0.27,40.544],[0.265,40.54],[0.265,40.536],[0.262,40.535],[0.257,40.529],[0.254,40.529],[0.248,40.524],[0.239,40.524],[0.237,40.521],[0.24,40.519],[0.235,40.514],[0.231,40.514],[0.229,40.51],[0.196,40.51],[0.189,40.508],[0.181,40.511],[0.177,40.515],[0.171,40.515],[0.171,40.519],[0.166,40.521],[0.166,40.527],[0.164,40.532],[0.166,40.534],[0.167,40.54],[0.172,40.542],[0.171,40.545],[0.176,40.546],[0.179,40.549],[0.179,40.553],[0.182,40.555],[0.181,40.559],[0.185,40.561],[0.183,40.564],[0.199,40.563],[0.2,40.565],[0.206,40.566],[0.208,40.569],[0.217,40.568],[0.22,40.573],[0.22,40.58],[0.226,40.581],[0.23,40.585],[0.232,40.59],[0.227,40.591],[0.225,40.596],[0.218,40.6],[0.219,40.606],[0.214,40.607],[0.21,40.61],[0.21,40.613],[0.206,40.614],[0.206,40.621],[0.201,40.623],[0.2,40.627],[0.194,40.625],[0.187,40.625],[0.186,40.623],[0.174,40.619],[0.174,40.621],[0.166,40.623],[0.16,40.62],[0.157,40.626],[0.153,40.629],[0.147,40.63],[0.14,40.637],[0.143,40.64],[0.148,40.64],[0.15,40.644],[0.165,40.647],[0.174,40.647],[0.177,40.65],[0.186,40.65],[0.192,40.652],[0.214,40.655]]]}},{"type":"Feature","properties":{"id":"J05-01","idx":38,"name":"Río Cervera: cabecera - barranco de la Espandella","river":"Río Cervera","town":null,"kind":"wb","area_km2":121.2,"up_area_km2":121.2,"next":"J05-02","terminal_unit":"J05-02","terminal":"sea","drains_to_sea":true,"n_upstream":0,"outlet":[0.0883,40.522],"outlet_how":"cedex river x unit boundary","label":[0.0086,40.521],"source":"CHJ PHJ 2022-2027 masas de agua superficial (cuenca)","chj_codes":["05-01"]},"geometry":{"type":"Polygon","coordinates":[[[-0.001,40.584],[0.0,40.585],[0.016,40.584],[0.029,40.579],[0.035,40.579],[0.045,40.574],[0.054,40.574],[0.054,40.571],[0.058,40.569],[0.068,40.569],[0.07,40.571],[0.079,40.572],[0.078,40.565],[0.083,40.562],[0.086,40.556],[0.085,40.551],[0.088,40.548],[0.096,40.547],[0.098,40.546],[0.099,40.537],[0.095,40.535],[0.093,40.531],[0.093,40.526],[0.091,40.522],[0.085,40.52],[0.085,40.513],[0.081,40.508],[0.075,40.508],[0.075,40.505],[0.063,40.507],[0.063,40.497],[0.054,40.496],[0.054,40.487],[0.051,40.484],[0.047,40.484],[0.05,40.478],[0.05,40.471],[0.048,40.471],[0.045,40.475],[0.037,40.478],[0.035,40.48],[0.022,40.48],[0.022,40.481],[0.012,40.481],[-0.003,40.49],[-0.004,40.492],[-0.016,40.492],[-0.02,40.484],[-0.028,40.478],[-0.03,40.471],[-0.029,40.468],[-0.033,40.466],[-0.033,40.463],[-0.037,40.457],[-0.04,40.456],[-0.051,40.456],[-0.053,40.455],[-0.056,40.459],[-0.065,40.459],[-0.065,40.465],[-0.061,40.469],[-0.06,40.476],[-0.054,40.479],[-0.053,40.485],[-0.048,40.491],[-0.047,40.499],[-0.052,40.505],[-0.054,40.513],[-0.059,40.513],[-0.065,40.515],[-0.066,40.52],[-0.071,40.52],[-0.07,40.529],[-0.068,40.529],[-0.068,40.534],[-0.061,40.534],[-0.054,40.537],[-0.053,40.539],[-0.045,40.541],[-0.044,40.545],[-0.038,40.549],[-0.035,40.554],[-0.035,40.567],[-0.033,40.568],[-0.031,40.577],[-0.015,40.577],[-0.008,40.578],[-0.007,40.58],[-0.002,40.58],[-0.001,40.584]]]}},{"type":"Feature","properties":{"id":"J05-02","idx":39,"name":"Río Cervera: barranco de la Espandella - mar","river":"Río Cervera","town":"Càlig","kind":"wb","area_km2":230.8,"up_area_km2":352.0,"next":null,"terminal_unit":"J05-02","terminal":"sea","drains_to_sea":true,"n_upstream":1,"outlet":[0.3887,40.45],"outlet_how":"cedex river","label":[0.2313,40.4785],"source":"CHJ PHJ 2022-2027 masas de agua superficial (cuenca)","chj_codes":["05-02"]},"geometry":{"type":"Polygon","coordinates":[[[0.096,40.547],[0.1,40.549],[0.108,40.548],[0.113,40.551],[0.119,40.551],[0.123,40.549],[0.123,40.543],[0.13,40.542],[0.132,40.539],[0.138,40.536],[0.151,40.535],[0.157,40.531],[0.164,40.532],[0.166,40.527],[0.166,40.521],[0.171,40.519],[0.171,40.515],[0.177,40.515],[0.181,40.511],[0.189,40.508],[0.197,40.508],[0.2,40.505],[0.205,40.505],[0.212,40.499],[0.223,40.499],[0.224,40.497],[0.232,40.494],[0.237,40.49],[0.238,40.492],[0.242,40.49],[0.249,40.491],[0.252,40.488],[0.26,40.489],[0.263,40.487],[0.27,40.487],[0.271,40.49],[0.277,40.489],[0.279,40.487],[0.281,40.491],[0.284,40.491],[0.285,40.495],[0.294,40.5],[0.294,40.505],[0.301,40.511],[0.308,40.51],[0.312,40.506],[0.316,40.505],[0.319,40.494],[0.324,40.493],[0.327,40.489],[0.333,40.489],[0.337,40.487],[0.337,40.484],[0.35,40.484],[0.351,40.479],[0.361,40.476],[0.364,40.474],[0.373,40.474],[0.379,40.467],[0.388,40.467],[0.395,40.463],[0.398,40.459],[0.402,40.458],[0.407,40.452],[0.412,40.45],[0.414,40.447],[0.418,40.447],[0.425,40.444],[0.43,40.44],[0.436,40.433],[0.444,40.432],[0.44,40.422],[0.436,40.416],[0.431,40.412],[0.426,40.417],[0.425,40.42],[0.42,40.42],[0.416,40.428],[0.412,40.432],[0.403,40.431],[0.4,40.429],[0.399,40.435],[0.396,40.436],[0.394,40.44],[0.386,40.447],[0.386,40.449],[0.38,40.451],[0.374,40.449],[0.37,40.446],[0.369,40.441],[0.361,40.437],[0.356,40.436],[0.356,40.427],[0.354,40.424],[0.35,40.424],[0.34,40.417],[0.339,40.409],[0.325,40.413],[0.324,40.415],[0.316,40.415],[0.311,40.42],[0.304,40.422],[0.286,40.422],[0.284,40.424],[0.278,40.417],[0.278,40.414],[0.272,40.414],[0.267,40.411],[0.26,40.411],[0.259,40.407],[0.253,40.406],[0.236,40.406],[0.233,40.407],[0.229,40.412],[0.221,40.413],[0.22,40.416],[0.216,40.416],[0.216,40.419],[0.21,40.421],[0.205,40.427],[0.2,40.427],[0.199,40.431],[0.202,40.433],[0.201,40.437],[0.197,40.437],[0.193,40.433],[0.185,40.432],[0.179,40.433],[0.174,40.431],[0.168,40.434],[0.166,40.437],[0.161,40.437],[0.154,40.44],[0.152,40.443],[0.145,40.445],[0.138,40.445],[0.127,40.454],[0.125,40.461],[0.122,40.464],[0.122,40.469],[0.12,40.471],[0.112,40.472],[0.111,40.477],[0.108,40.481],[0.091,40.481],[0.085,40.478],[0.079,40.468],[0.074,40.469],[0.072,40.466],[0.067,40.469],[0.059,40.465],[0.053,40.465],[0.048,40.467],[0.048,40.471],[0.05,40.471],[0.05,40.478],[0.047,40.484],[0.051,40.484],[0.054,40.487],[0.054,40.496],[0.063,40.497],[0.063,40.507],[0.075,40.505],[0.075,40.508],[0.081,40.508],[0.085,40.513],[0.085,40.52],[0.091,40.522],[0.093,40.526],[0.093,40.531],[0.095,40.535],[0.099,40.537],[0.098,40.546],[0.096,40.547]]]}},{"type":"Feature","properties":{"id":"J07-01","idx":40,"name":"Rambla de la Morellana","river":"Rambla de la Morellana","town":"Albocàsser","kind":"wb","area_km2":120.5,"up_area_km2":120.5,"next":"J07-02A","terminal_unit":"J07-02B","terminal":"sea","drains_to_sea":true,"n_upstream":0,"outlet":[0.1279,40.347],"outlet_how":"cedex river x unit boundary","label":[0.0223,40.4055],"source":"CHJ PHJ 2022-2027 masas de agua superficial (cuenca)","chj_codes":["07-01"]},"geometry":{"type":"Polygon","coordinates":[[[-0.037,40.457],[-0.033,40.463],[-0.033,40.466],[-0.029,40.468],[-0.03,40.471],[-0.028,40.478],[-0.02,40.484],[-0.016,40.492],[-0.004,40.492],[-0.003,40.49],[0.012,40.481],[0.022,40.481],[0.022,40.48],[0.035,40.48],[0.037,40.478],[0.045,40.475],[0.048,40.471],[0.048,40.467],[0.053,40.465],[0.049,40.461],[0.048,40.455],[0.043,40.452],[0.042,40.448],[0.044,40.442],[0.042,40.44],[0.043,40.434],[0.041,40.425],[0.045,40.422],[0.045,40.419],[0.053,40.413],[0.054,40.407],[0.051,40.403],[0.056,40.401],[0.068,40.404],[0.07,40.406],[0.079,40.407],[0.08,40.409],[0.09,40.409],[0.091,40.402],[0.095,40.401],[0.092,40.395],[0.096,40.394],[0.094,40.386],[0.099,40.383],[0.099,40.38],[0.109,40.38],[0.116,40.378],[0.117,40.38],[0.123,40.38],[0.124,40.375],[0.127,40.374],[0.126,40.367],[0.124,40.367],[0.125,40.362],[0.128,40.358],[0.134,40.356],[0.134,40.353],[0.129,40.35],[0.128,40.347],[0.123,40.35],[0.118,40.36],[0.114,40.363],[0.108,40.364],[0.106,40.368],[0.103,40.369],[0.102,40.373],[0.088,40.372],[0.084,40.367],[0.079,40.365],[0.078,40.367],[0.072,40.367],[0.071,40.36],[0.069,40.36],[0.069,40.354],[0.062,40.35],[0.057,40.35],[0.049,40.345],[0.049,40.34],[0.041,40.336],[0.037,40.336],[0.035,40.331],[0.024,40.326],[0.024,40.321],[0.022,40.319],[0.02,40.321],[0.012,40.319],[0.013,40.325],[0.009,40.33],[0.006,40.331],[0.006,40.337],[0.008,40.338],[0.005,40.344],[-0.004,40.346],[-0.015,40.356],[-0.021,40.358],[-0.023,40.367],[-0.029,40.371],[-0.029,40.375],[-0.025,40.377],[-0.025,40.382],[-0.029,40.385],[-0.028,40.392],[-0.018,40.395],[-0.016,40.405],[-0.009,40.404],[-0.007,40.408],[-0.008,40.412],[-0.004,40.416],[0.004,40.417],[0.004,40.43],[0.005,40.432],[-0.001,40.434],[-0.014,40.434],[-0.024,40.438],[-0.031,40.437],[-0.033,40.439],[-0.039,40.44],[-0.039,40.447],[-0.041,40.454],[-0.037,40.457]]]}},{"type":"Feature","properties":{"id":"J07-02A","idx":41,"name":"Río San Miguel: cabecera - les Coves de Vinromà","river":"Río San Miguel","town":"la Salzadella","kind":"wb","area_km2":148.6,"up_area_km2":269.1,"next":"J07-02B","terminal_unit":"J07-02B","terminal":"sea","drains_to_sea":true,"n_upstream":1,"outlet":[0.1227,40.306],"outlet_how":"cedex river x unit boundary","label":[0.1418,40.3925],"source":"CHJ PHJ 2022-2027 masas de agua superficial (cuenca)","chj_codes":["07-02A"]},"geometry":{"type":"Polygon","coordinates":[[[0.053,40.465],[0.059,40.465],[0.067,40.469],[0.072,40.466],[0.074,40.469],[0.079,40.468],[0.085,40.478],[0.091,40.481],[0.108,40.481],[0.111,40.477],[0.112,40.472],[0.12,40.471],[0.122,40.469],[0.122,40.464],[0.125,40.461],[0.127,40.454],[0.138,40.445],[0.145,40.445],[0.152,40.443],[0.154,40.44],[0.161,40.437],[0.166,40.437],[0.168,40.434],[0.174,40.431],[0.179,40.433],[0.185,40.432],[0.193,40.433],[0.197,40.437],[0.201,40.437],[0.202,40.433],[0.199,40.431],[0.2,40.427],[0.205,40.427],[0.21,40.421],[0.216,40.419],[0.216,40.416],[0.21,40.416],[0.206,40.412],[0.204,40.404],[0.192,40.405],[0.19,40.404],[0.191,40.395],[0.186,40.391],[0.184,40.385],[0.172,40.377],[0.172,40.373],[0.168,40.372],[0.17,40.366],[0.165,40.364],[0.165,40.359],[0.173,40.358],[0.171,40.354],[0.167,40.354],[0.159,40.348],[0.158,40.341],[0.161,40.335],[0.155,40.332],[0.153,40.326],[0.147,40.325],[0.143,40.321],[0.142,40.316],[0.131,40.312],[0.124,40.306],[0.123,40.311],[0.111,40.315],[0.106,40.321],[0.096,40.322],[0.089,40.327],[0.081,40.328],[0.076,40.334],[0.068,40.334],[0.067,40.332],[0.059,40.331],[0.056,40.327],[0.057,40.323],[0.052,40.324],[0.041,40.324],[0.036,40.322],[0.035,40.324],[0.024,40.321],[0.024,40.326],[0.035,40.331],[0.037,40.336],[0.041,40.336],[0.049,40.34],[0.049,40.345],[0.057,40.35],[0.062,40.35],[0.069,40.354],[0.069,40.36],[0.071,40.36],[0.072,40.367],[0.078,40.367],[0.079,40.365],[0.084,40.367],[0.088,40.372],[0.102,40.373],[0.103,40.369],[0.106,40.368],[0.108,40.364],[0.114,40.363],[0.118,40.36],[0.123,40.35],[0.128,40.347],[0.129,40.35],[0.134,40.353],[0.134,40.356],[0.128,40.358],[0.125,40.362],[0.124,40.367],[0.126,40.367],[0.127,40.374],[0.124,40.375],[0.123,40.38],[0.117,40.38],[0.116,40.378],[0.109,40.38],[0.099,40.38],[0.099,40.383],[0.094,40.386],[0.096,40.394],[0.092,40.395],[0.095,40.401],[0.091,40.402],[0.09,40.409],[0.08,40.409],[0.079,40.407],[0.07,40.406],[0.068,40.404],[0.056,40.401],[0.051,40.403],[0.054,40.407],[0.053,40.413],[0.045,40.419],[0.045,40.422],[0.041,40.425],[0.043,40.434],[0.042,40.44],[0.044,40.442],[0.042,40.448],[0.043,40.452],[0.048,40.455],[0.049,40.461],[0.053,40.465]]]}},{"type":"Feature","properties":{"id":"J07-02B","idx":42,"name":"Río San Miguel:  les Coves de Vinromà - mar","river":"Río San Miguel","town":"les Coves de Vinromà","kind":"wb","area_km2":189.2,"up_area_km2":503.0,"next":null,"terminal_unit":"J07-02B","terminal":"sea","drains_to_sea":true,"n_upstream":3,"outlet":[0.2642,40.209],"outlet_how":"cedex river x unit boundary","label":[0.1,40.2975],"source":"CHJ PHJ 2022-2027 masas de agua superficial (cuenca)","chj_codes":["07-02B"]},"geometry":{"type":"Polygon","coordinates":[[[0.022,40.319],[0.024,40.321],[0.035,40.324],[0.036,40.322],[0.041,40.324],[0.052,40.324],[0.057,40.323],[0.056,40.327],[0.059,40.331],[0.067,40.332],[0.068,40.334],[0.076,40.334],[0.081,40.328],[0.089,40.327],[0.096,40.322],[0.106,40.321],[0.111,40.315],[0.123,40.311],[0.124,40.306],[0.131,40.312],[0.142,40.316],[0.143,40.321],[0.147,40.325],[0.153,40.326],[0.155,40.332],[0.161,40.335],[0.158,40.341],[0.159,40.348],[0.167,40.354],[0.171,40.354],[0.173,40.358],[0.165,40.359],[0.165,40.364],[0.17,40.366],[0.168,40.372],[0.172,40.373],[0.172,40.377],[0.184,40.385],[0.188,40.382],[0.186,40.377],[0.186,40.369],[0.198,40.362],[0.202,40.362],[0.204,40.358],[0.209,40.356],[0.208,40.351],[0.205,40.35],[0.21,40.347],[0.211,40.339],[0.213,40.339],[0.213,40.334],[0.207,40.331],[0.207,40.329],[0.201,40.327],[0.197,40.32],[0.195,40.319],[0.191,40.311],[0.188,40.309],[0.193,40.306],[0.196,40.298],[0.199,40.297],[0.198,40.292],[0.201,40.288],[0.209,40.288],[0.209,40.284],[0.216,40.282],[0.218,40.277],[0.222,40.277],[0.224,40.271],[0.227,40.27],[0.227,40.263],[0.232,40.264],[0.235,40.261],[0.232,40.257],[0.23,40.251],[0.234,40.248],[0.234,40.244],[0.24,40.242],[0.24,40.236],[0.243,40.235],[0.247,40.227],[0.258,40.225],[0.259,40.219],[0.268,40.215],[0.266,40.209],[0.264,40.209],[0.254,40.212],[0.249,40.218],[0.241,40.222],[0.24,40.226],[0.237,40.226],[0.233,40.233],[0.231,40.235],[0.226,40.235],[0.222,40.242],[0.219,40.244],[0.21,40.245],[0.2,40.245],[0.195,40.248],[0.193,40.255],[0.188,40.258],[0.184,40.258],[0.183,40.262],[0.178,40.266],[0.173,40.266],[0.175,40.26],[0.173,40.257],[0.167,40.256],[0.167,40.254],[0.16,40.253],[0.158,40.255],[0.149,40.254],[0.148,40.251],[0.143,40.248],[0.144,40.244],[0.138,40.24],[0.132,40.231],[0.131,40.224],[0.117,40.221],[0.111,40.221],[0.11,40.217],[0.112,40.214],[0.095,40.216],[0.092,40.219],[0.092,40.223],[0.085,40.224],[0.081,40.219],[0.076,40.217],[0.066,40.219],[0.049,40.22],[0.045,40.223],[0.044,40.228],[0.031,40.241],[0.03,40.247],[0.022,40.252],[0.022,40.262],[0.017,40.268],[0.014,40.269],[0.004,40.269],[0.003,40.271],[-0.004,40.271],[-0.001,40.286],[-0.002,40.291],[-0.005,40.295],[-0.003,40.297],[0.002,40.297],[0.006,40.302],[0.011,40.302],[0.014,40.306],[0.019,40.306],[0.021,40.309],[0.025,40.31],[0.022,40.319]]]}},{"type":"Feature","properties":{"id":"J10-06-01-01","idx":43,"name":"Barranco de la Maymona","river":"Barranco de la Maymona","town":"Barracas","kind":"wb","area_km2":172.5,"up_area_km2":172.5,"next":"J10-06","terminal_unit":"J10-13A","terminal":"sea","drains_to_sea":true,"n_upstream":0,"outlet":[-0.525,40.0717],"outlet_how":"cedex river x unit boundary","label":[-0.6958,40.0485],"source":"CHJ PHJ 2022-2027 masas de agua superficial (cuenca)","chj_codes":["10-06-01-01"]},"geometry":{"type":"Polygon","coordinates":[[[-0.646,40.106],[-0.639,40.102],[-0.637,40.097],[-0.63,40.097],[-0.629,40.099],[-0.618,40.099],[-0.614,40.098],[-0.609,40.092],[-0.603,40.092],[-0.594,40.089],[-0.595,40.086],[-0.592,40.083],[-0.582,40.083],[-0.578,40.079],[-0.573,40.078],[-0.573,40.076],[-0.563,40.076],[-0.562,40.078],[-0.556,40.078],[-0.553,40.08],[-0.552,40.078],[-0.546,40.078],[-0.542,40.071],[-0.529,40.071],[-0.525,40.072],[-0.528,40.068],[-0.533,40.064],[-0.538,40.064],[-0.54,40.061],[-0.55,40.062],[-0.553,40.057],[-0.56,40.057],[-0.562,40.054],[-0.574,40.053],[-0.575,40.055],[-0.582,40.057],[-0.583,40.059],[-0.591,40.059],[-0.591,40.057],[-0.597,40.053],[-0.601,40.046],[-0.607,40.045],[-0.607,40.039],[-0.613,40.038],[-0.618,40.031],[-0.625,40.031],[-0.631,40.026],[-0.631,40.015],[-0.626,40.015],[-0.628,40.012],[-0.625,40.01],[-0.63,40.007],[-0.63,40.004],[-0.635,40.004],[-0.637,40.008],[-0.644,40.009],[-0.657,40.009],[-0.658,40.011],[-0.665,40.012],[-0.669,40.007],[-0.679,40.01],[-0.691,40.01],[-0.696,40.009],[-0.696,40.012],[-0.7,40.013],[-0.708,40.008],[-0.714,40.007],[-0.716,40.001],[-0.72,39.997],[-0.724,39.996],[-0.727,39.992],[-0.739,39.99],[-0.738,39.995],[-0.745,39.996],[-0.75,39.999],[-0.752,40.005],[-0.755,40.007],[-0.764,40.007],[-0.766,40.01],[-0.77,40.008],[-0.777,39.998],[-0.788,39.992],[-0.788,39.99],[-0.801,39.991],[-0.807,39.995],[-0.814,39.997],[-0.816,40.0],[-0.829,40.001],[-0.832,40.0],[-0.837,40.002],[-0.841,40.004],[-0.841,40.012],[-0.839,40.012],[-0.839,40.018],[-0.831,40.02],[-0.825,40.03],[-0.822,40.026],[-0.814,40.026],[-0.812,40.031],[-0.81,40.031],[-0.81,40.036],[-0.806,40.035],[-0.804,40.037],[-0.804,40.044],[-0.798,40.044],[-0.792,40.047],[-0.792,40.05],[-0.788,40.052],[-0.79,40.058],[-0.786,40.06],[-0.785,40.064],[-0.78,40.066],[-0.778,40.072],[-0.77,40.072],[-0.763,40.076],[-0.758,40.074],[-0.745,40.076],[-0.737,40.078],[-0.736,40.08],[-0.731,40.08],[-0.724,40.085],[-0.724,40.088],[-0.718,40.086],[-0.709,40.086],[-0.709,40.09],[-0.695,40.091],[-0.69,40.09],[-0.69,40.095],[-0.684,40.095],[-0.678,40.098],[-0.669,40.098],[-0.668,40.101],[-0.656,40.103],[-0.655,40.107],[-0.653,40.105],[-0.646,40.106]]]}},{"type":"Feature","properties":{"id":"J10-06-02-01","idx":44,"name":"Río Montán","river":"Río Montán","town":"Montán","kind":"wb","area_km2":67.3,"up_area_km2":67.3,"next":"J10-06","terminal_unit":"J10-13A","terminal":"sea","drains_to_sea":true,"n_upstream":0,"outlet":[-0.522,40.0664],"outlet_how":"cedex river x unit boundary","label":[-0.5663,40.029],"source":"CHJ PHJ 2022-2027 masas de agua superficial (cuenca)","chj_codes":["10-06-02-01"]},"geometry":{"type":"Polygon","coordinates":[[[-0.625,40.01],[-0.628,40.012],[-0.626,40.015],[-0.631,40.015],[-0.631,40.026],[-0.625,40.031],[-0.618,40.031],[-0.613,40.038],[-0.607,40.039],[-0.607,40.045],[-0.601,40.046],[-0.597,40.053],[-0.591,40.057],[-0.591,40.059],[-0.583,40.059],[-0.582,40.057],[-0.575,40.055],[-0.574,40.053],[-0.562,40.054],[-0.56,40.057],[-0.553,40.057],[-0.55,40.062],[-0.54,40.061],[-0.538,40.064],[-0.533,40.064],[-0.528,40.068],[-0.522,40.068],[-0.521,40.057],[-0.518,40.053],[-0.518,40.048],[-0.513,40.046],[-0.512,40.043],[-0.505,40.038],[-0.504,40.032],[-0.506,40.027],[-0.5,40.027],[-0.499,40.024],[-0.487,40.022],[-0.487,40.019],[-0.479,40.013],[-0.483,40.013],[-0.485,40.01],[-0.489,40.006],[-0.494,40.006],[-0.495,40.004],[-0.503,40.005],[-0.515,40.005],[-0.52,40.007],[-0.521,40.004],[-0.53,40.006],[-0.533,40.001],[-0.543,39.998],[-0.544,39.996],[-0.549,39.996],[-0.551,39.993],[-0.56,39.989],[-0.574,39.989],[-0.575,39.992],[-0.585,39.992],[-0.59,39.991],[-0.591,39.997],[-0.596,39.997],[-0.6,39.999],[-0.605,39.996],[-0.616,39.996],[-0.617,39.995],[-0.619,40.001],[-0.622,40.003],[-0.622,40.009],[-0.625,40.01]]]}},{"type":"Feature","properties":{"id":"J10-06-03-01","idx":45,"name":"Río Cortes","river":"Río Cortes","town":"Cortes de Arenoso","kind":"wb","area_km2":81.7,"up_area_km2":81.7,"next":"J10-06","terminal_unit":"J10-13A","terminal":"sea","drains_to_sea":true,"n_upstream":0,"outlet":[-0.4998,40.073],"outlet_how":"cedex river x unit boundary","label":[-0.5243,40.1635],"source":"CHJ PHJ 2022-2027 masas de agua superficial (cuenca)","chj_codes":["10-06-03-01"]},"geometry":{"type":"Polygon","coordinates":[[[-0.512,40.231],[-0.514,40.23],[-0.514,40.219],[-0.511,40.218],[-0.509,40.213],[-0.509,40.205],[-0.507,40.2],[-0.499,40.199],[-0.499,40.194],[-0.495,40.194],[-0.5,40.188],[-0.5,40.183],[-0.496,40.178],[-0.493,40.165],[-0.497,40.165],[-0.496,40.162],[-0.489,40.153],[-0.486,40.147],[-0.485,40.138],[-0.487,40.134],[-0.479,40.122],[-0.47,40.12],[-0.47,40.118],[-0.465,40.114],[-0.466,40.11],[-0.473,40.11],[-0.474,40.108],[-0.48,40.108],[-0.488,40.106],[-0.488,40.103],[-0.484,40.097],[-0.488,40.096],[-0.49,40.091],[-0.487,40.09],[-0.486,40.085],[-0.49,40.084],[-0.494,40.08],[-0.495,40.074],[-0.501,40.074],[-0.504,40.078],[-0.508,40.079],[-0.51,40.084],[-0.528,40.084],[-0.527,40.094],[-0.523,40.095],[-0.523,40.098],[-0.518,40.1],[-0.518,40.103],[-0.524,40.102],[-0.529,40.103],[-0.528,40.105],[-0.534,40.11],[-0.539,40.11],[-0.543,40.115],[-0.549,40.117],[-0.557,40.118],[-0.557,40.121],[-0.563,40.122],[-0.564,40.125],[-0.56,40.129],[-0.557,40.129],[-0.553,40.135],[-0.549,40.136],[-0.551,40.144],[-0.551,40.153],[-0.549,40.156],[-0.552,40.157],[-0.552,40.167],[-0.55,40.17],[-0.55,40.188],[-0.549,40.188],[-0.549,40.198],[-0.55,40.205],[-0.554,40.208],[-0.554,40.213],[-0.556,40.216],[-0.556,40.227],[-0.561,40.23],[-0.561,40.234],[-0.554,40.236],[-0.554,40.241],[-0.548,40.243],[-0.547,40.249],[-0.545,40.252],[-0.541,40.252],[-0.535,40.249],[-0.535,40.246],[-0.531,40.243],[-0.531,40.239],[-0.526,40.238],[-0.521,40.234],[-0.516,40.235],[-0.512,40.231]]]}},{"type":"Feature","properties":{"id":"J10-07-01-01","idx":46,"name":"Río Pequeño","river":"Río Pequeño","town":"Ayódar","kind":"wb","area_km2":79.7,"up_area_km2":79.7,"next":"J10-07","terminal_unit":"J10-13A","terminal":"sea","drains_to_sea":true,"n_upstream":0,"outlet":[-0.3519,40.028],"outlet_how":"cedex river x unit boundary","label":[-0.4165,39.9895],"source":"CHJ PHJ 2022-2027 masas de agua superficial (cuenca)","chj_codes":["10-07-01-01"]},"geometry":{"type":"Polygon","coordinates":[[[-0.489,40.006],[-0.485,40.01],[-0.481,40.009],[-0.477,40.005],[-0.472,40.007],[-0.468,40.005],[-0.465,40.01],[-0.461,40.011],[-0.46,40.016],[-0.458,40.016],[-0.457,40.023],[-0.452,40.032],[-0.449,40.033],[-0.446,40.039],[-0.436,40.042],[-0.433,40.044],[-0.424,40.046],[-0.423,40.04],[-0.418,40.038],[-0.417,40.032],[-0.412,40.03],[-0.409,40.026],[-0.4,40.027],[-0.392,40.025],[-0.391,40.018],[-0.384,40.015],[-0.382,40.021],[-0.377,40.021],[-0.376,40.023],[-0.37,40.023],[-0.368,40.026],[-0.357,40.028],[-0.35,40.028],[-0.344,40.025],[-0.344,40.021],[-0.346,40.003],[-0.352,39.998],[-0.355,39.998],[-0.354,39.994],[-0.346,39.987],[-0.345,39.981],[-0.342,39.98],[-0.347,39.975],[-0.349,39.978],[-0.357,39.981],[-0.361,39.974],[-0.365,39.974],[-0.368,39.97],[-0.368,39.963],[-0.372,39.961],[-0.375,39.953],[-0.38,39.953],[-0.385,39.942],[-0.391,39.942],[-0.395,39.939],[-0.395,39.935],[-0.4,39.935],[-0.406,39.938],[-0.411,39.938],[-0.413,39.943],[-0.421,39.946],[-0.424,39.949],[-0.424,39.955],[-0.422,39.958],[-0.428,39.961],[-0.428,39.965],[-0.425,39.97],[-0.431,39.972],[-0.433,39.975],[-0.441,39.976],[-0.446,39.981],[-0.454,39.982],[-0.465,39.982],[-0.468,39.977],[-0.472,39.978],[-0.476,39.984],[-0.483,39.986],[-0.485,39.992],[-0.481,39.992],[-0.48,39.996],[-0.486,39.998],[-0.485,40.001],[-0.489,40.006]]]}},{"type":"Feature","properties":{"id":"J10-07-02-02","idx":47,"name":"Río Villahermosa:  barranco de la Canaleta -  barranco de Juaneta","river":"Río Villahermosa","town":"Villahermosa del Río","kind":"wb","area_km2":93.5,"up_area_km2":292.8,"next":"J10-07-02-03","terminal_unit":"J10-13A","terminal":"sea","drains_to_sea":true,"n_upstream":1,"outlet":[-0.3851,40.161],"outlet_how":"cedex river x unit boundary","label":[-0.4055,40.2105],"source":"CHJ PHJ 2022-2027 masas de agua superficial (cuenca)","chj_codes":["10-07-02-02"]},"geometry":{"type":"Polygon","coordinates":[[[-0.349,40.223],[-0.343,40.223],[-0.338,40.218],[-0.331,40.217],[-0.327,40.215],[-0.327,40.212],[-0.321,40.212],[-0.321,40.204],[-0.324,40.202],[-0.322,40.193],[-0.324,40.189],[-0.329,40.185],[-0.345,40.185],[-0.349,40.182],[-0.35,40.178],[-0.358,40.177],[-0.359,40.173],[-0.362,40.172],[-0.363,40.163],[-0.369,40.159],[-0.38,40.157],[-0.382,40.161],[-0.392,40.159],[-0.398,40.156],[-0.404,40.16],[-0.409,40.16],[-0.411,40.158],[-0.421,40.159],[-0.422,40.157],[-0.43,40.157],[-0.43,40.16],[-0.437,40.163],[-0.444,40.17],[-0.44,40.172],[-0.439,40.177],[-0.433,40.179],[-0.427,40.179],[-0.429,40.182],[-0.436,40.186],[-0.443,40.183],[-0.452,40.184],[-0.454,40.191],[-0.464,40.192],[-0.464,40.195],[-0.469,40.197],[-0.469,40.199],[-0.474,40.201],[-0.476,40.205],[-0.486,40.206],[-0.49,40.209],[-0.49,40.216],[-0.492,40.217],[-0.492,40.228],[-0.486,40.228],[-0.483,40.224],[-0.469,40.223],[-0.463,40.217],[-0.459,40.218],[-0.449,40.218],[-0.437,40.217],[-0.435,40.216],[-0.435,40.226],[-0.434,40.231],[-0.431,40.235],[-0.431,40.241],[-0.429,40.242],[-0.429,40.247],[-0.432,40.252],[-0.415,40.252],[-0.415,40.248],[-0.404,40.252],[-0.401,40.257],[-0.391,40.259],[-0.385,40.264],[-0.373,40.263],[-0.37,40.26],[-0.37,40.248],[-0.367,40.242],[-0.367,40.238],[-0.364,40.237],[-0.356,40.229],[-0.353,40.229],[-0.352,40.224],[-0.349,40.223]]]}},{"type":"Feature","properties":{"id":"J10-07-02-03","idx":48,"name":"Río Villahermosa: barranco de Juaneta - Ludiente","river":"Río Villahermosa","town":"Zucaina","kind":"wb","area_km2":45.9,"up_area_km2":338.7,"next":"J10-07-02-04","terminal_unit":"J10-13A","terminal":"sea","drains_to_sea":true,"n_upstream":2,"outlet":[-0.3734,40.085],"outlet_how":"cedex river x unit boundary","label":[-0.394,40.127],"source":"CHJ PHJ 2022-2027 masas de agua superficial (cuenca)","chj_codes":["10-07-02-03"]},"geometry":{"type":"Polygon","coordinates":[[[-0.444,40.17],[-0.437,40.163],[-0.43,40.16],[-0.43,40.157],[-0.422,40.157],[-0.421,40.159],[-0.411,40.158],[-0.409,40.16],[-0.404,40.16],[-0.398,40.156],[-0.392,40.159],[-0.382,40.161],[-0.38,40.157],[-0.369,40.159],[-0.363,40.163],[-0.358,40.162],[-0.356,40.158],[-0.352,40.156],[-0.352,40.147],[-0.361,40.143],[-0.362,40.138],[-0.36,40.136],[-0.363,40.132],[-0.359,40.128],[-0.359,40.117],[-0.358,40.114],[-0.362,40.112],[-0.361,40.108],[-0.364,40.106],[-0.365,40.1],[-0.37,40.093],[-0.373,40.085],[-0.379,40.085],[-0.381,40.087],[-0.388,40.087],[-0.394,40.092],[-0.401,40.094],[-0.406,40.102],[-0.403,40.11],[-0.406,40.107],[-0.417,40.106],[-0.42,40.109],[-0.425,40.11],[-0.426,40.126],[-0.435,40.129],[-0.436,40.132],[-0.441,40.133],[-0.442,40.14],[-0.45,40.145],[-0.45,40.155],[-0.448,40.155],[-0.449,40.163],[-0.445,40.165],[-0.444,40.17]]]}},{"type":"Feature","properties":{"id":"J10-07-02-04","idx":49,"name":"Río Villahermosa: Mas del Plano de Herrera - río Mijares","river":"Río Villahermosa","town":"Ludiente","kind":"wb","area_km2":109.0,"up_area_km2":447.7,"next":"J10-07","terminal_unit":"J10-13A","terminal":"sea","drains_to_sea":true,"n_upstream":3,"outlet":[-0.3422,40.03],"outlet_how":"cedex river x unit boundary","label":[-0.4601,40.1305],"source":"CHJ PHJ 2022-2027 masas de agua superficial (cuenca)","chj_codes":["10-07-02-04"]},"geometry":{"type":"Polygon","coordinates":[[[-0.484,40.097],[-0.488,40.103],[-0.488,40.106],[-0.48,40.108],[-0.474,40.108],[-0.473,40.11],[-0.466,40.11],[-0.465,40.114],[-0.47,40.118],[-0.47,40.12],[-0.479,40.122],[-0.487,40.134],[-0.485,40.138],[-0.486,40.147],[-0.489,40.153],[-0.496,40.162],[-0.497,40.165],[-0.493,40.165],[-0.496,40.178],[-0.5,40.183],[-0.5,40.188],[-0.495,40.194],[-0.499,40.194],[-0.499,40.199],[-0.507,40.2],[-0.509,40.205],[-0.509,40.213],[-0.511,40.218],[-0.514,40.219],[-0.514,40.23],[-0.512,40.231],[-0.505,40.23],[-0.504,40.233],[-0.499,40.233],[-0.494,40.228],[-0.492,40.228],[-0.492,40.217],[-0.49,40.216],[-0.49,40.209],[-0.486,40.206],[-0.476,40.205],[-0.474,40.201],[-0.469,40.199],[-0.469,40.197],[-0.464,40.195],[-0.464,40.192],[-0.454,40.191],[-0.452,40.184],[-0.443,40.183],[-0.436,40.186],[-0.429,40.182],[-0.427,40.179],[-0.433,40.179],[-0.439,40.177],[-0.44,40.172],[-0.444,40.17],[-0.445,40.165],[-0.449,40.163],[-0.448,40.155],[-0.45,40.155],[-0.45,40.145],[-0.442,40.14],[-0.441,40.133],[-0.436,40.132],[-0.435,40.129],[-0.426,40.126],[-0.425,40.11],[-0.42,40.109],[-0.417,40.106],[-0.406,40.107],[-0.403,40.11],[-0.406,40.102],[-0.401,40.094],[-0.394,40.092],[-0.388,40.087],[-0.381,40.087],[-0.379,40.085],[-0.373,40.085],[-0.37,40.093],[-0.365,40.1],[-0.364,40.106],[-0.361,40.108],[-0.362,40.112],[-0.358,40.114],[-0.359,40.117],[-0.359,40.128],[-0.363,40.132],[-0.36,40.136],[-0.362,40.138],[-0.361,40.143],[-0.352,40.147],[-0.351,40.143],[-0.347,40.139],[-0.342,40.138],[-0.343,40.133],[-0.34,40.129],[-0.332,40.128],[-0.332,40.123],[-0.329,40.119],[-0.324,40.118],[-0.322,40.11],[-0.319,40.108],[-0.318,40.103],[-0.322,40.101],[-0.322,40.097],[-0.319,40.093],[-0.328,40.083],[-0.321,40.078],[-0.32,40.073],[-0.322,40.07],[-0.331,40.068],[-0.334,40.063],[-0.337,40.063],[-0.339,40.058],[-0.335,40.056],[-0.334,40.051],[-0.33,40.046],[-0.329,40.041],[-0.342,40.034],[-0.344,40.03],[-0.346,40.039],[-0.356,40.039],[-0.356,40.047],[-0.362,40.049],[-0.363,40.054],[-0.371,40.056],[-0.375,40.063],[-0.379,40.063],[-0.381,40.067],[-0.388,40.064],[-0.395,40.068],[-0.398,40.067],[-0.402,40.069],[-0.405,40.073],[-0.415,40.074],[-0.417,40.077],[-0.421,40.077],[-0.422,40.083],[-0.428,40.085],[-0.428,40.083],[-0.435,40.083],[-0.436,40.081],[-0.442,40.08],[-0.45,40.079],[-0.454,40.084],[-0.462,40.086],[-0.463,40.089],[-0.472,40.09],[-0.473,40.092],[-0.482,40.094],[-0.484,40.097]]]}},{"type":"Feature","properties":{"id":"J10-12-01-01","idx":50,"name":"Rambla de la Viuda: cabecera - rambla de la Belluga","river":"Rambla de la Viuda","town":"Ares del Maestrat","kind":"wb","area_km2":118.8,"up_area_km2":118.8,"next":"J10-12-01-02","terminal_unit":"J10-13A","terminal":"sea","drains_to_sea":true,"n_upstream":0,"outlet":[-0.046,40.3669],"outlet_how":"cedex river x unit boundary","label":[-0.0785,40.41],"source":"CHJ PHJ 2022-2027 masas de agua superficial (cuenca)","chj_codes":["10-12-01-01"]},"geometry":{"type":"Polygon","coordinates":[[[-0.065,40.459],[-0.056,40.459],[-0.053,40.455],[-0.051,40.456],[-0.04,40.456],[-0.037,40.457],[-0.041,40.454],[-0.039,40.447],[-0.039,40.44],[-0.033,40.439],[-0.031,40.437],[-0.024,40.438],[-0.014,40.434],[-0.001,40.434],[0.005,40.432],[0.004,40.43],[0.004,40.417],[-0.004,40.416],[-0.008,40.412],[-0.007,40.408],[-0.009,40.404],[-0.016,40.405],[-0.018,40.395],[-0.028,40.392],[-0.029,40.385],[-0.025,40.382],[-0.025,40.377],[-0.029,40.375],[-0.037,40.375],[-0.044,40.37],[-0.044,40.367],[-0.048,40.366],[-0.048,40.361],[-0.05,40.359],[-0.056,40.359],[-0.057,40.356],[-0.065,40.36],[-0.069,40.356],[-0.082,40.356],[-0.084,40.359],[-0.09,40.36],[-0.095,40.356],[-0.098,40.351],[-0.104,40.351],[-0.108,40.353],[-0.125,40.356],[-0.126,40.359],[-0.131,40.359],[-0.132,40.357],[-0.139,40.358],[-0.136,40.364],[-0.135,40.37],[-0.131,40.373],[-0.135,40.377],[-0.136,40.384],[-0.143,40.387],[-0.139,40.39],[-0.138,40.394],[-0.14,40.396],[-0.141,40.403],[-0.149,40.407],[-0.151,40.419],[-0.163,40.421],[-0.167,40.423],[-0.167,40.43],[-0.161,40.436],[-0.156,40.436],[-0.153,40.442],[-0.155,40.447],[-0.152,40.451],[-0.145,40.456],[-0.141,40.456],[-0.132,40.464],[-0.13,40.468],[-0.126,40.469],[-0.118,40.465],[-0.103,40.466],[-0.092,40.458],[-0.09,40.454],[-0.087,40.454],[-0.082,40.449],[-0.082,40.446],[-0.076,40.446],[-0.072,40.452],[-0.069,40.452],[-0.065,40.459]]]}},{"type":"Feature","properties":{"id":"J10-12-01-02","idx":51,"name":"Rambla de la Viuda: rambla de la Belluga - río Monleón","river":"Rambla de la Viuda","town":"la Torre d'en Besora","kind":"wb","area_km2":127.4,"up_area_km2":246.1,"next":"J10-12-01-03","terminal_unit":"J10-13A","terminal":"sea","drains_to_sea":true,"n_upstream":1,"outlet":[-0.0854,40.22],"outlet_how":"cedex river x unit boundary","label":[-0.0411,40.298],"source":"CHJ PHJ 2022-2027 masas de agua superficial (cuenca)","chj_codes":["10-12-01-02"]},"geometry":{"type":"Polygon","coordinates":[[[-0.029,40.375],[-0.029,40.371],[-0.023,40.367],[-0.021,40.358],[-0.015,40.356],[-0.004,40.346],[0.005,40.344],[0.008,40.338],[0.006,40.337],[0.006,40.331],[0.009,40.33],[0.013,40.325],[0.012,40.319],[0.02,40.321],[0.022,40.319],[0.025,40.31],[0.021,40.309],[0.019,40.306],[0.014,40.306],[0.011,40.302],[0.006,40.302],[0.002,40.297],[-0.003,40.297],[-0.005,40.295],[-0.002,40.291],[-0.007,40.289],[-0.012,40.289],[-0.018,40.287],[-0.018,40.283],[-0.023,40.282],[-0.023,40.277],[-0.03,40.277],[-0.036,40.274],[-0.036,40.266],[-0.039,40.266],[-0.043,40.259],[-0.046,40.257],[-0.047,40.247],[-0.054,40.246],[-0.058,40.244],[-0.063,40.239],[-0.069,40.239],[-0.075,40.241],[-0.078,40.237],[-0.08,40.227],[-0.084,40.225],[-0.086,40.22],[-0.089,40.222],[-0.091,40.229],[-0.087,40.235],[-0.089,40.243],[-0.093,40.245],[-0.094,40.249],[-0.097,40.249],[-0.099,40.256],[-0.109,40.256],[-0.113,40.26],[-0.113,40.272],[-0.109,40.277],[-0.105,40.277],[-0.099,40.282],[-0.099,40.286],[-0.095,40.292],[-0.091,40.292],[-0.084,40.299],[-0.091,40.305],[-0.091,40.307],[-0.096,40.31],[-0.102,40.31],[-0.109,40.306],[-0.126,40.306],[-0.129,40.304],[-0.14,40.304],[-0.149,40.312],[-0.152,40.317],[-0.159,40.316],[-0.159,40.329],[-0.161,40.329],[-0.163,40.336],[-0.157,40.341],[-0.156,40.347],[-0.151,40.349],[-0.151,40.351],[-0.139,40.358],[-0.132,40.357],[-0.131,40.359],[-0.126,40.359],[-0.125,40.356],[-0.108,40.353],[-0.104,40.351],[-0.098,40.351],[-0.095,40.356],[-0.09,40.36],[-0.084,40.359],[-0.082,40.356],[-0.069,40.356],[-0.065,40.36],[-0.057,40.356],[-0.056,40.359],[-0.05,40.359],[-0.048,40.361],[-0.048,40.366],[-0.044,40.367],[-0.044,40.37],[-0.037,40.375],[-0.029,40.375]]]}},{"type":"Feature","properties":{"id":"J10-12-01-02-01-01","idx":52,"name":"Río Monleón: cabecera - barranco del Forcall","river":"Río Monleón","town":"Mosqueruela","kind":"wb","area_km2":359.9,"up_area_km2":471.0,"next":"J10-12-01-02-01-02","terminal_unit":"J10-13A","terminal":"sea","drains_to_sea":true,"n_upstream":1,"outlet":[-0.209,40.3237],"outlet_how":"cedex river x unit boundary","label":[-0.3651,40.3235],"source":"CHJ PHJ 2022-2027 masas de agua superficial (cuenca)","chj_codes":["10-12-01-02-01-01"]},"geometry":{"type":"Polygon","coordinates":[[[-0.432,40.252],[-0.443,40.253],[-0.444,40.255],[-0.453,40.254],[-0.458,40.256],[-0.461,40.26],[-0.465,40.261],[-0.469,40.265],[-0.473,40.266],[-0.473,40.27],[-0.477,40.271],[-0.479,40.275],[-0.487,40.275],[-0.49,40.28],[-0.493,40.28],[-0.492,40.284],[-0.498,40.288],[-0.498,40.293],[-0.501,40.296],[-0.502,40.301],[-0.498,40.303],[-0.498,40.309],[-0.495,40.309],[-0.499,40.316],[-0.503,40.319],[-0.509,40.32],[-0.511,40.322],[-0.517,40.323],[-0.523,40.328],[-0.528,40.329],[-0.527,40.335],[-0.521,40.336],[-0.514,40.34],[-0.504,40.34],[-0.501,40.343],[-0.496,40.344],[-0.495,40.348],[-0.498,40.35],[-0.496,40.352],[-0.495,40.358],[-0.487,40.36],[-0.486,40.365],[-0.481,40.365],[-0.472,40.363],[-0.467,40.368],[-0.467,40.374],[-0.465,40.378],[-0.452,40.379],[-0.444,40.371],[-0.431,40.371],[-0.427,40.375],[-0.415,40.375],[-0.409,40.382],[-0.398,40.377],[-0.391,40.385],[-0.379,40.386],[-0.372,40.384],[-0.372,40.391],[-0.374,40.394],[-0.369,40.4],[-0.365,40.4],[-0.359,40.405],[-0.353,40.412],[-0.348,40.413],[-0.345,40.416],[-0.337,40.417],[-0.337,40.42],[-0.333,40.421],[-0.331,40.423],[-0.328,40.421],[-0.316,40.421],[-0.316,40.42],[-0.306,40.42],[-0.3,40.421],[-0.298,40.417],[-0.3,40.414],[-0.298,40.411],[-0.288,40.404],[-0.284,40.399],[-0.273,40.4],[-0.271,40.393],[-0.267,40.39],[-0.257,40.39],[-0.256,40.387],[-0.241,40.389],[-0.235,40.391],[-0.233,40.388],[-0.224,40.389],[-0.222,40.386],[-0.216,40.382],[-0.215,40.375],[-0.21,40.372],[-0.206,40.372],[-0.204,40.367],[-0.204,40.362],[-0.209,40.357],[-0.202,40.354],[-0.203,40.349],[-0.195,40.347],[-0.191,40.348],[-0.185,40.341],[-0.179,40.341],[-0.179,40.336],[-0.174,40.332],[-0.174,40.33],[-0.179,40.327],[-0.182,40.328],[-0.184,40.325],[-0.193,40.325],[-0.197,40.329],[-0.202,40.329],[-0.205,40.325],[-0.212,40.324],[-0.217,40.32],[-0.215,40.313],[-0.215,40.308],[-0.22,40.307],[-0.227,40.303],[-0.231,40.299],[-0.237,40.297],[-0.238,40.289],[-0.235,40.287],[-0.236,40.283],[-0.239,40.282],[-0.24,40.277],[-0.238,40.275],[-0.247,40.27],[-0.25,40.27],[-0.25,40.266],[-0.254,40.263],[-0.263,40.26],[-0.276,40.261],[-0.279,40.26],[-0.282,40.265],[-0.291,40.266],[-0.294,40.268],[-0.302,40.268],[-0.305,40.266],[-0.312,40.266],[-0.313,40.257],[-0.318,40.255],[-0.318,40.249],[-0.325,40.248],[-0.329,40.242],[-0.331,40.235],[-0.345,40.235],[-0.349,40.232],[-0.349,40.223],[-0.352,40.224],[-0.353,40.229],[-0.356,40.229],[-0.364,40.237],[-0.367,40.238],[-0.367,40.242],[-0.37,40.248],[-0.37,40.26],[-0.373,40.263],[-0.385,40.264],[-0.391,40.259],[-0.401,40.257],[-0.404,40.252],[-0.415,40.248],[-0.415,40.252],[-0.432,40.252]]]}},{"type":"Feature","properties":{"id":"J10-12-01-02-01-01-01-01","idx":53,"name":"Río Seco (Monleón)","river":"Río Seco (Monleón)","town":"Vilafranca","kind":"wb","area_km2":111.1,"up_area_km2":111.1,"next":"J10-12-01-02-01-01","terminal_unit":"J10-13A","terminal":"sea","drains_to_sea":true,"n_upstream":0,"outlet":[-0.203,40.3507],"outlet_how":"cedex river x unit boundary","label":[-0.2062,40.3975],"source":"CHJ PHJ 2022-2027 masas de agua superficial (cuenca)","chj_codes":["10-12-01-02-01-01-01-01"]},"geometry":{"type":"Polygon","coordinates":[[[-0.152,40.451],[-0.155,40.447],[-0.153,40.442],[-0.156,40.436],[-0.161,40.436],[-0.167,40.43],[-0.167,40.423],[-0.163,40.421],[-0.151,40.419],[-0.149,40.407],[-0.141,40.403],[-0.14,40.396],[-0.138,40.394],[-0.139,40.39],[-0.143,40.387],[-0.136,40.384],[-0.135,40.377],[-0.131,40.373],[-0.135,40.37],[-0.136,40.364],[-0.139,40.358],[-0.151,40.351],[-0.151,40.349],[-0.156,40.347],[-0.157,40.341],[-0.163,40.336],[-0.174,40.33],[-0.174,40.332],[-0.179,40.336],[-0.179,40.341],[-0.185,40.341],[-0.191,40.348],[-0.195,40.347],[-0.203,40.349],[-0.202,40.354],[-0.209,40.357],[-0.204,40.362],[-0.204,40.367],[-0.206,40.372],[-0.21,40.372],[-0.215,40.375],[-0.216,40.382],[-0.222,40.386],[-0.224,40.389],[-0.233,40.388],[-0.235,40.391],[-0.241,40.389],[-0.256,40.387],[-0.257,40.39],[-0.267,40.39],[-0.271,40.393],[-0.273,40.4],[-0.284,40.399],[-0.288,40.404],[-0.298,40.411],[-0.3,40.414],[-0.298,40.417],[-0.3,40.421],[-0.299,40.423],[-0.283,40.425],[-0.28,40.427],[-0.282,40.432],[-0.279,40.438],[-0.28,40.446],[-0.273,40.447],[-0.271,40.443],[-0.267,40.443],[-0.262,40.439],[-0.251,40.44],[-0.25,40.443],[-0.246,40.445],[-0.243,40.45],[-0.243,40.454],[-0.24,40.459],[-0.233,40.46],[-0.232,40.462],[-0.223,40.466],[-0.216,40.465],[-0.216,40.462],[-0.207,40.461],[-0.203,40.459],[-0.194,40.458],[-0.19,40.46],[-0.182,40.46],[-0.176,40.455],[-0.172,40.454],[-0.167,40.449],[-0.154,40.449],[-0.152,40.451]]]}},{"type":"Feature","properties":{"id":"J10-12-01-02-01-02","idx":54,"name":"Río Monleón: barranco del Forcall - rambla de la Viuda","river":"Río Monleón","town":"Atzeneta del Maestrat","kind":"wb","area_km2":186.5,"up_area_km2":657.5,"next":"J10-12-01-03","terminal_unit":"J10-13A","terminal":"sea","drains_to_sea":true,"n_upstream":2,"outlet":[-0.086,40.2202],"outlet_how":"cedex river x unit boundary","label":[-0.1792,40.2465],"source":"CHJ PHJ 2022-2027 masas de agua superficial (cuenca)","chj_codes":["10-12-01-02-01-02"]},"geometry":{"type":"Polygon","coordinates":[[[-0.163,40.336],[-0.161,40.329],[-0.159,40.329],[-0.159,40.316],[-0.152,40.317],[-0.149,40.312],[-0.14,40.304],[-0.129,40.304],[-0.126,40.306],[-0.109,40.306],[-0.102,40.31],[-0.096,40.31],[-0.091,40.307],[-0.091,40.305],[-0.084,40.299],[-0.091,40.292],[-0.095,40.292],[-0.099,40.286],[-0.099,40.282],[-0.105,40.277],[-0.109,40.277],[-0.113,40.272],[-0.113,40.26],[-0.109,40.256],[-0.099,40.256],[-0.097,40.249],[-0.094,40.249],[-0.093,40.245],[-0.089,40.243],[-0.087,40.235],[-0.091,40.229],[-0.089,40.222],[-0.086,40.22],[-0.097,40.217],[-0.102,40.217],[-0.115,40.221],[-0.116,40.223],[-0.122,40.224],[-0.122,40.226],[-0.126,40.229],[-0.135,40.229],[-0.135,40.222],[-0.14,40.22],[-0.139,40.213],[-0.141,40.21],[-0.145,40.212],[-0.154,40.211],[-0.16,40.202],[-0.17,40.193],[-0.175,40.193],[-0.182,40.186],[-0.187,40.185],[-0.195,40.177],[-0.2,40.176],[-0.202,40.172],[-0.205,40.171],[-0.206,40.167],[-0.209,40.167],[-0.209,40.162],[-0.211,40.16],[-0.217,40.162],[-0.22,40.159],[-0.223,40.16],[-0.234,40.16],[-0.238,40.159],[-0.24,40.155],[-0.246,40.156],[-0.25,40.161],[-0.254,40.161],[-0.257,40.164],[-0.261,40.164],[-0.26,40.17],[-0.263,40.171],[-0.263,40.18],[-0.266,40.187],[-0.271,40.187],[-0.265,40.192],[-0.268,40.198],[-0.265,40.202],[-0.27,40.206],[-0.264,40.21],[-0.265,40.219],[-0.261,40.222],[-0.267,40.231],[-0.266,40.242],[-0.264,40.245],[-0.266,40.248],[-0.262,40.252],[-0.255,40.254],[-0.254,40.263],[-0.25,40.266],[-0.25,40.27],[-0.247,40.27],[-0.238,40.275],[-0.24,40.277],[-0.239,40.282],[-0.236,40.283],[-0.235,40.287],[-0.238,40.289],[-0.237,40.297],[-0.231,40.299],[-0.227,40.303],[-0.22,40.307],[-0.215,40.308],[-0.215,40.313],[-0.217,40.32],[-0.212,40.324],[-0.205,40.325],[-0.202,40.329],[-0.197,40.329],[-0.193,40.325],[-0.184,40.325],[-0.182,40.328],[-0.179,40.327],[-0.174,40.33],[-0.163,40.336]]]}},{"type":"Feature","properties":{"id":"J10-12-01-03","idx":55,"name":"Rambla de la Viuda: río Monleón - barranco de Cabanes","river":"Rambla de la Viuda","town":null,"kind":"wb","area_km2":53.7,"up_area_km2":1161.5,"next":"J10-12-01-04","terminal_unit":"J10-13A","terminal":"sea","drains_to_sea":true,"n_upstream":6,"outlet":[-0.1042,40.136],"outlet_how":"cedex river x unit boundary","label":[-0.0683,40.2015],"source":"CHJ PHJ 2022-2027 masas de agua superficial (cuenca)","chj_codes":["10-12-01-03"]},"geometry":{"type":"Polygon","coordinates":[[[-0.086,40.22],[-0.084,40.225],[-0.08,40.227],[-0.078,40.237],[-0.075,40.241],[-0.069,40.239],[-0.063,40.239],[-0.058,40.244],[-0.054,40.246],[-0.047,40.247],[-0.046,40.257],[-0.043,40.259],[-0.039,40.266],[-0.036,40.266],[-0.034,40.262],[-0.033,40.249],[-0.026,40.244],[-0.026,40.234],[-0.024,40.228],[-0.02,40.221],[-0.015,40.219],[-0.015,40.214],[-0.013,40.208],[-0.016,40.208],[-0.02,40.202],[-0.027,40.2],[-0.027,40.198],[-0.033,40.194],[-0.037,40.186],[-0.043,40.184],[-0.045,40.189],[-0.051,40.19],[-0.055,40.189],[-0.057,40.192],[-0.065,40.192],[-0.069,40.188],[-0.075,40.186],[-0.077,40.18],[-0.077,40.174],[-0.084,40.165],[-0.085,40.161],[-0.089,40.157],[-0.089,40.154],[-0.096,40.149],[-0.098,40.142],[-0.104,40.136],[-0.104,40.144],[-0.108,40.147],[-0.109,40.151],[-0.112,40.152],[-0.118,40.163],[-0.112,40.172],[-0.112,40.176],[-0.106,40.18],[-0.105,40.189],[-0.11,40.192],[-0.111,40.198],[-0.115,40.201],[-0.114,40.204],[-0.117,40.207],[-0.116,40.211],[-0.118,40.216],[-0.125,40.223],[-0.122,40.226],[-0.122,40.224],[-0.116,40.223],[-0.115,40.221],[-0.102,40.217],[-0.097,40.217],[-0.086,40.22]]]}},{"type":"Feature","properties":{"id":"J10-12-01-03-01-01","idx":56,"name":"Barranco de Cabanes","river":"Barranco de Cabanes","town":"Cabanes","kind":"wb","area_km2":204.2,"up_area_km2":204.2,"next":"J10-12-01-03","terminal_unit":"J10-13A","terminal":"sea","drains_to_sea":true,"n_upstream":0,"outlet":[-0.1,40.1394],"outlet_how":"cedex river x unit boundary","label":[0.0023,40.182],"source":"CHJ PHJ 2022-2027 masas de agua superficial (cuenca)","chj_codes":["10-12-01-03-01-01"]},"geometry":{"type":"Polygon","coordinates":[[[-0.002,40.291],[-0.001,40.286],[-0.004,40.271],[0.003,40.271],[0.004,40.269],[0.014,40.269],[0.017,40.268],[0.022,40.262],[0.022,40.252],[0.03,40.247],[0.031,40.241],[0.044,40.228],[0.045,40.223],[0.049,40.22],[0.066,40.219],[0.076,40.217],[0.081,40.219],[0.085,40.224],[0.092,40.223],[0.092,40.219],[0.086,40.218],[0.084,40.214],[0.08,40.211],[0.083,40.21],[0.082,40.205],[0.088,40.202],[0.088,40.192],[0.082,40.191],[0.079,40.185],[0.081,40.184],[0.081,40.178],[0.083,40.175],[0.082,40.173],[0.075,40.17],[0.076,40.16],[0.063,40.159],[0.063,40.153],[0.061,40.147],[0.065,40.146],[0.065,40.142],[0.07,40.141],[0.072,40.129],[0.075,40.125],[0.067,40.127],[0.057,40.127],[0.053,40.124],[0.052,40.12],[0.044,40.123],[0.042,40.12],[0.037,40.119],[0.039,40.116],[0.038,40.112],[0.024,40.1],[0.026,40.095],[0.032,40.09],[0.032,40.086],[0.028,40.086],[0.024,40.083],[0.022,40.079],[0.019,40.079],[0.01,40.073],[0.006,40.073],[0.002,40.07],[0.0,40.073],[-0.006,40.076],[-0.007,40.081],[-0.009,40.081],[-0.008,40.091],[-0.009,40.098],[-0.013,40.096],[-0.02,40.096],[-0.025,40.094],[-0.027,40.088],[-0.039,40.088],[-0.041,40.09],[-0.047,40.091],[-0.06,40.091],[-0.062,40.089],[-0.066,40.089],[-0.072,40.093],[-0.075,40.093],[-0.082,40.103],[-0.086,40.103],[-0.088,40.104],[-0.088,40.109],[-0.091,40.114],[-0.095,40.114],[-0.1,40.119],[-0.1,40.122],[-0.094,40.127],[-0.094,40.136],[-0.104,40.136],[-0.098,40.142],[-0.096,40.149],[-0.089,40.154],[-0.089,40.157],[-0.085,40.161],[-0.084,40.165],[-0.077,40.174],[-0.077,40.18],[-0.075,40.186],[-0.069,40.188],[-0.065,40.192],[-0.057,40.192],[-0.055,40.189],[-0.051,40.19],[-0.045,40.189],[-0.043,40.184],[-0.037,40.186],[-0.033,40.194],[-0.027,40.198],[-0.027,40.2],[-0.02,40.202],[-0.016,40.208],[-0.013,40.208],[-0.015,40.214],[-0.015,40.219],[-0.02,40.221],[-0.024,40.228],[-0.026,40.234],[-0.026,40.244],[-0.033,40.249],[-0.034,40.262],[-0.036,40.266],[-0.036,40.274],[-0.03,40.277],[-0.023,40.277],[-0.023,40.282],[-0.018,40.283],[-0.018,40.287],[-0.012,40.289],[-0.007,40.289],[-0.002,40.291]]]}},{"type":"Feature","properties":{"id":"J10-12-01-04","idx":57,"name":"Rambla de la Viuda: barranco de Cabanes - embalse de María Cristina","river":"Rambla de la Viuda","town":"les Useres","kind":"wb","area_km2":96.9,"up_area_km2":1258.4,"next":"J10-12-01-05","terminal_unit":"J10-13A","terminal":"sea","drains_to_sea":true,"n_upstream":7,"outlet":[-0.1653,40.067],"outlet_how":"cedex river x unit boundary","label":[-0.1572,40.1495],"source":"CHJ PHJ 2022-2027 masas de agua superficial (cuenca)","chj_codes":["10-12-01-04"]},"geometry":{"type":"Polygon","coordinates":[[[-0.211,40.16],[-0.209,40.162],[-0.209,40.167],[-0.206,40.167],[-0.205,40.171],[-0.202,40.172],[-0.2,40.176],[-0.195,40.177],[-0.187,40.185],[-0.182,40.186],[-0.175,40.193],[-0.17,40.193],[-0.16,40.202],[-0.154,40.211],[-0.145,40.212],[-0.141,40.21],[-0.139,40.213],[-0.14,40.22],[-0.135,40.222],[-0.135,40.229],[-0.126,40.229],[-0.122,40.226],[-0.125,40.223],[-0.118,40.216],[-0.116,40.211],[-0.117,40.207],[-0.114,40.204],[-0.115,40.201],[-0.111,40.198],[-0.11,40.192],[-0.105,40.189],[-0.106,40.18],[-0.112,40.176],[-0.112,40.172],[-0.118,40.163],[-0.112,40.152],[-0.109,40.151],[-0.108,40.147],[-0.104,40.144],[-0.104,40.136],[-0.094,40.136],[-0.094,40.127],[-0.1,40.122],[-0.1,40.119],[-0.095,40.114],[-0.091,40.114],[-0.088,40.109],[-0.088,40.104],[-0.086,40.103],[-0.09,40.102],[-0.091,40.105],[-0.1,40.109],[-0.099,40.112],[-0.108,40.11],[-0.117,40.106],[-0.117,40.102],[-0.123,40.099],[-0.123,40.095],[-0.127,40.091],[-0.13,40.091],[-0.134,40.085],[-0.142,40.084],[-0.144,40.081],[-0.152,40.08],[-0.157,40.074],[-0.163,40.072],[-0.163,40.069],[-0.173,40.068],[-0.175,40.072],[-0.171,40.076],[-0.165,40.076],[-0.162,40.079],[-0.165,40.081],[-0.167,40.086],[-0.173,40.09],[-0.176,40.098],[-0.174,40.103],[-0.181,40.107],[-0.185,40.111],[-0.191,40.111],[-0.189,40.113],[-0.192,40.123],[-0.186,40.127],[-0.181,40.127],[-0.186,40.131],[-0.188,40.138],[-0.196,40.139],[-0.198,40.137],[-0.205,40.138],[-0.205,40.145],[-0.201,40.147],[-0.205,40.148],[-0.207,40.152],[-0.206,40.155],[-0.21,40.157],[-0.211,40.16]]]}},{"type":"Feature","properties":{"id":"J10-12-01-04-01-01","idx":58,"name":"Río Lucena: cabecera - embalse de l'Alcora","river":"Río Lucena","town":"Llucena","kind":"wb","area_km2":111.0,"up_area_km2":111.0,"next":"J10-12-01-04-01-03","terminal_unit":"J10-13A","terminal":"sea","drains_to_sea":true,"n_upstream":0,"outlet":[-0.2322,40.105],"outlet_how":"cedex river x unit boundary","label":[-0.3058,40.1835],"source":"CHJ PHJ 2022-2027 masas de agua superficial (cuenca)","chj_codes":["10-12-01-04-01-01"]},"geometry":{"type":"Polygon","coordinates":[[[-0.363,40.163],[-0.362,40.172],[-0.359,40.173],[-0.358,40.177],[-0.35,40.178],[-0.349,40.182],[-0.345,40.185],[-0.329,40.185],[-0.324,40.189],[-0.322,40.193],[-0.324,40.202],[-0.321,40.204],[-0.321,40.212],[-0.327,40.212],[-0.327,40.215],[-0.331,40.217],[-0.338,40.218],[-0.343,40.223],[-0.349,40.223],[-0.349,40.232],[-0.345,40.235],[-0.331,40.235],[-0.329,40.242],[-0.325,40.248],[-0.318,40.249],[-0.318,40.255],[-0.313,40.257],[-0.312,40.266],[-0.305,40.266],[-0.302,40.268],[-0.294,40.268],[-0.291,40.266],[-0.282,40.265],[-0.279,40.26],[-0.276,40.261],[-0.263,40.26],[-0.254,40.263],[-0.255,40.254],[-0.262,40.252],[-0.266,40.248],[-0.264,40.245],[-0.266,40.242],[-0.267,40.231],[-0.261,40.222],[-0.265,40.219],[-0.264,40.21],[-0.27,40.206],[-0.265,40.202],[-0.268,40.198],[-0.265,40.192],[-0.271,40.187],[-0.266,40.187],[-0.263,40.18],[-0.263,40.171],[-0.26,40.17],[-0.261,40.164],[-0.257,40.164],[-0.254,40.161],[-0.25,40.161],[-0.246,40.156],[-0.249,40.154],[-0.247,40.152],[-0.244,40.143],[-0.237,40.143],[-0.228,40.149],[-0.224,40.148],[-0.224,40.143],[-0.226,40.138],[-0.225,40.128],[-0.221,40.126],[-0.224,40.119],[-0.221,40.118],[-0.224,40.114],[-0.225,40.107],[-0.229,40.105],[-0.236,40.106],[-0.237,40.103],[-0.243,40.101],[-0.245,40.099],[-0.253,40.099],[-0.253,40.097],[-0.259,40.096],[-0.269,40.1],[-0.266,40.109],[-0.271,40.111],[-0.278,40.111],[-0.279,40.114],[-0.284,40.119],[-0.288,40.119],[-0.29,40.127],[-0.293,40.127],[-0.304,40.134],[-0.308,40.134],[-0.313,40.137],[-0.323,40.145],[-0.327,40.145],[-0.335,40.154],[-0.343,40.156],[-0.343,40.153],[-0.352,40.156],[-0.356,40.158],[-0.358,40.162],[-0.363,40.163]]]}},{"type":"Feature","properties":{"id":"J10-12-01-04-01-03","idx":59,"name":"Río Lucena: embalse de l'Alcora - rambla de la Viuda","river":"Río Lucena","town":"l'Alcora","kind":"wb","area_km2":37.3,"up_area_km2":148.3,"next":"J10-12-01-05","terminal_unit":"J10-13A","terminal":"sea","drains_to_sea":true,"n_upstream":1,"outlet":[-0.1624,40.076],"outlet_how":"cedex river x unit boundary","label":[-0.2062,40.116],"source":"CHJ PHJ 2022-2027 masas de agua superficial (cuenca)","merged_names":["Embalse de l'Alcora"],"chj_codes":["10-12-01-04-01-03","10-12-01-04-01-02"]},"geometry":{"type":"Polygon","coordinates":[[[-0.246,40.156],[-0.24,40.155],[-0.238,40.159],[-0.234,40.16],[-0.223,40.16],[-0.22,40.159],[-0.217,40.162],[-0.211,40.16],[-0.21,40.157],[-0.206,40.155],[-0.207,40.152],[-0.205,40.148],[-0.201,40.147],[-0.205,40.145],[-0.205,40.138],[-0.198,40.137],[-0.196,40.139],[-0.188,40.138],[-0.186,40.131],[-0.181,40.127],[-0.186,40.127],[-0.192,40.123],[-0.189,40.113],[-0.191,40.111],[-0.185,40.111],[-0.181,40.107],[-0.174,40.103],[-0.176,40.098],[-0.173,40.09],[-0.167,40.086],[-0.165,40.081],[-0.162,40.079],[-0.165,40.076],[-0.171,40.076],[-0.175,40.072],[-0.178,40.069],[-0.197,40.069],[-0.199,40.071],[-0.211,40.071],[-0.216,40.075],[-0.222,40.076],[-0.222,40.08],[-0.226,40.081],[-0.226,40.088],[-0.232,40.092],[-0.232,40.095],[-0.242,40.099],[-0.243,40.101],[-0.237,40.103],[-0.236,40.106],[-0.229,40.105],[-0.225,40.107],[-0.224,40.114],[-0.221,40.118],[-0.224,40.119],[-0.221,40.126],[-0.225,40.128],[-0.226,40.138],[-0.224,40.143],[-0.224,40.148],[-0.228,40.149],[-0.237,40.143],[-0.244,40.143],[-0.247,40.152],[-0.249,40.154],[-0.246,40.156]]]}},{"type":"Feature","properties":{"id":"J10-12-01-06","idx":60,"name":"Rambla de la Viuda: embalse de María Cristina - autovía CV-10","river":"Rambla de la Viuda","town":null,"kind":"wb","area_km2":28.0,"up_area_km2":1511.3,"next":"J10-13A","terminal_unit":"J10-13A","terminal":"sea","drains_to_sea":true,"n_upstream":11,"outlet":[-0.135,39.9832],"outlet_how":"cedex river x unit boundary","label":[-0.1703,40.0165],"source":"CHJ PHJ 2022-2027 masas de agua superficial (cuenca)","chj_codes":["10-12-01-06"]},"geometry":{"type":"Polygon","coordinates":[[[-0.109,40.048],[-0.108,40.04],[-0.105,40.036],[-0.109,40.035],[-0.109,40.032],[-0.113,40.03],[-0.12,40.03],[-0.122,40.023],[-0.131,40.019],[-0.131,40.014],[-0.134,40.011],[-0.135,40.002],[-0.132,40.0],[-0.131,39.995],[-0.134,39.99],[-0.126,39.987],[-0.126,39.985],[-0.137,39.984],[-0.141,39.989],[-0.16,39.989],[-0.164,39.991],[-0.172,39.992],[-0.175,39.99],[-0.177,39.995],[-0.183,40.0],[-0.183,40.002],[-0.188,40.006],[-0.196,40.008],[-0.199,40.013],[-0.209,40.01],[-0.21,40.021],[-0.213,40.022],[-0.21,40.025],[-0.204,40.025],[-0.197,40.027],[-0.197,40.029],[-0.191,40.028],[-0.179,40.032],[-0.178,40.028],[-0.173,40.026],[-0.165,40.027],[-0.164,40.029],[-0.152,40.029],[-0.147,40.03],[-0.145,40.034],[-0.14,40.034],[-0.137,40.037],[-0.128,40.037],[-0.122,40.039],[-0.119,40.045],[-0.113,40.045],[-0.109,40.048]]]}},{"type":"Feature","properties":{"id":"J13-01","idx":61,"name":"Río Palancia: cabecera - azud de la acequia de Sagunto","river":"Río Palancia","town":"Bejís","kind":"wb","area_km2":223.8,"up_area_km2":223.8,"next":"J13-02","terminal_unit":"J13-08","terminal":"sea","drains_to_sea":true,"n_upstream":0,"outlet":[-0.649,39.8983],"outlet_how":"cedex river x unit boundary","label":[-0.7619,39.9195],"source":"CHJ PHJ 2022-2027 masas de agua superficial (cuenca)","chj_codes":["13-01"]},"geometry":{"type":"Polygon","coordinates":[[[-0.696,39.838],[-0.696,39.836],[-0.703,39.831],[-0.703,39.826],[-0.711,39.825],[-0.714,39.827],[-0.719,39.827],[-0.72,39.831],[-0.725,39.831],[-0.727,39.836],[-0.733,39.838],[-0.733,39.842],[-0.737,39.842],[-0.74,39.849],[-0.744,39.849],[-0.749,39.852],[-0.749,39.857],[-0.758,39.857],[-0.756,39.861],[-0.756,39.867],[-0.763,39.87],[-0.77,39.866],[-0.775,39.867],[-0.784,39.866],[-0.783,39.869],[-0.79,39.871],[-0.796,39.877],[-0.799,39.877],[-0.797,39.881],[-0.802,39.881],[-0.804,39.886],[-0.802,39.891],[-0.808,39.893],[-0.812,39.897],[-0.82,39.896],[-0.82,39.9],[-0.817,39.903],[-0.827,39.903],[-0.829,39.91],[-0.836,39.91],[-0.833,39.913],[-0.833,39.919],[-0.836,39.92],[-0.838,39.924],[-0.841,39.924],[-0.843,39.928],[-0.847,39.928],[-0.847,39.932],[-0.85,39.933],[-0.843,39.942],[-0.843,39.945],[-0.847,39.948],[-0.844,39.95],[-0.839,39.95],[-0.833,39.953],[-0.835,39.957],[-0.832,39.958],[-0.833,39.962],[-0.837,39.962],[-0.842,39.968],[-0.839,39.971],[-0.842,39.977],[-0.845,39.977],[-0.845,39.981],[-0.841,39.982],[-0.841,39.986],[-0.834,39.988],[-0.832,39.994],[-0.836,39.997],[-0.837,40.002],[-0.832,40.0],[-0.829,40.001],[-0.816,40.0],[-0.814,39.997],[-0.807,39.995],[-0.801,39.991],[-0.788,39.99],[-0.788,39.992],[-0.777,39.998],[-0.77,40.008],[-0.766,40.01],[-0.764,40.007],[-0.755,40.007],[-0.752,40.005],[-0.75,39.999],[-0.745,39.996],[-0.738,39.995],[-0.739,39.99],[-0.727,39.992],[-0.724,39.996],[-0.72,39.997],[-0.716,40.001],[-0.714,40.007],[-0.708,40.008],[-0.7,40.013],[-0.696,40.012],[-0.696,40.009],[-0.691,40.01],[-0.679,40.01],[-0.669,40.007],[-0.665,40.012],[-0.658,40.011],[-0.657,40.009],[-0.662,40.006],[-0.663,40.001],[-0.661,40.0],[-0.66,39.994],[-0.664,39.991],[-0.669,39.99],[-0.67,39.987],[-0.665,39.987],[-0.664,39.982],[-0.654,39.98],[-0.656,39.976],[-0.656,39.966],[-0.659,39.961],[-0.669,39.961],[-0.675,39.962],[-0.677,39.959],[-0.691,39.957],[-0.695,39.962],[-0.699,39.962],[-0.697,39.957],[-0.699,39.957],[-0.7,39.952],[-0.703,39.948],[-0.706,39.948],[-0.7,39.943],[-0.698,39.939],[-0.695,39.938],[-0.693,39.934],[-0.695,39.929],[-0.694,39.925],[-0.682,39.911],[-0.673,39.911],[-0.668,39.904],[-0.655,39.904],[-0.648,39.897],[-0.649,39.892],[-0.655,39.887],[-0.653,39.882],[-0.654,39.877],[-0.652,39.876],[-0.651,39.869],[-0.648,39.866],[-0.653,39.863],[-0.653,39.854],[-0.661,39.855],[-0.665,39.854],[-0.668,39.858],[-0.673,39.86],[-0.679,39.86],[-0.682,39.858],[-0.682,39.847],[-0.69,39.848],[-0.69,39.845],[-0.696,39.841],[-0.696,39.838]]]}},{"type":"Feature","properties":{"id":"J13-02","idx":62,"name":"Río Palancia: azud de la acequia de Sagunto - azud del Sargal","river":"Río Palancia","town":"Torás","kind":"wb","area_km2":48.0,"up_area_km2":271.8,"next":"J13-03","terminal_unit":"J13-08","terminal":"sea","drains_to_sea":true,"n_upstream":1,"outlet":[-0.5987,39.904],"outlet_how":"cedex river x unit boundary","label":[-0.6543,39.9275],"source":"CHJ PHJ 2022-2027 masas de agua superficial (cuenca)","chj_codes":["13-02"]},"geometry":{"type":"Polygon","coordinates":[[[-0.656,39.966],[-0.659,39.961],[-0.669,39.961],[-0.675,39.962],[-0.677,39.959],[-0.691,39.957],[-0.695,39.962],[-0.699,39.962],[-0.697,39.957],[-0.699,39.957],[-0.7,39.952],[-0.703,39.948],[-0.706,39.948],[-0.7,39.943],[-0.698,39.939],[-0.695,39.938],[-0.693,39.934],[-0.695,39.929],[-0.694,39.925],[-0.682,39.911],[-0.673,39.911],[-0.668,39.904],[-0.655,39.904],[-0.648,39.897],[-0.649,39.892],[-0.655,39.887],[-0.653,39.882],[-0.645,39.881],[-0.642,39.886],[-0.642,39.89],[-0.638,39.893],[-0.634,39.893],[-0.63,39.898],[-0.624,39.897],[-0.621,39.892],[-0.612,39.892],[-0.611,39.894],[-0.606,39.893],[-0.606,39.897],[-0.6,39.899],[-0.6,39.904],[-0.598,39.906],[-0.607,39.91],[-0.61,39.922],[-0.619,39.921],[-0.62,39.925],[-0.614,39.926],[-0.614,39.934],[-0.618,39.933],[-0.62,39.937],[-0.625,39.939],[-0.625,39.945],[-0.623,39.949],[-0.627,39.954],[-0.628,39.959],[-0.625,39.959],[-0.627,39.966],[-0.635,39.967],[-0.64,39.964],[-0.64,39.966],[-0.65,39.971],[-0.65,39.968],[-0.654,39.969],[-0.656,39.966]]]}},{"type":"Feature","properties":{"id":"J13-03","idx":63,"name":"Río Palancia: azud del Sargal - embalse del Regajo","river":"Río Palancia","town":"Jérica","kind":"wb","area_km2":55.3,"up_area_km2":327.1,"next":"J13-04","terminal_unit":"J13-08","terminal":"sea","drains_to_sea":true,"n_upstream":2,"outlet":[-0.543,39.894],"outlet_how":"cedex river x unit boundary","label":[-0.61,39.936],"source":"CHJ PHJ 2022-2027 masas de agua superficial (cuenca)","chj_codes":["13-03"]},"geometry":{"type":"Polygon","coordinates":[[[-0.657,40.009],[-0.644,40.009],[-0.637,40.008],[-0.635,40.004],[-0.63,40.004],[-0.63,40.007],[-0.625,40.01],[-0.622,40.009],[-0.622,40.003],[-0.619,40.001],[-0.617,39.995],[-0.618,39.985],[-0.613,39.982],[-0.614,39.975],[-0.619,39.973],[-0.62,39.97],[-0.618,39.965],[-0.62,39.964],[-0.62,39.958],[-0.617,39.957],[-0.615,39.95],[-0.607,39.95],[-0.603,39.946],[-0.603,39.941],[-0.6,39.935],[-0.597,39.934],[-0.594,39.926],[-0.588,39.927],[-0.581,39.923],[-0.573,39.923],[-0.571,39.918],[-0.566,39.918],[-0.563,39.916],[-0.557,39.916],[-0.554,39.909],[-0.55,39.906],[-0.548,39.902],[-0.541,39.896],[-0.544,39.892],[-0.555,39.891],[-0.561,39.885],[-0.565,39.885],[-0.566,39.882],[-0.576,39.882],[-0.579,39.881],[-0.586,39.882],[-0.586,39.88],[-0.591,39.88],[-0.594,39.875],[-0.6,39.875],[-0.609,39.868],[-0.615,39.869],[-0.618,39.866],[-0.632,39.866],[-0.638,39.861],[-0.643,39.863],[-0.644,39.867],[-0.648,39.866],[-0.651,39.869],[-0.652,39.876],[-0.654,39.877],[-0.653,39.882],[-0.645,39.881],[-0.642,39.886],[-0.642,39.89],[-0.638,39.893],[-0.634,39.893],[-0.63,39.898],[-0.624,39.897],[-0.621,39.892],[-0.612,39.892],[-0.611,39.894],[-0.606,39.893],[-0.606,39.897],[-0.6,39.899],[-0.6,39.904],[-0.598,39.906],[-0.607,39.91],[-0.61,39.922],[-0.619,39.921],[-0.62,39.925],[-0.614,39.926],[-0.614,39.934],[-0.618,39.933],[-0.62,39.937],[-0.625,39.939],[-0.625,39.945],[-0.623,39.949],[-0.627,39.954],[-0.628,39.959],[-0.625,39.959],[-0.627,39.966],[-0.635,39.967],[-0.64,39.964],[-0.64,39.966],[-0.65,39.971],[-0.65,39.968],[-0.654,39.969],[-0.656,39.966],[-0.656,39.976],[-0.654,39.98],[-0.664,39.982],[-0.665,39.987],[-0.67,39.987],[-0.669,39.99],[-0.664,39.991],[-0.66,39.994],[-0.661,40.0],[-0.663,40.001],[-0.662,40.006],[-0.657,40.009]]]}},{"type":"Feature","properties":{"id":"J13-05","idx":64,"name":"Río Palancia: embalse del Regajo - rambla Seca","river":"Río Palancia","town":"Navajas","kind":"wb","area_km2":57.6,"up_area_km2":531.7,"next":"J13-06","terminal_unit":"J13-08","terminal":"sea","drains_to_sea":true,"n_upstream":4,"outlet":[-0.4722,39.846],"outlet_how":"cedex river x unit boundary","label":[-0.4777,39.894],"source":"CHJ PHJ 2022-2027 masas de agua superficial (cuenca)","chj_codes":["13-05"]},"geometry":{"type":"Polygon","coordinates":[[[-0.417,39.936],[-0.414,39.934],[-0.413,39.928],[-0.406,39.923],[-0.399,39.922],[-0.398,39.92],[-0.391,39.92],[-0.389,39.916],[-0.389,39.911],[-0.386,39.907],[-0.38,39.906],[-0.376,39.901],[-0.381,39.898],[-0.382,39.895],[-0.385,39.896],[-0.395,39.896],[-0.4,39.893],[-0.407,39.891],[-0.416,39.891],[-0.417,39.889],[-0.424,39.889],[-0.429,39.891],[-0.434,39.895],[-0.443,39.896],[-0.444,39.89],[-0.442,39.886],[-0.448,39.886],[-0.45,39.884],[-0.46,39.881],[-0.463,39.872],[-0.465,39.87],[-0.469,39.857],[-0.465,39.854],[-0.467,39.848],[-0.471,39.849],[-0.472,39.846],[-0.478,39.848],[-0.481,39.846],[-0.486,39.851],[-0.486,39.854],[-0.503,39.853],[-0.503,39.856],[-0.507,39.856],[-0.51,39.862],[-0.513,39.862],[-0.518,39.867],[-0.522,39.867],[-0.522,39.87],[-0.527,39.874],[-0.524,39.875],[-0.523,39.883],[-0.526,39.889],[-0.524,39.891],[-0.519,39.891],[-0.513,39.893],[-0.51,39.896],[-0.503,39.897],[-0.491,39.907],[-0.486,39.907],[-0.487,39.911],[-0.475,39.911],[-0.47,39.914],[-0.465,39.914],[-0.466,39.925],[-0.464,39.927],[-0.456,39.927],[-0.451,39.934],[-0.446,39.934],[-0.44,39.939],[-0.432,39.94],[-0.428,39.937],[-0.418,39.937],[-0.417,39.936]]]}},{"type":"Feature","properties":{"id":"J13-05-01-01","idx":65,"name":"Rambla Seca (Palancia)","river":"Rambla Seca (Palancia)","town":"Segorbe","kind":"wb","area_km2":95.6,"up_area_km2":95.6,"next":"J13-06","terminal_unit":"J13-08","terminal":"sea","drains_to_sea":true,"n_upstream":0,"outlet":[-0.472,39.8457],"outlet_how":"cedex river x unit boundary","label":[-0.5965,39.8325],"source":"CHJ PHJ 2022-2027 masas de agua superficial (cuenca)","chj_codes":["13-05-01-01"]},"geometry":{"type":"Polygon","coordinates":[[[-0.547,39.801],[-0.548,39.796],[-0.56,39.794],[-0.56,39.792],[-0.568,39.794],[-0.575,39.789],[-0.576,39.784],[-0.578,39.784],[-0.582,39.783],[-0.582,39.786],[-0.587,39.789],[-0.587,39.793],[-0.591,39.796],[-0.589,39.801],[-0.593,39.804],[-0.599,39.806],[-0.6,39.809],[-0.605,39.81],[-0.603,39.812],[-0.603,39.817],[-0.601,39.821],[-0.606,39.822],[-0.606,39.828],[-0.613,39.831],[-0.615,39.827],[-0.626,39.828],[-0.627,39.822],[-0.634,39.818],[-0.639,39.82],[-0.642,39.817],[-0.647,39.816],[-0.649,39.82],[-0.656,39.82],[-0.662,39.818],[-0.672,39.825],[-0.679,39.825],[-0.68,39.831],[-0.685,39.837],[-0.696,39.838],[-0.696,39.841],[-0.69,39.845],[-0.69,39.848],[-0.682,39.847],[-0.682,39.858],[-0.679,39.86],[-0.673,39.86],[-0.668,39.858],[-0.665,39.854],[-0.661,39.855],[-0.653,39.854],[-0.653,39.863],[-0.648,39.866],[-0.644,39.867],[-0.643,39.863],[-0.638,39.861],[-0.632,39.866],[-0.618,39.866],[-0.615,39.869],[-0.609,39.868],[-0.6,39.875],[-0.594,39.875],[-0.591,39.88],[-0.586,39.88],[-0.586,39.882],[-0.579,39.881],[-0.574,39.88],[-0.573,39.876],[-0.566,39.874],[-0.566,39.871],[-0.561,39.871],[-0.557,39.868],[-0.553,39.868],[-0.549,39.865],[-0.548,39.867],[-0.536,39.87],[-0.531,39.874],[-0.527,39.874],[-0.522,39.87],[-0.522,39.867],[-0.518,39.867],[-0.513,39.862],[-0.51,39.862],[-0.507,39.856],[-0.503,39.856],[-0.503,39.853],[-0.486,39.854],[-0.486,39.851],[-0.481,39.846],[-0.478,39.848],[-0.472,39.846],[-0.476,39.844],[-0.476,39.841],[-0.487,39.84],[-0.496,39.838],[-0.508,39.837],[-0.512,39.834],[-0.511,39.825],[-0.513,39.823],[-0.518,39.823],[-0.519,39.817],[-0.526,39.817],[-0.53,39.821],[-0.537,39.821],[-0.539,39.815],[-0.543,39.812],[-0.543,39.808],[-0.547,39.801]]]}},{"type":"Feature","properties":{"id":"J13-06","idx":66,"name":"Río Palancia:  rambla Seca - embalse de Algar","river":"Río Palancia","town":"Soneja","kind":"wb","area_km2":99.6,"up_area_km2":726.8,"next":"J13-07","terminal_unit":"J13-08","terminal":"sea","drains_to_sea":true,"n_upstream":6,"outlet":[-0.4054,39.801],"outlet_how":"cedex river x unit boundary","label":[-0.441,39.839],"source":"CHJ PHJ 2022-2027 masas de agua superficial (cuenca)","chj_codes":["13-06"]},"geometry":{"type":"Polygon","coordinates":[[[-0.514,39.779],[-0.518,39.781],[-0.523,39.786],[-0.525,39.793],[-0.529,39.792],[-0.531,39.797],[-0.536,39.797],[-0.537,39.799],[-0.542,39.799],[-0.547,39.801],[-0.543,39.808],[-0.543,39.812],[-0.539,39.815],[-0.537,39.821],[-0.53,39.821],[-0.526,39.817],[-0.519,39.817],[-0.518,39.823],[-0.513,39.823],[-0.511,39.825],[-0.512,39.834],[-0.508,39.837],[-0.496,39.838],[-0.487,39.84],[-0.476,39.841],[-0.476,39.844],[-0.472,39.846],[-0.471,39.849],[-0.467,39.848],[-0.465,39.854],[-0.469,39.857],[-0.465,39.87],[-0.463,39.872],[-0.46,39.881],[-0.45,39.884],[-0.448,39.886],[-0.442,39.886],[-0.444,39.89],[-0.443,39.896],[-0.434,39.895],[-0.429,39.891],[-0.424,39.889],[-0.417,39.889],[-0.416,39.891],[-0.407,39.891],[-0.4,39.893],[-0.395,39.896],[-0.385,39.896],[-0.382,39.895],[-0.381,39.898],[-0.376,39.901],[-0.368,39.898],[-0.361,39.898],[-0.359,39.893],[-0.359,39.887],[-0.362,39.88],[-0.368,39.88],[-0.373,39.877],[-0.38,39.877],[-0.386,39.874],[-0.395,39.873],[-0.397,39.869],[-0.402,39.864],[-0.41,39.859],[-0.409,39.855],[-0.412,39.851],[-0.402,39.847],[-0.394,39.84],[-0.387,39.838],[-0.391,39.832],[-0.386,39.828],[-0.386,39.826],[-0.391,39.824],[-0.392,39.817],[-0.4,39.817],[-0.406,39.813],[-0.406,39.807],[-0.404,39.802],[-0.41,39.802],[-0.413,39.797],[-0.417,39.797],[-0.419,39.8],[-0.427,39.8],[-0.43,39.795],[-0.437,39.796],[-0.442,39.79],[-0.451,39.79],[-0.453,39.793],[-0.458,39.794],[-0.457,39.789],[-0.47,39.79],[-0.471,39.788],[-0.487,39.788],[-0.493,39.786],[-0.503,39.777],[-0.51,39.777],[-0.514,39.779]]]}},{"type":"Feature","properties":{"id":"J18-16-02-01","idx":67,"name":"Rambla de San Lorenzo","river":"Rambla de San Lorenzo","town":"Alatoz","kind":"wb","area_km2":133.2,"up_area_km2":133.2,"next":"J18-16","terminal_unit":"J18-36","terminal":"sea","drains_to_sea":true,"n_upstream":0,"outlet":[-1.453,39.1892],"outlet_how":"cedex river x unit boundary","label":[-1.3613,39.1105],"source":"CHJ PHJ 2022-2027 masas de agua superficial (cuenca)","chj_codes":["18-16-02-01"]},"geometry":{"type":"Polygon","coordinates":[[[-1.339,39.144],[-1.337,39.145],[-1.308,39.145],[-1.305,39.143],[-1.305,39.138],[-1.303,39.135],[-1.303,39.129],[-1.3,39.129],[-1.3,39.125],[-1.303,39.12],[-1.298,39.104],[-1.295,39.101],[-1.287,39.102],[-1.287,39.094],[-1.283,39.093],[-1.285,39.089],[-1.275,39.083],[-1.275,39.079],[-1.271,39.08],[-1.268,39.073],[-1.277,39.073],[-1.279,39.069],[-1.282,39.069],[-1.284,39.065],[-1.289,39.061],[-1.289,39.053],[-1.292,39.047],[-1.295,39.049],[-1.309,39.051],[-1.305,39.058],[-1.312,39.059],[-1.317,39.065],[-1.318,39.058],[-1.328,39.058],[-1.345,39.05],[-1.348,39.046],[-1.355,39.046],[-1.36,39.043],[-1.362,39.038],[-1.368,39.038],[-1.373,39.033],[-1.377,39.035],[-1.385,39.035],[-1.386,39.033],[-1.396,39.033],[-1.4,39.035],[-1.403,39.041],[-1.411,39.04],[-1.414,39.046],[-1.417,39.046],[-1.416,39.057],[-1.419,39.057],[-1.425,39.063],[-1.425,39.068],[-1.422,39.071],[-1.423,39.077],[-1.417,39.079],[-1.417,39.083],[-1.425,39.083],[-1.426,39.086],[-1.42,39.087],[-1.416,39.091],[-1.416,39.099],[-1.419,39.101],[-1.422,39.107],[-1.423,39.114],[-1.426,39.117],[-1.427,39.125],[-1.434,39.128],[-1.436,39.131],[-1.446,39.132],[-1.449,39.134],[-1.443,39.141],[-1.449,39.143],[-1.454,39.147],[-1.454,39.153],[-1.459,39.158],[-1.459,39.164],[-1.464,39.169],[-1.467,39.169],[-1.472,39.173],[-1.473,39.181],[-1.471,39.184],[-1.467,39.184],[-1.464,39.188],[-1.46,39.186],[-1.451,39.192],[-1.446,39.191],[-1.445,39.184],[-1.439,39.181],[-1.439,39.159],[-1.436,39.155],[-1.436,39.149],[-1.438,39.144],[-1.435,39.145],[-1.433,39.14],[-1.418,39.141],[-1.415,39.139],[-1.416,39.134],[-1.412,39.135],[-1.4,39.135],[-1.393,39.138],[-1.388,39.138],[-1.382,39.143],[-1.374,39.144],[-1.374,39.141],[-1.352,39.141],[-1.349,39.143],[-1.339,39.143],[-1.339,39.144]]]}},{"type":"Feature","properties":{"id":"J18-20-01-01","idx":68,"name":"Rambla de la Espadilla","river":"Rambla de la Espadilla","town":null,"kind":"wb","area_km2":110.4,"up_area_km2":110.4,"next":"J18-20","terminal_unit":"J18-36","terminal":"sea","drains_to_sea":true,"n_upstream":0,"outlet":[-1.106,39.134],"outlet_how":"cedex river x unit boundary","label":[-1.2041,39.1225],"source":"CHJ PHJ 2022-2027 masas de agua superficial (cuenca)","chj_codes":["18-20-01-01"]},"geometry":{"type":"Polygon","coordinates":[[[-1.271,39.08],[-1.275,39.079],[-1.275,39.083],[-1.285,39.089],[-1.283,39.093],[-1.287,39.094],[-1.287,39.102],[-1.295,39.101],[-1.298,39.104],[-1.303,39.12],[-1.3,39.125],[-1.3,39.129],[-1.303,39.129],[-1.303,39.135],[-1.305,39.138],[-1.305,39.143],[-1.308,39.145],[-1.303,39.147],[-1.294,39.147],[-1.294,39.149],[-1.291,39.151],[-1.281,39.151],[-1.275,39.153],[-1.263,39.153],[-1.259,39.155],[-1.257,39.161],[-1.253,39.163],[-1.252,39.167],[-1.243,39.167],[-1.241,39.171],[-1.234,39.174],[-1.221,39.174],[-1.223,39.169],[-1.224,39.154],[-1.226,39.151],[-1.222,39.15],[-1.212,39.15],[-1.208,39.146],[-1.192,39.145],[-1.19,39.147],[-1.185,39.147],[-1.179,39.152],[-1.162,39.152],[-1.16,39.153],[-1.155,39.148],[-1.15,39.147],[-1.147,39.141],[-1.145,39.143],[-1.133,39.144],[-1.126,39.141],[-1.121,39.137],[-1.119,39.13],[-1.114,39.128],[-1.11,39.129],[-1.106,39.134],[-1.102,39.134],[-1.103,39.128],[-1.107,39.126],[-1.106,39.117],[-1.102,39.112],[-1.104,39.109],[-1.108,39.109],[-1.111,39.105],[-1.119,39.106],[-1.14,39.106],[-1.14,39.105],[-1.151,39.105],[-1.151,39.104],[-1.163,39.104],[-1.17,39.102],[-1.172,39.096],[-1.18,39.094],[-1.182,39.098],[-1.189,39.096],[-1.193,39.093],[-1.202,39.092],[-1.204,39.086],[-1.207,39.086],[-1.209,39.079],[-1.213,39.076],[-1.212,39.069],[-1.218,39.073],[-1.221,39.073],[-1.228,39.078],[-1.243,39.078],[-1.245,39.076],[-1.253,39.078],[-1.253,39.08],[-1.271,39.08]]]}},{"type":"Feature","properties":{"id":"J18-20-02-01","idx":69,"name":"Río Zarra — tramo 2 de 2","river":"Río Zarra","town":"Jalance","kind":"wb","area_km2":95.9,"up_area_km2":619.6,"next":"J18-20","terminal_unit":"J18-36","terminal":"sea","drains_to_sea":true,"n_upstream":2,"outlet":[-1.059,39.2017],"outlet_how":"cedex river x unit boundary","label":[-1.0075,39.162],"source":"CHJ PHJ 2022-2027 masas de agua superficial (cuenca)","chj_codes":["18-20-02-01"]},"geometry":{"type":"Polygon","coordinates":[[[-1.023,39.209],[-1.021,39.208],[-1.021,39.203],[-1.019,39.202],[-1.02,39.196],[-1.017,39.195],[-1.017,39.19],[-1.013,39.187],[-1.015,39.179],[-1.018,39.176],[-0.997,39.176],[-0.991,39.18],[-0.986,39.18],[-0.984,39.183],[-0.975,39.184],[-0.974,39.18],[-0.966,39.177],[-0.964,39.174],[-0.958,39.173],[-0.954,39.169],[-0.95,39.168],[-0.945,39.164],[-0.93,39.16],[-0.924,39.155],[-0.918,39.153],[-0.914,39.15],[-0.915,39.141],[-0.92,39.136],[-0.929,39.135],[-0.932,39.133],[-0.931,39.129],[-0.937,39.127],[-0.938,39.125],[-0.944,39.125],[-0.943,39.121],[-0.947,39.116],[-0.949,39.116],[-0.952,39.116],[-0.956,39.12],[-0.967,39.121],[-0.97,39.126],[-0.976,39.126],[-0.983,39.129],[-0.993,39.128],[-0.993,39.123],[-0.997,39.119],[-1.002,39.119],[-1.007,39.114],[-1.024,39.114],[-1.027,39.112],[-1.04,39.111],[-1.041,39.116],[-1.046,39.118],[-1.049,39.118],[-1.054,39.124],[-1.067,39.124],[-1.074,39.131],[-1.079,39.131],[-1.09,39.136],[-1.09,39.146],[-1.081,39.15],[-1.081,39.155],[-1.076,39.165],[-1.081,39.171],[-1.081,39.18],[-1.079,39.18],[-1.08,39.191],[-1.078,39.193],[-1.07,39.196],[-1.062,39.196],[-1.058,39.203],[-1.051,39.203],[-1.045,39.2],[-1.038,39.2],[-1.03,39.203],[-1.023,39.209]]]}},{"type":"Feature","properties":{"id":"J18-21-01-10-01-01","idx":70,"name":"Rambla de Albosa","river":"Rambla de Albosa","town":"Venta del Moro","kind":"wb","area_km2":280.6,"up_area_km2":280.6,"next":"J18-21-01-10-01-02","terminal_unit":"J18-36","terminal":"sea","drains_to_sea":true,"n_upstream":0,"outlet":[-1.2206,39.378],"outlet_how":"cedex river x unit boundary","label":[-1.3091,39.4705],"source":"CHJ PHJ 2022-2027 masas de agua superficial (cuenca)","chj_codes":["18-21-01-10-01-01"]},"geometry":{"type":"Polygon","coordinates":[[[-1.415,39.563],[-1.405,39.562],[-1.402,39.56],[-1.401,39.556],[-1.391,39.554],[-1.387,39.55],[-1.382,39.55],[-1.378,39.547],[-1.374,39.549],[-1.365,39.549],[-1.359,39.547],[-1.357,39.544],[-1.347,39.543],[-1.347,39.541],[-1.339,39.541],[-1.339,39.536],[-1.334,39.536],[-1.333,39.532],[-1.33,39.531],[-1.315,39.531],[-1.306,39.534],[-1.283,39.534],[-1.281,39.535],[-1.273,39.531],[-1.272,39.527],[-1.269,39.527],[-1.264,39.531],[-1.26,39.532],[-1.255,39.53],[-1.247,39.529],[-1.244,39.531],[-1.239,39.531],[-1.235,39.533],[-1.231,39.527],[-1.226,39.523],[-1.221,39.521],[-1.212,39.52],[-1.211,39.518],[-1.205,39.517],[-1.199,39.514],[-1.198,39.511],[-1.193,39.51],[-1.188,39.505],[-1.186,39.501],[-1.182,39.499],[-1.181,39.496],[-1.185,39.489],[-1.191,39.486],[-1.19,39.476],[-1.194,39.473],[-1.201,39.458],[-1.201,39.446],[-1.203,39.444],[-1.203,39.437],[-1.207,39.435],[-1.207,39.419],[-1.211,39.416],[-1.217,39.414],[-1.217,39.405],[-1.221,39.404],[-1.218,39.392],[-1.219,39.378],[-1.226,39.378],[-1.228,39.376],[-1.238,39.377],[-1.249,39.376],[-1.253,39.38],[-1.263,39.38],[-1.27,39.389],[-1.278,39.393],[-1.291,39.393],[-1.29,39.397],[-1.294,39.398],[-1.294,39.402],[-1.305,39.405],[-1.309,39.404],[-1.319,39.404],[-1.327,39.405],[-1.33,39.407],[-1.335,39.407],[-1.34,39.409],[-1.341,39.415],[-1.345,39.415],[-1.347,39.427],[-1.354,39.431],[-1.361,39.431],[-1.364,39.437],[-1.382,39.438],[-1.383,39.441],[-1.39,39.443],[-1.39,39.446],[-1.397,39.445],[-1.403,39.451],[-1.406,39.451],[-1.41,39.457],[-1.418,39.462],[-1.418,39.466],[-1.423,39.468],[-1.423,39.473],[-1.425,39.474],[-1.426,39.48],[-1.432,39.482],[-1.436,39.48],[-1.441,39.486],[-1.448,39.49],[-1.452,39.494],[-1.448,39.501],[-1.451,39.503],[-1.447,39.507],[-1.454,39.511],[-1.456,39.515],[-1.445,39.514],[-1.444,39.516],[-1.437,39.518],[-1.435,39.524],[-1.432,39.526],[-1.426,39.526],[-1.424,39.53],[-1.425,39.536],[-1.431,39.54],[-1.431,39.543],[-1.426,39.548],[-1.42,39.549],[-1.419,39.555],[-1.415,39.563]]]}},{"type":"Feature","properties":{"id":"J18-21-01-10-01-02","idx":71,"name":"Rambla de Caballero","river":"Rambla de Caballero","town":null,"kind":"wb","area_km2":106.9,"up_area_km2":387.5,"next":"J18-21-01-10","terminal_unit":"J18-36","terminal":"sea","drains_to_sea":true,"n_upstream":1,"outlet":[-1.2357,39.324],"outlet_how":"cedex river x unit boundary","label":[-1.1685,39.411],"source":"CHJ PHJ 2022-2027 masas de agua superficial (cuenca)","chj_codes":["18-21-01-10-01-02"]},"geometry":{"type":"Polygon","coordinates":[[[-1.249,39.376],[-1.238,39.377],[-1.228,39.376],[-1.226,39.378],[-1.219,39.378],[-1.218,39.392],[-1.221,39.404],[-1.217,39.405],[-1.217,39.414],[-1.211,39.416],[-1.207,39.419],[-1.207,39.435],[-1.203,39.437],[-1.203,39.444],[-1.201,39.446],[-1.201,39.458],[-1.194,39.473],[-1.19,39.476],[-1.191,39.486],[-1.185,39.489],[-1.181,39.496],[-1.171,39.494],[-1.169,39.49],[-1.162,39.49],[-1.16,39.488],[-1.153,39.488],[-1.145,39.481],[-1.139,39.48],[-1.138,39.478],[-1.133,39.478],[-1.124,39.469],[-1.117,39.468],[-1.115,39.464],[-1.108,39.463],[-1.107,39.459],[-1.107,39.448],[-1.097,39.446],[-1.094,39.441],[-1.096,39.437],[-1.103,39.432],[-1.113,39.43],[-1.116,39.427],[-1.116,39.419],[-1.119,39.418],[-1.119,39.413],[-1.121,39.409],[-1.135,39.407],[-1.137,39.404],[-1.136,39.398],[-1.137,39.393],[-1.148,39.393],[-1.149,39.391],[-1.156,39.39],[-1.156,39.385],[-1.158,39.379],[-1.161,39.375],[-1.166,39.375],[-1.168,39.377],[-1.178,39.377],[-1.181,39.375],[-1.19,39.374],[-1.193,39.37],[-1.193,39.364],[-1.198,39.355],[-1.204,39.352],[-1.209,39.345],[-1.214,39.345],[-1.216,39.339],[-1.224,39.339],[-1.227,39.335],[-1.225,39.329],[-1.232,39.325],[-1.239,39.328],[-1.241,39.332],[-1.241,39.337],[-1.244,39.342],[-1.244,39.349],[-1.242,39.351],[-1.247,39.355],[-1.249,39.359],[-1.248,39.372],[-1.249,39.376]]]}},{"type":"Feature","properties":{"id":"J18-21-01-10-02-01","idx":72,"name":"Rambla Campiñana","river":"Rambla Campiñana","town":"Casas-Ibáñez","kind":"wb","area_km2":230.3,"up_area_km2":230.3,"next":"J18-21-01-10","terminal_unit":"J18-36","terminal":"sea","drains_to_sea":true,"n_upstream":0,"outlet":[-1.1729,39.312],"outlet_how":"cedex river x unit boundary","label":[-1.3989,39.292],"source":"CHJ PHJ 2022-2027 masas de agua superficial (cuenca)","chj_codes":["18-21-01-10-02-01"]},"geometry":{"type":"Polygon","coordinates":[[[-1.55,39.361],[-1.54,39.368],[-1.535,39.368],[-1.531,39.364],[-1.526,39.364],[-1.526,39.355],[-1.52,39.354],[-1.52,39.347],[-1.512,39.347],[-1.509,39.341],[-1.503,39.341],[-1.496,39.337],[-1.493,39.332],[-1.481,39.332],[-1.473,39.331],[-1.467,39.329],[-1.464,39.331],[-1.456,39.331],[-1.451,39.325],[-1.434,39.327],[-1.426,39.327],[-1.416,39.321],[-1.415,39.319],[-1.403,39.316],[-1.401,39.317],[-1.395,39.311],[-1.392,39.312],[-1.39,39.308],[-1.384,39.309],[-1.38,39.308],[-1.376,39.302],[-1.373,39.3],[-1.371,39.295],[-1.359,39.294],[-1.356,39.299],[-1.351,39.3],[-1.351,39.302],[-1.346,39.3],[-1.338,39.3],[-1.335,39.302],[-1.322,39.303],[-1.317,39.3],[-1.309,39.3],[-1.299,39.302],[-1.292,39.305],[-1.294,39.3],[-1.295,39.291],[-1.288,39.29],[-1.285,39.286],[-1.279,39.284],[-1.278,39.287],[-1.264,39.291],[-1.263,39.294],[-1.258,39.294],[-1.257,39.296],[-1.243,39.295],[-1.242,39.297],[-1.234,39.298],[-1.234,39.295],[-1.214,39.293],[-1.205,39.297],[-1.202,39.301],[-1.197,39.302],[-1.183,39.302],[-1.179,39.306],[-1.182,39.308],[-1.181,39.311],[-1.172,39.312],[-1.172,39.307],[-1.167,39.306],[-1.165,39.302],[-1.161,39.302],[-1.16,39.298],[-1.166,39.294],[-1.169,39.29],[-1.176,39.29],[-1.175,39.279],[-1.175,39.268],[-1.176,39.265],[-1.181,39.265],[-1.18,39.257],[-1.182,39.257],[-1.181,39.249],[-1.193,39.25],[-1.194,39.249],[-1.194,39.238],[-1.197,39.236],[-1.2,39.226],[-1.205,39.226],[-1.207,39.222],[-1.212,39.221],[-1.214,39.216],[-1.22,39.215],[-1.224,39.217],[-1.231,39.218],[-1.245,39.219],[-1.247,39.217],[-1.255,39.218],[-1.271,39.218],[-1.286,39.216],[-1.284,39.223],[-1.289,39.231],[-1.294,39.234],[-1.302,39.235],[-1.302,39.237],[-1.311,39.237],[-1.32,39.242],[-1.326,39.243],[-1.326,39.248],[-1.329,39.25],[-1.331,39.257],[-1.326,39.257],[-1.325,39.259],[-1.319,39.26],[-1.318,39.263],[-1.323,39.264],[-1.329,39.262],[-1.333,39.259],[-1.346,39.259],[-1.347,39.256],[-1.355,39.254],[-1.369,39.255],[-1.369,39.252],[-1.376,39.251],[-1.375,39.254],[-1.4,39.254],[-1.406,39.252],[-1.406,39.25],[-1.412,39.25],[-1.413,39.245],[-1.418,39.246],[-1.422,39.244],[-1.425,39.24],[-1.431,39.24],[-1.435,39.243],[-1.441,39.243],[-1.443,39.245],[-1.45,39.245],[-1.452,39.247],[-1.46,39.247],[-1.466,39.249],[-1.473,39.247],[-1.474,39.249],[-1.482,39.248],[-1.489,39.249],[-1.497,39.253],[-1.495,39.255],[-1.495,39.26],[-1.501,39.262],[-1.501,39.264],[-1.506,39.265],[-1.505,39.268],[-1.501,39.268],[-1.505,39.276],[-1.508,39.276],[-1.511,39.28],[-1.509,39.284],[-1.503,39.287],[-1.503,39.297],[-1.508,39.298],[-1.512,39.301],[-1.517,39.302],[-1.518,39.309],[-1.521,39.313],[-1.527,39.314],[-1.529,39.316],[-1.538,39.318],[-1.538,39.33],[-1.54,39.332],[-1.543,39.34],[-1.542,39.345],[-1.547,39.349],[-1.547,39.357],[-1.55,39.361]]]}},{"type":"Feature","properties":{"id":"J18-25-01-02-01-01","idx":73,"name":"Río Grande: cabecera - embalse de Escalona","river":"Río Grande","town":null,"kind":"wb","area_km2":95.9,"up_area_km2":95.9,"next":"J18-25-01-02","terminal_unit":"J18-36","terminal":"sea","drains_to_sea":true,"n_upstream":0,"outlet":[-0.754,39.1122],"outlet_how":"cedex river x unit boundary","label":[-0.8423,39.03],"source":"CHJ PHJ 2022-2027 masas de agua superficial (cuenca)","chj_codes":["18-25-01-02-01-01"]},"geometry":{"type":"Polygon","coordinates":[[[-0.763,39.121],[-0.761,39.119],[-0.755,39.118],[-0.755,39.113],[-0.752,39.111],[-0.752,39.106],[-0.749,39.105],[-0.745,39.1],[-0.746,39.097],[-0.756,39.096],[-0.756,39.094],[-0.761,39.094],[-0.761,39.092],[-0.767,39.089],[-0.771,39.089],[-0.773,39.086],[-0.773,39.079],[-0.776,39.078],[-0.776,39.069],[-0.778,39.065],[-0.778,39.058],[-0.786,39.057],[-0.792,39.055],[-0.792,39.052],[-0.797,39.051],[-0.801,39.046],[-0.803,39.041],[-0.802,39.038],[-0.811,39.036],[-0.817,39.029],[-0.822,39.028],[-0.823,39.025],[-0.831,39.022],[-0.831,38.997],[-0.834,38.995],[-0.834,38.99],[-0.832,38.988],[-0.837,38.988],[-0.839,38.986],[-0.845,38.989],[-0.848,38.986],[-0.847,38.983],[-0.85,38.98],[-0.856,38.978],[-0.875,38.978],[-0.876,38.975],[-0.884,38.976],[-0.889,38.972],[-0.893,38.971],[-0.895,38.966],[-0.901,38.961],[-0.906,38.959],[-0.906,38.957],[-0.914,38.955],[-0.915,38.952],[-0.922,38.952],[-0.926,38.948],[-0.93,38.949],[-0.936,38.946],[-0.94,38.94],[-0.944,38.942],[-0.952,38.941],[-0.955,38.944],[-0.96,38.944],[-0.963,38.944],[-0.966,38.939],[-0.971,38.939],[-0.973,38.941],[-0.98,38.94],[-0.983,38.941],[-0.983,38.946],[-0.987,38.948],[-0.994,38.947],[-1.0,38.95],[-0.998,38.954],[-0.997,38.965],[-0.987,38.968],[-0.987,38.97],[-0.981,38.972],[-0.98,38.974],[-0.97,38.975],[-0.967,38.979],[-0.961,38.98],[-0.954,38.984],[-0.948,38.984],[-0.947,38.986],[-0.939,38.987],[-0.938,38.989],[-0.934,38.992],[-0.929,38.992],[-0.926,38.996],[-0.921,38.999],[-0.917,38.998],[-0.908,39.006],[-0.906,39.01],[-0.897,39.015],[-0.895,39.019],[-0.892,39.019],[-0.889,39.024],[-0.881,39.024],[-0.88,39.026],[-0.874,39.026],[-0.867,39.031],[-0.865,39.036],[-0.86,39.037],[-0.857,39.034],[-0.851,39.034],[-0.846,39.038],[-0.844,39.043],[-0.838,39.045],[-0.836,39.05],[-0.827,39.05],[-0.822,39.054],[-0.815,39.054],[-0.808,39.058],[-0.81,39.062],[-0.81,39.068],[-0.805,39.07],[-0.8,39.077],[-0.796,39.079],[-0.796,39.088],[-0.791,39.091],[-0.789,39.095],[-0.786,39.096],[-0.787,39.1],[-0.783,39.103],[-0.775,39.104],[-0.774,39.109],[-0.77,39.11],[-0.771,39.114],[-0.763,39.121]]]}},{"type":"Feature","properties":{"id":"J18-25-01-02-02-01","idx":74,"name":"Rambla Seca (Júcar)","river":"Rambla Seca (Júcar)","town":null,"kind":"wb","area_km2":163.3,"up_area_km2":163.3,"next":"J18-25-01-02","terminal_unit":"J18-36","terminal":"sea","drains_to_sea":true,"n_upstream":0,"outlet":[-0.7198,39.151],"outlet_how":"cedex river x unit boundary","label":[-0.8208,39.1995],"source":"CHJ PHJ 2022-2027 masas de agua superficial (cuenca)","chj_codes":["18-25-01-02-02-01"]},"geometry":{"type":"Polygon","coordinates":[[[-0.914,39.15],[-0.918,39.153],[-0.924,39.155],[-0.93,39.16],[-0.945,39.164],[-0.95,39.168],[-0.954,39.169],[-0.958,39.173],[-0.952,39.179],[-0.952,39.182],[-0.948,39.183],[-0.948,39.186],[-0.942,39.188],[-0.934,39.188],[-0.927,39.192],[-0.926,39.197],[-0.922,39.201],[-0.917,39.203],[-0.917,39.211],[-0.919,39.212],[-0.919,39.219],[-0.925,39.222],[-0.925,39.224],[-0.915,39.224],[-0.911,39.223],[-0.907,39.225],[-0.905,39.23],[-0.904,39.239],[-0.901,39.24],[-0.899,39.245],[-0.895,39.247],[-0.897,39.253],[-0.891,39.255],[-0.885,39.254],[-0.882,39.257],[-0.878,39.252],[-0.878,39.248],[-0.87,39.247],[-0.859,39.247],[-0.858,39.244],[-0.85,39.245],[-0.847,39.241],[-0.842,39.242],[-0.84,39.237],[-0.837,39.236],[-0.837,39.231],[-0.834,39.227],[-0.83,39.226],[-0.829,39.222],[-0.825,39.218],[-0.81,39.217],[-0.81,39.218],[-0.8,39.218],[-0.791,39.221],[-0.792,39.226],[-0.78,39.229],[-0.78,39.231],[-0.773,39.229],[-0.767,39.225],[-0.762,39.225],[-0.757,39.222],[-0.75,39.222],[-0.751,39.217],[-0.745,39.212],[-0.729,39.213],[-0.727,39.21],[-0.722,39.208],[-0.722,39.205],[-0.718,39.202],[-0.718,39.198],[-0.715,39.193],[-0.72,39.193],[-0.718,39.188],[-0.721,39.187],[-0.717,39.185],[-0.718,39.178],[-0.714,39.173],[-0.714,39.168],[-0.712,39.167],[-0.713,39.162],[-0.717,39.156],[-0.718,39.151],[-0.722,39.151],[-0.723,39.148],[-0.734,39.15],[-0.739,39.148],[-0.738,39.152],[-0.744,39.153],[-0.744,39.155],[-0.756,39.157],[-0.757,39.159],[-0.772,39.16],[-0.779,39.156],[-0.787,39.156],[-0.793,39.154],[-0.793,39.152],[-0.799,39.151],[-0.801,39.148],[-0.803,39.152],[-0.812,39.152],[-0.828,39.145],[-0.83,39.142],[-0.836,39.143],[-0.836,39.146],[-0.843,39.146],[-0.847,39.149],[-0.853,39.148],[-0.853,39.146],[-0.859,39.145],[-0.864,39.147],[-0.87,39.147],[-0.871,39.145],[-0.89,39.145],[-0.894,39.144],[-0.898,39.14],[-0.906,39.147],[-0.914,39.15]]]}},{"type":"Feature","properties":{"id":"J18-28-01-01","idx":75,"name":"Río Sellent: cabecera - Bolbaite","river":"Río Sellent","town":"Bolbaite","kind":"wb","area_km2":67.5,"up_area_km2":67.5,"next":"J18-28-01-02","terminal_unit":"J18-36","terminal":"sea","drains_to_sea":true,"n_upstream":0,"outlet":[-0.6735,39.055],"outlet_how":"cedex river x unit boundary","label":[-0.7539,39.0455],"source":"CHJ PHJ 2022-2027 masas de agua superficial (cuenca)","chj_codes":["18-28-01-01"]},"geometry":{"type":"Polygon","coordinates":[[[-0.831,38.997],[-0.831,39.022],[-0.823,39.025],[-0.822,39.028],[-0.817,39.029],[-0.811,39.036],[-0.802,39.038],[-0.803,39.041],[-0.801,39.046],[-0.797,39.051],[-0.792,39.052],[-0.792,39.055],[-0.786,39.057],[-0.778,39.058],[-0.778,39.065],[-0.776,39.069],[-0.776,39.078],[-0.773,39.079],[-0.773,39.086],[-0.771,39.089],[-0.767,39.089],[-0.761,39.092],[-0.761,39.094],[-0.756,39.094],[-0.756,39.096],[-0.746,39.097],[-0.74,39.088],[-0.739,39.082],[-0.733,39.077],[-0.726,39.077],[-0.724,39.079],[-0.709,39.078],[-0.708,39.076],[-0.7,39.077],[-0.695,39.073],[-0.687,39.072],[-0.686,39.074],[-0.68,39.074],[-0.678,39.069],[-0.672,39.068],[-0.67,39.066],[-0.671,39.061],[-0.669,39.056],[-0.675,39.055],[-0.678,39.06],[-0.684,39.06],[-0.685,39.058],[-0.69,39.058],[-0.691,39.055],[-0.696,39.054],[-0.7,39.048],[-0.708,39.045],[-0.709,39.042],[-0.716,39.041],[-0.717,39.038],[-0.723,39.038],[-0.726,39.033],[-0.73,39.032],[-0.738,39.027],[-0.742,39.022],[-0.751,39.022],[-0.753,39.017],[-0.762,39.014],[-0.767,39.009],[-0.776,39.007],[-0.784,39.008],[-0.787,39.006],[-0.793,39.007],[-0.794,39.004],[-0.8,39.003],[-0.81,39.003],[-0.815,39.001],[-0.815,38.996],[-0.825,38.994],[-0.831,38.997]]]}},{"type":"Feature","properties":{"id":"J18-28-01-02","idx":76,"name":"Río Sellent: Bolbaite - río Júcar","river":"Río Sellent","town":"Chella","kind":"wb","area_km2":60.5,"up_area_km2":267.1,"next":"J18-29","terminal_unit":"J18-36","terminal":"sea","drains_to_sea":true,"n_upstream":3,"outlet":[-0.58,39.0757],"outlet_how":"cedex river x unit boundary","label":[-0.672,39.0395],"source":"CHJ PHJ 2022-2027 masas de agua superficial (cuenca)","chj_codes":["18-28-01-02"]},"geometry":{"type":"Polygon","coordinates":[[[-0.738,39.027],[-0.73,39.032],[-0.726,39.033],[-0.723,39.038],[-0.717,39.038],[-0.716,39.041],[-0.709,39.042],[-0.708,39.045],[-0.7,39.048],[-0.696,39.054],[-0.691,39.055],[-0.69,39.058],[-0.685,39.058],[-0.684,39.06],[-0.678,39.06],[-0.675,39.055],[-0.669,39.056],[-0.671,39.061],[-0.67,39.066],[-0.672,39.068],[-0.678,39.069],[-0.68,39.074],[-0.678,39.079],[-0.682,39.084],[-0.685,39.085],[-0.686,39.094],[-0.683,39.098],[-0.677,39.098],[-0.668,39.093],[-0.668,39.091],[-0.662,39.089],[-0.66,39.086],[-0.653,39.082],[-0.653,39.079],[-0.647,39.08],[-0.645,39.076],[-0.641,39.074],[-0.635,39.075],[-0.631,39.071],[-0.631,39.067],[-0.627,39.064],[-0.624,39.06],[-0.624,39.049],[-0.623,39.045],[-0.628,39.043],[-0.627,39.037],[-0.622,39.032],[-0.625,39.03],[-0.622,39.028],[-0.604,39.026],[-0.603,39.023],[-0.597,39.024],[-0.595,39.029],[-0.595,39.034],[-0.59,39.037],[-0.586,39.037],[-0.582,39.041],[-0.582,39.046],[-0.58,39.047],[-0.58,39.052],[-0.577,39.054],[-0.575,39.064],[-0.582,39.064],[-0.582,39.066],[-0.576,39.071],[-0.58,39.076],[-0.574,39.076],[-0.568,39.069],[-0.569,39.061],[-0.565,39.061],[-0.561,39.053],[-0.557,39.05],[-0.557,39.046],[-0.554,39.042],[-0.558,39.038],[-0.558,39.033],[-0.558,39.026],[-0.565,39.026],[-0.569,39.024],[-0.57,39.019],[-0.577,39.018],[-0.577,39.014],[-0.584,39.015],[-0.587,39.014],[-0.585,39.01],[-0.59,39.008],[-0.598,39.007],[-0.605,39.008],[-0.609,39.003],[-0.603,38.997],[-0.606,38.995],[-0.612,38.995],[-0.613,38.991],[-0.618,38.988],[-0.632,38.987],[-0.638,38.981],[-0.647,38.98],[-0.647,38.981],[-0.646,38.988],[-0.637,38.988],[-0.634,38.995],[-0.634,39.005],[-0.636,39.009],[-0.63,39.009],[-0.628,39.013],[-0.632,39.016],[-0.629,39.017],[-0.633,39.023],[-0.64,39.029],[-0.636,39.034],[-0.645,39.034],[-0.646,39.037],[-0.661,39.036],[-0.663,39.034],[-0.671,39.034],[-0.675,39.037],[-0.68,39.037],[-0.688,39.033],[-0.694,39.032],[-0.695,39.03],[-0.719,39.021],[-0.728,39.022],[-0.733,39.026],[-0.738,39.027]]]}},{"type":"Feature","properties":{"id":"J18-28-01-02-01-01","idx":77,"name":"Rambla del Riajuelo: cabecera - río Mínguez","river":"Rambla del Riajuelo","town":null,"kind":"wb","area_km2":101.0,"up_area_km2":101.0,"next":"J18-28-01-02-01-02","terminal_unit":"J18-36","terminal":"sea","drains_to_sea":true,"n_upstream":0,"outlet":[-0.6743,38.998],"outlet_how":"cedex river x unit boundary","label":[-0.7781,38.9795],"source":"CHJ PHJ 2022-2027 masas de agua superficial (cuenca)","chj_codes":["18-28-01-02-01-01"]},"geometry":{"type":"Polygon","coordinates":[[[-0.906,38.959],[-0.901,38.961],[-0.895,38.966],[-0.893,38.971],[-0.889,38.972],[-0.884,38.976],[-0.876,38.975],[-0.875,38.978],[-0.856,38.978],[-0.85,38.98],[-0.847,38.983],[-0.848,38.986],[-0.845,38.989],[-0.839,38.986],[-0.837,38.988],[-0.832,38.988],[-0.834,38.99],[-0.834,38.995],[-0.831,38.997],[-0.825,38.994],[-0.815,38.996],[-0.815,39.001],[-0.81,39.003],[-0.8,39.003],[-0.794,39.004],[-0.793,39.007],[-0.787,39.006],[-0.784,39.008],[-0.776,39.007],[-0.767,39.009],[-0.762,39.014],[-0.753,39.017],[-0.751,39.022],[-0.742,39.022],[-0.738,39.027],[-0.733,39.026],[-0.728,39.022],[-0.719,39.021],[-0.719,39.018],[-0.71,39.018],[-0.71,39.011],[-0.713,39.008],[-0.708,39.007],[-0.704,39.01],[-0.689,39.012],[-0.688,39.009],[-0.682,39.011],[-0.68,39.009],[-0.678,39.0],[-0.675,39.0],[-0.682,38.992],[-0.694,38.99],[-0.694,38.987],[-0.703,38.983],[-0.705,38.979],[-0.706,38.969],[-0.702,38.965],[-0.703,38.959],[-0.699,38.955],[-0.693,38.954],[-0.696,38.949],[-0.714,38.938],[-0.714,38.936],[-0.721,38.932],[-0.737,38.932],[-0.742,38.934],[-0.742,38.938],[-0.745,38.941],[-0.754,38.941],[-0.756,38.945],[-0.765,38.948],[-0.768,38.945],[-0.776,38.946],[-0.779,38.95],[-0.786,38.954],[-0.787,38.958],[-0.79,38.959],[-0.793,38.969],[-0.8,38.967],[-0.805,38.962],[-0.81,38.96],[-0.816,38.961],[-0.822,38.96],[-0.822,38.958],[-0.828,38.958],[-0.831,38.953],[-0.844,38.951],[-0.848,38.949],[-0.861,38.949],[-0.862,38.951],[-0.875,38.952],[-0.875,38.951],[-0.886,38.951],[-0.889,38.954],[-0.9,38.955],[-0.903,38.959],[-0.906,38.959]]]}},{"type":"Feature","properties":{"id":"J18-28-01-02-01-02","idx":78,"name":"Rambla del Riajuelo: río Mínguez - río Sellent","river":"Rambla del Riajuelo","town":"Enguera","kind":"wb","area_km2":38.1,"up_area_km2":139.1,"next":"J18-28-01-02","terminal_unit":"J18-36","terminal":"sea","drains_to_sea":true,"n_upstream":1,"outlet":[-0.636,39.0337],"outlet_how":"cedex river x unit boundary","label":[-0.6556,38.9975],"source":"CHJ PHJ 2022-2027 masas de agua superficial (cuenca)","chj_codes":["18-28-01-02-01-02"]},"geometry":{"type":"Polygon","coordinates":[[[-0.719,39.021],[-0.695,39.03],[-0.694,39.032],[-0.688,39.033],[-0.68,39.037],[-0.675,39.037],[-0.671,39.034],[-0.663,39.034],[-0.661,39.036],[-0.646,39.037],[-0.645,39.034],[-0.636,39.034],[-0.64,39.029],[-0.633,39.023],[-0.629,39.017],[-0.632,39.016],[-0.628,39.013],[-0.63,39.009],[-0.636,39.009],[-0.634,39.005],[-0.634,38.995],[-0.637,38.988],[-0.646,38.988],[-0.647,38.981],[-0.657,38.981],[-0.662,38.976],[-0.668,38.974],[-0.668,38.969],[-0.674,38.968],[-0.677,38.965],[-0.684,38.966],[-0.688,38.959],[-0.691,38.958],[-0.693,38.954],[-0.699,38.955],[-0.703,38.959],[-0.702,38.965],[-0.706,38.969],[-0.705,38.979],[-0.703,38.983],[-0.694,38.987],[-0.694,38.99],[-0.682,38.992],[-0.675,39.0],[-0.678,39.0],[-0.68,39.009],[-0.682,39.011],[-0.688,39.009],[-0.689,39.012],[-0.704,39.01],[-0.708,39.007],[-0.713,39.008],[-0.71,39.011],[-0.71,39.018],[-0.719,39.018],[-0.719,39.021]]]}},{"type":"Feature","properties":{"id":"J18-29-01-01-01-01","idx":79,"name":"Río Clariano","river":"Río Clariano","town":"Ontinyent","kind":"wb","area_km2":258.9,"up_area_km2":258.9,"next":"J18-29-01-02","terminal_unit":"J18-36","terminal":"sea","drains_to_sea":true,"n_upstream":0,"outlet":[-0.498,38.8903],"outlet_how":"cedex river x unit boundary","label":[-0.6405,38.8315],"source":"CHJ PHJ 2022-2027 masas de agua superficial (cuenca)","chj_codes":["18-29-01-01-01-01"]},"geometry":{"type":"Polygon","coordinates":[[[-0.565,38.934],[-0.562,38.932],[-0.556,38.932],[-0.552,38.928],[-0.546,38.928],[-0.543,38.924],[-0.537,38.924],[-0.536,38.922],[-0.531,38.922],[-0.527,38.92],[-0.524,38.917],[-0.517,38.916],[-0.517,38.913],[-0.513,38.91],[-0.505,38.908],[-0.505,38.896],[-0.499,38.894],[-0.498,38.89],[-0.502,38.888],[-0.52,38.886],[-0.529,38.88],[-0.541,38.88],[-0.558,38.872],[-0.559,38.869],[-0.564,38.87],[-0.571,38.861],[-0.566,38.857],[-0.569,38.856],[-0.571,38.852],[-0.571,38.839],[-0.567,38.84],[-0.554,38.84],[-0.554,38.836],[-0.559,38.836],[-0.559,38.834],[-0.565,38.834],[-0.568,38.83],[-0.57,38.824],[-0.573,38.824],[-0.574,38.818],[-0.572,38.818],[-0.573,38.813],[-0.571,38.809],[-0.57,38.802],[-0.562,38.804],[-0.552,38.804],[-0.551,38.806],[-0.543,38.806],[-0.542,38.808],[-0.536,38.81],[-0.525,38.81],[-0.522,38.807],[-0.525,38.805],[-0.524,38.796],[-0.53,38.795],[-0.53,38.787],[-0.525,38.781],[-0.525,38.775],[-0.523,38.771],[-0.524,38.767],[-0.539,38.766],[-0.542,38.762],[-0.55,38.76],[-0.553,38.756],[-0.561,38.754],[-0.562,38.756],[-0.568,38.754],[-0.575,38.754],[-0.581,38.757],[-0.587,38.758],[-0.589,38.753],[-0.594,38.753],[-0.594,38.75],[-0.599,38.749],[-0.6,38.751],[-0.605,38.749],[-0.606,38.743],[-0.617,38.744],[-0.622,38.742],[-0.624,38.739],[-0.628,38.738],[-0.631,38.733],[-0.636,38.73],[-0.644,38.728],[-0.651,38.731],[-0.655,38.736],[-0.656,38.741],[-0.651,38.745],[-0.647,38.746],[-0.647,38.751],[-0.65,38.755],[-0.654,38.755],[-0.657,38.758],[-0.664,38.758],[-0.667,38.756],[-0.675,38.755],[-0.677,38.758],[-0.682,38.758],[-0.684,38.755],[-0.698,38.755],[-0.699,38.753],[-0.704,38.753],[-0.709,38.75],[-0.722,38.751],[-0.722,38.754],[-0.726,38.752],[-0.734,38.752],[-0.734,38.758],[-0.74,38.757],[-0.742,38.759],[-0.755,38.759],[-0.756,38.761],[-0.751,38.762],[-0.747,38.765],[-0.747,38.77],[-0.745,38.771],[-0.745,38.778],[-0.743,38.783],[-0.739,38.783],[-0.738,38.787],[-0.741,38.792],[-0.748,38.792],[-0.755,38.795],[-0.756,38.798],[-0.762,38.8],[-0.762,38.803],[-0.766,38.807],[-0.764,38.812],[-0.765,38.817],[-0.759,38.82],[-0.755,38.82],[-0.754,38.823],[-0.749,38.826],[-0.743,38.826],[-0.738,38.832],[-0.733,38.835],[-0.727,38.836],[-0.723,38.831],[-0.716,38.83],[-0.711,38.834],[-0.7,38.845],[-0.692,38.848],[-0.691,38.85],[-0.681,38.853],[-0.671,38.859],[-0.664,38.86],[-0.66,38.862],[-0.66,38.866],[-0.657,38.867],[-0.655,38.874],[-0.649,38.879],[-0.637,38.88],[-0.629,38.887],[-0.621,38.892],[-0.617,38.896],[-0.616,38.902],[-0.608,38.903],[-0.603,38.908],[-0.601,38.911],[-0.594,38.913],[-0.585,38.919],[-0.585,38.921],[-0.573,38.926],[-0.572,38.932],[-0.565,38.934]]]}},{"type":"Feature","properties":{"id":"J18-29-01-01A","idx":80,"name":"Río Albaida: cabecera - río Clariano","river":"Río Albaida","town":"Albaida","kind":"wb","area_km2":58.0,"up_area_km2":58.0,"next":"J18-29-01-02","terminal_unit":"J18-36","terminal":"sea","drains_to_sea":true,"n_upstream":0,"outlet":[-0.4982,38.89],"outlet_how":"cedex river x unit boundary","label":[-0.535,38.849],"source":"CHJ PHJ 2022-2027 masas de agua superficial (cuenca)","chj_codes":["18-29-01-01A"]},"geometry":{"type":"Polygon","coordinates":[[[-0.522,38.807],[-0.525,38.81],[-0.536,38.81],[-0.542,38.808],[-0.543,38.806],[-0.551,38.806],[-0.552,38.804],[-0.562,38.804],[-0.57,38.802],[-0.571,38.809],[-0.573,38.813],[-0.572,38.818],[-0.574,38.818],[-0.573,38.824],[-0.57,38.824],[-0.568,38.83],[-0.565,38.834],[-0.559,38.834],[-0.559,38.836],[-0.554,38.836],[-0.554,38.84],[-0.567,38.84],[-0.571,38.839],[-0.571,38.852],[-0.569,38.856],[-0.566,38.857],[-0.571,38.861],[-0.564,38.87],[-0.559,38.869],[-0.558,38.872],[-0.541,38.88],[-0.529,38.88],[-0.52,38.886],[-0.502,38.888],[-0.498,38.89],[-0.495,38.884],[-0.49,38.881],[-0.49,38.878],[-0.496,38.874],[-0.496,38.87],[-0.497,38.863],[-0.495,38.858],[-0.497,38.858],[-0.499,38.853],[-0.499,38.846],[-0.503,38.839],[-0.498,38.839],[-0.497,38.835],[-0.501,38.827],[-0.503,38.82],[-0.501,38.818],[-0.495,38.821],[-0.488,38.821],[-0.483,38.823],[-0.475,38.823],[-0.468,38.828],[-0.455,38.827],[-0.452,38.823],[-0.442,38.823],[-0.451,38.817],[-0.456,38.817],[-0.461,38.815],[-0.461,38.811],[-0.464,38.809],[-0.464,38.805],[-0.468,38.804],[-0.476,38.804],[-0.486,38.806],[-0.515,38.806],[-0.517,38.808],[-0.522,38.807]]]}},{"type":"Feature","properties":{"id":"J18-25-01-01","idx":81,"name":"Río Escalona: cabecera - embalse de Escalona","river":"Río Escalona","town":null,"kind":"wb","area_km2":167.4,"up_area_km2":167.4,"next":"J18-25-01-02","terminal_unit":"J18-36","terminal":"sea","drains_to_sea":true,"n_upstream":0,"outlet":[-0.763,39.1267],"outlet_how":"cedex river x unit boundary","label":[-0.8804,39.069],"source":"CHJ PHJ 2022-2027 masas de agua superficial (cuenca)","chj_codes":["18-25-01-01"]},"geometry":{"type":"Polygon","coordinates":[[[-0.949,39.116],[-0.947,39.116],[-0.943,39.121],[-0.944,39.125],[-0.938,39.125],[-0.937,39.127],[-0.931,39.129],[-0.932,39.133],[-0.929,39.135],[-0.92,39.136],[-0.915,39.141],[-0.914,39.15],[-0.906,39.147],[-0.898,39.14],[-0.889,39.137],[-0.885,39.133],[-0.878,39.131],[-0.876,39.128],[-0.871,39.127],[-0.868,39.124],[-0.861,39.122],[-0.852,39.122],[-0.84,39.125],[-0.84,39.127],[-0.834,39.129],[-0.823,39.129],[-0.823,39.127],[-0.817,39.126],[-0.814,39.123],[-0.806,39.124],[-0.8,39.12],[-0.795,39.119],[-0.794,39.123],[-0.79,39.123],[-0.786,39.126],[-0.778,39.126],[-0.772,39.13],[-0.766,39.13],[-0.762,39.133],[-0.762,39.122],[-0.763,39.121],[-0.771,39.114],[-0.77,39.11],[-0.774,39.109],[-0.775,39.104],[-0.783,39.103],[-0.787,39.1],[-0.786,39.096],[-0.789,39.095],[-0.791,39.091],[-0.796,39.088],[-0.796,39.079],[-0.8,39.077],[-0.805,39.07],[-0.81,39.068],[-0.81,39.062],[-0.808,39.058],[-0.815,39.054],[-0.822,39.054],[-0.827,39.05],[-0.836,39.05],[-0.838,39.045],[-0.844,39.043],[-0.846,39.038],[-0.851,39.034],[-0.857,39.034],[-0.86,39.037],[-0.865,39.036],[-0.867,39.031],[-0.874,39.026],[-0.88,39.026],[-0.881,39.024],[-0.889,39.024],[-0.892,39.019],[-0.895,39.019],[-0.897,39.015],[-0.906,39.01],[-0.908,39.006],[-0.917,38.998],[-0.921,38.999],[-0.926,38.996],[-0.929,38.992],[-0.934,38.992],[-0.938,38.989],[-0.944,38.991],[-0.946,38.995],[-0.954,38.998],[-0.956,38.997],[-0.956,39.005],[-0.96,39.008],[-0.961,39.013],[-0.967,39.016],[-0.978,39.025],[-0.982,39.025],[-0.989,39.039],[-0.984,39.039],[-0.987,39.045],[-0.986,39.05],[-0.983,39.051],[-0.983,39.056],[-0.981,39.058],[-0.981,39.066],[-0.978,39.065],[-0.963,39.065],[-0.96,39.067],[-0.955,39.067],[-0.95,39.073],[-0.936,39.073],[-0.935,39.081],[-0.931,39.082],[-0.927,39.086],[-0.919,39.088],[-0.917,39.091],[-0.922,39.094],[-0.922,39.097],[-0.935,39.104],[-0.935,39.107],[-0.949,39.116]]]}},{"type":"Feature","properties":{"id":"J18-29-01-02-01-01","idx":82,"name":"Río de Micena","river":"Río de Micena","town":"Atzeneta d'Albaida","kind":"wb","area_km2":67.5,"up_area_km2":67.5,"next":"J18-29-01-02","terminal_unit":"J18-36","terminal":"sea","drains_to_sea":true,"n_upstream":0,"outlet":[-0.4579,38.899],"outlet_how":"cedex river x unit boundary","label":[-0.4349,38.8605],"source":"CHJ PHJ 2022-2027 masas de agua superficial (cuenca)","chj_codes":["18-29-01-02-01-01"]},"geometry":{"type":"Polygon","coordinates":[[[-0.442,38.823],[-0.452,38.823],[-0.455,38.827],[-0.468,38.828],[-0.475,38.823],[-0.483,38.823],[-0.488,38.821],[-0.495,38.821],[-0.501,38.818],[-0.503,38.82],[-0.501,38.827],[-0.497,38.835],[-0.498,38.839],[-0.503,38.839],[-0.499,38.846],[-0.499,38.853],[-0.497,38.858],[-0.495,38.858],[-0.497,38.863],[-0.496,38.87],[-0.488,38.874],[-0.487,38.878],[-0.481,38.883],[-0.472,38.884],[-0.473,38.893],[-0.467,38.896],[-0.467,38.899],[-0.452,38.899],[-0.447,38.896],[-0.446,38.891],[-0.437,38.888],[-0.434,38.884],[-0.422,38.883],[-0.421,38.881],[-0.416,38.881],[-0.412,38.878],[-0.407,38.878],[-0.403,38.876],[-0.393,38.874],[-0.391,38.872],[-0.389,38.875],[-0.383,38.874],[-0.381,38.871],[-0.373,38.87],[-0.374,38.858],[-0.369,38.856],[-0.351,38.856],[-0.355,38.849],[-0.367,38.845],[-0.372,38.84],[-0.376,38.839],[-0.381,38.835],[-0.393,38.836],[-0.398,38.839],[-0.404,38.84],[-0.404,38.833],[-0.41,38.833],[-0.42,38.829],[-0.428,38.828],[-0.431,38.826],[-0.437,38.826],[-0.442,38.823]]]}},{"type":"Feature","properties":{"id":"J18-29-01-03-01-01","idx":83,"name":"Río Cànyoles: cabecera - Canals","river":"Río Cànyoles","town":"Canals","kind":"wb","area_km2":550.9,"up_area_km2":938.8,"next":"J18-29-01-03-01-02","terminal_unit":"J18-36","terminal":"sea","drains_to_sea":true,"n_upstream":2,"outlet":[-0.575,38.9608],"outlet_how":"cedex river x unit boundary","label":[-0.8172,38.868],"source":"CHJ PHJ 2022-2027 masas de agua superficial (cuenca)","merged_names":["Río dels Sants","Rambla del Pantano"],"chj_codes":["18-29-01-03-01-01","18-29-01-03-01-01-01-02","32-03"]},"geometry":{"type":"MultiPolygon","coordinates":[[[[-0.647,38.981],[-0.647,38.98],[-0.638,38.981],[-0.616,38.981],[-0.611,38.978],[-0.596,38.978],[-0.595,38.98],[-0.587,38.979],[-0.585,38.972],[-0.579,38.971],[-0.579,38.963],[-0.575,38.96],[-0.581,38.958],[-0.581,38.956],[-0.589,38.95],[-0.587,38.941],[-0.589,38.936],[-0.596,38.933],[-0.597,38.929],[-0.602,38.929],[-0.602,38.925],[-0.606,38.924],[-0.608,38.921],[-0.612,38.921],[-0.615,38.915],[-0.605,38.912],[-0.603,38.908],[-0.608,38.903],[-0.616,38.902],[-0.617,38.896],[-0.621,38.892],[-0.629,38.887],[-0.637,38.88],[-0.649,38.879],[-0.655,38.874],[-0.657,38.867],[-0.66,38.866],[-0.66,38.862],[-0.664,38.86],[-0.671,38.859],[-0.681,38.853],[-0.691,38.85],[-0.692,38.848],[-0.7,38.845],[-0.711,38.834],[-0.716,38.83],[-0.723,38.831],[-0.727,38.836],[-0.733,38.835],[-0.738,38.832],[-0.743,38.826],[-0.749,38.826],[-0.754,38.823],[-0.755,38.82],[-0.759,38.82],[-0.765,38.817],[-0.764,38.812],[-0.766,38.807],[-0.762,38.803],[-0.762,38.8],[-0.756,38.798],[-0.755,38.795],[-0.748,38.792],[-0.741,38.792],[-0.738,38.787],[-0.739,38.783],[-0.743,38.783],[-0.745,38.778],[-0.745,38.771],[-0.747,38.77],[-0.747,38.765],[-0.751,38.762],[-0.756,38.761],[-0.765,38.761],[-0.767,38.758],[-0.773,38.756],[-0.772,38.766],[-0.775,38.767],[-0.777,38.772],[-0.78,38.773],[-0.781,38.778],[-0.785,38.782],[-0.792,38.784],[-0.794,38.787],[-0.799,38.782],[-0.805,38.78],[-0.815,38.78],[-0.818,38.778],[-0.819,38.781],[-0.824,38.78],[-0.824,38.777],[-0.832,38.774],[-0.836,38.778],[-0.848,38.779],[-0.853,38.783],[-0.853,38.779],[-0.861,38.779],[-0.861,38.776],[-0.876,38.776],[-0.876,38.774],[-0.883,38.773],[-0.888,38.769],[-0.909,38.767],[-0.91,38.769],[-0.915,38.769],[-0.918,38.772],[-0.918,38.778],[-0.929,38.784],[-0.938,38.78],[-0.937,38.788],[-0.94,38.795],[-0.947,38.798],[-0.949,38.801],[-0.954,38.802],[-0.956,38.805],[-0.962,38.804],[-0.967,38.8],[-0.972,38.799],[-0.979,38.801],[-0.985,38.799],[-0.988,38.796],[-0.991,38.8],[-0.996,38.803],[-1.006,38.808],[-1.006,38.81],[-1.001,38.811],[-0.995,38.822],[-0.984,38.822],[-0.983,38.819],[-0.975,38.823],[-0.969,38.823],[-0.968,38.821],[-0.963,38.821],[-0.962,38.817],[-0.958,38.814],[-0.954,38.814],[-0.95,38.811],[-0.946,38.811],[-0.943,38.814],[-0.939,38.814],[-0.932,38.811],[-0.93,38.816],[-0.931,38.827],[-0.93,38.831],[-0.937,38.836],[-0.945,38.836],[-0.945,38.84],[-0.95,38.844],[-0.954,38.845],[-0.959,38.85],[-0.962,38.858],[-0.966,38.863],[-0.971,38.865],[-0.977,38.865],[-0.978,38.869],[-0.984,38.869],[-0.985,38.873],[-0.989,38.876],[-0.989,38.881],[-0.993,38.891],[-0.98,38.89],[-0.975,38.899],[-0.968,38.899],[-0.965,38.904],[-0.958,38.906],[-0.954,38.914],[-0.942,38.905],[-0.936,38.907],[-0.918,38.905],[-0.916,38.902],[-0.91,38.901],[-0.905,38.904],[-0.899,38.903],[-0.899,38.901],[-0.892,38.9],[-0.888,38.895],[-0.879,38.896],[-0.874,38.891],[-0.874,38.888],[-0.869,38.888],[-0.86,38.89],[-0.857,38.894],[-0.857,38.906],[-0.852,38.911],[-0.848,38.911],[-0.843,38.914],[-0.843,38.917],[-0.837,38.917],[-0.835,38.914],[-0.826,38.913],[-0.823,38.91],[-0.816,38.91],[-0.807,38.907],[-0.803,38.904],[-0.803,38.901],[-0.793,38.898],[-0.788,38.895],[-0.78,38.895],[-0.772,38.891],[-0.772,38.889],[-0.762,38.888],[-0.752,38.888],[-0.752,38.889],[-0.74,38.889],[-0.733,38.887],[-0.726,38.894],[-0.726,38.902],[-0.724,38.904],[-0.73,38.907],[-0.734,38.911],[-0.739,38.908],[-0.741,38.913],[-0.746,38.913],[-0.748,38.916],[-0.754,38.917],[-0.754,38.921],[-0.762,38.924],[-0.775,38.924],[-0.779,38.929],[-0.783,38.93],[-0.783,38.934],[-0.788,38.939],[-0.788,38.943],[-0.792,38.949],[-0.796,38.952],[-0.805,38.954],[-0.805,38.956],[-0.81,38.96],[-0.805,38.962],[-0.8,38.967],[-0.793,38.969],[-0.79,38.959],[-0.787,38.958],[-0.786,38.954],[-0.779,38.95],[-0.776,38.946],[-0.768,38.945],[-0.765,38.948],[-0.756,38.945],[-0.754,38.941],[-0.745,38.941],[-0.742,38.938],[-0.742,38.934],[-0.737,38.932],[-0.721,38.932],[-0.714,38.936],[-0.714,38.938],[-0.696,38.949],[-0.693,38.954],[-0.691,38.958],[-0.688,38.959],[-0.684,38.966],[-0.677,38.965],[-0.674,38.968],[-0.668,38.969],[-0.668,38.974],[-0.662,38.976],[-0.657,38.981],[-0.647,38.981]]],[[[-1.026,38.935],[-1.029,38.931],[-1.034,38.931],[-1.034,38.926],[-1.029,38.924],[-1.033,38.92],[-1.038,38.918],[-1.039,38.911],[-1.044,38.907],[-1.044,38.905],[-1.049,38.903],[-1.05,38.899],[-1.06,38.899],[-1.064,38.9],[-1.065,38.897],[-1.073,38.896],[-1.072,38.893],[-1.076,38.891],[-1.081,38.891],[-1.083,38.885],[-1.092,38.883],[-1.098,38.883],[-1.099,38.878],[-1.104,38.876],[-1.106,38.873],[-1.106,38.862],[-1.103,38.855],[-1.104,38.851],[-1.107,38.85],[-1.105,38.846],[-1.105,38.84],[-1.112,38.838],[-1.119,38.839],[-1.118,38.828],[-1.119,38.823],[-1.122,38.821],[-1.135,38.821],[-1.146,38.827],[-1.147,38.835],[-1.153,38.84],[-1.153,38.845],[-1.148,38.847],[-1.145,38.852],[-1.138,38.854],[-1.139,38.862],[-1.145,38.866],[-1.146,38.871],[-1.152,38.875],[-1.165,38.875],[-1.165,38.879],[-1.168,38.879],[-1.169,38.889],[-1.173,38.89],[-1.173,38.893],[-1.179,38.893],[-1.188,38.901],[-1.194,38.904],[-1.194,38.906],[-1.189,38.91],[-1.185,38.911],[-1.179,38.915],[-1.179,38.917],[-1.171,38.921],[-1.163,38.922],[-1.161,38.924],[-1.149,38.926],[-1.147,38.93],[-1.141,38.933],[-1.139,38.938],[-1.139,38.948],[-1.138,38.955],[-1.147,38.958],[-1.147,38.968],[-1.144,38.971],[-1.144,38.979],[-1.14,38.987],[-1.137,38.988],[-1.137,38.992],[-1.125,38.992],[-1.125,38.995],[-1.121,38.997],[-1.121,39.001],[-1.117,39.0],[-1.112,38.996],[-1.108,38.996],[-1.104,38.993],[-1.097,38.992],[-1.095,38.99],[-1.087,38.988],[-1.073,38.988],[-1.071,38.983],[-1.067,38.983],[-1.063,38.98],[-1.054,38.98],[-1.048,38.977],[-1.048,38.958],[-1.045,38.958],[-1.041,38.952],[-1.044,38.949],[-1.051,38.949],[-1.052,38.947],[-1.047,38.944],[-1.04,38.945],[-1.039,38.942],[-1.032,38.941],[-1.03,38.938],[-1.026,38.938],[-1.026,38.935]]]]}},{"type":"Feature","properties":{"id":"J18-29-01-03-01-01-01-01","idx":84,"name":"Barranco de Boquella","river":"Barranco de Boquella","town":null,"kind":"wb","area_km2":95.4,"up_area_km2":95.4,"next":"J18-29-01-03-01-01","terminal_unit":"J18-36","terminal":"sea","drains_to_sea":true,"n_upstream":0,"outlet":[-0.723,38.8927],"outlet_how":"cedex river x unit boundary","label":[-0.8664,38.925],"source":"CHJ PHJ 2022-2027 masas de agua superficial (cuenca)","chj_codes":["18-29-01-03-01-01-01-01"]},"geometry":{"type":"Polygon","coordinates":[[[-0.96,38.944],[-0.955,38.944],[-0.952,38.941],[-0.944,38.942],[-0.94,38.94],[-0.936,38.946],[-0.93,38.949],[-0.926,38.948],[-0.922,38.952],[-0.915,38.952],[-0.914,38.955],[-0.906,38.957],[-0.906,38.959],[-0.903,38.959],[-0.9,38.955],[-0.889,38.954],[-0.886,38.951],[-0.875,38.951],[-0.875,38.952],[-0.862,38.951],[-0.861,38.949],[-0.848,38.949],[-0.844,38.951],[-0.831,38.953],[-0.828,38.958],[-0.822,38.958],[-0.822,38.96],[-0.816,38.961],[-0.81,38.96],[-0.805,38.956],[-0.805,38.954],[-0.796,38.952],[-0.792,38.949],[-0.788,38.943],[-0.788,38.939],[-0.783,38.934],[-0.783,38.93],[-0.779,38.929],[-0.775,38.924],[-0.762,38.924],[-0.754,38.921],[-0.754,38.917],[-0.748,38.916],[-0.746,38.913],[-0.741,38.913],[-0.739,38.908],[-0.734,38.911],[-0.73,38.907],[-0.724,38.904],[-0.726,38.902],[-0.726,38.894],[-0.733,38.887],[-0.74,38.889],[-0.752,38.889],[-0.752,38.888],[-0.762,38.888],[-0.772,38.889],[-0.772,38.891],[-0.78,38.895],[-0.788,38.895],[-0.793,38.898],[-0.803,38.901],[-0.803,38.904],[-0.807,38.907],[-0.816,38.91],[-0.823,38.91],[-0.826,38.913],[-0.835,38.914],[-0.837,38.917],[-0.843,38.917],[-0.843,38.914],[-0.848,38.911],[-0.852,38.911],[-0.857,38.906],[-0.857,38.894],[-0.86,38.89],[-0.869,38.888],[-0.874,38.888],[-0.874,38.891],[-0.879,38.896],[-0.888,38.895],[-0.892,38.9],[-0.899,38.901],[-0.899,38.903],[-0.905,38.904],[-0.91,38.901],[-0.916,38.902],[-0.918,38.905],[-0.936,38.907],[-0.942,38.905],[-0.954,38.914],[-0.957,38.918],[-0.957,38.926],[-0.959,38.927],[-0.957,38.931],[-0.957,38.937],[-0.96,38.939],[-0.96,38.944]]]}},{"type":"Feature","properties":{"id":"J18-29-01-03-01-02","idx":85,"name":"Río Cànyoles: Canals - río Albaida","river":"Río Cànyoles","town":"la Llosa de Ranes","kind":"wb","area_km2":65.6,"up_area_km2":1004.4,"next":"J18-29-01-03","terminal_unit":"J18-36","terminal":"sea","drains_to_sea":true,"n_upstream":3,"outlet":[-0.4979,39.026],"outlet_how":"cedex river x unit boundary","label":[-0.562,38.9735],"source":"CHJ PHJ 2022-2027 masas de agua superficial (cuenca)","chj_codes":["18-29-01-03-01-02"]},"geometry":{"type":"Polygon","coordinates":[[[-0.638,38.981],[-0.632,38.987],[-0.618,38.988],[-0.613,38.991],[-0.612,38.995],[-0.606,38.995],[-0.603,38.997],[-0.609,39.003],[-0.605,39.008],[-0.598,39.007],[-0.59,39.008],[-0.585,39.01],[-0.587,39.014],[-0.584,39.015],[-0.577,39.014],[-0.577,39.018],[-0.57,39.019],[-0.569,39.024],[-0.565,39.026],[-0.558,39.026],[-0.558,39.033],[-0.549,39.031],[-0.541,39.031],[-0.541,39.034],[-0.537,39.035],[-0.531,39.032],[-0.529,39.037],[-0.525,39.039],[-0.519,39.039],[-0.519,39.036],[-0.511,39.035],[-0.511,39.033],[-0.498,39.03],[-0.497,39.025],[-0.502,39.022],[-0.501,39.018],[-0.505,39.012],[-0.508,39.012],[-0.511,39.005],[-0.513,39.005],[-0.514,38.999],[-0.519,38.994],[-0.522,38.994],[-0.536,38.985],[-0.536,38.98],[-0.54,38.974],[-0.537,38.973],[-0.535,38.969],[-0.543,38.964],[-0.543,38.959],[-0.545,38.955],[-0.541,38.954],[-0.537,38.948],[-0.546,38.945],[-0.55,38.942],[-0.558,38.94],[-0.558,38.937],[-0.563,38.938],[-0.565,38.934],[-0.572,38.932],[-0.573,38.926],[-0.585,38.921],[-0.585,38.919],[-0.594,38.913],[-0.601,38.911],[-0.603,38.908],[-0.605,38.912],[-0.615,38.915],[-0.612,38.921],[-0.608,38.921],[-0.606,38.924],[-0.602,38.925],[-0.602,38.929],[-0.597,38.929],[-0.596,38.933],[-0.589,38.936],[-0.587,38.941],[-0.589,38.95],[-0.581,38.956],[-0.581,38.958],[-0.575,38.96],[-0.579,38.963],[-0.579,38.971],[-0.585,38.972],[-0.587,38.979],[-0.595,38.98],[-0.596,38.978],[-0.611,38.978],[-0.616,38.981],[-0.638,38.981]]]}},{"type":"Feature","properties":{"id":"J18-29-01-03-02-01","idx":86,"name":"Río de Barxeta","river":"Río de Barxeta","town":"Barxeta","kind":"wb","area_km2":71.5,"up_area_km2":71.5,"next":"J18-31","terminal_unit":"J18-36","terminal":"sea","drains_to_sea":true,"n_upstream":0,"outlet":[-0.484,39.0337],"outlet_how":"cedex river x unit boundary","label":[-0.3962,39.0055],"source":"CHJ PHJ 2022-2027 masas de agua superficial (cuenca)","chj_codes":["18-29-01-03-02-01"]},"geometry":{"type":"Polygon","coordinates":[[[-0.327,39.007],[-0.332,39.007],[-0.333,39.005],[-0.344,39.005],[-0.352,39.001],[-0.355,38.996],[-0.355,38.99],[-0.353,38.984],[-0.351,38.983],[-0.352,38.964],[-0.36,38.961],[-0.364,38.961],[-0.374,38.965],[-0.38,38.965],[-0.38,38.963],[-0.385,38.964],[-0.391,38.968],[-0.39,38.974],[-0.387,38.974],[-0.388,38.981],[-0.392,38.981],[-0.393,38.988],[-0.399,38.987],[-0.4,38.984],[-0.406,38.984],[-0.408,38.987],[-0.413,38.986],[-0.426,38.986],[-0.429,38.982],[-0.433,38.98],[-0.442,38.979],[-0.449,38.976],[-0.459,38.976],[-0.464,38.975],[-0.465,38.978],[-0.458,38.98],[-0.453,38.988],[-0.454,38.995],[-0.457,38.997],[-0.457,39.002],[-0.46,39.006],[-0.475,39.016],[-0.484,39.017],[-0.486,39.022],[-0.489,39.024],[-0.489,39.031],[-0.485,39.033],[-0.475,39.033],[-0.466,39.027],[-0.455,39.027],[-0.453,39.029],[-0.445,39.028],[-0.444,39.026],[-0.438,39.027],[-0.434,39.032],[-0.428,39.032],[-0.425,39.034],[-0.417,39.034],[-0.417,39.037],[-0.408,39.036],[-0.407,39.034],[-0.397,39.034],[-0.389,39.033],[-0.389,39.036],[-0.383,39.038],[-0.379,39.042],[-0.371,39.043],[-0.371,39.049],[-0.366,39.048],[-0.366,39.045],[-0.356,39.045],[-0.355,39.04],[-0.352,39.037],[-0.347,39.037],[-0.347,39.029],[-0.342,39.028],[-0.338,39.025],[-0.334,39.026],[-0.329,39.02],[-0.325,39.02],[-0.324,39.017],[-0.32,39.017],[-0.321,39.009],[-0.327,39.007]]]}},{"type":"Feature","properties":{"id":"J18-30-01-01A","idx":87,"name":"Barranco de la Casella: cabecera - río Júcar","river":"Barranco de la Casella","town":null,"kind":"wb","area_km2":42.9,"up_area_km2":144.1,"next":"J18-31","terminal_unit":"J18-36","terminal":"sea","drains_to_sea":true,"n_upstream":1,"outlet":[-0.4405,39.146],"outlet_how":"cedex river x unit boundary","label":[-0.369,39.109],"source":"CHJ PHJ 2022-2027 masas de agua superficial (cuenca)","chj_codes":["18-30-01-01A"]},"geometry":{"type":"Polygon","coordinates":[[[-0.441,39.146],[-0.432,39.144],[-0.432,39.14],[-0.421,39.135],[-0.42,39.133],[-0.413,39.132],[-0.4,39.132],[-0.398,39.135],[-0.392,39.133],[-0.387,39.133],[-0.384,39.131],[-0.373,39.127],[-0.364,39.127],[-0.359,39.124],[-0.352,39.124],[-0.35,39.122],[-0.345,39.122],[-0.339,39.118],[-0.335,39.118],[-0.33,39.114],[-0.324,39.112],[-0.317,39.106],[-0.312,39.106],[-0.31,39.104],[-0.307,39.1],[-0.297,39.095],[-0.297,39.091],[-0.292,39.087],[-0.292,39.085],[-0.294,39.083],[-0.301,39.083],[-0.306,39.088],[-0.309,39.088],[-0.311,39.092],[-0.317,39.092],[-0.329,39.099],[-0.334,39.099],[-0.337,39.097],[-0.336,39.089],[-0.343,39.085],[-0.345,39.081],[-0.35,39.081],[-0.351,39.083],[-0.357,39.084],[-0.359,39.082],[-0.36,39.076],[-0.37,39.077],[-0.371,39.076],[-0.375,39.078],[-0.38,39.084],[-0.382,39.089],[-0.393,39.089],[-0.397,39.091],[-0.402,39.091],[-0.405,39.097],[-0.409,39.097],[-0.406,39.102],[-0.414,39.105],[-0.42,39.112],[-0.427,39.116],[-0.429,39.121],[-0.434,39.121],[-0.448,39.131],[-0.442,39.137],[-0.441,39.146]]]}},{"type":"Feature","properties":{"id":"J18-30-01-02A","idx":88,"name":"Barranco de Barxeta","river":"Barranco de Barxeta","town":"Carcaixent","kind":"wb","area_km2":101.2,"up_area_km2":101.2,"next":"J18-30-01-01A","terminal_unit":"J18-36","terminal":"sea","drains_to_sea":true,"n_upstream":0,"outlet":[-0.441,39.1463],"outlet_how":"cedex river x unit boundary","label":[-0.4512,39.0865],"source":"CHJ PHJ 2022-2027 masas de agua superficial (cuenca)","chj_codes":["18-30-01-02A"]},"geometry":{"type":"Polygon","coordinates":[[[-0.371,39.049],[-0.371,39.043],[-0.379,39.042],[-0.383,39.038],[-0.389,39.036],[-0.389,39.033],[-0.397,39.034],[-0.407,39.034],[-0.408,39.036],[-0.417,39.037],[-0.417,39.034],[-0.425,39.034],[-0.428,39.032],[-0.434,39.032],[-0.438,39.027],[-0.444,39.026],[-0.445,39.028],[-0.453,39.029],[-0.455,39.027],[-0.466,39.027],[-0.475,39.033],[-0.478,39.038],[-0.482,39.04],[-0.486,39.047],[-0.495,39.05],[-0.496,39.053],[-0.5,39.055],[-0.501,39.062],[-0.512,39.064],[-0.514,39.07],[-0.513,39.073],[-0.519,39.073],[-0.522,39.078],[-0.521,39.093],[-0.518,39.099],[-0.511,39.105],[-0.505,39.107],[-0.504,39.104],[-0.49,39.115],[-0.49,39.121],[-0.486,39.122],[-0.484,39.125],[-0.479,39.125],[-0.478,39.123],[-0.47,39.122],[-0.468,39.128],[-0.471,39.13],[-0.47,39.133],[-0.452,39.133],[-0.448,39.136],[-0.447,39.143],[-0.444,39.146],[-0.444,39.15],[-0.441,39.146],[-0.442,39.137],[-0.448,39.131],[-0.434,39.121],[-0.429,39.121],[-0.427,39.116],[-0.42,39.112],[-0.414,39.105],[-0.406,39.102],[-0.409,39.097],[-0.405,39.097],[-0.402,39.091],[-0.397,39.091],[-0.393,39.089],[-0.382,39.089],[-0.38,39.084],[-0.375,39.078],[-0.371,39.076],[-0.373,39.071],[-0.38,39.069],[-0.381,39.064],[-0.386,39.062],[-0.385,39.055],[-0.375,39.054],[-0.371,39.049]]]}},{"type":"Feature","properties":{"id":"J18-32-01-07","idx":89,"name":"Río Magro: embalse Forata - paraje del Puntal de los Bonetes","river":"Río Magro","town":null,"kind":"wb","area_km2":43.9,"up_area_km2":1068.9,"next":"J18-32-01-08","terminal_unit":"J18-36","terminal":"sea","drains_to_sea":true,"n_upstream":9,"outlet":[-0.802,39.3426],"outlet_how":"cedex river x unit boundary","label":[-0.8324,39.3325],"source":"CHJ PHJ 2022-2027 masas de agua superficial (cuenca)","chj_codes":["18-32-01-07"]},"geometry":{"type":"Polygon","coordinates":[[[-0.861,39.372],[-0.857,39.369],[-0.852,39.369],[-0.846,39.367],[-0.844,39.37],[-0.831,39.371],[-0.83,39.363],[-0.826,39.358],[-0.818,39.36],[-0.813,39.356],[-0.804,39.354],[-0.8,39.349],[-0.802,39.349],[-0.802,39.341],[-0.804,39.34],[-0.802,39.331],[-0.79,39.33],[-0.79,39.329],[-0.779,39.329],[-0.777,39.327],[-0.772,39.329],[-0.773,39.32],[-0.78,39.319],[-0.783,39.316],[-0.787,39.316],[-0.793,39.313],[-0.796,39.309],[-0.802,39.306],[-0.807,39.307],[-0.818,39.307],[-0.823,39.306],[-0.827,39.308],[-0.845,39.308],[-0.847,39.306],[-0.861,39.306],[-0.869,39.308],[-0.871,39.31],[-0.876,39.31],[-0.876,39.308],[-0.882,39.306],[-0.887,39.306],[-0.889,39.302],[-0.892,39.301],[-0.891,39.295],[-0.893,39.294],[-0.901,39.299],[-0.906,39.299],[-0.909,39.301],[-0.908,39.306],[-0.911,39.307],[-0.911,39.311],[-0.901,39.311],[-0.898,39.315],[-0.894,39.315],[-0.887,39.318],[-0.875,39.318],[-0.873,39.321],[-0.869,39.32],[-0.869,39.325],[-0.861,39.329],[-0.863,39.334],[-0.863,39.339],[-0.865,39.339],[-0.864,39.344],[-0.861,39.345],[-0.86,39.353],[-0.862,39.357],[-0.869,39.358],[-0.869,39.363],[-0.866,39.368],[-0.861,39.372]]]}},{"type":"Feature","properties":{"id":"J18-32-01-08","idx":90,"name":"Río Magro: paraje del Puntal de los Bonetes - río Buñol","river":"Río Magro","town":null,"kind":"wb","area_km2":28.3,"up_area_km2":1097.1,"next":"J18-32-01-09A","terminal_unit":"J18-36","terminal":"sea","drains_to_sea":true,"n_upstream":10,"outlet":[-0.725,39.3578],"outlet_how":"cedex river x unit boundary","label":[-0.7659,39.3515],"source":"CHJ PHJ 2022-2027 masas de agua superficial (cuenca)","chj_codes":["18-32-01-08"]},"geometry":{"type":"Polygon","coordinates":[[[-0.772,39.329],[-0.777,39.327],[-0.779,39.329],[-0.79,39.329],[-0.79,39.33],[-0.802,39.331],[-0.804,39.34],[-0.802,39.341],[-0.802,39.349],[-0.8,39.349],[-0.804,39.354],[-0.813,39.356],[-0.818,39.36],[-0.826,39.358],[-0.83,39.363],[-0.831,39.371],[-0.817,39.37],[-0.812,39.371],[-0.806,39.37],[-0.79,39.37],[-0.789,39.368],[-0.783,39.369],[-0.779,39.374],[-0.775,39.372],[-0.764,39.371],[-0.763,39.369],[-0.757,39.369],[-0.757,39.367],[-0.752,39.367],[-0.748,39.361],[-0.736,39.357],[-0.735,39.359],[-0.725,39.358],[-0.733,39.347],[-0.733,39.343],[-0.729,39.341],[-0.729,39.338],[-0.731,39.336],[-0.743,39.335],[-0.744,39.329],[-0.748,39.331],[-0.763,39.332],[-0.772,39.329]]]}},{"type":"Feature","properties":{"id":"J18-32-01-08-01-01","idx":91,"name":"Río Buñol: cabecera - azud de los Molinos","river":"Río Buñol","town":"Siete Aguas","kind":"wb","area_km2":93.3,"up_area_km2":93.3,"next":"J18-32-01-08-01-02","terminal_unit":"J18-36","terminal":"sea","drains_to_sea":true,"n_upstream":0,"outlet":[-0.799,39.4182],"outlet_how":"cedex river x unit boundary","label":[-0.8971,39.475],"source":"CHJ PHJ 2022-2027 masas de agua superficial (cuenca)","chj_codes":["18-32-01-08-01-01"]},"geometry":{"type":"Polygon","coordinates":[[[-0.863,39.518],[-0.861,39.518],[-0.857,39.513],[-0.857,39.509],[-0.862,39.506],[-0.863,39.496],[-0.86,39.495],[-0.858,39.489],[-0.848,39.487],[-0.849,39.476],[-0.846,39.474],[-0.849,39.47],[-0.848,39.462],[-0.846,39.46],[-0.846,39.455],[-0.841,39.453],[-0.833,39.453],[-0.825,39.448],[-0.821,39.447],[-0.817,39.443],[-0.817,39.436],[-0.814,39.434],[-0.806,39.434],[-0.805,39.43],[-0.799,39.428],[-0.798,39.419],[-0.8,39.415],[-0.805,39.415],[-0.806,39.412],[-0.816,39.412],[-0.816,39.411],[-0.828,39.411],[-0.829,39.413],[-0.837,39.413],[-0.837,39.415],[-0.845,39.417],[-0.847,39.419],[-0.854,39.421],[-0.855,39.429],[-0.862,39.432],[-0.863,39.434],[-0.868,39.434],[-0.875,39.44],[-0.889,39.44],[-0.897,39.441],[-0.899,39.436],[-0.903,39.434],[-0.903,39.427],[-0.914,39.426],[-0.917,39.427],[-0.919,39.431],[-0.925,39.431],[-0.931,39.434],[-0.931,39.441],[-0.936,39.445],[-0.941,39.445],[-0.941,39.449],[-0.944,39.45],[-0.942,39.454],[-0.941,39.466],[-0.946,39.47],[-0.947,39.477],[-0.943,39.481],[-0.947,39.486],[-0.944,39.488],[-0.942,39.493],[-0.945,39.497],[-0.941,39.498],[-0.945,39.504],[-0.949,39.504],[-0.952,39.507],[-0.95,39.509],[-0.952,39.513],[-0.945,39.518],[-0.939,39.518],[-0.939,39.523],[-0.935,39.525],[-0.938,39.529],[-0.937,39.533],[-0.928,39.531],[-0.92,39.537],[-0.915,39.53],[-0.908,39.531],[-0.906,39.529],[-0.898,39.528],[-0.887,39.52],[-0.882,39.519],[-0.881,39.515],[-0.877,39.513],[-0.871,39.513],[-0.869,39.516],[-0.863,39.518]]]}},{"type":"Feature","properties":{"id":"J18-32-01-08-01-02","idx":92,"name":"Río Buñol: azud de los Molinos - río Magro","river":"Río Buñol","town":"Buñol","kind":"wb","area_km2":97.4,"up_area_km2":190.6,"next":"J18-32-01-09A","terminal_unit":"J18-36","terminal":"sea","drains_to_sea":true,"n_upstream":1,"outlet":[-0.7263,39.358],"outlet_how":"cedex river x unit boundary","label":[-0.8248,39.4025],"source":"CHJ PHJ 2022-2027 masas de agua superficial (cuenca)","chj_codes":["18-32-01-08-01-02"]},"geometry":{"type":"Polygon","coordinates":[[[-0.817,39.443],[-0.811,39.443],[-0.81,39.446],[-0.805,39.446],[-0.801,39.443],[-0.801,39.436],[-0.796,39.432],[-0.787,39.432],[-0.786,39.434],[-0.77,39.434],[-0.764,39.433],[-0.756,39.427],[-0.759,39.426],[-0.76,39.417],[-0.748,39.415],[-0.745,39.418],[-0.74,39.418],[-0.734,39.421],[-0.729,39.419],[-0.73,39.414],[-0.726,39.413],[-0.727,39.404],[-0.721,39.401],[-0.729,39.395],[-0.73,39.388],[-0.735,39.385],[-0.734,39.382],[-0.734,39.372],[-0.729,39.369],[-0.725,39.364],[-0.728,39.364],[-0.725,39.358],[-0.735,39.359],[-0.736,39.357],[-0.748,39.361],[-0.752,39.367],[-0.757,39.367],[-0.757,39.369],[-0.763,39.369],[-0.764,39.371],[-0.775,39.372],[-0.779,39.374],[-0.783,39.369],[-0.789,39.368],[-0.79,39.37],[-0.806,39.37],[-0.812,39.371],[-0.817,39.37],[-0.831,39.371],[-0.844,39.37],[-0.846,39.367],[-0.852,39.369],[-0.857,39.369],[-0.861,39.372],[-0.861,39.378],[-0.864,39.379],[-0.866,39.385],[-0.871,39.387],[-0.898,39.387],[-0.901,39.39],[-0.915,39.392],[-0.918,39.397],[-0.923,39.398],[-0.927,39.405],[-0.932,39.405],[-0.936,39.411],[-0.925,39.411],[-0.925,39.418],[-0.931,39.422],[-0.936,39.423],[-0.936,39.425],[-0.924,39.425],[-0.917,39.424],[-0.914,39.426],[-0.903,39.427],[-0.903,39.434],[-0.899,39.436],[-0.897,39.441],[-0.889,39.44],[-0.875,39.44],[-0.868,39.434],[-0.863,39.434],[-0.862,39.432],[-0.855,39.429],[-0.854,39.421],[-0.847,39.419],[-0.845,39.417],[-0.837,39.415],[-0.837,39.413],[-0.829,39.413],[-0.828,39.411],[-0.816,39.411],[-0.816,39.412],[-0.806,39.412],[-0.805,39.415],[-0.8,39.415],[-0.798,39.419],[-0.799,39.428],[-0.805,39.43],[-0.806,39.434],[-0.814,39.434],[-0.817,39.436],[-0.817,39.443]]]}},{"type":"Feature","properties":{"id":"J18-32-01-09-01-01","idx":93,"name":"Barranco de Algoder","river":"Barranco de Algoder","town":null,"kind":"wb","area_km2":80.9,"up_area_km2":80.9,"next":"J18-32-01-10A","terminal_unit":"J18-36","terminal":"sea","drains_to_sea":true,"n_upstream":0,"outlet":[-0.599,39.3345],"outlet_how":"cedex river x unit boundary","label":[-0.6968,39.3095],"source":"CHJ PHJ 2022-2027 masas de agua superficial (cuenca)","chj_codes":["18-32-01-09-01-01"]},"geometry":{"type":"Polygon","coordinates":[[[-0.796,39.309],[-0.793,39.313],[-0.787,39.316],[-0.783,39.316],[-0.78,39.319],[-0.773,39.32],[-0.772,39.329],[-0.763,39.332],[-0.748,39.331],[-0.744,39.329],[-0.743,39.335],[-0.731,39.336],[-0.729,39.338],[-0.716,39.336],[-0.713,39.338],[-0.708,39.332],[-0.699,39.331],[-0.694,39.332],[-0.688,39.337],[-0.686,39.343],[-0.677,39.343],[-0.675,39.341],[-0.665,39.337],[-0.665,39.335],[-0.66,39.334],[-0.66,39.331],[-0.654,39.33],[-0.652,39.323],[-0.642,39.321],[-0.639,39.318],[-0.624,39.317],[-0.624,39.319],[-0.618,39.319],[-0.614,39.321],[-0.611,39.32],[-0.609,39.326],[-0.613,39.327],[-0.613,39.331],[-0.61,39.333],[-0.599,39.335],[-0.599,39.326],[-0.596,39.322],[-0.596,39.315],[-0.598,39.315],[-0.599,39.31],[-0.597,39.309],[-0.598,39.301],[-0.595,39.3],[-0.597,39.297],[-0.601,39.297],[-0.605,39.292],[-0.611,39.292],[-0.613,39.287],[-0.619,39.286],[-0.624,39.283],[-0.629,39.283],[-0.634,39.281],[-0.637,39.283],[-0.644,39.283],[-0.646,39.28],[-0.654,39.279],[-0.665,39.284],[-0.67,39.284],[-0.673,39.286],[-0.675,39.291],[-0.681,39.292],[-0.681,39.294],[-0.686,39.296],[-0.688,39.29],[-0.692,39.29],[-0.692,39.283],[-0.697,39.278],[-0.703,39.275],[-0.712,39.275],[-0.717,39.277],[-0.726,39.277],[-0.737,39.283],[-0.743,39.283],[-0.746,39.28],[-0.762,39.278],[-0.76,39.283],[-0.76,39.288],[-0.762,39.289],[-0.767,39.298],[-0.767,39.305],[-0.784,39.305],[-0.785,39.307],[-0.793,39.307],[-0.796,39.309]]]}},{"type":"Feature","properties":{"id":"J18-32-01-09A","idx":94,"name":"Río Magro: río Buñol - barranco de Algoder","river":"Río Magro","town":"Montserrat","kind":"wb","area_km2":72.2,"up_area_km2":1360.0,"next":"J18-32-01-10A","terminal_unit":"J18-36","terminal":"sea","drains_to_sea":true,"n_upstream":13,"outlet":[-0.5992,39.335],"outlet_how":"cedex river x unit boundary","label":[-0.6646,39.3655],"source":"CHJ PHJ 2022-2027 masas de agua superficial (cuenca)","chj_codes":["18-32-01-09A"]},"geometry":{"type":"Polygon","coordinates":[[[-0.721,39.401],[-0.718,39.4],[-0.714,39.405],[-0.709,39.405],[-0.708,39.408],[-0.703,39.408],[-0.698,39.411],[-0.69,39.41],[-0.689,39.404],[-0.681,39.401],[-0.679,39.394],[-0.672,39.395],[-0.669,39.392],[-0.67,39.388],[-0.663,39.384],[-0.663,39.38],[-0.657,39.376],[-0.657,39.371],[-0.653,39.37],[-0.643,39.37],[-0.643,39.375],[-0.645,39.377],[-0.639,39.377],[-0.631,39.383],[-0.622,39.384],[-0.616,39.375],[-0.611,39.376],[-0.606,39.373],[-0.605,39.367],[-0.603,39.367],[-0.602,39.352],[-0.601,39.347],[-0.604,39.346],[-0.603,39.341],[-0.599,39.341],[-0.601,39.338],[-0.599,39.335],[-0.61,39.333],[-0.613,39.331],[-0.613,39.327],[-0.609,39.326],[-0.611,39.32],[-0.614,39.321],[-0.618,39.319],[-0.624,39.319],[-0.624,39.317],[-0.639,39.318],[-0.642,39.321],[-0.652,39.323],[-0.654,39.33],[-0.66,39.331],[-0.66,39.334],[-0.665,39.335],[-0.665,39.337],[-0.675,39.341],[-0.677,39.343],[-0.686,39.343],[-0.688,39.337],[-0.694,39.332],[-0.699,39.331],[-0.708,39.332],[-0.713,39.338],[-0.716,39.336],[-0.729,39.338],[-0.729,39.341],[-0.733,39.343],[-0.733,39.347],[-0.725,39.358],[-0.728,39.364],[-0.725,39.364],[-0.729,39.369],[-0.734,39.372],[-0.734,39.382],[-0.735,39.385],[-0.73,39.388],[-0.729,39.395],[-0.721,39.401]]]}},{"type":"Feature","properties":{"id":"J18-32-01-10A","idx":95,"name":"Río Magro: barranco de Algoder - Carlet","river":"Río Magro","town":"Catadau","kind":"wb","area_km2":73.9,"up_area_km2":1514.8,"next":"J18-32-01-11","terminal_unit":"J18-36","terminal":"sea","drains_to_sea":true,"n_upstream":15,"outlet":[-0.505,39.216],"outlet_how":"cedex river x unit boundary","label":[-0.5564,39.2985],"source":"CHJ PHJ 2022-2027 masas de agua superficial (cuenca)","chj_codes":["18-32-01-10A"]},"geometry":{"type":"Polygon","coordinates":[[[-0.611,39.376],[-0.602,39.381],[-0.597,39.38],[-0.587,39.38],[-0.584,39.378],[-0.581,39.377],[-0.582,39.374],[-0.577,39.371],[-0.574,39.365],[-0.58,39.363],[-0.578,39.357],[-0.58,39.356],[-0.576,39.35],[-0.572,39.348],[-0.563,39.347],[-0.561,39.345],[-0.56,39.338],[-0.557,39.338],[-0.556,39.328],[-0.548,39.325],[-0.542,39.317],[-0.543,39.314],[-0.538,39.31],[-0.536,39.306],[-0.529,39.308],[-0.529,39.31],[-0.524,39.31],[-0.519,39.306],[-0.516,39.296],[-0.519,39.294],[-0.521,39.283],[-0.533,39.282],[-0.536,39.28],[-0.537,39.27],[-0.535,39.266],[-0.53,39.264],[-0.53,39.262],[-0.537,39.26],[-0.519,39.241],[-0.519,39.235],[-0.515,39.227],[-0.508,39.223],[-0.504,39.216],[-0.507,39.216],[-0.513,39.219],[-0.517,39.227],[-0.521,39.229],[-0.524,39.234],[-0.529,39.234],[-0.532,39.238],[-0.54,39.238],[-0.546,39.242],[-0.557,39.243],[-0.559,39.245],[-0.57,39.245],[-0.577,39.25],[-0.586,39.249],[-0.586,39.253],[-0.59,39.257],[-0.599,39.258],[-0.6,39.264],[-0.608,39.269],[-0.61,39.277],[-0.619,39.283],[-0.619,39.286],[-0.613,39.287],[-0.611,39.292],[-0.605,39.292],[-0.601,39.297],[-0.597,39.297],[-0.595,39.3],[-0.598,39.301],[-0.597,39.309],[-0.599,39.31],[-0.598,39.315],[-0.596,39.315],[-0.596,39.322],[-0.599,39.326],[-0.599,39.335],[-0.601,39.338],[-0.599,39.341],[-0.603,39.341],[-0.604,39.346],[-0.601,39.347],[-0.602,39.352],[-0.603,39.367],[-0.605,39.367],[-0.606,39.373],[-0.611,39.376]]]}},{"type":"Feature","properties":{"id":"J18-32-01-11","idx":96,"name":"Río Magro: Carlet - río Júcar","river":"Río Magro","town":"Algemesí","kind":"wb","area_km2":25.9,"up_area_km2":1540.7,"next":"J18-36","terminal_unit":"J18-36","terminal":"sea","drains_to_sea":true,"n_upstream":16,"outlet":[-0.4177,39.182],"outlet_how":"cedex river x unit boundary","label":[-0.4835,39.2195],"source":"CHJ PHJ 2022-2027 masas de agua superficial (cuenca)","merged_names":["Río Magro: Algemesí - río Júcar"],"chj_codes":["18-32-01-11","18-32-01-12"]},"geometry":{"type":"Polygon","coordinates":[[[-0.507,39.216],[-0.504,39.216],[-0.508,39.223],[-0.515,39.227],[-0.519,39.235],[-0.519,39.241],[-0.537,39.26],[-0.53,39.262],[-0.53,39.264],[-0.524,39.259],[-0.521,39.253],[-0.516,39.253],[-0.514,39.248],[-0.51,39.242],[-0.507,39.242],[-0.508,39.236],[-0.506,39.232],[-0.503,39.231],[-0.496,39.235],[-0.491,39.235],[-0.49,39.237],[-0.484,39.239],[-0.48,39.242],[-0.469,39.241],[-0.464,39.237],[-0.459,39.236],[-0.459,39.231],[-0.461,39.226],[-0.461,39.213],[-0.458,39.211],[-0.455,39.213],[-0.452,39.211],[-0.452,39.207],[-0.431,39.207],[-0.423,39.205],[-0.419,39.199],[-0.422,39.19],[-0.42,39.187],[-0.414,39.187],[-0.412,39.185],[-0.417,39.182],[-0.421,39.184],[-0.421,39.187],[-0.429,39.185],[-0.429,39.182],[-0.441,39.185],[-0.445,39.189],[-0.446,39.194],[-0.451,39.196],[-0.451,39.2],[-0.454,39.202],[-0.463,39.201],[-0.482,39.201],[-0.486,39.204],[-0.498,39.206],[-0.503,39.207],[-0.507,39.211],[-0.507,39.216]]]}},{"type":"Feature","properties":{"id":"J18-31-01-01","idx":97,"name":"Río Verd: nacimiento del río Verd - Alzira","river":"Río Verd","town":"Alberic","kind":"wb","area_km2":93.4,"up_area_km2":249.5,"next":"J18-36","terminal_unit":"J18-36","terminal":"sea","drains_to_sea":true,"n_upstream":1,"outlet":[-0.4537,39.16],"outlet_how":"cedex river x unit boundary","label":[-0.5444,39.143],"source":"CHJ PHJ 2022-2027 masas de agua superficial (cuenca)","merged_names":["Nacimiento del río Verd"],"chj_codes":["18-31-01-01","L22"]},"geometry":{"type":"Polygon","coordinates":[[[-0.495,39.193],[-0.489,39.19],[-0.489,39.186],[-0.483,39.184],[-0.477,39.18],[-0.473,39.179],[-0.47,39.175],[-0.456,39.164],[-0.455,39.16],[-0.45,39.161],[-0.449,39.154],[-0.451,39.153],[-0.451,39.14],[-0.454,39.139],[-0.456,39.146],[-0.461,39.146],[-0.462,39.137],[-0.47,39.137],[-0.473,39.135],[-0.475,39.13],[-0.478,39.13],[-0.481,39.134],[-0.49,39.133],[-0.493,39.129],[-0.497,39.127],[-0.498,39.12],[-0.502,39.12],[-0.504,39.112],[-0.515,39.106],[-0.52,39.105],[-0.523,39.101],[-0.526,39.101],[-0.528,39.097],[-0.531,39.097],[-0.535,39.092],[-0.536,39.09],[-0.541,39.09],[-0.541,39.097],[-0.547,39.097],[-0.547,39.1],[-0.553,39.102],[-0.562,39.102],[-0.568,39.106],[-0.572,39.106],[-0.576,39.111],[-0.581,39.114],[-0.588,39.113],[-0.586,39.11],[-0.604,39.109],[-0.608,39.109],[-0.608,39.12],[-0.613,39.123],[-0.616,39.134],[-0.619,39.137],[-0.626,39.14],[-0.629,39.146],[-0.632,39.148],[-0.639,39.149],[-0.639,39.153],[-0.646,39.157],[-0.646,39.162],[-0.65,39.165],[-0.647,39.166],[-0.649,39.17],[-0.648,39.173],[-0.642,39.175],[-0.635,39.172],[-0.631,39.172],[-0.625,39.169],[-0.62,39.169],[-0.62,39.162],[-0.611,39.162],[-0.605,39.166],[-0.6,39.164],[-0.594,39.165],[-0.578,39.165],[-0.567,39.167],[-0.562,39.163],[-0.548,39.164],[-0.54,39.162],[-0.54,39.166],[-0.534,39.164],[-0.529,39.167],[-0.526,39.171],[-0.517,39.173],[-0.516,39.176],[-0.512,39.176],[-0.511,39.172],[-0.508,39.171],[-0.501,39.162],[-0.497,39.161],[-0.494,39.156],[-0.494,39.151],[-0.49,39.152],[-0.49,39.156],[-0.493,39.161],[-0.493,39.168],[-0.491,39.171],[-0.496,39.171],[-0.501,39.173],[-0.502,39.177],[-0.506,39.182],[-0.5,39.184],[-0.5,39.19],[-0.495,39.193]]]}},{"type":"Feature","properties":{"id":"J18-31-01-01-01-01","idx":98,"name":"Río Seco (Verd)","river":"Río Seco (Verd)","town":"Carlet","kind":"wb","area_km2":156.0,"up_area_km2":156.0,"next":"J18-31-01-01","terminal_unit":"J18-36","terminal":"sea","drains_to_sea":true,"n_upstream":0,"outlet":[-0.491,39.1503],"outlet_how":"cedex river x unit boundary","label":[-0.6042,39.2245],"source":"CHJ PHJ 2022-2027 masas de agua superficial (cuenca)","chj_codes":["18-31-01-01-01-01"]},"geometry":{"type":"Polygon","coordinates":[[[-0.703,39.275],[-0.697,39.278],[-0.692,39.283],[-0.692,39.29],[-0.688,39.29],[-0.686,39.296],[-0.681,39.294],[-0.681,39.292],[-0.675,39.291],[-0.673,39.286],[-0.67,39.284],[-0.665,39.284],[-0.654,39.279],[-0.646,39.28],[-0.644,39.283],[-0.637,39.283],[-0.634,39.281],[-0.629,39.283],[-0.624,39.283],[-0.619,39.286],[-0.619,39.283],[-0.61,39.277],[-0.608,39.269],[-0.6,39.264],[-0.599,39.258],[-0.59,39.257],[-0.586,39.253],[-0.586,39.249],[-0.577,39.25],[-0.57,39.245],[-0.559,39.245],[-0.557,39.243],[-0.546,39.242],[-0.54,39.238],[-0.532,39.238],[-0.529,39.234],[-0.524,39.234],[-0.521,39.229],[-0.517,39.227],[-0.513,39.219],[-0.507,39.216],[-0.507,39.211],[-0.503,39.207],[-0.498,39.206],[-0.495,39.201],[-0.495,39.193],[-0.5,39.19],[-0.5,39.184],[-0.506,39.182],[-0.502,39.177],[-0.501,39.173],[-0.496,39.171],[-0.491,39.171],[-0.493,39.168],[-0.493,39.161],[-0.49,39.156],[-0.49,39.152],[-0.494,39.151],[-0.494,39.156],[-0.497,39.161],[-0.501,39.162],[-0.508,39.171],[-0.511,39.172],[-0.512,39.176],[-0.516,39.176],[-0.517,39.173],[-0.526,39.171],[-0.529,39.167],[-0.534,39.164],[-0.54,39.166],[-0.54,39.162],[-0.548,39.164],[-0.562,39.163],[-0.567,39.167],[-0.578,39.165],[-0.594,39.165],[-0.6,39.164],[-0.605,39.166],[-0.611,39.162],[-0.62,39.162],[-0.62,39.169],[-0.625,39.169],[-0.631,39.172],[-0.635,39.172],[-0.642,39.175],[-0.647,39.18],[-0.656,39.183],[-0.656,39.187],[-0.652,39.189],[-0.654,39.196],[-0.657,39.197],[-0.656,39.203],[-0.651,39.204],[-0.65,39.214],[-0.655,39.219],[-0.671,39.22],[-0.679,39.218],[-0.681,39.221],[-0.691,39.222],[-0.698,39.233],[-0.698,39.238],[-0.7,39.238],[-0.701,39.246],[-0.703,39.249],[-0.705,39.259],[-0.701,39.259],[-0.699,39.265],[-0.702,39.269],[-0.7,39.273],[-0.703,39.275]]]}},{"type":"Feature","properties":{"id":"J18-32-01-01A","idx":99,"name":"Río Madre: cabecera - Caudete de las Fuentes","river":"Río Madre","town":"Fuenterrobles","kind":"wb","area_km2":112.5,"up_area_km2":112.5,"next":"J18-32-01-01B","terminal_unit":"J18-36","terminal":"sea","drains_to_sea":true,"n_upstream":0,"outlet":[-1.282,39.5571],"outlet_how":"cedex river x unit boundary","label":[-1.394,39.5895],"source":"CHJ PHJ 2022-2027 masas de agua superficial (cuenca)","chj_codes":["18-32-01-01A"]},"geometry":{"type":"Polygon","coordinates":[[[-1.281,39.535],[-1.283,39.534],[-1.306,39.534],[-1.315,39.531],[-1.33,39.531],[-1.333,39.532],[-1.334,39.536],[-1.339,39.536],[-1.339,39.541],[-1.347,39.541],[-1.347,39.543],[-1.357,39.544],[-1.359,39.547],[-1.365,39.549],[-1.374,39.549],[-1.378,39.547],[-1.382,39.55],[-1.387,39.55],[-1.391,39.554],[-1.401,39.556],[-1.402,39.56],[-1.405,39.562],[-1.415,39.563],[-1.427,39.564],[-1.43,39.566],[-1.431,39.573],[-1.43,39.578],[-1.442,39.582],[-1.445,39.587],[-1.457,39.59],[-1.47,39.589],[-1.475,39.593],[-1.475,39.598],[-1.472,39.599],[-1.473,39.606],[-1.476,39.608],[-1.476,39.613],[-1.472,39.614],[-1.472,39.619],[-1.478,39.624],[-1.478,39.632],[-1.476,39.634],[-1.473,39.636],[-1.463,39.635],[-1.462,39.633],[-1.452,39.633],[-1.452,39.634],[-1.439,39.634],[-1.434,39.638],[-1.43,39.638],[-1.429,39.641],[-1.42,39.647],[-1.416,39.647],[-1.417,39.643],[-1.415,39.641],[-1.409,39.641],[-1.412,39.637],[-1.403,39.636],[-1.401,39.638],[-1.395,39.638],[-1.394,39.634],[-1.39,39.634],[-1.387,39.626],[-1.375,39.631],[-1.371,39.636],[-1.367,39.635],[-1.363,39.639],[-1.356,39.639],[-1.35,39.642],[-1.351,39.636],[-1.354,39.631],[-1.35,39.625],[-1.347,39.623],[-1.346,39.618],[-1.344,39.618],[-1.343,39.613],[-1.338,39.606],[-1.336,39.599],[-1.333,39.594],[-1.333,39.587],[-1.33,39.586],[-1.33,39.581],[-1.322,39.58],[-1.319,39.577],[-1.319,39.572],[-1.317,39.572],[-1.314,39.567],[-1.311,39.567],[-1.308,39.562],[-1.302,39.563],[-1.293,39.559],[-1.292,39.561],[-1.286,39.561],[-1.282,39.559],[-1.28,39.547],[-1.28,39.541],[-1.282,39.54],[-1.281,39.535]]]}},{"type":"Feature","properties":{"id":"J18-32-01-01B","idx":100,"name":"Río Madre: Caudete de las Fuentes - Utiel","river":"Río Madre","town":"Caudete de las Fuentes","kind":"wb","area_km2":37.0,"up_area_km2":149.4,"next":"J18-32-01-02","terminal_unit":"J18-36","terminal":"sea","drains_to_sea":true,"n_upstream":1,"outlet":[-1.224,39.5683],"outlet_how":"cedex river x unit boundary","label":[-1.2704,39.564],"source":"CHJ PHJ 2022-2027 masas de agua superficial (cuenca)","chj_codes":["18-32-01-01B"]},"geometry":{"type":"Polygon","coordinates":[[[-1.26,39.532],[-1.264,39.531],[-1.269,39.527],[-1.272,39.527],[-1.273,39.531],[-1.281,39.535],[-1.282,39.54],[-1.28,39.541],[-1.28,39.547],[-1.282,39.559],[-1.286,39.561],[-1.292,39.561],[-1.293,39.559],[-1.302,39.563],[-1.308,39.562],[-1.311,39.567],[-1.314,39.567],[-1.317,39.572],[-1.319,39.572],[-1.319,39.577],[-1.322,39.58],[-1.33,39.581],[-1.33,39.586],[-1.333,39.587],[-1.333,39.594],[-1.325,39.593],[-1.324,39.596],[-1.317,39.599],[-1.289,39.599],[-1.286,39.597],[-1.272,39.597],[-1.271,39.595],[-1.264,39.596],[-1.262,39.594],[-1.257,39.594],[-1.248,39.59],[-1.247,39.586],[-1.24,39.581],[-1.237,39.581],[-1.225,39.57],[-1.223,39.566],[-1.231,39.565],[-1.233,39.562],[-1.243,39.562],[-1.244,39.554],[-1.258,39.553],[-1.256,39.547],[-1.257,39.535],[-1.26,39.532]]]}},{"type":"Feature","properties":{"id":"J18-32-01-01C","idx":101,"name":"Rambla de la Torre: cabecera - Utiel","river":"Rambla de la Torre","town":"Camporrobles","kind":"wb","area_km2":339.0,"up_area_km2":339.0,"next":"J18-32-01-02","terminal_unit":"J18-36","terminal":"sea","drains_to_sea":true,"n_upstream":0,"outlet":[-1.225,39.5702],"outlet_how":"cedex river x unit boundary","label":[-1.2893,39.682],"source":"CHJ PHJ 2022-2027 masas de agua superficial (cuenca)","chj_codes":["18-32-01-01C"]},"geometry":{"type":"Polygon","coordinates":[[[-1.32,39.798],[-1.316,39.795],[-1.309,39.794],[-1.305,39.792],[-1.298,39.785],[-1.298,39.781],[-1.293,39.776],[-1.286,39.776],[-1.283,39.779],[-1.278,39.779],[-1.27,39.782],[-1.263,39.778],[-1.257,39.773],[-1.251,39.773],[-1.25,39.771],[-1.241,39.771],[-1.241,39.769],[-1.233,39.766],[-1.232,39.764],[-1.219,39.764],[-1.216,39.762],[-1.214,39.764],[-1.212,39.759],[-1.202,39.755],[-1.202,39.749],[-1.204,39.749],[-1.208,39.743],[-1.208,39.737],[-1.21,39.737],[-1.212,39.73],[-1.218,39.728],[-1.218,39.725],[-1.201,39.724],[-1.199,39.718],[-1.196,39.715],[-1.193,39.716],[-1.193,39.71],[-1.188,39.706],[-1.191,39.702],[-1.191,39.696],[-1.189,39.692],[-1.195,39.69],[-1.195,39.686],[-1.192,39.684],[-1.191,39.68],[-1.181,39.674],[-1.176,39.672],[-1.174,39.669],[-1.163,39.657],[-1.161,39.652],[-1.156,39.65],[-1.15,39.645],[-1.149,39.647],[-1.143,39.648],[-1.14,39.642],[-1.135,39.638],[-1.142,39.635],[-1.141,39.628],[-1.142,39.623],[-1.15,39.623],[-1.153,39.617],[-1.157,39.613],[-1.16,39.615],[-1.167,39.613],[-1.167,39.611],[-1.172,39.606],[-1.178,39.606],[-1.184,39.602],[-1.189,39.602],[-1.19,39.6],[-1.197,39.599],[-1.203,39.595],[-1.21,39.586],[-1.214,39.583],[-1.219,39.583],[-1.221,39.576],[-1.225,39.574],[-1.225,39.57],[-1.237,39.581],[-1.24,39.581],[-1.247,39.586],[-1.248,39.59],[-1.257,39.594],[-1.262,39.594],[-1.264,39.596],[-1.271,39.595],[-1.272,39.597],[-1.286,39.597],[-1.289,39.599],[-1.317,39.599],[-1.324,39.596],[-1.325,39.593],[-1.333,39.594],[-1.336,39.599],[-1.338,39.606],[-1.343,39.613],[-1.344,39.618],[-1.346,39.618],[-1.347,39.623],[-1.35,39.625],[-1.354,39.631],[-1.351,39.636],[-1.35,39.642],[-1.356,39.639],[-1.363,39.639],[-1.367,39.635],[-1.371,39.636],[-1.375,39.631],[-1.387,39.626],[-1.39,39.634],[-1.394,39.634],[-1.395,39.638],[-1.401,39.638],[-1.403,39.636],[-1.412,39.637],[-1.409,39.641],[-1.415,39.641],[-1.417,39.643],[-1.416,39.647],[-1.416,39.652],[-1.418,39.657],[-1.415,39.657],[-1.413,39.665],[-1.407,39.668],[-1.407,39.67],[-1.402,39.669],[-1.402,39.667],[-1.397,39.666],[-1.391,39.673],[-1.389,39.68],[-1.385,39.684],[-1.382,39.694],[-1.375,39.696],[-1.375,39.705],[-1.383,39.705],[-1.386,39.712],[-1.381,39.712],[-1.379,39.716],[-1.383,39.718],[-1.38,39.726],[-1.382,39.727],[-1.382,39.736],[-1.38,39.745],[-1.383,39.746],[-1.382,39.749],[-1.375,39.75],[-1.374,39.755],[-1.361,39.755],[-1.361,39.756],[-1.351,39.756],[-1.353,39.762],[-1.345,39.765],[-1.343,39.772],[-1.346,39.774],[-1.345,39.779],[-1.34,39.783],[-1.33,39.782],[-1.328,39.794],[-1.32,39.798]]]}},{"type":"Feature","properties":{"id":"J18-32-01-03","idx":102,"name":"Río Magro: paraje de Vega de la Torre - barranco Hondo","river":"Río Magro","town":null,"kind":"wb","area_km2":98.7,"up_area_km2":630.5,"next":"J18-32-01-04","terminal_unit":"J18-36","terminal":"sea","drains_to_sea":true,"n_upstream":4,"outlet":[-1.139,39.4994],"outlet_how":"cedex river x unit boundary","label":[-1.1289,39.5625],"source":"CHJ PHJ 2022-2027 masas de agua superficial (cuenca)","chj_codes":["18-32-01-03"]},"geometry":{"type":"Polygon","coordinates":[[[-1.133,39.638],[-1.131,39.634],[-1.124,39.633],[-1.118,39.628],[-1.113,39.628],[-1.106,39.623],[-1.098,39.619],[-1.095,39.614],[-1.095,39.61],[-1.089,39.609],[-1.089,39.607],[-1.084,39.604],[-1.083,39.599],[-1.089,39.595],[-1.089,39.589],[-1.085,39.587],[-1.083,39.582],[-1.079,39.578],[-1.082,39.574],[-1.089,39.581],[-1.095,39.58],[-1.097,39.576],[-1.103,39.577],[-1.097,39.567],[-1.093,39.565],[-1.096,39.56],[-1.093,39.559],[-1.091,39.555],[-1.087,39.553],[-1.077,39.553],[-1.074,39.551],[-1.075,39.546],[-1.082,39.54],[-1.088,39.538],[-1.093,39.532],[-1.102,39.53],[-1.108,39.527],[-1.108,39.525],[-1.113,39.524],[-1.117,39.518],[-1.125,39.513],[-1.131,39.512],[-1.131,39.509],[-1.135,39.506],[-1.136,39.501],[-1.141,39.498],[-1.145,39.498],[-1.152,39.493],[-1.153,39.488],[-1.16,39.488],[-1.162,39.49],[-1.169,39.49],[-1.171,39.494],[-1.181,39.496],[-1.182,39.499],[-1.186,39.501],[-1.188,39.505],[-1.193,39.51],[-1.198,39.511],[-1.199,39.514],[-1.205,39.517],[-1.211,39.518],[-1.212,39.52],[-1.221,39.521],[-1.226,39.523],[-1.231,39.527],[-1.235,39.533],[-1.234,39.539],[-1.23,39.54],[-1.227,39.544],[-1.218,39.545],[-1.214,39.543],[-1.207,39.543],[-1.203,39.541],[-1.197,39.541],[-1.196,39.539],[-1.185,39.539],[-1.181,39.54],[-1.179,39.544],[-1.173,39.546],[-1.173,39.549],[-1.168,39.552],[-1.168,39.556],[-1.163,39.559],[-1.164,39.57],[-1.161,39.583],[-1.155,39.585],[-1.148,39.592],[-1.146,39.601],[-1.143,39.604],[-1.147,39.607],[-1.147,39.61],[-1.151,39.613],[-1.153,39.617],[-1.15,39.623],[-1.142,39.623],[-1.141,39.628],[-1.142,39.635],[-1.135,39.638],[-1.133,39.638]]]}},{"type":"Feature","properties":{"id":"J18-32-01-04","idx":103,"name":"Río Magro: barranco Hondo - barranco Rubio","river":"Río Magro","town":"Requena","kind":"wb","area_km2":59.7,"up_area_km2":690.1,"next":"J18-32-01-05","terminal_unit":"J18-36","terminal":"sea","drains_to_sea":true,"n_upstream":5,"outlet":[-1.0631,39.463],"outlet_how":"cedex river x unit boundary","label":[-1.099,39.5105],"source":"CHJ PHJ 2022-2027 masas de agua superficial (cuenca)","chj_codes":["18-32-01-04"]},"geometry":{"type":"Polygon","coordinates":[[[-1.082,39.574],[-1.078,39.571],[-1.072,39.571],[-1.064,39.568],[-1.061,39.564],[-1.061,39.56],[-1.053,39.558],[-1.053,39.554],[-1.058,39.55],[-1.062,39.531],[-1.064,39.528],[-1.067,39.525],[-1.067,39.506],[-1.071,39.506],[-1.071,39.501],[-1.067,39.497],[-1.063,39.49],[-1.066,39.486],[-1.06,39.483],[-1.058,39.48],[-1.059,39.472],[-1.057,39.472],[-1.059,39.466],[-1.068,39.461],[-1.073,39.454],[-1.078,39.454],[-1.083,39.456],[-1.083,39.454],[-1.089,39.451],[-1.089,39.442],[-1.094,39.441],[-1.097,39.446],[-1.107,39.448],[-1.107,39.459],[-1.108,39.463],[-1.115,39.464],[-1.117,39.468],[-1.124,39.469],[-1.133,39.478],[-1.138,39.478],[-1.139,39.48],[-1.145,39.481],[-1.153,39.488],[-1.152,39.493],[-1.145,39.498],[-1.141,39.498],[-1.136,39.501],[-1.135,39.506],[-1.131,39.509],[-1.131,39.512],[-1.125,39.513],[-1.117,39.518],[-1.113,39.524],[-1.108,39.525],[-1.108,39.527],[-1.102,39.53],[-1.093,39.532],[-1.088,39.538],[-1.082,39.54],[-1.075,39.546],[-1.074,39.551],[-1.077,39.553],[-1.087,39.553],[-1.091,39.555],[-1.093,39.559],[-1.096,39.56],[-1.093,39.565],[-1.097,39.567],[-1.103,39.577],[-1.097,39.576],[-1.095,39.58],[-1.089,39.581],[-1.082,39.574]]]}},{"type":"Feature","properties":{"id":"J18-32-01-05","idx":104,"name":"Río Magro: barranco Rubio - embalse de Forata","river":"Río Magro","town":null,"kind":"wb","area_km2":173.4,"up_area_km2":986.2,"next":"J18-32-01-06","terminal_unit":"J18-36","terminal":"sea","drains_to_sea":true,"n_upstream":7,"outlet":[-0.909,39.3501],"outlet_how":"cedex river x unit boundary","label":[-1.0665,39.4215],"source":"CHJ PHJ 2022-2027 masas de agua superficial (cuenca)","chj_codes":["18-32-01-05"]},"geometry":{"type":"Polygon","coordinates":[[[-1.137,39.393],[-1.136,39.398],[-1.137,39.404],[-1.135,39.407],[-1.121,39.409],[-1.119,39.413],[-1.119,39.418],[-1.116,39.419],[-1.116,39.427],[-1.113,39.43],[-1.103,39.432],[-1.096,39.437],[-1.094,39.441],[-1.089,39.442],[-1.089,39.451],[-1.083,39.454],[-1.083,39.456],[-1.078,39.454],[-1.073,39.454],[-1.068,39.461],[-1.059,39.466],[-1.057,39.472],[-1.059,39.472],[-1.058,39.48],[-1.06,39.483],[-1.066,39.486],[-1.063,39.49],[-1.067,39.497],[-1.071,39.501],[-1.071,39.506],[-1.067,39.506],[-1.067,39.525],[-1.064,39.528],[-1.062,39.526],[-1.062,39.518],[-1.06,39.509],[-1.056,39.507],[-1.055,39.504],[-1.058,39.502],[-1.047,39.499],[-1.042,39.493],[-1.043,39.489],[-1.04,39.487],[-1.04,39.481],[-1.036,39.477],[-1.04,39.478],[-1.039,39.469],[-1.046,39.467],[-1.037,39.467],[-1.034,39.465],[-1.034,39.459],[-1.036,39.457],[-1.036,39.45],[-1.026,39.446],[-1.02,39.446],[-1.015,39.444],[-1.016,39.433],[-1.01,39.431],[-1.01,39.427],[-1.017,39.424],[-1.017,39.414],[-1.012,39.412],[-1.012,39.407],[-1.007,39.406],[-1.006,39.394],[-1.0,39.393],[-0.999,39.391],[-0.992,39.391],[-0.991,39.387],[-0.981,39.381],[-0.98,39.376],[-0.977,39.373],[-0.966,39.373],[-0.959,39.374],[-0.959,39.372],[-0.953,39.371],[-0.953,39.368],[-0.947,39.367],[-0.946,39.365],[-0.937,39.365],[-0.934,39.363],[-0.929,39.363],[-0.923,39.361],[-0.923,39.358],[-0.915,39.358],[-0.909,39.353],[-0.91,39.349],[-0.922,39.35],[-0.925,39.346],[-0.925,39.342],[-0.929,39.341],[-0.937,39.335],[-0.939,39.33],[-0.938,39.324],[-0.945,39.324],[-0.957,39.328],[-0.959,39.33],[-0.964,39.33],[-0.967,39.333],[-0.983,39.336],[-0.984,39.342],[-0.991,39.344],[-0.99,39.347],[-0.993,39.349],[-1.004,39.347],[-1.011,39.353],[-1.021,39.352],[-1.02,39.344],[-1.028,39.342],[-1.028,39.338],[-1.032,39.337],[-1.036,39.328],[-1.043,39.329],[-1.05,39.324],[-1.054,39.319],[-1.061,39.319],[-1.069,39.314],[-1.077,39.315],[-1.079,39.317],[-1.087,39.318],[-1.091,39.317],[-1.091,39.322],[-1.1,39.324],[-1.102,39.323],[-1.107,39.329],[-1.112,39.329],[-1.116,39.332],[-1.112,39.334],[-1.111,39.339],[-1.12,39.341],[-1.125,39.341],[-1.124,39.347],[-1.128,39.347],[-1.131,39.353],[-1.126,39.357],[-1.126,39.364],[-1.116,39.365],[-1.113,39.375],[-1.12,39.377],[-1.122,39.382],[-1.132,39.385],[-1.135,39.388],[-1.135,39.393],[-1.137,39.393]]]}},{"type":"Feature","properties":{"id":"J18-32-01-05-01-01","idx":105,"name":"Río Mijares (Magro)","river":"Río Mijares (Magro)","town":null,"kind":"wb","area_km2":122.7,"up_area_km2":122.7,"next":"J18-32-01-05","terminal_unit":"J18-36","terminal":"sea","drains_to_sea":true,"n_upstream":0,"outlet":[-0.9226,39.358],"outlet_how":"cedex river x unit boundary","label":[-0.9758,39.4445],"source":"CHJ PHJ 2022-2027 masas de agua superficial (cuenca)","chj_codes":["18-32-01-05-01-01"]},"geometry":{"type":"Polygon","coordinates":[[[-1.062,39.531],[-1.057,39.531],[-1.056,39.528],[-1.053,39.529],[-1.048,39.526],[-1.046,39.522],[-1.049,39.52],[-1.049,39.515],[-1.046,39.515],[-1.045,39.51],[-1.039,39.506],[-1.03,39.505],[-1.028,39.503],[-1.016,39.503],[-1.011,39.502],[-1.005,39.506],[-0.997,39.505],[-0.993,39.509],[-0.994,39.511],[-0.984,39.513],[-0.981,39.51],[-0.974,39.51],[-0.966,39.513],[-0.956,39.51],[-0.952,39.507],[-0.949,39.504],[-0.945,39.504],[-0.941,39.498],[-0.945,39.497],[-0.942,39.493],[-0.944,39.488],[-0.947,39.486],[-0.943,39.481],[-0.947,39.477],[-0.946,39.47],[-0.941,39.466],[-0.942,39.454],[-0.944,39.45],[-0.941,39.449],[-0.941,39.445],[-0.936,39.445],[-0.931,39.441],[-0.931,39.434],[-0.925,39.431],[-0.919,39.431],[-0.917,39.427],[-0.914,39.426],[-0.917,39.424],[-0.924,39.425],[-0.936,39.425],[-0.936,39.423],[-0.931,39.422],[-0.925,39.418],[-0.925,39.411],[-0.936,39.411],[-0.932,39.405],[-0.927,39.405],[-0.923,39.398],[-0.918,39.397],[-0.915,39.392],[-0.916,39.388],[-0.914,39.385],[-0.91,39.385],[-0.902,39.381],[-0.902,39.373],[-0.899,39.37],[-0.899,39.366],[-0.908,39.364],[-0.912,39.366],[-0.915,39.363],[-0.915,39.358],[-0.923,39.358],[-0.923,39.361],[-0.929,39.363],[-0.934,39.363],[-0.937,39.365],[-0.946,39.365],[-0.947,39.367],[-0.953,39.368],[-0.953,39.371],[-0.959,39.372],[-0.959,39.374],[-0.966,39.373],[-0.977,39.373],[-0.98,39.376],[-0.981,39.381],[-0.991,39.387],[-0.992,39.391],[-0.999,39.391],[-1.0,39.393],[-1.006,39.394],[-1.007,39.406],[-1.012,39.407],[-1.012,39.412],[-1.017,39.414],[-1.017,39.424],[-1.01,39.427],[-1.01,39.431],[-1.016,39.433],[-1.015,39.444],[-1.02,39.446],[-1.026,39.446],[-1.036,39.45],[-1.036,39.457],[-1.034,39.459],[-1.034,39.465],[-1.037,39.467],[-1.046,39.467],[-1.039,39.469],[-1.04,39.478],[-1.036,39.477],[-1.04,39.481],[-1.04,39.487],[-1.043,39.489],[-1.042,39.493],[-1.047,39.499],[-1.058,39.502],[-1.055,39.504],[-1.056,39.507],[-1.06,39.509],[-1.062,39.518],[-1.062,39.526],[-1.064,39.528],[-1.062,39.531]]]}},{"type":"Feature","properties":{"id":"J21-01","idx":106,"name":"Río Serpis: cabecera - fábrica El Capellán","river":"Río Serpis","town":null,"kind":"wb","area_km2":84.1,"up_area_km2":84.1,"next":"J21-02","terminal_unit":"J21-07A","terminal":"sea","drains_to_sea":true,"n_upstream":0,"outlet":[-0.5,38.6831],"outlet_how":"cedex river x unit boundary","label":[-0.5434,38.7095],"source":"CHJ PHJ 2022-2027 masas de agua superficial (cuenca)","chj_codes":["21-01"]},"geometry":{"type":"Polygon","coordinates":[[[-0.568,38.754],[-0.562,38.756],[-0.561,38.754],[-0.553,38.756],[-0.55,38.76],[-0.542,38.762],[-0.539,38.766],[-0.524,38.767],[-0.51,38.766],[-0.512,38.756],[-0.509,38.756],[-0.504,38.751],[-0.504,38.744],[-0.514,38.743],[-0.516,38.739],[-0.516,38.734],[-0.52,38.734],[-0.524,38.73],[-0.514,38.73],[-0.509,38.726],[-0.511,38.719],[-0.508,38.718],[-0.507,38.711],[-0.508,38.707],[-0.505,38.705],[-0.503,38.695],[-0.506,38.694],[-0.505,38.688],[-0.5,38.685],[-0.5,38.678],[-0.504,38.675],[-0.512,38.665],[-0.512,38.658],[-0.524,38.657],[-0.524,38.658],[-0.537,38.658],[-0.537,38.659],[-0.551,38.659],[-0.552,38.657],[-0.56,38.656],[-0.561,38.658],[-0.581,38.658],[-0.584,38.659],[-0.589,38.657],[-0.589,38.653],[-0.593,38.651],[-0.603,38.652],[-0.605,38.657],[-0.614,38.657],[-0.618,38.662],[-0.627,38.668],[-0.624,38.671],[-0.625,38.676],[-0.621,38.678],[-0.621,38.685],[-0.618,38.685],[-0.616,38.69],[-0.61,38.694],[-0.603,38.695],[-0.597,38.7],[-0.593,38.7],[-0.59,38.705],[-0.584,38.707],[-0.584,38.709],[-0.575,38.71],[-0.578,38.712],[-0.578,38.717],[-0.576,38.717],[-0.575,38.723],[-0.572,38.728],[-0.565,38.73],[-0.562,38.736],[-0.568,38.744],[-0.568,38.754]]]}},{"type":"Feature","properties":{"id":"J21-02","idx":107,"name":"Río Serpis: fábrica El Capellán - depuradora de Alcoy","river":"Río Serpis","town":"Alcoi","kind":"wb","area_km2":83.5,"up_area_km2":167.6,"next":"J21-03","terminal_unit":"J21-07A","terminal":"sea","drains_to_sea":true,"n_upstream":1,"outlet":[-0.4441,38.716],"outlet_how":"cedex river x unit boundary","label":[-0.4703,38.6865],"source":"CHJ PHJ 2022-2027 masas de agua superficial (cuenca)","chj_codes":["21-02"]},"geometry":{"type":"Polygon","coordinates":[[[-0.512,38.658],[-0.512,38.665],[-0.504,38.675],[-0.5,38.678],[-0.5,38.685],[-0.505,38.688],[-0.506,38.694],[-0.503,38.695],[-0.505,38.705],[-0.508,38.707],[-0.507,38.711],[-0.508,38.718],[-0.511,38.719],[-0.509,38.726],[-0.514,38.73],[-0.524,38.73],[-0.52,38.734],[-0.516,38.734],[-0.516,38.739],[-0.514,38.743],[-0.504,38.744],[-0.504,38.751],[-0.509,38.756],[-0.512,38.756],[-0.51,38.766],[-0.509,38.768],[-0.498,38.769],[-0.488,38.763],[-0.489,38.758],[-0.485,38.757],[-0.481,38.752],[-0.485,38.751],[-0.488,38.746],[-0.494,38.741],[-0.494,38.732],[-0.489,38.731],[-0.485,38.733],[-0.48,38.733],[-0.476,38.728],[-0.466,38.724],[-0.453,38.724],[-0.454,38.721],[-0.45,38.721],[-0.443,38.716],[-0.44,38.712],[-0.437,38.703],[-0.44,38.702],[-0.44,38.698],[-0.435,38.697],[-0.43,38.691],[-0.434,38.688],[-0.438,38.688],[-0.438,38.682],[-0.436,38.681],[-0.436,38.675],[-0.439,38.675],[-0.441,38.669],[-0.444,38.667],[-0.436,38.666],[-0.436,38.664],[-0.431,38.662],[-0.431,38.656],[-0.429,38.652],[-0.428,38.636],[-0.429,38.635],[-0.436,38.627],[-0.443,38.627],[-0.448,38.624],[-0.452,38.618],[-0.462,38.615],[-0.464,38.612],[-0.467,38.613],[-0.475,38.607],[-0.483,38.607],[-0.484,38.605],[-0.497,38.609],[-0.502,38.615],[-0.498,38.617],[-0.498,38.625],[-0.502,38.63],[-0.503,38.641],[-0.508,38.645],[-0.507,38.65],[-0.509,38.655],[-0.503,38.659],[-0.512,38.658]]]}},{"type":"Feature","properties":{"id":"J21-03","idx":108,"name":"Río Serpis: depuradora de Alcoy - embalse de Beniarrés","river":"Río Serpis","town":"Cocentaina","kind":"wb","area_km2":85.3,"up_area_km2":393.3,"next":"J21-04","terminal_unit":"J21-07A","terminal":"sea","drains_to_sea":true,"n_upstream":3,"outlet":[-0.402,38.7911],"outlet_how":"cedex river x unit boundary","label":[-0.4299,38.7495],"source":"CHJ PHJ 2022-2027 masas de agua superficial (cuenca)","chj_codes":["21-03"]},"geometry":{"type":"Polygon","coordinates":[[[-0.524,38.767],[-0.523,38.771],[-0.525,38.775],[-0.525,38.781],[-0.53,38.787],[-0.53,38.795],[-0.524,38.796],[-0.525,38.805],[-0.522,38.807],[-0.517,38.808],[-0.515,38.806],[-0.486,38.806],[-0.476,38.804],[-0.468,38.804],[-0.463,38.801],[-0.455,38.801],[-0.45,38.796],[-0.445,38.794],[-0.432,38.794],[-0.424,38.793],[-0.421,38.791],[-0.402,38.791],[-0.401,38.787],[-0.397,38.787],[-0.395,38.784],[-0.394,38.772],[-0.387,38.765],[-0.386,38.758],[-0.384,38.755],[-0.379,38.754],[-0.369,38.745],[-0.374,38.745],[-0.375,38.742],[-0.388,38.742],[-0.388,38.745],[-0.401,38.748],[-0.402,38.745],[-0.411,38.744],[-0.412,38.742],[-0.426,38.743],[-0.425,38.74],[-0.426,38.731],[-0.424,38.728],[-0.42,38.727],[-0.42,38.722],[-0.411,38.716],[-0.413,38.71],[-0.411,38.709],[-0.409,38.703],[-0.41,38.697],[-0.413,38.693],[-0.422,38.693],[-0.424,38.691],[-0.43,38.691],[-0.435,38.697],[-0.44,38.698],[-0.44,38.702],[-0.437,38.703],[-0.44,38.712],[-0.443,38.716],[-0.45,38.721],[-0.454,38.721],[-0.453,38.724],[-0.466,38.724],[-0.476,38.728],[-0.48,38.733],[-0.485,38.733],[-0.489,38.731],[-0.494,38.732],[-0.494,38.741],[-0.488,38.746],[-0.485,38.751],[-0.481,38.752],[-0.485,38.757],[-0.489,38.758],[-0.488,38.763],[-0.498,38.769],[-0.509,38.768],[-0.51,38.766],[-0.524,38.767]]]}},{"type":"Feature","properties":{"id":"J21-03-01-01","idx":109,"name":"Río Valleseta","river":"Río Valleseta","town":"Benilloba","kind":"wb","area_km2":140.4,"up_area_km2":140.4,"next":"J21-03","terminal_unit":"J21-07A","terminal":"sea","drains_to_sea":true,"n_upstream":0,"outlet":[-0.4254,38.743],"outlet_how":"cedex river x unit boundary","label":[-0.3543,38.698],"source":"CHJ PHJ 2022-2027 masas de agua superficial (cuenca)","chj_codes":["21-03-01-01"]},"geometry":{"type":"Polygon","coordinates":[[[-0.429,38.635],[-0.428,38.636],[-0.429,38.652],[-0.431,38.656],[-0.431,38.662],[-0.436,38.664],[-0.436,38.666],[-0.444,38.667],[-0.441,38.669],[-0.439,38.675],[-0.436,38.675],[-0.436,38.681],[-0.438,38.682],[-0.438,38.688],[-0.434,38.688],[-0.43,38.691],[-0.424,38.691],[-0.422,38.693],[-0.413,38.693],[-0.41,38.697],[-0.409,38.703],[-0.411,38.709],[-0.413,38.71],[-0.411,38.716],[-0.42,38.722],[-0.42,38.727],[-0.424,38.728],[-0.426,38.731],[-0.425,38.74],[-0.426,38.743],[-0.412,38.742],[-0.411,38.744],[-0.402,38.745],[-0.401,38.748],[-0.388,38.745],[-0.388,38.742],[-0.375,38.742],[-0.374,38.745],[-0.369,38.745],[-0.363,38.745],[-0.362,38.747],[-0.353,38.747],[-0.347,38.75],[-0.345,38.753],[-0.34,38.755],[-0.33,38.756],[-0.325,38.754],[-0.321,38.757],[-0.308,38.758],[-0.307,38.756],[-0.301,38.757],[-0.289,38.757],[-0.286,38.758],[-0.285,38.762],[-0.276,38.761],[-0.273,38.758],[-0.273,38.752],[-0.269,38.752],[-0.263,38.746],[-0.249,38.747],[-0.25,38.744],[-0.264,38.743],[-0.268,38.741],[-0.274,38.735],[-0.274,38.73],[-0.27,38.727],[-0.269,38.721],[-0.275,38.716],[-0.281,38.716],[-0.284,38.71],[-0.29,38.708],[-0.291,38.71],[-0.298,38.708],[-0.302,38.701],[-0.299,38.699],[-0.297,38.691],[-0.299,38.687],[-0.302,38.686],[-0.302,38.682],[-0.298,38.681],[-0.296,38.676],[-0.298,38.674],[-0.298,38.669],[-0.296,38.667],[-0.286,38.666],[-0.284,38.66],[-0.284,38.654],[-0.293,38.656],[-0.307,38.656],[-0.309,38.653],[-0.316,38.654],[-0.318,38.652],[-0.326,38.65],[-0.327,38.647],[-0.335,38.645],[-0.342,38.645],[-0.343,38.65],[-0.346,38.652],[-0.353,38.65],[-0.363,38.65],[-0.363,38.649],[-0.375,38.649],[-0.379,38.646],[-0.381,38.64],[-0.393,38.642],[-0.398,38.646],[-0.403,38.646],[-0.406,38.639],[-0.415,38.642],[-0.419,38.635],[-0.428,38.634],[-0.429,38.635]]]}},{"type":"Feature","properties":{"id":"J21-05","idx":110,"name":"Río Serpis: embalse de Beniarrés - Lorcha","river":"Río Serpis","town":"l'Orxa","kind":"wb","area_km2":43.5,"up_area_km2":536.4,"next":"J21-06","terminal_unit":"J21-07A","terminal":"sea","drains_to_sea":true,"n_upstream":6,"outlet":[-0.316,38.8513],"outlet_how":"cedex river x unit boundary","label":[-0.3173,38.8355],"source":"CHJ PHJ 2022-2027 masas de agua superficial (cuenca)","chj_codes":["21-05"]},"geometry":{"type":"Polygon","coordinates":[[[-0.393,38.836],[-0.381,38.835],[-0.376,38.839],[-0.372,38.84],[-0.367,38.845],[-0.355,38.849],[-0.351,38.856],[-0.351,38.861],[-0.34,38.862],[-0.337,38.864],[-0.326,38.863],[-0.32,38.857],[-0.315,38.856],[-0.314,38.85],[-0.31,38.85],[-0.304,38.854],[-0.299,38.854],[-0.295,38.856],[-0.29,38.856],[-0.284,38.86],[-0.278,38.858],[-0.263,38.859],[-0.263,38.86],[-0.252,38.86],[-0.247,38.858],[-0.25,38.854],[-0.254,38.853],[-0.253,38.847],[-0.251,38.846],[-0.253,38.842],[-0.253,38.836],[-0.258,38.834],[-0.267,38.834],[-0.269,38.831],[-0.277,38.829],[-0.281,38.825],[-0.289,38.824],[-0.29,38.822],[-0.297,38.82],[-0.299,38.817],[-0.308,38.818],[-0.313,38.814],[-0.315,38.809],[-0.321,38.809],[-0.325,38.807],[-0.333,38.813],[-0.332,38.817],[-0.339,38.816],[-0.343,38.82],[-0.343,38.823],[-0.348,38.821],[-0.35,38.816],[-0.358,38.815],[-0.359,38.818],[-0.374,38.818],[-0.377,38.82],[-0.375,38.823],[-0.381,38.826],[-0.383,38.829],[-0.387,38.829],[-0.388,38.832],[-0.393,38.836]]]}},{"type":"Feature","properties":{"id":"J21-05-01-01","idx":111,"name":"Barranco de l'Encantada","river":"Barranco de l'Encantada","town":null,"kind":"wb","area_km2":27.6,"up_area_km2":27.6,"next":"J21-05","terminal_unit":"J21-07A","terminal":"sea","drains_to_sea":true,"n_upstream":0,"outlet":[-0.3464,38.824],"outlet_how":"cedex river x unit boundary","label":[-0.2951,38.7935],"source":"CHJ PHJ 2022-2027 masas de agua superficial (cuenca)","chj_codes":["21-05-01-01"]},"geometry":{"type":"Polygon","coordinates":[[[-0.276,38.761],[-0.285,38.762],[-0.287,38.764],[-0.286,38.768],[-0.288,38.771],[-0.297,38.773],[-0.298,38.775],[-0.304,38.777],[-0.308,38.78],[-0.319,38.78],[-0.321,38.785],[-0.324,38.787],[-0.325,38.796],[-0.329,38.798],[-0.334,38.798],[-0.334,38.803],[-0.343,38.812],[-0.35,38.816],[-0.348,38.821],[-0.343,38.823],[-0.343,38.82],[-0.339,38.816],[-0.332,38.817],[-0.333,38.813],[-0.325,38.807],[-0.321,38.809],[-0.315,38.809],[-0.313,38.814],[-0.308,38.818],[-0.299,38.817],[-0.297,38.814],[-0.293,38.814],[-0.289,38.807],[-0.281,38.805],[-0.271,38.805],[-0.265,38.807],[-0.267,38.803],[-0.267,38.796],[-0.264,38.791],[-0.257,38.791],[-0.25,38.787],[-0.25,38.783],[-0.243,38.784],[-0.243,38.774],[-0.248,38.773],[-0.249,38.775],[-0.254,38.775],[-0.259,38.768],[-0.263,38.77],[-0.268,38.77],[-0.268,38.767],[-0.276,38.761]]]}},{"type":"Feature","properties":{"id":"J21-06","idx":112,"name":"Río Serpis: Lorcha - paraje de La Reprimala","river":"Río Serpis","town":null,"kind":"wb","area_km2":26.0,"up_area_km2":562.4,"next":"J21-07A","terminal_unit":"J21-07A","terminal":"sea","drains_to_sea":true,"n_upstream":7,"outlet":[-0.234,38.8836],"outlet_how":"cedex river x unit boundary","label":[-0.2764,38.872],"source":"CHJ PHJ 2022-2027 masas de agua superficial (cuenca)","chj_codes":["21-06"]},"geometry":{"type":"Polygon","coordinates":[[[-0.247,38.858],[-0.252,38.86],[-0.263,38.86],[-0.263,38.859],[-0.278,38.858],[-0.284,38.86],[-0.29,38.856],[-0.295,38.856],[-0.299,38.854],[-0.304,38.854],[-0.31,38.85],[-0.314,38.85],[-0.315,38.856],[-0.32,38.857],[-0.326,38.863],[-0.324,38.866],[-0.317,38.868],[-0.318,38.874],[-0.322,38.877],[-0.317,38.879],[-0.311,38.884],[-0.307,38.884],[-0.303,38.89],[-0.294,38.889],[-0.288,38.891],[-0.273,38.891],[-0.261,38.894],[-0.26,38.893],[-0.249,38.893],[-0.245,38.89],[-0.242,38.891],[-0.242,38.886],[-0.24,38.884],[-0.234,38.884],[-0.236,38.88],[-0.235,38.87],[-0.238,38.862],[-0.244,38.861],[-0.247,38.858]]]}},{"type":"Feature","properties":{"id":"J21-07A","idx":113,"name":"Río Serpis: paraje de La Reprimala - mar","river":"Río Serpis","town":"Gandia","kind":"wb","area_km2":47.9,"up_area_km2":760.1,"next":null,"terminal_unit":"J21-07A","terminal":"sea","drains_to_sea":true,"n_upstream":10,"outlet":[-0.193,38.942],"outlet_how":"cedex river x unit boundary","label":[-0.1898,38.93],"source":"CHJ PHJ 2022-2027 masas de agua superficial (cuenca)","merged_names":["Río Serpis:  río de Vernissa - mar"],"chj_codes":["21-07A","21-08"]},"geometry":{"type":"Polygon","coordinates":[[[-0.238,38.862],[-0.235,38.87],[-0.236,38.88],[-0.234,38.884],[-0.24,38.884],[-0.242,38.886],[-0.242,38.891],[-0.245,38.89],[-0.249,38.893],[-0.26,38.893],[-0.261,38.894],[-0.261,38.896],[-0.254,38.898],[-0.249,38.898],[-0.245,38.896],[-0.23,38.896],[-0.226,38.895],[-0.221,38.898],[-0.221,38.904],[-0.219,38.906],[-0.214,38.906],[-0.211,38.908],[-0.211,38.913],[-0.213,38.914],[-0.213,38.921],[-0.211,38.924],[-0.204,38.925],[-0.204,38.927],[-0.199,38.927],[-0.194,38.933],[-0.194,38.938],[-0.192,38.941],[-0.196,38.942],[-0.198,38.94],[-0.207,38.939],[-0.207,38.941],[-0.212,38.943],[-0.213,38.949],[-0.219,38.951],[-0.219,38.955],[-0.216,38.958],[-0.203,38.958],[-0.2,38.956],[-0.199,38.96],[-0.194,38.957],[-0.187,38.956],[-0.183,38.959],[-0.178,38.97],[-0.172,38.974],[-0.166,38.983],[-0.158,38.991],[-0.159,38.993],[-0.152,38.997],[-0.149,38.987],[-0.146,38.983],[-0.138,38.976],[-0.138,38.974],[-0.13,38.967],[-0.126,38.962],[-0.13,38.96],[-0.138,38.961],[-0.148,38.961],[-0.149,38.959],[-0.158,38.956],[-0.161,38.952],[-0.168,38.949],[-0.174,38.944],[-0.174,38.941],[-0.179,38.937],[-0.179,38.934],[-0.186,38.927],[-0.192,38.926],[-0.192,38.922],[-0.195,38.918],[-0.188,38.918],[-0.187,38.912],[-0.191,38.912],[-0.191,38.908],[-0.184,38.906],[-0.184,38.902],[-0.174,38.902],[-0.16,38.898],[-0.157,38.894],[-0.16,38.888],[-0.16,38.884],[-0.165,38.88],[-0.186,38.88],[-0.191,38.874],[-0.195,38.874],[-0.205,38.868],[-0.217,38.867],[-0.223,38.869],[-0.229,38.864],[-0.238,38.862]]]}},{"type":"Feature","properties":{"id":"J18-32-01-02","idx":114,"name":"Río Magro: río Madre - paraje de Vega de la Torre","river":"Río Magro","town":"Utiel","kind":"wb","area_km2":43.3,"up_area_km2":531.8,"next":"J18-32-01-03","terminal_unit":"J18-36","terminal":"sea","drains_to_sea":true,"n_upstream":3,"outlet":[-1.1851,39.539],"outlet_how":"cedex river x unit boundary","label":[-1.1943,39.572],"source":"CHJ PHJ 2022-2027 masas de agua superficial (cuenca)","chj_codes":["18-32-01-02"]},"geometry":{"type":"Polygon","coordinates":[[[-1.235,39.533],[-1.239,39.531],[-1.244,39.531],[-1.247,39.529],[-1.255,39.53],[-1.26,39.532],[-1.257,39.535],[-1.256,39.547],[-1.258,39.553],[-1.244,39.554],[-1.243,39.562],[-1.233,39.562],[-1.231,39.565],[-1.223,39.566],[-1.225,39.57],[-1.225,39.574],[-1.221,39.576],[-1.219,39.583],[-1.214,39.583],[-1.21,39.586],[-1.203,39.595],[-1.197,39.599],[-1.19,39.6],[-1.189,39.602],[-1.184,39.602],[-1.178,39.606],[-1.172,39.606],[-1.167,39.611],[-1.167,39.613],[-1.16,39.615],[-1.157,39.613],[-1.153,39.617],[-1.151,39.613],[-1.147,39.61],[-1.147,39.607],[-1.143,39.604],[-1.146,39.601],[-1.148,39.592],[-1.155,39.585],[-1.161,39.583],[-1.164,39.57],[-1.163,39.559],[-1.168,39.556],[-1.168,39.552],[-1.173,39.549],[-1.173,39.546],[-1.179,39.544],[-1.181,39.54],[-1.185,39.539],[-1.196,39.539],[-1.197,39.541],[-1.203,39.541],[-1.207,39.543],[-1.214,39.543],[-1.218,39.545],[-1.227,39.544],[-1.23,39.54],[-1.234,39.539],[-1.235,39.533]]]}},{"type":"Feature","properties":{"id":"J18-29-01-03","idx":115,"name":"Río Albaida: embalse de Bellús - río de Barxeta","river":"Río Albaida","town":"Xàtiva","kind":"wb","area_km2":66.8,"up_area_km2":1561.8,"next":"J18-31","terminal_unit":"J18-36","terminal":"sea","drains_to_sea":true,"n_upstream":8,"outlet":[-0.4853,39.033],"outlet_how":"cedex river x unit boundary","label":[-0.5013,38.977],"source":"CHJ PHJ 2022-2027 masas de agua superficial (cuenca)","chj_codes":["18-29-01-03"]},"geometry":{"type":"Polygon","coordinates":[[[-0.527,38.92],[-0.531,38.922],[-0.536,38.922],[-0.537,38.924],[-0.543,38.924],[-0.546,38.928],[-0.552,38.928],[-0.556,38.932],[-0.562,38.932],[-0.565,38.934],[-0.563,38.938],[-0.558,38.937],[-0.558,38.94],[-0.55,38.942],[-0.546,38.945],[-0.537,38.948],[-0.541,38.954],[-0.545,38.955],[-0.543,38.959],[-0.543,38.964],[-0.535,38.969],[-0.537,38.973],[-0.54,38.974],[-0.536,38.98],[-0.536,38.985],[-0.522,38.994],[-0.519,38.994],[-0.514,38.999],[-0.513,39.005],[-0.511,39.005],[-0.508,39.012],[-0.505,39.012],[-0.501,39.018],[-0.502,39.022],[-0.497,39.025],[-0.498,39.03],[-0.494,39.033],[-0.485,39.033],[-0.489,39.031],[-0.489,39.024],[-0.486,39.022],[-0.484,39.017],[-0.475,39.016],[-0.46,39.006],[-0.457,39.002],[-0.457,38.997],[-0.454,38.995],[-0.453,38.988],[-0.458,38.98],[-0.465,38.978],[-0.464,38.975],[-0.459,38.976],[-0.449,38.976],[-0.442,38.979],[-0.442,38.974],[-0.439,38.972],[-0.439,38.967],[-0.436,38.962],[-0.44,38.959],[-0.44,38.956],[-0.445,38.956],[-0.446,38.953],[-0.453,38.949],[-0.463,38.947],[-0.468,38.945],[-0.472,38.94],[-0.489,38.937],[-0.489,38.934],[-0.502,38.934],[-0.505,38.932],[-0.516,38.931],[-0.519,38.924],[-0.522,38.921],[-0.527,38.92]]]}},{"type":"Feature","properties":{"id":"J10-08","idx":116,"name":"Río Mijares: embalse de Ribesalbes - embalse de Sichar","river":"Río Mijares","town":"Fanzara","kind":"wb","area_km2":34.2,"up_area_km2":2403.4,"next":"J10-09","terminal_unit":"J10-13A","terminal":"sea","drains_to_sea":true,"n_upstream":22,"outlet":[-0.282,40.0194],"outlet_how":"cedex river x unit boundary","label":[-0.3167,40.024],"source":"CHJ PHJ 2022-2027 masas de agua superficial (cuenca)","chj_codes":["10-08"]},"geometry":{"type":"Polygon","coordinates":[[[-0.342,39.98],[-0.345,39.981],[-0.346,39.987],[-0.354,39.994],[-0.355,39.998],[-0.352,39.998],[-0.346,40.003],[-0.344,40.021],[-0.337,40.021],[-0.332,40.025],[-0.327,40.025],[-0.326,40.027],[-0.319,40.027],[-0.319,40.034],[-0.325,40.036],[-0.329,40.041],[-0.33,40.046],[-0.334,40.051],[-0.335,40.056],[-0.339,40.058],[-0.337,40.063],[-0.334,40.063],[-0.331,40.068],[-0.322,40.07],[-0.316,40.068],[-0.316,40.065],[-0.312,40.065],[-0.309,40.059],[-0.302,40.059],[-0.293,40.055],[-0.293,40.047],[-0.298,40.04],[-0.301,40.038],[-0.3,40.023],[-0.301,40.019],[-0.293,40.018],[-0.289,40.013],[-0.285,40.013],[-0.281,40.019],[-0.275,40.019],[-0.274,40.016],[-0.27,40.014],[-0.269,40.005],[-0.276,40.004],[-0.278,40.002],[-0.286,39.998],[-0.29,39.999],[-0.292,39.996],[-0.301,39.994],[-0.303,39.989],[-0.309,39.987],[-0.321,39.988],[-0.325,39.985],[-0.33,39.985],[-0.333,39.979],[-0.342,39.98]]]}},{"type":"Feature","properties":{"id":"J10-06","idx":117,"name":"Río Mijares: embalse de Arenós - embalse de Vallat","river":"Río Mijares","town":"Montanejos","kind":"wb","area_km2":54.1,"up_area_km2":1805.6,"next":"J10-07","terminal_unit":"J10-13A","terminal":"sea","drains_to_sea":true,"n_upstream":15,"outlet":[-0.445,40.0527],"outlet_how":"cedex river x unit boundary","label":[-0.4833,40.06],"source":"CHJ PHJ 2022-2027 masas de agua superficial (cuenca)","merged_names":["Río Mijares: embalse de Arenós - embalse de Cirat"],"chj_codes":["10-06","10-06A"]},"geometry":{"type":"Polygon","coordinates":[[[-0.528,40.068],[-0.525,40.072],[-0.529,40.071],[-0.542,40.071],[-0.546,40.078],[-0.552,40.078],[-0.553,40.08],[-0.551,40.085],[-0.544,40.089],[-0.544,40.097],[-0.553,40.101],[-0.552,40.105],[-0.548,40.105],[-0.548,40.109],[-0.551,40.11],[-0.551,40.115],[-0.549,40.117],[-0.543,40.115],[-0.539,40.11],[-0.534,40.11],[-0.528,40.105],[-0.529,40.103],[-0.524,40.102],[-0.518,40.103],[-0.518,40.1],[-0.523,40.098],[-0.523,40.095],[-0.527,40.094],[-0.528,40.084],[-0.51,40.084],[-0.508,40.079],[-0.504,40.078],[-0.501,40.074],[-0.495,40.074],[-0.494,40.08],[-0.49,40.084],[-0.486,40.085],[-0.487,40.09],[-0.49,40.091],[-0.488,40.096],[-0.484,40.097],[-0.482,40.094],[-0.473,40.092],[-0.472,40.09],[-0.463,40.089],[-0.462,40.086],[-0.454,40.084],[-0.45,40.079],[-0.442,40.08],[-0.439,40.074],[-0.439,40.066],[-0.444,40.066],[-0.446,40.063],[-0.444,40.053],[-0.436,40.042],[-0.446,40.039],[-0.449,40.033],[-0.452,40.032],[-0.457,40.023],[-0.458,40.016],[-0.46,40.016],[-0.461,40.011],[-0.465,40.01],[-0.468,40.005],[-0.472,40.007],[-0.477,40.005],[-0.481,40.009],[-0.485,40.01],[-0.483,40.013],[-0.479,40.013],[-0.487,40.019],[-0.487,40.022],[-0.499,40.024],[-0.5,40.027],[-0.506,40.027],[-0.504,40.032],[-0.505,40.038],[-0.512,40.043],[-0.513,40.046],[-0.518,40.048],[-0.518,40.053],[-0.521,40.057],[-0.522,40.068],[-0.528,40.068]]]}},{"type":"Feature","properties":{"id":"J10-07","idx":118,"name":"Río Mijares: embalse de Vallat - embalse de Ribesalbes","river":"Río Mijares","town":"Toga","kind":"wb","area_km2":36.1,"up_area_km2":2369.2,"next":"J10-08","terminal_unit":"J10-13A","terminal":"sea","drains_to_sea":true,"n_upstream":21,"outlet":[-0.321,40.0268],"outlet_how":"cedex river x unit boundary","label":[-0.4025,40.051],"source":"CHJ PHJ 2022-2027 masas de agua superficial (cuenca)","chj_codes":["10-07"]},"geometry":{"type":"Polygon","coordinates":[[[-0.436,40.042],[-0.444,40.053],[-0.446,40.063],[-0.444,40.066],[-0.439,40.066],[-0.439,40.074],[-0.442,40.08],[-0.436,40.081],[-0.435,40.083],[-0.428,40.083],[-0.428,40.085],[-0.422,40.083],[-0.421,40.077],[-0.417,40.077],[-0.415,40.074],[-0.405,40.073],[-0.402,40.069],[-0.398,40.067],[-0.395,40.068],[-0.388,40.064],[-0.381,40.067],[-0.379,40.063],[-0.375,40.063],[-0.371,40.056],[-0.363,40.054],[-0.362,40.049],[-0.356,40.047],[-0.356,40.039],[-0.346,40.039],[-0.344,40.03],[-0.342,40.034],[-0.329,40.041],[-0.325,40.036],[-0.319,40.034],[-0.319,40.027],[-0.326,40.027],[-0.327,40.025],[-0.332,40.025],[-0.337,40.021],[-0.344,40.021],[-0.344,40.025],[-0.35,40.028],[-0.357,40.028],[-0.368,40.026],[-0.37,40.023],[-0.376,40.023],[-0.377,40.021],[-0.382,40.021],[-0.384,40.015],[-0.391,40.018],[-0.392,40.025],[-0.4,40.027],[-0.409,40.026],[-0.412,40.03],[-0.417,40.032],[-0.418,40.038],[-0.423,40.04],[-0.424,40.046],[-0.433,40.044],[-0.436,40.042]]]}},{"type":"Feature","properties":{"id":"J14-02","idx":119,"name":"Barranco del Carraixet: Alfara del Patriarca - mar","river":"Barranco del Carraixet","town":"Burjassot","kind":"wb","area_km2":62.0,"up_area_km2":315.7,"next":null,"terminal_unit":"J14-02","terminal":"sea","drains_to_sea":true,"n_upstream":1,"outlet":[-0.3763,39.542],"outlet_how":"cedex river x unit boundary","label":[-0.3991,39.526],"source":"CHJ PHJ 2022-2027 masas de agua superficial (cuenca)","chj_codes":["14-02"]},"geometry":{"type":"Polygon","coordinates":[[[-0.46,39.56],[-0.46,39.567],[-0.458,39.57],[-0.454,39.57],[-0.45,39.573],[-0.449,39.568],[-0.439,39.566],[-0.439,39.568],[-0.431,39.569],[-0.433,39.573],[-0.429,39.574],[-0.428,39.571],[-0.423,39.57],[-0.42,39.572],[-0.416,39.564],[-0.412,39.565],[-0.401,39.565],[-0.396,39.563],[-0.392,39.559],[-0.389,39.559],[-0.386,39.553],[-0.387,39.545],[-0.386,39.543],[-0.373,39.542],[-0.368,39.54],[-0.368,39.533],[-0.363,39.529],[-0.36,39.524],[-0.352,39.522],[-0.351,39.516],[-0.346,39.518],[-0.336,39.513],[-0.334,39.51],[-0.328,39.51],[-0.326,39.504],[-0.32,39.5],[-0.322,39.483],[-0.335,39.483],[-0.342,39.482],[-0.348,39.478],[-0.359,39.477],[-0.364,39.478],[-0.369,39.484],[-0.377,39.489],[-0.388,39.489],[-0.392,39.49],[-0.397,39.494],[-0.398,39.497],[-0.404,39.498],[-0.414,39.505],[-0.425,39.505],[-0.429,39.509],[-0.433,39.51],[-0.432,39.514],[-0.435,39.517],[-0.435,39.524],[-0.439,39.528],[-0.441,39.534],[-0.439,39.535],[-0.44,39.54],[-0.448,39.542],[-0.448,39.545],[-0.453,39.547],[-0.453,39.552],[-0.457,39.555],[-0.46,39.56]]]}},{"type":"Feature","properties":{"id":"J16-04","idx":120,"name":"Rambla Poyo: Paiporta - lago de l'Albufera","river":"Rambla Poyo","town":"Paiporta","kind":"wb","area_km2":40.8,"up_area_km2":408.0,"next":"JL06","terminal_unit":"JL06","terminal":"sea","drains_to_sea":true,"n_upstream":2,"outlet":[-0.3408,39.357],"outlet_how":"cedex river x unit boundary","label":[-0.3483,39.3985],"source":"CHJ PHJ 2022-2027 masas de agua superficial (cuenca)","merged_names":["Rambla Poyo: Paiporta - parque natural de l'Albufera"],"chj_codes":["16-04","16-03"]},"geometry":{"type":"Polygon","coordinates":[[[-0.443,39.436],[-0.439,39.437],[-0.437,39.435],[-0.427,39.434],[-0.425,39.432],[-0.419,39.432],[-0.411,39.433],[-0.4,39.433],[-0.398,39.436],[-0.379,39.436],[-0.379,39.435],[-0.368,39.435],[-0.361,39.434],[-0.356,39.431],[-0.347,39.429],[-0.342,39.424],[-0.338,39.424],[-0.337,39.42],[-0.331,39.417],[-0.328,39.407],[-0.328,39.402],[-0.326,39.398],[-0.326,39.393],[-0.319,39.375],[-0.316,39.364],[-0.32,39.363],[-0.322,39.36],[-0.349,39.36],[-0.349,39.363],[-0.357,39.369],[-0.36,39.376],[-0.36,39.385],[-0.364,39.394],[-0.371,39.399],[-0.386,39.402],[-0.396,39.403],[-0.4,39.405],[-0.402,39.41],[-0.405,39.412],[-0.414,39.412],[-0.42,39.417],[-0.422,39.421],[-0.426,39.421],[-0.43,39.425],[-0.43,39.428],[-0.434,39.431],[-0.442,39.431],[-0.443,39.436]]]}},{"type":"Feature","properties":{"id":"J28-02-01-03","idx":121,"name":"Río Guadalest: embalse de Guadalest - río Algar","river":"Río Guadalest","town":"la Nucia","kind":"wb","area_km2":84.1,"up_area_km2":123.2,"next":"J28-03","terminal_unit":"J28-03","terminal":"sea","drains_to_sea":true,"n_upstream":1,"outlet":[-0.0759,38.626],"outlet_how":"cedex river x unit boundary","label":[-0.1848,38.6585],"source":"CHJ PHJ 2022-2027 masas de agua superficial (cuenca)","merged_names":["Río Guadalest: barranco de Andailes - Callosa d'en Sarrià","Río Guadalest: embalse de Guadalest - barranco de Andailes","Embalse de Guadalest"],"chj_codes":["28-02-01-03","28-02-01-02B","28-02-01-02A","28-02-01-01"]},"geometry":{"type":"Polygon","coordinates":[[[-0.243,38.715],[-0.234,38.716],[-0.231,38.714],[-0.214,38.711],[-0.205,38.71],[-0.201,38.705],[-0.196,38.703],[-0.19,38.703],[-0.182,38.699],[-0.176,38.698],[-0.172,38.695],[-0.163,38.695],[-0.165,38.692],[-0.162,38.688],[-0.151,38.686],[-0.15,38.676],[-0.151,38.672],[-0.147,38.673],[-0.142,38.667],[-0.137,38.666],[-0.131,38.659],[-0.129,38.659],[-0.126,38.654],[-0.117,38.648],[-0.112,38.649],[-0.113,38.646],[-0.109,38.642],[-0.1,38.642],[-0.101,38.638],[-0.098,38.638],[-0.099,38.634],[-0.095,38.633],[-0.087,38.628],[-0.081,38.626],[-0.075,38.626],[-0.077,38.621],[-0.077,38.611],[-0.078,38.602],[-0.077,38.601],[-0.081,38.6],[-0.092,38.6],[-0.097,38.603],[-0.111,38.604],[-0.114,38.607],[-0.12,38.608],[-0.122,38.606],[-0.132,38.606],[-0.133,38.609],[-0.137,38.609],[-0.139,38.612],[-0.153,38.613],[-0.161,38.61],[-0.169,38.61],[-0.171,38.613],[-0.177,38.613],[-0.183,38.612],[-0.186,38.616],[-0.187,38.625],[-0.191,38.629],[-0.184,38.633],[-0.184,38.641],[-0.188,38.642],[-0.188,38.648],[-0.192,38.651],[-0.207,38.651],[-0.207,38.65],[-0.247,38.65],[-0.248,38.649],[-0.249,38.654],[-0.241,38.658],[-0.239,38.664],[-0.234,38.668],[-0.229,38.67],[-0.228,38.677],[-0.222,38.681],[-0.218,38.682],[-0.213,38.688],[-0.213,38.693],[-0.227,38.697],[-0.229,38.699],[-0.239,38.7],[-0.241,38.713],[-0.243,38.715]]]}},{"type":"Feature","properties":{"id":"J28-02-01-04","idx":122,"name":"Río Guadalest: cabecera - embalse de Guadalest","river":"Río Guadalest","town":"Confrides","kind":"wb","area_km2":39.1,"up_area_km2":39.1,"next":"J28-02-01-03","terminal_unit":"J28-03","terminal":"sea","drains_to_sea":true,"n_upstream":0,"outlet":[-0.214,38.6876],"outlet_how":"cedex river x unit boundary","label":[-0.2592,38.684],"source":"CHJ PHJ 2022-2027 masas de agua superficial (cuenca)","chj_codes":["28-02-01-04"]},"geometry":{"type":"Polygon","coordinates":[[[-0.284,38.654],[-0.284,38.66],[-0.286,38.666],[-0.296,38.667],[-0.298,38.669],[-0.298,38.674],[-0.296,38.676],[-0.298,38.681],[-0.302,38.682],[-0.302,38.686],[-0.299,38.687],[-0.297,38.691],[-0.299,38.699],[-0.302,38.701],[-0.298,38.708],[-0.291,38.71],[-0.29,38.708],[-0.284,38.71],[-0.281,38.716],[-0.275,38.716],[-0.26,38.716],[-0.259,38.718],[-0.253,38.718],[-0.243,38.715],[-0.241,38.713],[-0.239,38.7],[-0.229,38.699],[-0.227,38.697],[-0.213,38.693],[-0.213,38.688],[-0.218,38.682],[-0.222,38.681],[-0.228,38.677],[-0.229,38.67],[-0.234,38.668],[-0.239,38.664],[-0.241,38.658],[-0.249,38.654],[-0.248,38.649],[-0.253,38.65],[-0.271,38.65],[-0.278,38.653],[-0.284,38.654]]]}},{"type":"Feature","properties":{"id":"J28-02B","idx":123,"name":"Río Bolulla: cabecera - río Algar","river":"Río Bolulla","town":"Tàrbena","kind":"wb","area_km2":29.1,"up_area_km2":29.1,"next":"J28-03","terminal_unit":"J28-03","terminal":"sea","drains_to_sea":true,"n_upstream":0,"outlet":[-0.0982,38.66],"outlet_how":"cedex river x unit boundary","label":[-0.1267,38.6925],"source":"CHJ PHJ 2022-2027 masas de agua superficial (cuenca)","chj_codes":["28-02B"]},"geometry":{"type":"Polygon","coordinates":[[[-0.151,38.686],[-0.162,38.688],[-0.165,38.692],[-0.163,38.695],[-0.172,38.695],[-0.176,38.698],[-0.176,38.7],[-0.169,38.702],[-0.167,38.708],[-0.162,38.711],[-0.151,38.711],[-0.149,38.721],[-0.143,38.724],[-0.141,38.721],[-0.133,38.721],[-0.122,38.723],[-0.118,38.722],[-0.116,38.724],[-0.11,38.724],[-0.11,38.718],[-0.107,38.714],[-0.109,38.71],[-0.115,38.708],[-0.115,38.706],[-0.11,38.703],[-0.107,38.699],[-0.095,38.698],[-0.089,38.693],[-0.087,38.689],[-0.083,38.689],[-0.087,38.683],[-0.091,38.683],[-0.091,38.674],[-0.095,38.673],[-0.095,38.667],[-0.093,38.665],[-0.097,38.66],[-0.111,38.66],[-0.117,38.665],[-0.117,38.668],[-0.122,38.67],[-0.132,38.677],[-0.133,38.68],[-0.139,38.682],[-0.144,38.682],[-0.148,38.686],[-0.151,38.686]]]}},{"type":"Feature","properties":{"id":"J28-03","idx":124,"name":"Río Algar: río Bolulla - mar","river":"Río Algar","town":"Altea","kind":"wb","area_km2":46.7,"up_area_km2":227.1,"next":null,"terminal_unit":"J28-03","terminal":"sea","drains_to_sea":true,"n_upstream":4,"outlet":[-0.075,38.6256],"outlet_how":"cedex river x unit boundary","label":[-0.0579,38.64],"source":"CHJ PHJ 2022-2027 masas de agua superficial (cuenca)","merged_names":["Río Algar: río Bolulla - río Guadalest"],"chj_codes":["28-03","28-02A"]},"geometry":{"type":"Polygon","coordinates":[[[-0.077,38.601],[-0.078,38.602],[-0.077,38.611],[-0.077,38.621],[-0.075,38.626],[-0.081,38.626],[-0.087,38.628],[-0.095,38.633],[-0.099,38.634],[-0.098,38.638],[-0.101,38.638],[-0.1,38.642],[-0.109,38.642],[-0.113,38.646],[-0.112,38.649],[-0.117,38.648],[-0.126,38.654],[-0.129,38.659],[-0.131,38.659],[-0.137,38.666],[-0.142,38.667],[-0.147,38.673],[-0.151,38.672],[-0.15,38.676],[-0.151,38.686],[-0.148,38.686],[-0.144,38.682],[-0.139,38.682],[-0.133,38.68],[-0.132,38.677],[-0.122,38.67],[-0.117,38.668],[-0.117,38.665],[-0.111,38.66],[-0.097,38.66],[-0.097,38.659],[-0.084,38.659],[-0.082,38.661],[-0.073,38.662],[-0.063,38.662],[-0.061,38.664],[-0.051,38.663],[-0.044,38.661],[-0.042,38.659],[-0.036,38.658],[-0.032,38.655],[-0.021,38.654],[-0.016,38.647],[-0.015,38.636],[-0.018,38.625],[-0.022,38.621],[-0.031,38.617],[-0.032,38.612],[-0.036,38.61],[-0.05,38.595],[-0.052,38.595],[-0.052,38.59],[-0.055,38.591],[-0.061,38.594],[-0.063,38.597],[-0.068,38.599],[-0.074,38.599],[-0.077,38.601]]]}},{"type":"Feature","properties":{"id":"J28-01","idx":125,"name":"Río Algar: cabecera - río Bolulla","river":"Río Algar","town":null,"kind":"wb","area_km2":28.1,"up_area_km2":28.1,"next":"J28-03","terminal_unit":"J28-03","terminal":"sea","drains_to_sea":true,"n_upstream":0,"outlet":[-0.097,38.6599],"outlet_how":"cedex river x unit boundary","label":[-0.0759,38.6955],"source":"CHJ PHJ 2022-2027 masas de agua superficial (cuenca)","chj_codes":["28-01"]},"geometry":{"type":"Polygon","coordinates":[[[-0.097,38.66],[-0.093,38.665],[-0.095,38.667],[-0.095,38.673],[-0.091,38.674],[-0.091,38.683],[-0.087,38.683],[-0.083,38.689],[-0.087,38.689],[-0.089,38.693],[-0.095,38.698],[-0.107,38.699],[-0.11,38.703],[-0.115,38.706],[-0.115,38.708],[-0.109,38.71],[-0.107,38.714],[-0.11,38.718],[-0.11,38.724],[-0.106,38.727],[-0.099,38.726],[-0.097,38.728],[-0.09,38.723],[-0.059,38.723],[-0.059,38.719],[-0.055,38.716],[-0.05,38.716],[-0.05,38.713],[-0.054,38.71],[-0.058,38.702],[-0.062,38.688],[-0.055,38.687],[-0.056,38.683],[-0.05,38.683],[-0.046,38.688],[-0.04,38.686],[-0.041,38.679],[-0.047,38.675],[-0.046,38.669],[-0.051,38.665],[-0.051,38.663],[-0.061,38.664],[-0.063,38.662],[-0.073,38.662],[-0.082,38.661],[-0.084,38.659],[-0.097,38.659],[-0.097,38.66]]]}},{"type":"Feature","properties":{"id":"J18-03","idx":126,"name":"Embalse de la Toba","river":"Embalse de la Toba","town":null,"kind":"wb","area_km2":94.1,"up_area_km2":373.2,"next":"J18-04A","terminal_unit":"J18-36","terminal":"sea","drains_to_sea":true,"n_upstream":3,"outlet":[-1.922,40.2102],"outlet_how":"cedex river x unit boundary","label":[-1.8905,40.2245],"source":"CHJ PHJ 2022-2027 masas de agua superficial (cuenca)","chj_codes":["18-03"]},"geometry":{"type":"Polygon","coordinates":[[[-1.926,40.31],[-1.921,40.307],[-1.913,40.306],[-1.911,40.31],[-1.906,40.311],[-1.902,40.308],[-1.889,40.304],[-1.889,40.308],[-1.884,40.307],[-1.88,40.303],[-1.872,40.301],[-1.859,40.3],[-1.852,40.297],[-1.857,40.294],[-1.854,40.288],[-1.858,40.287],[-1.862,40.282],[-1.862,40.279],[-1.867,40.276],[-1.866,40.271],[-1.868,40.27],[-1.868,40.261],[-1.863,40.261],[-1.863,40.256],[-1.858,40.256],[-1.859,40.245],[-1.864,40.245],[-1.862,40.239],[-1.857,40.239],[-1.86,40.235],[-1.856,40.232],[-1.858,40.228],[-1.858,40.222],[-1.86,40.218],[-1.864,40.216],[-1.869,40.216],[-1.873,40.214],[-1.873,40.21],[-1.863,40.206],[-1.864,40.194],[-1.862,40.189],[-1.855,40.189],[-1.852,40.185],[-1.852,40.181],[-1.849,40.181],[-1.847,40.173],[-1.842,40.168],[-1.839,40.167],[-1.84,40.164],[-1.844,40.164],[-1.846,40.167],[-1.853,40.167],[-1.854,40.163],[-1.852,40.161],[-1.853,40.154],[-1.853,40.14],[-1.859,40.144],[-1.862,40.144],[-1.865,40.149],[-1.87,40.152],[-1.871,40.146],[-1.876,40.146],[-1.88,40.143],[-1.882,40.138],[-1.893,40.135],[-1.895,40.138],[-1.907,40.138],[-1.912,40.139],[-1.915,40.142],[-1.925,40.142],[-1.933,40.146],[-1.934,40.152],[-1.943,40.155],[-1.947,40.159],[-1.95,40.156],[-1.956,40.158],[-1.957,40.16],[-1.954,40.161],[-1.949,40.17],[-1.946,40.17],[-1.946,40.175],[-1.949,40.181],[-1.939,40.181],[-1.939,40.184],[-1.934,40.189],[-1.934,40.196],[-1.929,40.199],[-1.925,40.199],[-1.922,40.203],[-1.921,40.208],[-1.923,40.212],[-1.923,40.227],[-1.92,40.232],[-1.915,40.232],[-1.914,40.234],[-1.906,40.233],[-1.903,40.235],[-1.903,40.239],[-1.899,40.24],[-1.898,40.243],[-1.892,40.244],[-1.89,40.247],[-1.892,40.253],[-1.892,40.258],[-1.896,40.265],[-1.898,40.271],[-1.9,40.271],[-1.9,40.284],[-1.899,40.289],[-1.903,40.29],[-1.91,40.297],[-1.921,40.301],[-1.922,40.304],[-1.926,40.305],[-1.928,40.309],[-1.926,40.31]]]}},{"type":"Feature","properties":{"id":"J15-03","idx":127,"name":"Embalse de Arquillo de San Blas","river":"Embalse de Arquillo de San Blas","town":null,"kind":"wb","area_km2":69.7,"up_area_km2":806.8,"next":"J15-04","terminal_unit":"J15-19","terminal":"sea","drains_to_sea":true,"n_upstream":5,"outlet":[-1.2051,40.364],"outlet_how":"cedex river x unit boundary","label":[-1.2592,40.336],"source":"CHJ PHJ 2022-2027 masas de agua superficial (cuenca)","chj_codes":["15-03"]},"geometry":{"type":"Polygon","coordinates":[[[-1.276,40.395],[-1.271,40.394],[-1.266,40.39],[-1.254,40.391],[-1.25,40.388],[-1.244,40.388],[-1.237,40.385],[-1.233,40.385],[-1.222,40.381],[-1.22,40.376],[-1.209,40.373],[-1.206,40.368],[-1.207,40.357],[-1.21,40.356],[-1.208,40.35],[-1.214,40.348],[-1.216,40.344],[-1.217,40.334],[-1.216,40.332],[-1.219,40.328],[-1.224,40.325],[-1.225,40.32],[-1.23,40.319],[-1.234,40.316],[-1.234,40.313],[-1.248,40.313],[-1.253,40.31],[-1.256,40.304],[-1.26,40.303],[-1.261,40.3],[-1.269,40.299],[-1.272,40.297],[-1.287,40.297],[-1.294,40.298],[-1.299,40.296],[-1.302,40.292],[-1.306,40.291],[-1.305,40.28],[-1.303,40.278],[-1.313,40.275],[-1.314,40.277],[-1.322,40.278],[-1.322,40.276],[-1.327,40.276],[-1.329,40.278],[-1.336,40.279],[-1.339,40.282],[-1.339,40.288],[-1.334,40.292],[-1.326,40.294],[-1.327,40.306],[-1.318,40.308],[-1.317,40.31],[-1.31,40.31],[-1.308,40.319],[-1.313,40.324],[-1.31,40.328],[-1.304,40.328],[-1.304,40.334],[-1.299,40.338],[-1.3,40.354],[-1.294,40.357],[-1.293,40.361],[-1.285,40.362],[-1.285,40.364],[-1.273,40.369],[-1.269,40.372],[-1.266,40.377],[-1.266,40.381],[-1.271,40.381],[-1.277,40.384],[-1.276,40.395]]]}},{"type":"Feature","properties":{"id":"J01-02","idx":128,"name":"Embalse de Ulldecona","river":"Embalse de Ulldecona","town":"la Pobla de Benifassà","kind":"wb","area_km2":96.7,"up_area_km2":96.7,"next":"J01-04","terminal_unit":"J01-05","terminal":"sea","drains_to_sea":true,"n_upstream":0,"outlet":[0.2337,40.671],"outlet_how":"cedex river x unit boundary","label":[0.204,40.7],"source":"CHJ PHJ 2022-2027 masas de agua superficial (cuenca)","merged_names":["Río de la Sénia:  barranco del Pregó - embalse de Ulldecona","Río de la Sénia: cabecera - barranco del Pregó"],"chj_codes":["01-02","01-01B","01-01A"]},"geometry":{"type":"Polygon","coordinates":[[[0.261,40.707],[0.259,40.705],[0.251,40.705],[0.247,40.702],[0.247,40.698],[0.243,40.696],[0.244,40.694],[0.243,40.68],[0.241,40.677],[0.236,40.676],[0.236,40.672],[0.233,40.671],[0.237,40.663],[0.237,40.66],[0.229,40.657],[0.223,40.658],[0.218,40.655],[0.214,40.655],[0.192,40.652],[0.186,40.65],[0.177,40.65],[0.174,40.647],[0.165,40.647],[0.15,40.644],[0.148,40.64],[0.143,40.64],[0.14,40.637],[0.124,40.637],[0.122,40.635],[0.116,40.635],[0.112,40.639],[0.098,40.64],[0.096,40.648],[0.09,40.649],[0.088,40.652],[0.092,40.656],[0.097,40.656],[0.098,40.664],[0.104,40.664],[0.11,40.666],[0.111,40.669],[0.119,40.669],[0.123,40.672],[0.13,40.673],[0.132,40.677],[0.137,40.677],[0.141,40.681],[0.15,40.682],[0.157,40.688],[0.159,40.697],[0.161,40.697],[0.161,40.702],[0.165,40.708],[0.167,40.717],[0.172,40.721],[0.174,40.725],[0.175,40.732],[0.181,40.729],[0.186,40.729],[0.193,40.731],[0.2,40.725],[0.215,40.731],[0.217,40.733],[0.226,40.733],[0.229,40.735],[0.229,40.739],[0.234,40.744],[0.234,40.748],[0.238,40.75],[0.238,40.755],[0.243,40.754],[0.245,40.756],[0.254,40.757],[0.256,40.76],[0.266,40.761],[0.268,40.758],[0.277,40.76],[0.289,40.761],[0.289,40.756],[0.292,40.749],[0.288,40.748],[0.285,40.741],[0.278,40.734],[0.272,40.735],[0.264,40.732],[0.265,40.73],[0.265,40.72],[0.262,40.717],[0.261,40.707]]]}},{"type":"Feature","properties":{"id":"J18-21-01-06-01-01A","idx":129,"name":"Río Guadazaón: cabecera - azud de la Dehesa de Don Juan","river":"Río Guadazaón","town":"Valdemoro-Sierra","kind":"wb","area_km2":138.3,"up_area_km2":253.3,"next":"J18-21-01-06-01-01B","terminal_unit":"J18-36","terminal":"sea","drains_to_sea":true,"n_upstream":1,"outlet":[-1.838,39.998],"outlet_how":"cedex river x unit boundary","label":[-1.7634,40.0995],"source":"CHJ PHJ 2022-2027 masas de agua superficial (cuenca)","chj_codes":["18-21-01-06-01-01A"]},"geometry":{"type":"Polygon","coordinates":[[[-1.781,40.21],[-1.779,40.208],[-1.779,40.2],[-1.772,40.189],[-1.772,40.185],[-1.769,40.18],[-1.769,40.176],[-1.762,40.171],[-1.76,40.167],[-1.753,40.164],[-1.747,40.159],[-1.74,40.16],[-1.736,40.159],[-1.73,40.163],[-1.723,40.161],[-1.721,40.158],[-1.721,40.153],[-1.717,40.148],[-1.712,40.145],[-1.712,40.142],[-1.72,40.139],[-1.721,40.134],[-1.718,40.132],[-1.719,40.125],[-1.717,40.123],[-1.717,40.117],[-1.723,40.112],[-1.726,40.112],[-1.725,40.108],[-1.719,40.108],[-1.716,40.105],[-1.718,40.098],[-1.721,40.095],[-1.719,40.088],[-1.724,40.086],[-1.726,40.083],[-1.734,40.086],[-1.738,40.08],[-1.738,40.073],[-1.753,40.075],[-1.758,40.069],[-1.766,40.066],[-1.764,40.061],[-1.762,40.061],[-1.763,40.055],[-1.768,40.049],[-1.775,40.049],[-1.777,40.046],[-1.778,40.038],[-1.777,40.032],[-1.771,40.032],[-1.767,40.029],[-1.768,40.025],[-1.776,40.025],[-1.776,40.027],[-1.79,40.027],[-1.791,40.023],[-1.785,40.02],[-1.783,40.016],[-1.785,40.014],[-1.79,40.014],[-1.793,40.012],[-1.794,40.007],[-1.799,40.005],[-1.809,40.005],[-1.813,40.001],[-1.806,39.999],[-1.806,39.993],[-1.812,39.989],[-1.825,39.988],[-1.829,39.989],[-1.83,39.992],[-1.835,39.993],[-1.839,39.996],[-1.837,40.001],[-1.833,40.002],[-1.832,40.011],[-1.83,40.013],[-1.824,40.013],[-1.822,40.016],[-1.825,40.02],[-1.824,40.028],[-1.819,40.031],[-1.818,40.037],[-1.815,40.039],[-1.816,40.045],[-1.812,40.049],[-1.813,40.055],[-1.808,40.06],[-1.807,40.071],[-1.809,40.076],[-1.813,40.08],[-1.81,40.086],[-1.807,40.088],[-1.806,40.094],[-1.81,40.096],[-1.809,40.101],[-1.814,40.104],[-1.813,40.11],[-1.817,40.113],[-1.821,40.107],[-1.826,40.107],[-1.829,40.11],[-1.829,40.116],[-1.836,40.12],[-1.835,40.123],[-1.841,40.123],[-1.842,40.131],[-1.838,40.135],[-1.837,40.14],[-1.842,40.147],[-1.844,40.147],[-1.845,40.152],[-1.839,40.153],[-1.84,40.163],[-1.838,40.162],[-1.828,40.162],[-1.828,40.17],[-1.825,40.171],[-1.827,40.174],[-1.827,40.18],[-1.82,40.178],[-1.815,40.18],[-1.815,40.187],[-1.809,40.189],[-1.807,40.193],[-1.809,40.195],[-1.809,40.2],[-1.798,40.2],[-1.792,40.203],[-1.787,40.208],[-1.781,40.21]]]}},{"type":"Feature","properties":{"id":"J18-25-01-02","idx":130,"name":"Embalse de Escalona","river":"Embalse de Escalona","town":"Navarrés","kind":"wb","area_km2":84.0,"up_area_km2":510.6,"next":"J18-25","terminal_unit":"J18-36","terminal":"sea","drains_to_sea":true,"n_upstream":3,"outlet":[-0.698,39.1288],"outlet_how":"cedex river x unit boundary","label":[-0.7132,39.1155],"source":"CHJ PHJ 2022-2027 masas de agua superficial (cuenca)","chj_codes":["18-25-01-02"]},"geometry":{"type":"Polygon","coordinates":[[[-0.746,39.097],[-0.745,39.1],[-0.749,39.105],[-0.752,39.106],[-0.752,39.111],[-0.755,39.113],[-0.755,39.118],[-0.761,39.119],[-0.763,39.121],[-0.762,39.122],[-0.762,39.133],[-0.766,39.13],[-0.772,39.13],[-0.778,39.126],[-0.786,39.126],[-0.79,39.123],[-0.794,39.123],[-0.795,39.119],[-0.8,39.12],[-0.806,39.124],[-0.814,39.123],[-0.817,39.126],[-0.823,39.127],[-0.823,39.129],[-0.834,39.129],[-0.84,39.127],[-0.84,39.125],[-0.852,39.122],[-0.861,39.122],[-0.868,39.124],[-0.871,39.127],[-0.876,39.128],[-0.878,39.131],[-0.885,39.133],[-0.889,39.137],[-0.898,39.14],[-0.894,39.144],[-0.89,39.145],[-0.871,39.145],[-0.87,39.147],[-0.864,39.147],[-0.859,39.145],[-0.853,39.146],[-0.853,39.148],[-0.847,39.149],[-0.843,39.146],[-0.836,39.146],[-0.836,39.143],[-0.83,39.142],[-0.828,39.145],[-0.812,39.152],[-0.803,39.152],[-0.801,39.148],[-0.799,39.151],[-0.793,39.152],[-0.793,39.154],[-0.787,39.156],[-0.779,39.156],[-0.772,39.16],[-0.757,39.159],[-0.756,39.157],[-0.744,39.155],[-0.744,39.153],[-0.738,39.152],[-0.739,39.148],[-0.734,39.15],[-0.723,39.148],[-0.722,39.151],[-0.718,39.151],[-0.717,39.156],[-0.713,39.162],[-0.708,39.157],[-0.705,39.156],[-0.702,39.144],[-0.697,39.139],[-0.697,39.135],[-0.7,39.133],[-0.698,39.128],[-0.689,39.128],[-0.679,39.119],[-0.675,39.119],[-0.663,39.107],[-0.663,39.105],[-0.657,39.099],[-0.655,39.095],[-0.64,39.084],[-0.639,39.078],[-0.635,39.075],[-0.641,39.074],[-0.645,39.076],[-0.647,39.08],[-0.653,39.079],[-0.653,39.082],[-0.66,39.086],[-0.662,39.089],[-0.668,39.091],[-0.668,39.093],[-0.677,39.098],[-0.683,39.098],[-0.686,39.094],[-0.685,39.085],[-0.682,39.084],[-0.678,39.079],[-0.68,39.074],[-0.686,39.074],[-0.687,39.072],[-0.695,39.073],[-0.7,39.077],[-0.708,39.076],[-0.709,39.078],[-0.724,39.079],[-0.726,39.077],[-0.733,39.077],[-0.739,39.082],[-0.74,39.088],[-0.746,39.097]]]}},{"type":"Feature","properties":{"id":"J18-29-01-02","idx":131,"name":"Embalse de Bellús","river":"Embalse de Bellús","town":"Benigànim","kind":"wb","area_km2":106.2,"up_area_km2":490.6,"next":"J18-29-01-03","terminal_unit":"J18-36","terminal":"sea","drains_to_sea":true,"n_upstream":3,"outlet":[-0.4774,38.94],"outlet_how":"cedex river x unit boundary","label":[-0.44,38.9295],"source":"CHJ PHJ 2022-2027 masas de agua superficial (cuenca)","merged_names":["Río Albaida: río Clariano - embalse de Bellús"],"chj_codes":["18-29-01-02","18-29-01-01B"]},"geometry":{"type":"Polygon","coordinates":[[[-0.498,38.89],[-0.499,38.894],[-0.505,38.896],[-0.505,38.908],[-0.513,38.91],[-0.517,38.913],[-0.517,38.916],[-0.524,38.917],[-0.527,38.92],[-0.522,38.921],[-0.519,38.924],[-0.516,38.931],[-0.505,38.932],[-0.502,38.934],[-0.489,38.934],[-0.489,38.937],[-0.472,38.94],[-0.468,38.945],[-0.463,38.947],[-0.453,38.949],[-0.446,38.953],[-0.445,38.956],[-0.44,38.956],[-0.44,38.959],[-0.436,38.962],[-0.439,38.967],[-0.439,38.972],[-0.442,38.974],[-0.442,38.979],[-0.433,38.98],[-0.429,38.982],[-0.426,38.986],[-0.413,38.986],[-0.408,38.987],[-0.406,38.984],[-0.4,38.984],[-0.399,38.987],[-0.393,38.988],[-0.392,38.981],[-0.388,38.981],[-0.387,38.974],[-0.39,38.974],[-0.391,38.968],[-0.385,38.964],[-0.38,38.963],[-0.38,38.965],[-0.374,38.965],[-0.364,38.961],[-0.36,38.961],[-0.361,38.955],[-0.365,38.948],[-0.369,38.946],[-0.362,38.945],[-0.365,38.939],[-0.363,38.928],[-0.368,38.925],[-0.368,38.923],[-0.376,38.922],[-0.38,38.912],[-0.373,38.911],[-0.372,38.9],[-0.37,38.896],[-0.367,38.896],[-0.364,38.892],[-0.365,38.884],[-0.363,38.884],[-0.367,38.879],[-0.367,38.876],[-0.373,38.87],[-0.381,38.871],[-0.383,38.874],[-0.389,38.875],[-0.391,38.872],[-0.393,38.874],[-0.403,38.876],[-0.407,38.878],[-0.412,38.878],[-0.416,38.881],[-0.421,38.881],[-0.422,38.883],[-0.434,38.884],[-0.437,38.888],[-0.446,38.891],[-0.447,38.896],[-0.452,38.899],[-0.467,38.899],[-0.467,38.896],[-0.473,38.893],[-0.472,38.884],[-0.481,38.883],[-0.487,38.878],[-0.488,38.874],[-0.496,38.87],[-0.496,38.874],[-0.49,38.878],[-0.49,38.881],[-0.495,38.884],[-0.498,38.89]]]}},{"type":"Feature","properties":{"id":"J29-02","idx":132,"name":"Embalse de Amadorio","river":"Embalse de Amadorio","town":"la Vila Joiosa","kind":"wb","area_km2":37.2,"up_area_km2":222.3,"next":null,"terminal_unit":"J29-02","terminal":"sea","drains_to_sea":true,"n_upstream":2,"outlet":[-0.2335,38.502],"outlet_how":"cedex river x unit boundary","label":[-0.2898,38.5355],"source":"CHJ PHJ 2022-2027 masas de agua superficial (cuenca)","merged_names":["Río Amadorio: embalse de Amadorio - mar"],"chj_codes":["29-02","29-04","29-03"]},"geometry":{"type":"Polygon","coordinates":[[[-0.274,38.568],[-0.264,38.565],[-0.264,38.558],[-0.262,38.556],[-0.25,38.556],[-0.246,38.561],[-0.242,38.558],[-0.241,38.554],[-0.237,38.552],[-0.237,38.549],[-0.23,38.544],[-0.23,38.532],[-0.227,38.528],[-0.227,38.519],[-0.225,38.517],[-0.221,38.508],[-0.225,38.508],[-0.234,38.502],[-0.238,38.505],[-0.238,38.508],[-0.242,38.51],[-0.259,38.511],[-0.268,38.506],[-0.271,38.506],[-0.269,38.51],[-0.274,38.51],[-0.273,38.512],[-0.278,38.517],[-0.283,38.518],[-0.286,38.522],[-0.287,38.529],[-0.304,38.528],[-0.307,38.526],[-0.32,38.523],[-0.323,38.52],[-0.328,38.52],[-0.33,38.523],[-0.336,38.527],[-0.342,38.528],[-0.344,38.53],[-0.352,38.529],[-0.354,38.529],[-0.35,38.532],[-0.351,38.535],[-0.348,38.536],[-0.349,38.542],[-0.343,38.546],[-0.334,38.547],[-0.327,38.543],[-0.313,38.543],[-0.308,38.545],[-0.305,38.542],[-0.299,38.542],[-0.293,38.548],[-0.286,38.55],[-0.284,38.554],[-0.273,38.553],[-0.271,38.555],[-0.27,38.565],[-0.274,38.568]]]}},{"type":"Feature","properties":{"id":"J21-04","idx":133,"name":"Embalse de Beniarrés","river":"Embalse de Beniarrés","town":"Beniarrés","kind":"wb","area_km2":72.0,"up_area_km2":465.4,"next":"J21-05","terminal_unit":"J21-07A","terminal":"sea","drains_to_sea":true,"n_upstream":4,"outlet":[-0.3561,38.815],"outlet_how":"cedex river x unit boundary","label":[-0.3735,38.792],"source":"CHJ PHJ 2022-2027 masas de agua superficial (cuenca)","chj_codes":["21-04"]},"geometry":{"type":"Polygon","coordinates":[[[-0.468,38.804],[-0.464,38.805],[-0.464,38.809],[-0.461,38.811],[-0.461,38.815],[-0.456,38.817],[-0.451,38.817],[-0.442,38.823],[-0.437,38.826],[-0.431,38.826],[-0.428,38.828],[-0.42,38.829],[-0.41,38.833],[-0.404,38.833],[-0.404,38.84],[-0.398,38.839],[-0.393,38.836],[-0.388,38.832],[-0.387,38.829],[-0.383,38.829],[-0.381,38.826],[-0.375,38.823],[-0.377,38.82],[-0.374,38.818],[-0.359,38.818],[-0.358,38.815],[-0.35,38.816],[-0.343,38.812],[-0.334,38.803],[-0.334,38.798],[-0.329,38.798],[-0.325,38.796],[-0.324,38.787],[-0.321,38.785],[-0.319,38.78],[-0.308,38.78],[-0.304,38.777],[-0.298,38.775],[-0.297,38.773],[-0.288,38.771],[-0.286,38.768],[-0.287,38.764],[-0.285,38.762],[-0.286,38.758],[-0.289,38.757],[-0.301,38.757],[-0.307,38.756],[-0.308,38.758],[-0.321,38.757],[-0.325,38.754],[-0.33,38.756],[-0.34,38.755],[-0.345,38.753],[-0.347,38.75],[-0.353,38.747],[-0.362,38.747],[-0.363,38.745],[-0.369,38.745],[-0.379,38.754],[-0.384,38.755],[-0.386,38.758],[-0.387,38.765],[-0.394,38.772],[-0.395,38.784],[-0.397,38.787],[-0.401,38.787],[-0.402,38.791],[-0.421,38.791],[-0.424,38.793],[-0.432,38.794],[-0.445,38.794],[-0.45,38.796],[-0.455,38.801],[-0.463,38.801],[-0.468,38.804]]]}},{"type":"Feature","properties":{"id":"J13-07","idx":134,"name":"Embalse de Algar","river":"Embalse de Algar","town":"Azuébar","kind":"wb","area_km2":67.1,"up_area_km2":793.9,"next":"J13-08","terminal_unit":"J13-08","terminal":"sea","drains_to_sea":true,"n_upstream":7,"outlet":[-0.3772,39.788],"outlet_how":"cedex river x unit boundary","label":[-0.3735,39.83],"source":"CHJ PHJ 2022-2027 masas de agua superficial (cuenca)","chj_codes":["13-07"]},"geometry":{"type":"Polygon","coordinates":[[[-0.351,39.792],[-0.358,39.792],[-0.358,39.79],[-0.366,39.789],[-0.367,39.791],[-0.373,39.788],[-0.379,39.787],[-0.378,39.783],[-0.381,39.783],[-0.384,39.778],[-0.389,39.778],[-0.395,39.781],[-0.396,39.779],[-0.407,39.779],[-0.407,39.778],[-0.422,39.778],[-0.425,39.783],[-0.434,39.783],[-0.442,39.79],[-0.437,39.796],[-0.43,39.795],[-0.427,39.8],[-0.419,39.8],[-0.417,39.797],[-0.413,39.797],[-0.41,39.802],[-0.404,39.802],[-0.406,39.807],[-0.406,39.813],[-0.4,39.817],[-0.392,39.817],[-0.391,39.824],[-0.386,39.826],[-0.386,39.828],[-0.391,39.832],[-0.387,39.838],[-0.394,39.84],[-0.402,39.847],[-0.412,39.851],[-0.409,39.855],[-0.41,39.859],[-0.402,39.864],[-0.397,39.869],[-0.395,39.873],[-0.386,39.874],[-0.38,39.877],[-0.373,39.877],[-0.368,39.88],[-0.362,39.88],[-0.36,39.878],[-0.347,39.877],[-0.346,39.875],[-0.337,39.875],[-0.332,39.873],[-0.327,39.873],[-0.325,39.866],[-0.317,39.865],[-0.313,39.868],[-0.302,39.868],[-0.297,39.867],[-0.293,39.864],[-0.291,39.858],[-0.299,39.853],[-0.302,39.848],[-0.302,39.842],[-0.309,39.842],[-0.311,39.837],[-0.319,39.833],[-0.314,39.832],[-0.316,39.823],[-0.321,39.824],[-0.331,39.824],[-0.337,39.829],[-0.342,39.829],[-0.346,39.832],[-0.356,39.831],[-0.361,39.829],[-0.361,39.824],[-0.364,39.824],[-0.362,39.819],[-0.357,39.818],[-0.354,39.814],[-0.354,39.809],[-0.352,39.802],[-0.35,39.802],[-0.351,39.792]]]}},{"type":"Feature","properties":{"id":"J13-04","idx":135,"name":"Embalse del Regajo","river":"Embalse del Regajo","town":"Caudiel","kind":"wb","area_km2":146.9,"up_area_km2":474.0,"next":"J13-05","terminal_unit":"J13-08","terminal":"sea","drains_to_sea":true,"n_upstream":3,"outlet":[-0.5247,39.89],"outlet_how":"cedex river x unit boundary","label":[-0.5219,39.9365],"source":"CHJ PHJ 2022-2027 masas de agua superficial (cuenca)","chj_codes":["13-04"]},"geometry":{"type":"Polygon","coordinates":[[[-0.617,39.995],[-0.616,39.996],[-0.605,39.996],[-0.6,39.999],[-0.596,39.997],[-0.591,39.997],[-0.59,39.991],[-0.585,39.992],[-0.575,39.992],[-0.574,39.989],[-0.56,39.989],[-0.551,39.993],[-0.549,39.996],[-0.544,39.996],[-0.543,39.998],[-0.533,40.001],[-0.53,40.006],[-0.521,40.004],[-0.52,40.007],[-0.515,40.005],[-0.503,40.005],[-0.495,40.004],[-0.494,40.006],[-0.489,40.006],[-0.485,40.001],[-0.486,39.998],[-0.48,39.996],[-0.481,39.992],[-0.485,39.992],[-0.483,39.986],[-0.476,39.984],[-0.472,39.978],[-0.468,39.977],[-0.465,39.982],[-0.454,39.982],[-0.446,39.981],[-0.441,39.976],[-0.433,39.975],[-0.431,39.972],[-0.425,39.97],[-0.428,39.965],[-0.428,39.961],[-0.422,39.958],[-0.424,39.955],[-0.424,39.949],[-0.421,39.946],[-0.413,39.943],[-0.411,39.938],[-0.417,39.936],[-0.418,39.937],[-0.428,39.937],[-0.432,39.94],[-0.44,39.939],[-0.446,39.934],[-0.451,39.934],[-0.456,39.927],[-0.464,39.927],[-0.466,39.925],[-0.465,39.914],[-0.47,39.914],[-0.475,39.911],[-0.487,39.911],[-0.486,39.907],[-0.491,39.907],[-0.503,39.897],[-0.51,39.896],[-0.513,39.893],[-0.519,39.891],[-0.524,39.891],[-0.526,39.889],[-0.523,39.883],[-0.524,39.875],[-0.527,39.874],[-0.531,39.874],[-0.536,39.87],[-0.548,39.867],[-0.549,39.865],[-0.553,39.868],[-0.557,39.868],[-0.561,39.871],[-0.566,39.871],[-0.566,39.874],[-0.573,39.876],[-0.574,39.88],[-0.579,39.881],[-0.576,39.882],[-0.566,39.882],[-0.565,39.885],[-0.561,39.885],[-0.555,39.891],[-0.544,39.892],[-0.541,39.896],[-0.548,39.902],[-0.55,39.906],[-0.554,39.909],[-0.557,39.916],[-0.563,39.916],[-0.566,39.918],[-0.571,39.918],[-0.573,39.923],[-0.581,39.923],[-0.588,39.927],[-0.594,39.926],[-0.597,39.934],[-0.6,39.935],[-0.603,39.941],[-0.603,39.946],[-0.607,39.95],[-0.615,39.95],[-0.617,39.957],[-0.62,39.958],[-0.62,39.964],[-0.618,39.965],[-0.62,39.97],[-0.619,39.973],[-0.614,39.975],[-0.613,39.982],[-0.618,39.985],[-0.617,39.995]]]}},{"type":"Feature","properties":{"id":"J15-13-01-02","idx":136,"name":"Embalse de Buseo","river":"Embalse de Buseo","town":"Chera","kind":"wb","area_km2":55.7,"up_area_km2":219.5,"next":"J15-13-01-03","terminal_unit":"J15-19","terminal":"sea","drains_to_sea":true,"n_upstream":1,"outlet":[-0.9394,39.596],"outlet_how":"cedex river x unit boundary","label":[-0.9099,39.5685],"source":"CHJ PHJ 2022-2027 masas de agua superficial (cuenca)","chj_codes":["15-13-01-02"]},"geometry":{"type":"Polygon","coordinates":[[[-0.85,39.551],[-0.855,39.548],[-0.854,39.542],[-0.859,39.54],[-0.859,39.533],[-0.863,39.528],[-0.867,39.527],[-0.863,39.523],[-0.863,39.518],[-0.869,39.516],[-0.871,39.513],[-0.877,39.513],[-0.881,39.515],[-0.882,39.519],[-0.887,39.52],[-0.898,39.528],[-0.906,39.529],[-0.908,39.531],[-0.915,39.53],[-0.92,39.537],[-0.919,39.539],[-0.919,39.551],[-0.92,39.554],[-0.928,39.56],[-0.938,39.558],[-0.94,39.562],[-0.947,39.564],[-0.947,39.568],[-0.956,39.573],[-0.967,39.573],[-0.97,39.579],[-0.975,39.579],[-0.975,39.584],[-0.98,39.589],[-0.985,39.59],[-0.989,39.598],[-0.994,39.598],[-0.995,39.6],[-0.995,39.61],[-0.991,39.61],[-0.991,39.616],[-0.993,39.622],[-0.987,39.624],[-0.982,39.624],[-0.98,39.622],[-0.975,39.615],[-0.968,39.615],[-0.964,39.611],[-0.963,39.607],[-0.959,39.607],[-0.952,39.602],[-0.946,39.602],[-0.944,39.599],[-0.938,39.595],[-0.936,39.591],[-0.93,39.591],[-0.928,39.589],[-0.918,39.59],[-0.918,39.592],[-0.913,39.595],[-0.907,39.592],[-0.901,39.585],[-0.894,39.583],[-0.889,39.58],[-0.888,39.576],[-0.879,39.572],[-0.877,39.569],[-0.867,39.568],[-0.867,39.565],[-0.861,39.558],[-0.855,39.556],[-0.853,39.552],[-0.85,39.551]]]}},{"type":"Feature","properties":{"id":"J32-02","idx":137,"name":"Embalse de Almansa","river":"Embalse de Almansa","town":"Alpera","kind":"wb","area_km2":292.5,"up_area_km2":292.5,"next":"J18-29-01-03-01-01","terminal_unit":"J18-36","terminal":"sea","drains_to_sea":true,"n_upstream":0,"outlet":[-1.1562,38.875],"outlet_how":"cedex river x unit boundary","label":[-1.2595,38.892],"source":"CHJ PHJ 2022-2027 masas de agua superficial (cuenca)","chj_codes":["32-02"]},"geometry":{"type":"Polygon","coordinates":[[[-1.135,38.821],[-1.135,38.806],[-1.138,38.804],[-1.138,38.8],[-1.141,38.8],[-1.146,38.8],[-1.149,38.798],[-1.161,38.799],[-1.164,38.798],[-1.164,38.793],[-1.168,38.791],[-1.173,38.791],[-1.174,38.789],[-1.179,38.789],[-1.182,38.786],[-1.186,38.786],[-1.192,38.783],[-1.203,38.789],[-1.204,38.793],[-1.217,38.798],[-1.225,38.804],[-1.227,38.807],[-1.232,38.807],[-1.235,38.811],[-1.239,38.813],[-1.239,38.819],[-1.244,38.825],[-1.258,38.825],[-1.268,38.822],[-1.275,38.822],[-1.276,38.824],[-1.283,38.824],[-1.288,38.829],[-1.293,38.829],[-1.303,38.821],[-1.317,38.821],[-1.324,38.824],[-1.328,38.828],[-1.335,38.83],[-1.339,38.833],[-1.339,38.838],[-1.343,38.837],[-1.345,38.841],[-1.351,38.842],[-1.348,38.846],[-1.348,38.853],[-1.341,38.853],[-1.337,38.857],[-1.339,38.861],[-1.346,38.867],[-1.348,38.872],[-1.348,38.877],[-1.341,38.878],[-1.339,38.881],[-1.331,38.882],[-1.33,38.887],[-1.333,38.89],[-1.345,38.891],[-1.351,38.897],[-1.347,38.9],[-1.331,38.901],[-1.328,38.898],[-1.322,38.897],[-1.316,38.903],[-1.31,38.905],[-1.31,38.91],[-1.308,38.912],[-1.312,38.915],[-1.32,38.916],[-1.323,38.921],[-1.342,38.921],[-1.346,38.92],[-1.351,38.924],[-1.358,38.925],[-1.368,38.939],[-1.372,38.94],[-1.376,38.944],[-1.377,38.952],[-1.381,38.955],[-1.38,38.964],[-1.39,38.968],[-1.39,38.98],[-1.377,38.992],[-1.371,38.995],[-1.367,38.995],[-1.365,38.999],[-1.354,38.998],[-1.352,38.996],[-1.347,38.996],[-1.344,38.994],[-1.339,38.994],[-1.337,38.996],[-1.323,38.996],[-1.317,38.989],[-1.311,38.987],[-1.309,38.989],[-1.305,38.988],[-1.303,38.984],[-1.299,38.981],[-1.294,38.981],[-1.29,38.976],[-1.283,38.974],[-1.283,38.972],[-1.278,38.971],[-1.276,38.968],[-1.27,38.967],[-1.267,38.963],[-1.262,38.964],[-1.259,38.962],[-1.25,38.962],[-1.249,38.965],[-1.244,38.965],[-1.242,38.962],[-1.236,38.96],[-1.229,38.96],[-1.221,38.956],[-1.219,38.952],[-1.213,38.952],[-1.211,38.955],[-1.202,38.955],[-1.196,38.95],[-1.195,38.947],[-1.188,38.947],[-1.177,38.939],[-1.177,38.935],[-1.169,38.926],[-1.164,38.926],[-1.161,38.924],[-1.163,38.922],[-1.171,38.921],[-1.179,38.917],[-1.179,38.915],[-1.185,38.911],[-1.189,38.91],[-1.194,38.906],[-1.194,38.904],[-1.188,38.901],[-1.179,38.893],[-1.173,38.893],[-1.173,38.89],[-1.169,38.889],[-1.168,38.879],[-1.165,38.879],[-1.165,38.875],[-1.152,38.875],[-1.146,38.871],[-1.145,38.866],[-1.139,38.862],[-1.138,38.854],[-1.145,38.852],[-1.148,38.847],[-1.153,38.845],[-1.153,38.84],[-1.147,38.835],[-1.146,38.827],[-1.135,38.821]]]}},{"type":"Feature","properties":{"id":"J15-12","idx":138,"name":"Embalse de Loriguilla","river":"Embalse de Loriguilla","town":null,"kind":"wb","area_km2":89.8,"up_area_km2":4871.5,"next":"J15-13","terminal_unit":"J15-19","terminal":"sea","drains_to_sea":true,"n_upstream":29,"outlet":[-0.913,39.6655],"outlet_how":"cedex river x unit boundary","label":[-0.9385,39.6925],"source":"CHJ PHJ 2022-2027 masas de agua superficial (cuenca)","chj_codes":["15-12"]},"geometry":{"type":"Polygon","coordinates":[[[-1.022,39.643],[-1.015,39.646],[-1.016,39.657],[-1.014,39.661],[-1.008,39.661],[-1.004,39.667],[-0.998,39.667],[-0.993,39.669],[-0.98,39.669],[-0.979,39.671],[-0.964,39.677],[-0.966,39.681],[-0.966,39.688],[-0.97,39.691],[-0.979,39.694],[-0.981,39.697],[-0.98,39.707],[-0.974,39.708],[-0.969,39.705],[-0.964,39.705],[-0.953,39.708],[-0.956,39.712],[-0.955,39.719],[-0.949,39.721],[-0.949,39.724],[-0.944,39.729],[-0.937,39.73],[-0.939,39.737],[-0.938,39.749],[-0.937,39.755],[-0.931,39.759],[-0.923,39.759],[-0.915,39.758],[-0.913,39.761],[-0.907,39.761],[-0.905,39.756],[-0.9,39.754],[-0.896,39.755],[-0.891,39.75],[-0.89,39.745],[-0.887,39.741],[-0.883,39.741],[-0.878,39.738],[-0.877,39.731],[-0.869,39.731],[-0.87,39.724],[-0.874,39.721],[-0.878,39.721],[-0.889,39.714],[-0.886,39.707],[-0.886,39.701],[-0.888,39.701],[-0.892,39.696],[-0.902,39.694],[-0.903,39.691],[-0.907,39.69],[-0.9,39.683],[-0.9,39.678],[-0.903,39.676],[-0.902,39.672],[-0.909,39.671],[-0.909,39.668],[-0.913,39.667],[-0.915,39.66],[-0.912,39.659],[-0.912,39.65],[-0.919,39.647],[-0.925,39.641],[-0.929,39.641],[-0.933,39.645],[-0.941,39.644],[-0.945,39.642],[-0.948,39.638],[-0.952,39.638],[-0.953,39.629],[-0.963,39.631],[-0.968,39.628],[-0.973,39.628],[-0.975,39.624],[-0.98,39.622],[-0.982,39.624],[-0.987,39.624],[-0.993,39.622],[-0.994,39.63],[-0.996,39.634],[-1.002,39.636],[-1.007,39.63],[-1.013,39.63],[-1.016,39.634],[-1.017,39.64],[-1.021,39.64],[-1.022,39.643]]]}},{"type":"Feature","properties":{"id":"J15-10","idx":139,"name":"Embalse de Benagéber","river":"Embalse de Benagéber","town":"Titaguas","kind":"wb","area_km2":171.1,"up_area_km2":4260.1,"next":"J15-11","terminal_unit":"J15-19","terminal":"sea","drains_to_sea":true,"n_upstream":24,"outlet":[-1.0988,39.727],"outlet_how":"cedex river x unit boundary","label":[-1.1212,39.771],"source":"CHJ PHJ 2022-2027 masas de agua superficial (cuenca)","chj_codes":["15-10"]},"geometry":{"type":"Polygon","coordinates":[[[-1.21,39.842],[-1.201,39.841],[-1.185,39.841],[-1.183,39.838],[-1.178,39.837],[-1.178,39.834],[-1.17,39.83],[-1.163,39.83],[-1.155,39.827],[-1.143,39.827],[-1.142,39.824],[-1.137,39.823],[-1.136,39.826],[-1.13,39.827],[-1.13,39.837],[-1.127,39.837],[-1.13,39.842],[-1.124,39.848],[-1.125,39.858],[-1.127,39.858],[-1.127,39.863],[-1.123,39.866],[-1.121,39.87],[-1.121,39.875],[-1.115,39.881],[-1.113,39.888],[-1.107,39.89],[-1.107,39.895],[-1.103,39.896],[-1.107,39.899],[-1.104,39.904],[-1.093,39.903],[-1.09,39.9],[-1.084,39.904],[-1.078,39.903],[-1.07,39.904],[-1.072,39.898],[-1.069,39.897],[-1.067,39.893],[-1.069,39.891],[-1.067,39.886],[-1.058,39.886],[-1.052,39.881],[-1.045,39.881],[-1.05,39.878],[-1.05,39.873],[-1.046,39.866],[-1.04,39.862],[-1.038,39.855],[-1.041,39.852],[-1.038,39.844],[-1.033,39.844],[-1.039,39.841],[-1.038,39.836],[-1.043,39.83],[-1.048,39.829],[-1.057,39.83],[-1.058,39.828],[-1.064,39.83],[-1.072,39.829],[-1.075,39.825],[-1.087,39.825],[-1.088,39.823],[-1.101,39.824],[-1.099,39.817],[-1.101,39.817],[-1.103,39.811],[-1.1,39.811],[-1.1,39.807],[-1.096,39.8],[-1.091,39.8],[-1.094,39.794],[-1.094,39.789],[-1.098,39.789],[-1.101,39.786],[-1.101,39.781],[-1.095,39.774],[-1.094,39.768],[-1.091,39.764],[-1.084,39.763],[-1.086,39.761],[-1.083,39.757],[-1.085,39.751],[-1.083,39.75],[-1.074,39.751],[-1.07,39.747],[-1.069,39.743],[-1.072,39.742],[-1.075,39.737],[-1.081,39.735],[-1.083,39.732],[-1.094,39.727],[-1.099,39.727],[-1.102,39.722],[-1.107,39.719],[-1.112,39.719],[-1.116,39.713],[-1.119,39.712],[-1.119,39.701],[-1.122,39.701],[-1.122,39.695],[-1.126,39.69],[-1.121,39.683],[-1.111,39.675],[-1.111,39.671],[-1.107,39.667],[-1.107,39.656],[-1.115,39.657],[-1.116,39.659],[-1.123,39.655],[-1.121,39.652],[-1.125,39.65],[-1.126,39.646],[-1.129,39.644],[-1.128,39.641],[-1.133,39.64],[-1.133,39.638],[-1.135,39.638],[-1.14,39.642],[-1.143,39.648],[-1.149,39.647],[-1.15,39.645],[-1.156,39.65],[-1.161,39.652],[-1.163,39.657],[-1.174,39.669],[-1.168,39.674],[-1.168,39.682],[-1.164,39.684],[-1.163,39.688],[-1.167,39.691],[-1.166,39.694],[-1.157,39.695],[-1.156,39.702],[-1.153,39.705],[-1.153,39.711],[-1.155,39.712],[-1.158,39.719],[-1.164,39.723],[-1.162,39.732],[-1.164,39.737],[-1.169,39.739],[-1.169,39.75],[-1.16,39.754],[-1.153,39.754],[-1.152,39.756],[-1.145,39.757],[-1.147,39.762],[-1.146,39.768],[-1.151,39.776],[-1.156,39.776],[-1.159,39.779],[-1.166,39.781],[-1.168,39.788],[-1.176,39.786],[-1.183,39.791],[-1.187,39.798],[-1.194,39.798],[-1.2,39.803],[-1.201,39.809],[-1.199,39.814],[-1.201,39.814],[-1.204,39.82],[-1.201,39.821],[-1.202,39.827],[-1.208,39.833],[-1.212,39.833],[-1.212,39.839],[-1.21,39.842]]]}},{"type":"Feature","properties":{"id":"J18-07","idx":140,"name":"Embalse de Alarcón","river":"Embalse de Alarcón","town":"Valverde de Júcar","kind":"wb","area_km2":446.6,"up_area_km2":2952.0,"next":"J18-09","terminal_unit":"J18-36","terminal":"sea","drains_to_sea":true,"n_upstream":23,"outlet":[-2.112,39.565],"outlet_how":"cedex river x unit boundary","label":[-2.2249,39.7005],"source":"CHJ PHJ 2022-2027 masas de agua superficial (cuenca)","chj_codes":["18-07"]},"geometry":{"type":"Polygon","coordinates":[[[-2.397,39.757],[-2.388,39.757],[-2.386,39.759],[-2.379,39.758],[-2.366,39.758],[-2.361,39.762],[-2.361,39.764],[-2.355,39.767],[-2.342,39.766],[-2.339,39.768],[-2.338,39.774],[-2.335,39.776],[-2.324,39.778],[-2.328,39.786],[-2.326,39.786],[-2.33,39.792],[-2.334,39.793],[-2.333,39.803],[-2.319,39.802],[-2.317,39.806],[-2.313,39.809],[-2.302,39.809],[-2.299,39.813],[-2.293,39.811],[-2.296,39.817],[-2.304,39.819],[-2.305,39.837],[-2.309,39.835],[-2.315,39.843],[-2.322,39.844],[-2.323,39.846],[-2.32,39.851],[-2.311,39.852],[-2.311,39.854],[-2.303,39.854],[-2.3,39.857],[-2.296,39.857],[-2.294,39.854],[-2.289,39.852],[-2.27,39.852],[-2.267,39.857],[-2.261,39.857],[-2.258,39.86],[-2.249,39.861],[-2.249,39.859],[-2.238,39.86],[-2.237,39.863],[-2.231,39.869],[-2.224,39.867],[-2.222,39.865],[-2.225,39.86],[-2.226,39.85],[-2.223,39.846],[-2.223,39.841],[-2.225,39.84],[-2.225,39.833],[-2.234,39.827],[-2.235,39.82],[-2.239,39.819],[-2.243,39.815],[-2.243,39.812],[-2.247,39.809],[-2.254,39.809],[-2.253,39.8],[-2.255,39.796],[-2.252,39.789],[-2.246,39.789],[-2.247,39.784],[-2.241,39.78],[-2.237,39.78],[-2.236,39.775],[-2.24,39.771],[-2.24,39.767],[-2.243,39.765],[-2.241,39.761],[-2.243,39.759],[-2.25,39.758],[-2.248,39.752],[-2.253,39.751],[-2.248,39.746],[-2.247,39.74],[-2.245,39.738],[-2.237,39.737],[-2.22,39.739],[-2.214,39.736],[-2.202,39.737],[-2.198,39.74],[-2.2,39.732],[-2.187,39.731],[-2.183,39.725],[-2.176,39.719],[-2.172,39.719],[-2.167,39.715],[-2.161,39.714],[-2.157,39.715],[-2.156,39.719],[-2.151,39.719],[-2.15,39.721],[-2.143,39.723],[-2.142,39.721],[-2.131,39.721],[-2.123,39.714],[-2.122,39.711],[-2.114,39.708],[-2.114,39.705],[-2.106,39.704],[-2.099,39.697],[-2.096,39.698],[-2.091,39.694],[-2.087,39.694],[-2.084,39.691],[-2.075,39.686],[-2.075,39.68],[-2.069,39.68],[-2.067,39.678],[-2.067,39.673],[-2.061,39.672],[-2.061,39.669],[-2.053,39.668],[-2.05,39.665],[-2.042,39.664],[-2.041,39.648],[-2.046,39.646],[-2.053,39.648],[-2.053,39.646],[-2.06,39.646],[-2.066,39.643],[-2.075,39.635],[-2.079,39.629],[-2.08,39.618],[-2.08,39.607],[-2.084,39.605],[-2.076,39.595],[-2.071,39.593],[-2.071,39.582],[-2.068,39.581],[-2.065,39.576],[-2.07,39.572],[-2.073,39.572],[-2.074,39.568],[-2.08,39.567],[-2.08,39.564],[-2.088,39.565],[-2.1,39.565],[-2.104,39.562],[-2.109,39.562],[-2.114,39.567],[-2.125,39.56],[-2.126,39.552],[-2.124,39.549],[-2.128,39.549],[-2.134,39.546],[-2.147,39.546],[-2.151,39.551],[-2.157,39.551],[-2.16,39.548],[-2.157,39.541],[-2.162,39.534],[-2.166,39.534],[-2.171,39.53],[-2.174,39.53],[-2.177,39.534],[-2.181,39.536],[-2.19,39.535],[-2.192,39.541],[-2.19,39.542],[-2.193,39.548],[-2.193,39.553],[-2.195,39.558],[-2.2,39.561],[-2.199,39.569],[-2.206,39.574],[-2.213,39.575],[-2.214,39.577],[-2.219,39.577],[-2.225,39.58],[-2.227,39.584],[-2.233,39.587],[-2.245,39.591],[-2.244,39.596],[-2.251,39.599],[-2.254,39.604],[-2.252,39.611],[-2.256,39.614],[-2.261,39.615],[-2.262,39.625],[-2.266,39.627],[-2.267,39.631],[-2.274,39.634],[-2.283,39.64],[-2.284,39.645],[-2.288,39.645],[-2.289,39.652],[-2.293,39.652],[-2.296,39.656],[-2.292,39.656],[-2.291,39.66],[-2.293,39.666],[-2.286,39.667],[-2.283,39.675],[-2.286,39.677],[-2.285,39.682],[-2.295,39.684],[-2.296,39.682],[-2.304,39.684],[-2.305,39.687],[-2.313,39.693],[-2.319,39.693],[-2.323,39.695],[-2.326,39.699],[-2.329,39.693],[-2.34,39.693],[-2.348,39.698],[-2.347,39.702],[-2.351,39.704],[-2.348,39.711],[-2.346,39.711],[-2.344,39.719],[-2.347,39.719],[-2.351,39.733],[-2.354,39.734],[-2.365,39.734],[-2.368,39.742],[-2.372,39.745],[-2.38,39.745],[-2.38,39.748],[-2.39,39.749],[-2.391,39.752],[-2.397,39.757]]]}},{"type":"Feature","properties":{"id":"J10-12-01-05","idx":141,"name":"Embalse de María Cristina","river":"Embalse de María Cristina","town":"Sant Joan de Moró","kind":"wb","area_km2":76.6,"up_area_km2":1483.3,"next":"J10-12-01-06","terminal_unit":"J10-13A","terminal":"sea","drains_to_sea":true,"n_upstream":10,"outlet":[-0.164,40.0286],"outlet_how":"cedex river x unit boundary","label":[-0.1671,40.0675],"source":"CHJ PHJ 2022-2027 masas de agua superficial (cuenca)","chj_codes":["10-12-01-05"]},"geometry":{"type":"Polygon","coordinates":[[[-0.086,40.103],[-0.082,40.103],[-0.075,40.093],[-0.072,40.093],[-0.066,40.089],[-0.062,40.089],[-0.062,40.085],[-0.068,40.075],[-0.077,40.074],[-0.083,40.071],[-0.089,40.064],[-0.102,40.056],[-0.102,40.052],[-0.109,40.048],[-0.113,40.045],[-0.119,40.045],[-0.122,40.039],[-0.128,40.037],[-0.137,40.037],[-0.14,40.034],[-0.145,40.034],[-0.147,40.03],[-0.152,40.029],[-0.164,40.029],[-0.165,40.027],[-0.173,40.026],[-0.178,40.028],[-0.179,40.032],[-0.191,40.028],[-0.197,40.029],[-0.197,40.027],[-0.204,40.025],[-0.21,40.025],[-0.213,40.022],[-0.218,40.022],[-0.221,40.024],[-0.221,40.033],[-0.215,40.037],[-0.22,40.039],[-0.226,40.046],[-0.229,40.053],[-0.232,40.053],[-0.236,40.059],[-0.24,40.061],[-0.244,40.066],[-0.248,40.067],[-0.249,40.071],[-0.252,40.071],[-0.253,40.077],[-0.252,40.082],[-0.249,40.083],[-0.253,40.089],[-0.259,40.09],[-0.259,40.096],[-0.253,40.097],[-0.253,40.099],[-0.245,40.099],[-0.243,40.101],[-0.242,40.099],[-0.232,40.095],[-0.232,40.092],[-0.226,40.088],[-0.226,40.081],[-0.222,40.08],[-0.222,40.076],[-0.216,40.075],[-0.211,40.071],[-0.199,40.071],[-0.197,40.069],[-0.178,40.069],[-0.175,40.072],[-0.173,40.068],[-0.163,40.069],[-0.163,40.072],[-0.157,40.074],[-0.152,40.08],[-0.144,40.081],[-0.142,40.084],[-0.134,40.085],[-0.13,40.091],[-0.127,40.091],[-0.123,40.095],[-0.123,40.099],[-0.117,40.102],[-0.117,40.106],[-0.108,40.11],[-0.099,40.112],[-0.1,40.109],[-0.091,40.105],[-0.09,40.102],[-0.086,40.103]]]}},{"type":"Feature","properties":{"id":"J10-05A","idx":142,"name":"Embalse de Arenós","river":"Embalse de Arenós","town":"Puebla de Arenoso","kind":"wb","area_km2":28.8,"up_area_km2":1430.0,"next":"J10-06","terminal_unit":"J10-13A","terminal":"sea","drains_to_sea":true,"n_upstream":11,"outlet":[-0.5482,40.086],"outlet_how":"cedex river x unit boundary","label":[-0.5945,40.1],"source":"CHJ PHJ 2022-2027 masas de agua superficial (cuenca)","chj_codes":["10-05A"]},"geometry":{"type":"Polygon","coordinates":[[[-0.553,40.08],[-0.556,40.078],[-0.562,40.078],[-0.563,40.076],[-0.573,40.076],[-0.573,40.078],[-0.578,40.079],[-0.582,40.083],[-0.592,40.083],[-0.595,40.086],[-0.594,40.089],[-0.603,40.092],[-0.609,40.092],[-0.614,40.098],[-0.618,40.099],[-0.629,40.099],[-0.63,40.097],[-0.637,40.097],[-0.639,40.102],[-0.646,40.106],[-0.646,40.11],[-0.64,40.111],[-0.633,40.119],[-0.627,40.119],[-0.622,40.121],[-0.621,40.125],[-0.613,40.125],[-0.609,40.122],[-0.604,40.123],[-0.6,40.12],[-0.58,40.12],[-0.576,40.117],[-0.57,40.122],[-0.565,40.122],[-0.564,40.125],[-0.563,40.122],[-0.557,40.121],[-0.557,40.118],[-0.549,40.117],[-0.551,40.115],[-0.551,40.11],[-0.548,40.109],[-0.548,40.105],[-0.552,40.105],[-0.553,40.101],[-0.544,40.097],[-0.544,40.089],[-0.551,40.085],[-0.553,40.08]]]}},{"type":"Feature","properties":{"id":"J10-09","idx":143,"name":"Embalse de Sichar","river":"Embalse de Sichar","town":"Ribesalbes","kind":"wb","area_km2":85.0,"up_area_km2":2488.4,"next":"J10-13A","terminal_unit":"J10-13A","terminal":"sea","drains_to_sea":true,"n_upstream":23,"outlet":[-0.2312,40.01],"outlet_how":"cedex river x unit boundary","label":[-0.2865,40.075],"source":"CHJ PHJ 2022-2027 masas de agua superficial (cuenca)","chj_codes":["10-09"]},"geometry":{"type":"Polygon","coordinates":[[[-0.352,40.147],[-0.352,40.156],[-0.343,40.153],[-0.343,40.156],[-0.335,40.154],[-0.327,40.145],[-0.323,40.145],[-0.313,40.137],[-0.308,40.134],[-0.304,40.134],[-0.293,40.127],[-0.29,40.127],[-0.288,40.119],[-0.284,40.119],[-0.279,40.114],[-0.278,40.111],[-0.271,40.111],[-0.266,40.109],[-0.269,40.1],[-0.259,40.096],[-0.259,40.09],[-0.253,40.089],[-0.249,40.083],[-0.252,40.082],[-0.253,40.077],[-0.252,40.071],[-0.249,40.071],[-0.248,40.067],[-0.244,40.066],[-0.24,40.061],[-0.236,40.059],[-0.232,40.053],[-0.229,40.053],[-0.226,40.046],[-0.22,40.039],[-0.215,40.037],[-0.221,40.033],[-0.221,40.024],[-0.218,40.022],[-0.213,40.022],[-0.21,40.021],[-0.209,40.01],[-0.214,40.01],[-0.216,40.008],[-0.229,40.007],[-0.229,40.01],[-0.236,40.01],[-0.238,40.006],[-0.243,40.005],[-0.244,39.998],[-0.247,39.998],[-0.251,39.994],[-0.263,39.994],[-0.266,39.998],[-0.274,39.999],[-0.278,40.002],[-0.276,40.004],[-0.269,40.005],[-0.27,40.014],[-0.274,40.016],[-0.275,40.019],[-0.281,40.019],[-0.285,40.013],[-0.289,40.013],[-0.293,40.018],[-0.301,40.019],[-0.3,40.023],[-0.301,40.038],[-0.298,40.04],[-0.293,40.047],[-0.293,40.055],[-0.302,40.059],[-0.309,40.059],[-0.312,40.065],[-0.316,40.065],[-0.316,40.068],[-0.322,40.07],[-0.32,40.073],[-0.321,40.078],[-0.328,40.083],[-0.319,40.093],[-0.322,40.097],[-0.322,40.101],[-0.318,40.103],[-0.319,40.108],[-0.322,40.11],[-0.324,40.118],[-0.329,40.119],[-0.332,40.123],[-0.332,40.128],[-0.34,40.129],[-0.343,40.133],[-0.342,40.138],[-0.347,40.139],[-0.351,40.143],[-0.352,40.147]]]}},{"type":"Feature","properties":{"id":"J18-32-01-06","idx":144,"name":"Embalse de Forata","river":"Embalse de Forata","town":null,"kind":"wb","area_km2":38.8,"up_area_km2":1025.0,"next":"J18-32-01-07","terminal_unit":"J18-36","terminal":"sea","drains_to_sea":true,"n_upstream":8,"outlet":[-0.865,39.3405],"outlet_how":"cedex river x unit boundary","label":[-0.8848,39.3515],"source":"CHJ PHJ 2022-2027 masas de agua superficial (cuenca)","chj_codes":["18-32-01-06"]},"geometry":{"type":"Polygon","coordinates":[[[-0.911,39.311],[-0.916,39.311],[-0.918,39.313],[-0.928,39.315],[-0.935,39.32],[-0.945,39.322],[-0.945,39.324],[-0.938,39.324],[-0.939,39.33],[-0.937,39.335],[-0.929,39.341],[-0.925,39.342],[-0.925,39.346],[-0.922,39.35],[-0.91,39.349],[-0.909,39.353],[-0.915,39.358],[-0.915,39.363],[-0.912,39.366],[-0.908,39.364],[-0.899,39.366],[-0.899,39.37],[-0.902,39.373],[-0.902,39.381],[-0.91,39.385],[-0.914,39.385],[-0.916,39.388],[-0.915,39.392],[-0.901,39.39],[-0.898,39.387],[-0.871,39.387],[-0.866,39.385],[-0.864,39.379],[-0.861,39.378],[-0.861,39.372],[-0.866,39.368],[-0.869,39.363],[-0.869,39.358],[-0.862,39.357],[-0.86,39.353],[-0.861,39.345],[-0.864,39.344],[-0.865,39.339],[-0.863,39.339],[-0.863,39.334],[-0.861,39.329],[-0.869,39.325],[-0.869,39.32],[-0.873,39.321],[-0.875,39.318],[-0.887,39.318],[-0.894,39.315],[-0.898,39.315],[-0.901,39.311],[-0.911,39.311]]]}},{"type":"Feature","properties":{"id":"J18-25","idx":145,"name":"Embalse de Tous","river":"Embalse de Tous","town":"Millares","kind":"wb","area_km2":117.7,"up_area_km2":16446.8,"next":"J18-27","terminal_unit":"J18-36","terminal":"sea","drains_to_sea":true,"n_upstream":94,"outlet":[-0.651,39.133],"outlet_how":"cedex river x unit boundary","label":[-0.6873,39.2],"source":"CHJ PHJ 2022-2027 masas de agua superficial (cuenca)","chj_codes":["18-25"]},"geometry":{"type":"Polygon","coordinates":[[[-0.713,39.162],[-0.712,39.167],[-0.714,39.168],[-0.714,39.173],[-0.718,39.178],[-0.717,39.185],[-0.721,39.187],[-0.718,39.188],[-0.72,39.193],[-0.715,39.193],[-0.718,39.198],[-0.718,39.202],[-0.722,39.205],[-0.722,39.208],[-0.727,39.21],[-0.729,39.213],[-0.745,39.212],[-0.751,39.217],[-0.75,39.222],[-0.757,39.222],[-0.762,39.225],[-0.767,39.225],[-0.773,39.229],[-0.78,39.231],[-0.78,39.229],[-0.792,39.226],[-0.791,39.221],[-0.8,39.218],[-0.81,39.218],[-0.81,39.217],[-0.825,39.218],[-0.829,39.222],[-0.83,39.226],[-0.834,39.227],[-0.837,39.231],[-0.837,39.236],[-0.84,39.237],[-0.842,39.242],[-0.834,39.239],[-0.82,39.24],[-0.816,39.244],[-0.808,39.245],[-0.806,39.242],[-0.795,39.243],[-0.792,39.247],[-0.79,39.258],[-0.786,39.259],[-0.785,39.27],[-0.777,39.271],[-0.777,39.28],[-0.772,39.283],[-0.766,39.282],[-0.766,39.279],[-0.762,39.278],[-0.746,39.28],[-0.743,39.283],[-0.737,39.283],[-0.726,39.277],[-0.717,39.277],[-0.712,39.275],[-0.703,39.275],[-0.7,39.273],[-0.702,39.269],[-0.699,39.265],[-0.701,39.259],[-0.705,39.259],[-0.703,39.249],[-0.701,39.246],[-0.7,39.238],[-0.698,39.238],[-0.698,39.233],[-0.691,39.222],[-0.681,39.221],[-0.679,39.218],[-0.671,39.22],[-0.655,39.219],[-0.65,39.214],[-0.651,39.204],[-0.656,39.203],[-0.657,39.197],[-0.654,39.196],[-0.652,39.189],[-0.656,39.187],[-0.656,39.183],[-0.647,39.18],[-0.642,39.175],[-0.648,39.173],[-0.649,39.17],[-0.647,39.166],[-0.65,39.165],[-0.646,39.162],[-0.646,39.157],[-0.639,39.153],[-0.639,39.149],[-0.632,39.148],[-0.629,39.146],[-0.626,39.14],[-0.63,39.14],[-0.634,39.136],[-0.641,39.136],[-0.641,39.134],[-0.646,39.134],[-0.658,39.13],[-0.666,39.13],[-0.671,39.126],[-0.674,39.126],[-0.675,39.119],[-0.679,39.119],[-0.689,39.128],[-0.698,39.128],[-0.7,39.133],[-0.697,39.135],[-0.697,39.139],[-0.702,39.144],[-0.705,39.156],[-0.708,39.157],[-0.713,39.162]]]}},{"type":"Feature","properties":{"id":"J18-22","idx":146,"name":"Embalse de Cortes II","river":"Embalse de Cortes II","town":"Cortes de Pallás","kind":"wb","area_km2":141.2,"up_area_km2":15706.3,"next":"J18-23","terminal_unit":"J18-36","terminal":"sea","drains_to_sea":true,"n_upstream":87,"outlet":[-0.9183,39.262],"outlet_how":"cedex river x unit boundary","label":[-0.9921,39.263],"source":"CHJ PHJ 2022-2027 masas de agua superficial (cuenca)","merged_names":["La Muela"],"chj_codes":["18-22","L19"]},"geometry":{"type":"Polygon","coordinates":[[[-0.958,39.173],[-0.964,39.174],[-0.966,39.177],[-0.974,39.18],[-0.975,39.184],[-0.984,39.183],[-0.986,39.18],[-0.991,39.18],[-0.997,39.176],[-1.018,39.176],[-1.015,39.179],[-1.013,39.187],[-1.017,39.19],[-1.017,39.195],[-1.02,39.196],[-1.019,39.202],[-1.021,39.203],[-1.021,39.208],[-1.023,39.209],[-1.02,39.213],[-1.022,39.217],[-1.022,39.226],[-1.029,39.229],[-1.032,39.233],[-1.035,39.241],[-1.029,39.24],[-1.016,39.24],[-1.007,39.244],[-1.009,39.249],[-1.021,39.25],[-1.026,39.248],[-1.031,39.25],[-1.036,39.255],[-1.031,39.261],[-1.032,39.27],[-1.03,39.273],[-1.035,39.274],[-1.033,39.277],[-1.033,39.282],[-1.037,39.291],[-1.041,39.293],[-1.041,39.296],[-1.045,39.299],[-1.051,39.299],[-1.052,39.297],[-1.063,39.298],[-1.069,39.3],[-1.068,39.306],[-1.072,39.307],[-1.077,39.311],[-1.077,39.315],[-1.069,39.314],[-1.061,39.319],[-1.054,39.319],[-1.05,39.324],[-1.043,39.329],[-1.036,39.328],[-1.032,39.337],[-1.028,39.338],[-1.028,39.342],[-1.02,39.344],[-1.021,39.352],[-1.011,39.353],[-1.004,39.347],[-0.993,39.349],[-0.99,39.347],[-0.991,39.344],[-0.984,39.342],[-0.983,39.336],[-0.967,39.333],[-0.964,39.33],[-0.964,39.328],[-0.97,39.328],[-0.973,39.326],[-0.974,39.32],[-0.977,39.318],[-0.977,39.308],[-0.983,39.302],[-0.979,39.302],[-0.977,39.296],[-0.979,39.292],[-0.982,39.292],[-0.985,39.287],[-0.989,39.284],[-0.982,39.283],[-0.979,39.276],[-0.971,39.276],[-0.97,39.273],[-0.963,39.272],[-0.962,39.269],[-0.956,39.269],[-0.957,39.265],[-0.954,39.265],[-0.951,39.259],[-0.941,39.261],[-0.929,39.261],[-0.926,39.264],[-0.923,39.261],[-0.915,39.262],[-0.908,39.266],[-0.908,39.261],[-0.905,39.261],[-0.897,39.253],[-0.895,39.247],[-0.899,39.245],[-0.901,39.24],[-0.904,39.239],[-0.905,39.23],[-0.907,39.225],[-0.911,39.223],[-0.915,39.224],[-0.925,39.224],[-0.925,39.222],[-0.919,39.219],[-0.919,39.212],[-0.917,39.211],[-0.917,39.203],[-0.922,39.201],[-0.926,39.197],[-0.927,39.192],[-0.934,39.188],[-0.942,39.188],[-0.948,39.186],[-0.948,39.183],[-0.952,39.182],[-0.952,39.179],[-0.958,39.173]]]}},{"type":"Feature","properties":{"id":"J18-23","idx":147,"name":"Embalse de El Naranjero","river":"Embalse de El Naranjero","town":null,"kind":"wb","area_km2":53.3,"up_area_km2":15759.6,"next":"J18-24","terminal_unit":"J18-36","terminal":"sea","drains_to_sea":true,"n_upstream":88,"outlet":[-0.8515,39.278],"outlet_how":"cedex river x unit boundary","label":[-0.9367,39.291],"source":"CHJ PHJ 2022-2027 masas de agua superficial (cuenca)","chj_codes":["18-23"]},"geometry":{"type":"Polygon","coordinates":[[[-0.897,39.253],[-0.905,39.261],[-0.908,39.261],[-0.908,39.266],[-0.915,39.262],[-0.923,39.261],[-0.926,39.264],[-0.929,39.261],[-0.941,39.261],[-0.951,39.259],[-0.954,39.265],[-0.957,39.265],[-0.956,39.269],[-0.962,39.269],[-0.963,39.272],[-0.97,39.273],[-0.971,39.276],[-0.979,39.276],[-0.982,39.283],[-0.989,39.284],[-0.985,39.287],[-0.982,39.292],[-0.979,39.292],[-0.977,39.296],[-0.979,39.302],[-0.983,39.302],[-0.977,39.308],[-0.977,39.318],[-0.974,39.32],[-0.973,39.326],[-0.97,39.328],[-0.964,39.328],[-0.964,39.33],[-0.959,39.33],[-0.957,39.328],[-0.945,39.324],[-0.945,39.322],[-0.935,39.32],[-0.928,39.315],[-0.918,39.313],[-0.916,39.311],[-0.911,39.311],[-0.911,39.307],[-0.908,39.306],[-0.909,39.301],[-0.906,39.299],[-0.901,39.299],[-0.893,39.294],[-0.89,39.29],[-0.88,39.29],[-0.877,39.286],[-0.872,39.285],[-0.867,39.281],[-0.867,39.277],[-0.853,39.277],[-0.848,39.276],[-0.848,39.269],[-0.85,39.267],[-0.858,39.267],[-0.864,39.263],[-0.866,39.26],[-0.871,39.259],[-0.872,39.261],[-0.88,39.26],[-0.882,39.257],[-0.885,39.254],[-0.891,39.255],[-0.897,39.253]]]}},{"type":"Feature","properties":{"id":"J18-21","idx":148,"name":"Embalse de Embarcaderos","river":"Embalse de Embarcaderos","town":"Cofrentes","kind":"wb","area_km2":56.7,"up_area_km2":15565.1,"next":"J18-22","terminal_unit":"J18-36","terminal":"sea","drains_to_sea":true,"n_upstream":86,"outlet":[-1.0344,39.241],"outlet_how":"cedex river x unit boundary","label":[-1.0613,39.258],"source":"CHJ PHJ 2022-2027 masas de agua superficial (cuenca)","chj_codes":["18-21"]},"geometry":{"type":"Polygon","coordinates":[[[-1.072,39.307],[-1.068,39.306],[-1.069,39.3],[-1.063,39.298],[-1.052,39.297],[-1.051,39.299],[-1.045,39.299],[-1.041,39.296],[-1.041,39.293],[-1.037,39.291],[-1.033,39.282],[-1.033,39.277],[-1.035,39.274],[-1.03,39.273],[-1.032,39.27],[-1.031,39.261],[-1.036,39.255],[-1.031,39.25],[-1.026,39.248],[-1.021,39.25],[-1.009,39.249],[-1.007,39.244],[-1.016,39.24],[-1.029,39.24],[-1.035,39.241],[-1.032,39.233],[-1.029,39.229],[-1.022,39.226],[-1.022,39.217],[-1.03,39.216],[-1.035,39.213],[-1.047,39.212],[-1.059,39.213],[-1.061,39.211],[-1.056,39.211],[-1.055,39.208],[-1.073,39.208],[-1.078,39.215],[-1.079,39.219],[-1.085,39.221],[-1.086,39.223],[-1.092,39.223],[-1.092,39.225],[-1.099,39.224],[-1.105,39.219],[-1.12,39.219],[-1.126,39.22],[-1.129,39.211],[-1.138,39.218],[-1.138,39.223],[-1.134,39.229],[-1.13,39.229],[-1.129,39.238],[-1.13,39.24],[-1.118,39.24],[-1.118,39.239],[-1.104,39.239],[-1.1,39.246],[-1.097,39.247],[-1.093,39.253],[-1.092,39.257],[-1.086,39.259],[-1.087,39.265],[-1.083,39.268],[-1.084,39.274],[-1.078,39.279],[-1.08,39.281],[-1.08,39.291],[-1.079,39.294],[-1.084,39.297],[-1.08,39.3],[-1.077,39.305],[-1.072,39.307]]]}},{"type":"Feature","properties":{"id":"J18-21-01-07","idx":149,"name":"Embalse de Contreras","river":"Embalse de Contreras","town":"Villargordo del Cabriel","kind":"wb","area_km2":222.3,"up_area_km2":3349.8,"next":"J18-21-01-08","terminal_unit":"J18-36","terminal":"sea","drains_to_sea":true,"n_upstream":18,"outlet":[-1.503,39.5438],"outlet_how":"cedex river x unit boundary","label":[-1.5626,39.601],"source":"CHJ PHJ 2022-2027 masas de agua superficial (cuenca)","chj_codes":["18-21-01-07"]},"geometry":{"type":"Polygon","coordinates":[[[-1.415,39.563],[-1.419,39.555],[-1.42,39.549],[-1.426,39.548],[-1.431,39.543],[-1.431,39.54],[-1.425,39.536],[-1.424,39.53],[-1.426,39.526],[-1.432,39.526],[-1.435,39.524],[-1.437,39.518],[-1.444,39.516],[-1.445,39.514],[-1.456,39.515],[-1.46,39.516],[-1.465,39.522],[-1.47,39.524],[-1.476,39.529],[-1.482,39.531],[-1.494,39.54],[-1.502,39.542],[-1.503,39.544],[-1.513,39.544],[-1.513,39.54],[-1.516,39.542],[-1.522,39.541],[-1.522,39.539],[-1.534,39.54],[-1.535,39.538],[-1.54,39.538],[-1.541,39.534],[-1.548,39.528],[-1.563,39.529],[-1.565,39.534],[-1.572,39.536],[-1.572,39.543],[-1.579,39.543],[-1.579,39.541],[-1.588,39.54],[-1.591,39.542],[-1.592,39.548],[-1.596,39.55],[-1.599,39.555],[-1.606,39.554],[-1.607,39.556],[-1.614,39.556],[-1.617,39.562],[-1.623,39.564],[-1.625,39.568],[-1.621,39.572],[-1.619,39.577],[-1.616,39.577],[-1.617,39.582],[-1.623,39.582],[-1.626,39.585],[-1.633,39.585],[-1.64,39.59],[-1.64,39.595],[-1.638,39.598],[-1.65,39.598],[-1.655,39.603],[-1.656,39.611],[-1.653,39.615],[-1.653,39.622],[-1.649,39.622],[-1.649,39.628],[-1.646,39.633],[-1.642,39.636],[-1.635,39.639],[-1.632,39.642],[-1.631,39.651],[-1.628,39.655],[-1.624,39.657],[-1.619,39.657],[-1.618,39.663],[-1.614,39.664],[-1.612,39.668],[-1.609,39.668],[-1.606,39.676],[-1.601,39.679],[-1.604,39.68],[-1.602,39.684],[-1.597,39.684],[-1.594,39.681],[-1.587,39.68],[-1.585,39.672],[-1.569,39.675],[-1.571,39.666],[-1.568,39.663],[-1.568,39.657],[-1.566,39.656],[-1.557,39.657],[-1.556,39.66],[-1.548,39.665],[-1.543,39.665],[-1.541,39.668],[-1.537,39.669],[-1.536,39.672],[-1.527,39.671],[-1.526,39.673],[-1.521,39.673],[-1.513,39.675],[-1.508,39.681],[-1.505,39.681],[-1.505,39.677],[-1.5,39.676],[-1.498,39.668],[-1.491,39.662],[-1.491,39.658],[-1.488,39.655],[-1.489,39.649],[-1.492,39.648],[-1.487,39.644],[-1.487,39.64],[-1.483,39.639],[-1.481,39.636],[-1.476,39.634],[-1.478,39.632],[-1.478,39.624],[-1.472,39.619],[-1.472,39.614],[-1.476,39.613],[-1.476,39.608],[-1.473,39.606],[-1.472,39.599],[-1.475,39.598],[-1.475,39.593],[-1.47,39.589],[-1.457,39.59],[-1.445,39.587],[-1.442,39.582],[-1.43,39.578],[-1.431,39.573],[-1.43,39.566],[-1.427,39.564],[-1.415,39.563]]]}},{"type":"Feature","properties":{"id":"J18-19","idx":150,"name":"Embalse de El Molinar","river":"Embalse de El Molinar","town":null,"kind":"wb","area_km2":43.5,"up_area_km2":9957.9,"next":"J18-20","terminal_unit":"J18-36","terminal":"sea","drains_to_sea":true,"n_upstream":55,"outlet":[-1.24,39.2079],"outlet_how":"cedex river x unit boundary","label":[-1.281,39.183],"source":"CHJ PHJ 2022-2027 masas de agua superficial (cuenca)","chj_codes":["18-19"]},"geometry":{"type":"Polygon","coordinates":[[[-1.234,39.174],[-1.241,39.171],[-1.243,39.167],[-1.252,39.167],[-1.253,39.163],[-1.257,39.161],[-1.259,39.155],[-1.263,39.153],[-1.275,39.153],[-1.281,39.151],[-1.291,39.151],[-1.294,39.149],[-1.296,39.152],[-1.296,39.158],[-1.294,39.161],[-1.299,39.163],[-1.304,39.167],[-1.31,39.167],[-1.312,39.17],[-1.317,39.17],[-1.318,39.175],[-1.318,39.193],[-1.317,39.201],[-1.32,39.202],[-1.321,39.209],[-1.319,39.21],[-1.318,39.216],[-1.317,39.217],[-1.301,39.217],[-1.296,39.218],[-1.295,39.216],[-1.286,39.216],[-1.271,39.218],[-1.255,39.218],[-1.247,39.217],[-1.245,39.219],[-1.231,39.218],[-1.231,39.211],[-1.238,39.21],[-1.244,39.202],[-1.245,39.192],[-1.247,39.19],[-1.246,39.184],[-1.242,39.182],[-1.242,39.179],[-1.234,39.179],[-1.234,39.174]]]}},{"type":"Feature","properties":{"id":"J18-14-01-03-01-01","idx":151,"name":"Río Mirón: cabecera - rambla de Fuentecarrasca","river":"Río Mirón","town":"Casas de Lázaro","kind":"wb","area_km2":130.1,"up_area_km2":130.1,"next":"J18-14-01-03-01-02","terminal_unit":"J18-36","terminal":"sea","drains_to_sea":true,"n_upstream":0,"outlet":[-2.2365,38.78],"outlet_how":"cedex river x unit boundary","label":[-2.2348,38.701],"source":"CHJ PHJ 2022-2027 masas de agua superficial (cuenca)","chj_codes":["18-14-01-03-01-01"]},"geometry":{"type":"Polygon","coordinates":[[[-2.273,38.778],[-2.269,38.78],[-2.263,38.779],[-2.263,38.781],[-2.255,38.784],[-2.251,38.784],[-2.247,38.781],[-2.238,38.781],[-2.233,38.778],[-2.231,38.773],[-2.228,38.773],[-2.22,38.767],[-2.217,38.758],[-2.213,38.758],[-2.207,38.752],[-2.188,38.752],[-2.19,38.747],[-2.188,38.746],[-2.188,38.741],[-2.184,38.74],[-2.184,38.737],[-2.179,38.735],[-2.181,38.731],[-2.184,38.731],[-2.184,38.725],[-2.19,38.724],[-2.191,38.716],[-2.193,38.712],[-2.186,38.712],[-2.183,38.707],[-2.185,38.705],[-2.194,38.704],[-2.194,38.698],[-2.186,38.695],[-2.186,38.688],[-2.191,38.684],[-2.187,38.68],[-2.187,38.673],[-2.192,38.673],[-2.191,38.669],[-2.196,38.666],[-2.195,38.662],[-2.196,38.653],[-2.198,38.65],[-2.198,38.647],[-2.204,38.647],[-2.209,38.642],[-2.212,38.636],[-2.219,38.637],[-2.216,38.633],[-2.216,38.629],[-2.214,38.628],[-2.221,38.623],[-2.229,38.624],[-2.23,38.63],[-2.239,38.631],[-2.248,38.64],[-2.257,38.639],[-2.262,38.64],[-2.263,38.646],[-2.268,38.646],[-2.273,38.649],[-2.273,38.652],[-2.282,38.65],[-2.28,38.644],[-2.285,38.645],[-2.287,38.642],[-2.296,38.642],[-2.302,38.639],[-2.31,38.639],[-2.31,38.641],[-2.315,38.641],[-2.318,38.636],[-2.336,38.636],[-2.337,38.637],[-2.333,38.644],[-2.325,38.649],[-2.321,38.653],[-2.326,38.653],[-2.328,38.656],[-2.325,38.66],[-2.319,38.66],[-2.319,38.662],[-2.308,38.662],[-2.305,38.664],[-2.298,38.663],[-2.294,38.665],[-2.291,38.671],[-2.284,38.672],[-2.284,38.676],[-2.288,38.677],[-2.288,38.686],[-2.281,38.689],[-2.28,38.694],[-2.275,38.696],[-2.276,38.704],[-2.281,38.709],[-2.281,38.711],[-2.287,38.717],[-2.286,38.722],[-2.291,38.725],[-2.287,38.73],[-2.289,38.731],[-2.289,38.746],[-2.285,38.75],[-2.285,38.766],[-2.275,38.767],[-2.275,38.775],[-2.273,38.778]]]}},{"type":"Feature","properties":{"id":"J18-14-01-01","idx":152,"name":"Río Arquillo: cabecera - laguna del Arquillo","river":"Río Arquillo","town":"Peñascosa","kind":"wb","area_km2":72.3,"up_area_km2":72.3,"next":"J18-14-01-02","terminal_unit":"J18-36","terminal":"sea","drains_to_sea":true,"n_upstream":0,"outlet":[-2.3615,38.754],"outlet_how":"cedex river x unit boundary","label":[-2.3681,38.695],"source":"CHJ PHJ 2022-2027 masas de agua superficial (cuenca)","merged_names":["Laguna del Arquillo"],"chj_codes":["18-14-01-01","L08"]},"geometry":{"type":"Polygon","coordinates":[[[-2.319,38.662],[-2.319,38.66],[-2.325,38.66],[-2.328,38.656],[-2.326,38.653],[-2.321,38.653],[-2.325,38.649],[-2.333,38.644],[-2.337,38.637],[-2.344,38.635],[-2.347,38.637],[-2.354,38.631],[-2.359,38.631],[-2.359,38.633],[-2.365,38.634],[-2.369,38.637],[-2.369,38.641],[-2.374,38.644],[-2.376,38.643],[-2.377,38.65],[-2.379,38.652],[-2.393,38.649],[-2.396,38.652],[-2.405,38.653],[-2.407,38.658],[-2.407,38.662],[-2.41,38.665],[-2.41,38.672],[-2.413,38.68],[-2.407,38.681],[-2.406,38.691],[-2.404,38.692],[-2.404,38.697],[-2.402,38.706],[-2.406,38.707],[-2.407,38.715],[-2.409,38.716],[-2.409,38.723],[-2.413,38.726],[-2.419,38.736],[-2.414,38.739],[-2.41,38.739],[-2.403,38.746],[-2.399,38.748],[-2.393,38.748],[-2.388,38.754],[-2.381,38.754],[-2.373,38.757],[-2.368,38.755],[-2.363,38.756],[-2.359,38.753],[-2.359,38.743],[-2.357,38.742],[-2.357,38.737],[-2.354,38.736],[-2.354,38.729],[-2.352,38.728],[-2.352,38.723],[-2.355,38.721],[-2.354,38.717],[-2.35,38.714],[-2.343,38.714],[-2.341,38.707],[-2.333,38.7],[-2.332,38.693],[-2.334,38.688],[-2.336,38.688],[-2.333,38.683],[-2.335,38.68],[-2.333,38.678],[-2.332,38.671],[-2.327,38.665],[-2.319,38.662]]]}},{"type":"Feature","properties":{"id":"J18-14-01-02","idx":153,"name":"Río Arquillo: laguna del Arquillo - azud de Carrasca del Sombrero","river":"Río Arquillo","town":"Robledo","kind":"wb","area_km2":253.1,"up_area_km2":391.1,"next":"J18-14-01-03","terminal_unit":"J18-36","terminal":"sea","drains_to_sea":true,"n_upstream":2,"outlet":[-2.264,38.8256],"outlet_how":"cedex river x unit boundary","label":[-2.4512,38.751],"source":"CHJ PHJ 2022-2027 masas de agua superficial (cuenca)","chj_codes":["18-14-01-02"]},"geometry":{"type":"Polygon","coordinates":[[[-2.287,38.843],[-2.282,38.842],[-2.282,38.84],[-2.277,38.84],[-2.275,38.837],[-2.269,38.836],[-2.269,38.832],[-2.264,38.827],[-2.267,38.825],[-2.268,38.82],[-2.267,38.813],[-2.269,38.81],[-2.268,38.804],[-2.273,38.8],[-2.277,38.791],[-2.281,38.789],[-2.276,38.787],[-2.273,38.778],[-2.275,38.775],[-2.275,38.767],[-2.285,38.766],[-2.285,38.75],[-2.289,38.746],[-2.289,38.731],[-2.287,38.73],[-2.291,38.725],[-2.286,38.722],[-2.287,38.717],[-2.281,38.711],[-2.281,38.709],[-2.276,38.704],[-2.275,38.696],[-2.28,38.694],[-2.281,38.689],[-2.288,38.686],[-2.288,38.677],[-2.284,38.676],[-2.284,38.672],[-2.291,38.671],[-2.294,38.665],[-2.298,38.663],[-2.305,38.664],[-2.308,38.662],[-2.319,38.662],[-2.327,38.665],[-2.332,38.671],[-2.333,38.678],[-2.335,38.68],[-2.333,38.683],[-2.336,38.688],[-2.334,38.688],[-2.332,38.693],[-2.333,38.7],[-2.341,38.707],[-2.343,38.714],[-2.35,38.714],[-2.354,38.717],[-2.355,38.721],[-2.352,38.723],[-2.352,38.728],[-2.354,38.729],[-2.354,38.736],[-2.357,38.737],[-2.357,38.742],[-2.359,38.743],[-2.359,38.753],[-2.363,38.756],[-2.368,38.755],[-2.373,38.757],[-2.381,38.754],[-2.388,38.754],[-2.393,38.748],[-2.399,38.748],[-2.403,38.746],[-2.41,38.739],[-2.414,38.739],[-2.419,38.736],[-2.413,38.726],[-2.409,38.723],[-2.409,38.716],[-2.407,38.715],[-2.406,38.707],[-2.402,38.706],[-2.404,38.697],[-2.404,38.692],[-2.406,38.691],[-2.407,38.681],[-2.413,38.68],[-2.41,38.672],[-2.41,38.665],[-2.407,38.662],[-2.407,38.658],[-2.416,38.659],[-2.418,38.661],[-2.426,38.662],[-2.428,38.668],[-2.425,38.67],[-2.423,38.677],[-2.427,38.68],[-2.431,38.68],[-2.429,38.687],[-2.435,38.688],[-2.442,38.696],[-2.451,38.693],[-2.459,38.7],[-2.458,38.707],[-2.454,38.708],[-2.452,38.711],[-2.452,38.723],[-2.454,38.729],[-2.461,38.729],[-2.461,38.741],[-2.471,38.741],[-2.476,38.742],[-2.481,38.739],[-2.482,38.732],[-2.487,38.728],[-2.496,38.727],[-2.499,38.731],[-2.502,38.739],[-2.51,38.741],[-2.512,38.746],[-2.512,38.752],[-2.514,38.753],[-2.514,38.762],[-2.512,38.764],[-2.507,38.764],[-2.501,38.768],[-2.496,38.768],[-2.489,38.774],[-2.486,38.78],[-2.486,38.785],[-2.491,38.789],[-2.496,38.79],[-2.496,38.792],[-2.505,38.791],[-2.506,38.793],[-2.519,38.793],[-2.521,38.796],[-2.519,38.8],[-2.511,38.799],[-2.51,38.804],[-2.505,38.805],[-2.504,38.809],[-2.501,38.811],[-2.499,38.809],[-2.49,38.807],[-2.484,38.811],[-2.484,38.822],[-2.483,38.829],[-2.48,38.83],[-2.48,38.834],[-2.476,38.836],[-2.475,38.842],[-2.472,38.844],[-2.473,38.841],[-2.468,38.841],[-2.464,38.838],[-2.457,38.838],[-2.456,38.836],[-2.45,38.837],[-2.448,38.835],[-2.436,38.834],[-2.427,38.841],[-2.426,38.844],[-2.421,38.844],[-2.42,38.841],[-2.412,38.836],[-2.412,38.832],[-2.408,38.827],[-2.403,38.824],[-2.403,38.821],[-2.398,38.82],[-2.395,38.812],[-2.391,38.808],[-2.392,38.801],[-2.388,38.799],[-2.377,38.799],[-2.375,38.802],[-2.363,38.804],[-2.361,38.813],[-2.358,38.813],[-2.359,38.821],[-2.356,38.823],[-2.349,38.823],[-2.343,38.827],[-2.337,38.826],[-2.332,38.823],[-2.326,38.823],[-2.324,38.821],[-2.318,38.821],[-2.316,38.816],[-2.313,38.819],[-2.308,38.82],[-2.31,38.822],[-2.309,38.828],[-2.306,38.831],[-2.295,38.836],[-2.292,38.842],[-2.287,38.843]]]}},{"type":"Feature","properties":{"id":"J18-21-01-07-01-01","idx":154,"name":"Río Martín","river":"Río Martín","town":"Víllora","kind":"wb","area_km2":106.0,"up_area_km2":106.0,"next":"J18-21-01-07","terminal_unit":"J18-36","terminal":"sea","drains_to_sea":true,"n_upstream":0,"outlet":[-1.586,39.6778],"outlet_how":"cedex river x unit boundary","label":[-1.5633,39.793],"source":"CHJ PHJ 2022-2027 masas de agua superficial (cuenca)","chj_codes":["18-21-01-07-01-01"]},"geometry":{"type":"Polygon","coordinates":[[[-1.569,39.675],[-1.585,39.672],[-1.587,39.68],[-1.594,39.681],[-1.597,39.684],[-1.596,39.688],[-1.599,39.69],[-1.599,39.7],[-1.6,39.703],[-1.606,39.703],[-1.613,39.707],[-1.613,39.713],[-1.615,39.715],[-1.609,39.715],[-1.608,39.72],[-1.604,39.725],[-1.609,39.727],[-1.614,39.732],[-1.612,39.737],[-1.607,39.737],[-1.607,39.74],[-1.603,39.741],[-1.603,39.745],[-1.598,39.749],[-1.598,39.757],[-1.596,39.761],[-1.592,39.764],[-1.592,39.77],[-1.597,39.773],[-1.593,39.777],[-1.592,39.791],[-1.589,39.791],[-1.585,39.795],[-1.58,39.795],[-1.579,39.802],[-1.587,39.808],[-1.587,39.812],[-1.59,39.814],[-1.588,39.823],[-1.592,39.825],[-1.592,39.829],[-1.586,39.834],[-1.585,39.837],[-1.578,39.838],[-1.578,39.854],[-1.579,39.858],[-1.582,39.859],[-1.586,39.864],[-1.586,39.867],[-1.592,39.873],[-1.59,39.875],[-1.59,39.882],[-1.588,39.882],[-1.586,39.889],[-1.579,39.89],[-1.575,39.9],[-1.578,39.904],[-1.574,39.904],[-1.573,39.907],[-1.563,39.907],[-1.56,39.906],[-1.555,39.911],[-1.546,39.911],[-1.536,39.909],[-1.538,39.903],[-1.544,39.901],[-1.544,39.897],[-1.549,39.894],[-1.548,39.885],[-1.54,39.878],[-1.54,39.875],[-1.531,39.872],[-1.532,39.867],[-1.53,39.863],[-1.533,39.862],[-1.531,39.847],[-1.544,39.838],[-1.544,39.832],[-1.541,39.83],[-1.541,39.824],[-1.543,39.821],[-1.543,39.814],[-1.538,39.811],[-1.539,39.801],[-1.537,39.797],[-1.541,39.791],[-1.542,39.786],[-1.538,39.784],[-1.539,39.778],[-1.545,39.779],[-1.544,39.774],[-1.54,39.77],[-1.54,39.765],[-1.537,39.762],[-1.538,39.757],[-1.531,39.754],[-1.53,39.751],[-1.526,39.751],[-1.527,39.748],[-1.531,39.746],[-1.533,39.741],[-1.532,39.735],[-1.536,39.733],[-1.537,39.726],[-1.543,39.723],[-1.548,39.723],[-1.556,39.712],[-1.563,39.712],[-1.563,39.71],[-1.568,39.71],[-1.572,39.7],[-1.57,39.695],[-1.573,39.691],[-1.573,39.678],[-1.569,39.675]]]}},{"type":"Feature","properties":{"id":"J18-21-01-07-02-01","idx":155,"name":"Río Ojos de Moya: cabecera - barranco de la Sierra del Agua","river":"Río Ojos de Moya","town":"Landete","kind":"wb","area_km2":359.9,"up_area_km2":359.9,"next":"J18-21-01-07-02-02A","terminal_unit":"J18-36","terminal":"sea","drains_to_sea":true,"n_upstream":0,"outlet":[-1.388,39.7864],"outlet_how":"cedex river x unit boundary","label":[-1.4135,39.918],"source":"CHJ PHJ 2022-2027 masas de agua superficial (cuenca)","chj_codes":["18-21-01-07-02-01"]},"geometry":{"type":"Polygon","coordinates":[[[-1.256,39.892],[-1.256,39.883],[-1.259,39.88],[-1.269,39.88],[-1.276,39.875],[-1.276,39.873],[-1.284,39.869],[-1.285,39.871],[-1.29,39.871],[-1.29,39.868],[-1.295,39.865],[-1.295,39.861],[-1.3,39.858],[-1.301,39.85],[-1.297,39.847],[-1.304,39.844],[-1.304,39.838],[-1.302,39.836],[-1.3,39.825],[-1.305,39.823],[-1.306,39.819],[-1.31,39.819],[-1.313,39.815],[-1.313,39.811],[-1.319,39.809],[-1.32,39.798],[-1.328,39.794],[-1.33,39.782],[-1.34,39.783],[-1.344,39.787],[-1.353,39.788],[-1.355,39.786],[-1.362,39.788],[-1.364,39.783],[-1.376,39.782],[-1.378,39.786],[-1.39,39.786],[-1.394,39.785],[-1.397,39.789],[-1.395,39.792],[-1.395,39.797],[-1.4,39.801],[-1.397,39.81],[-1.392,39.814],[-1.392,39.822],[-1.394,39.828],[-1.398,39.829],[-1.396,39.836],[-1.398,39.847],[-1.396,39.848],[-1.396,39.857],[-1.402,39.858],[-1.402,39.87],[-1.406,39.875],[-1.409,39.875],[-1.411,39.884],[-1.406,39.888],[-1.406,39.892],[-1.41,39.893],[-1.415,39.899],[-1.412,39.901],[-1.411,39.907],[-1.427,39.907],[-1.431,39.906],[-1.439,39.908],[-1.444,39.912],[-1.449,39.91],[-1.454,39.91],[-1.457,39.907],[-1.455,39.904],[-1.455,39.894],[-1.458,39.893],[-1.465,39.897],[-1.474,39.895],[-1.476,39.893],[-1.482,39.892],[-1.485,39.888],[-1.492,39.891],[-1.493,39.894],[-1.499,39.894],[-1.499,39.897],[-1.506,39.902],[-1.509,39.907],[-1.52,39.907],[-1.524,39.91],[-1.535,39.91],[-1.536,39.909],[-1.54,39.911],[-1.552,39.924],[-1.549,39.927],[-1.54,39.927],[-1.535,39.929],[-1.535,39.934],[-1.537,39.938],[-1.535,39.942],[-1.516,39.942],[-1.515,39.947],[-1.511,39.948],[-1.51,39.952],[-1.512,39.954],[-1.517,39.954],[-1.524,39.96],[-1.524,39.968],[-1.522,39.982],[-1.524,39.986],[-1.524,39.991],[-1.524,39.994],[-1.518,39.992],[-1.51,39.991],[-1.506,39.996],[-1.495,39.996],[-1.494,39.994],[-1.486,39.994],[-1.482,39.992],[-1.476,39.993],[-1.464,39.993],[-1.459,39.992],[-1.456,39.999],[-1.462,40.0],[-1.463,40.002],[-1.468,40.002],[-1.469,40.005],[-1.475,40.007],[-1.474,40.011],[-1.478,40.014],[-1.483,40.029],[-1.481,40.033],[-1.476,40.035],[-1.47,40.041],[-1.467,40.04],[-1.463,40.035],[-1.456,40.038],[-1.452,40.043],[-1.452,40.049],[-1.448,40.05],[-1.448,40.055],[-1.441,40.052],[-1.441,40.049],[-1.421,40.049],[-1.418,40.053],[-1.413,40.051],[-1.41,40.047],[-1.41,40.041],[-1.401,40.032],[-1.4,40.027],[-1.397,40.023],[-1.39,40.017],[-1.388,40.019],[-1.378,40.02],[-1.377,40.014],[-1.373,40.01],[-1.373,40.006],[-1.368,40.0],[-1.365,39.999],[-1.365,39.994],[-1.36,39.994],[-1.351,39.997],[-1.34,39.998],[-1.336,39.993],[-1.33,39.992],[-1.327,39.989],[-1.323,39.989],[-1.324,39.976],[-1.322,39.976],[-1.319,39.969],[-1.321,39.966],[-1.315,39.964],[-1.313,39.96],[-1.298,39.954],[-1.293,39.951],[-1.289,39.945],[-1.285,39.945],[-1.281,39.942],[-1.28,39.937],[-1.289,39.938],[-1.289,39.933],[-1.292,39.932],[-1.291,39.927],[-1.288,39.923],[-1.282,39.92],[-1.279,39.916],[-1.271,39.916],[-1.263,39.907],[-1.261,39.907],[-1.256,39.898],[-1.259,39.894],[-1.256,39.892]]]}},{"type":"Feature","properties":{"id":"J18-21-01-07-02-02A","idx":156,"name":"Río Ojos de Moya: barranco de la Sierra del Agua - embalse de Contreras","river":"Río Ojos de Moya","town":"Mira","kind":"wb","area_km2":155.4,"up_area_km2":735.0,"next":"J18-21-01-07","terminal_unit":"J18-36","terminal":"sea","drains_to_sea":true,"n_upstream":2,"outlet":[-1.5632,39.656],"outlet_how":"cedex river x unit boundary","label":[-1.4435,39.717],"source":"CHJ PHJ 2022-2027 masas de agua superficial (cuenca)","chj_codes":["18-21-01-07-02-02A"]},"geometry":{"type":"Polygon","coordinates":[[[-1.476,39.634],[-1.481,39.636],[-1.483,39.639],[-1.487,39.64],[-1.487,39.644],[-1.492,39.648],[-1.489,39.649],[-1.488,39.655],[-1.491,39.658],[-1.491,39.662],[-1.498,39.668],[-1.5,39.676],[-1.505,39.677],[-1.505,39.681],[-1.508,39.681],[-1.513,39.675],[-1.521,39.673],[-1.526,39.673],[-1.527,39.671],[-1.536,39.672],[-1.537,39.669],[-1.541,39.668],[-1.543,39.665],[-1.548,39.665],[-1.556,39.66],[-1.557,39.657],[-1.566,39.656],[-1.568,39.657],[-1.568,39.663],[-1.571,39.666],[-1.569,39.675],[-1.573,39.678],[-1.573,39.691],[-1.564,39.691],[-1.562,39.682],[-1.558,39.678],[-1.555,39.678],[-1.552,39.684],[-1.551,39.69],[-1.547,39.693],[-1.542,39.694],[-1.536,39.7],[-1.533,39.7],[-1.529,39.705],[-1.513,39.71],[-1.504,39.719],[-1.498,39.721],[-1.485,39.721],[-1.484,39.726],[-1.487,39.729],[-1.488,39.736],[-1.486,39.738],[-1.471,39.739],[-1.469,39.741],[-1.468,39.747],[-1.464,39.747],[-1.461,39.75],[-1.449,39.75],[-1.448,39.752],[-1.441,39.754],[-1.434,39.759],[-1.422,39.769],[-1.421,39.773],[-1.416,39.776],[-1.413,39.781],[-1.405,39.783],[-1.407,39.79],[-1.41,39.79],[-1.407,39.797],[-1.401,39.798],[-1.4,39.801],[-1.395,39.797],[-1.395,39.792],[-1.397,39.789],[-1.394,39.785],[-1.39,39.786],[-1.378,39.786],[-1.376,39.782],[-1.364,39.783],[-1.362,39.788],[-1.355,39.786],[-1.353,39.788],[-1.344,39.787],[-1.34,39.783],[-1.345,39.779],[-1.346,39.774],[-1.343,39.772],[-1.345,39.765],[-1.353,39.762],[-1.351,39.756],[-1.361,39.756],[-1.361,39.755],[-1.374,39.755],[-1.375,39.75],[-1.382,39.749],[-1.383,39.746],[-1.38,39.745],[-1.382,39.736],[-1.382,39.727],[-1.38,39.726],[-1.383,39.718],[-1.379,39.716],[-1.381,39.712],[-1.386,39.712],[-1.383,39.705],[-1.375,39.705],[-1.375,39.696],[-1.382,39.694],[-1.385,39.684],[-1.389,39.68],[-1.391,39.673],[-1.397,39.666],[-1.402,39.667],[-1.402,39.669],[-1.407,39.67],[-1.407,39.668],[-1.413,39.665],[-1.415,39.657],[-1.418,39.657],[-1.416,39.652],[-1.416,39.647],[-1.42,39.647],[-1.429,39.641],[-1.43,39.638],[-1.434,39.638],[-1.439,39.634],[-1.452,39.634],[-1.452,39.633],[-1.462,39.633],[-1.463,39.635],[-1.473,39.636],[-1.476,39.634]]]}},{"type":"Feature","properties":{"id":"J18-21-01-07-02-03A","idx":157,"name":"Río Henares","river":"Río Henares","town":"Henarejos","kind":"wb","area_km2":219.7,"up_area_km2":219.7,"next":"J18-21-01-07-02-02A","terminal_unit":"J18-36","terminal":"sea","drains_to_sea":true,"n_upstream":0,"outlet":[-1.5568,39.678],"outlet_how":"cedex river x unit boundary","label":[-1.4736,39.794],"source":"CHJ PHJ 2022-2027 masas de agua superficial (cuenca)","chj_codes":["18-21-01-07-02-03A"]},"geometry":{"type":"Polygon","coordinates":[[[-1.573,39.691],[-1.57,39.695],[-1.572,39.7],[-1.568,39.71],[-1.563,39.71],[-1.563,39.712],[-1.556,39.712],[-1.548,39.723],[-1.543,39.723],[-1.537,39.726],[-1.536,39.733],[-1.532,39.735],[-1.533,39.741],[-1.531,39.746],[-1.527,39.748],[-1.526,39.751],[-1.53,39.751],[-1.531,39.754],[-1.538,39.757],[-1.537,39.762],[-1.54,39.765],[-1.54,39.77],[-1.544,39.774],[-1.545,39.779],[-1.539,39.778],[-1.538,39.784],[-1.542,39.786],[-1.541,39.791],[-1.537,39.797],[-1.539,39.801],[-1.538,39.811],[-1.543,39.814],[-1.543,39.821],[-1.541,39.824],[-1.541,39.83],[-1.544,39.832],[-1.544,39.838],[-1.531,39.847],[-1.533,39.862],[-1.53,39.863],[-1.532,39.867],[-1.531,39.872],[-1.54,39.875],[-1.54,39.878],[-1.548,39.885],[-1.549,39.894],[-1.544,39.897],[-1.544,39.901],[-1.538,39.903],[-1.536,39.909],[-1.535,39.91],[-1.524,39.91],[-1.52,39.907],[-1.509,39.907],[-1.506,39.902],[-1.499,39.897],[-1.499,39.894],[-1.493,39.894],[-1.492,39.891],[-1.485,39.888],[-1.482,39.892],[-1.476,39.893],[-1.474,39.895],[-1.465,39.897],[-1.458,39.893],[-1.455,39.894],[-1.455,39.904],[-1.457,39.907],[-1.454,39.91],[-1.449,39.91],[-1.444,39.912],[-1.439,39.908],[-1.431,39.906],[-1.427,39.907],[-1.411,39.907],[-1.412,39.901],[-1.415,39.899],[-1.41,39.893],[-1.406,39.892],[-1.406,39.888],[-1.411,39.884],[-1.409,39.875],[-1.406,39.875],[-1.402,39.87],[-1.402,39.858],[-1.396,39.857],[-1.396,39.848],[-1.398,39.847],[-1.396,39.836],[-1.398,39.829],[-1.394,39.828],[-1.392,39.822],[-1.392,39.814],[-1.397,39.81],[-1.4,39.801],[-1.401,39.798],[-1.407,39.797],[-1.41,39.79],[-1.407,39.79],[-1.405,39.783],[-1.413,39.781],[-1.416,39.776],[-1.421,39.773],[-1.422,39.769],[-1.434,39.759],[-1.441,39.754],[-1.448,39.752],[-1.449,39.75],[-1.461,39.75],[-1.464,39.747],[-1.468,39.747],[-1.469,39.741],[-1.471,39.739],[-1.486,39.738],[-1.488,39.736],[-1.487,39.729],[-1.484,39.726],[-1.485,39.721],[-1.498,39.721],[-1.504,39.719],[-1.513,39.71],[-1.529,39.705],[-1.533,39.7],[-1.536,39.7],[-1.542,39.694],[-1.547,39.693],[-1.551,39.69],[-1.552,39.684],[-1.555,39.678],[-1.558,39.678],[-1.562,39.682],[-1.564,39.691],[-1.573,39.691]]]}},{"type":"Feature","properties":{"id":"J18-21-01-01A","idx":158,"name":"Río Cabriel: cabecera - arroyo del Agua","river":"Río Cabriel","town":"Zafrilla","kind":"wb","area_km2":303.0,"up_area_km2":303.0,"next":"J18-21-01-02A","terminal_unit":"J18-36","terminal":"sea","drains_to_sea":true,"n_upstream":0,"outlet":[-1.5034,40.128],"outlet_how":"cedex river x unit boundary","label":[-1.5612,40.2245],"source":"CHJ PHJ 2022-2027 masas de agua superficial (cuenca)","chj_codes":["18-21-01-01A"]},"geometry":{"type":"Polygon","coordinates":[[[-1.699,40.307],[-1.695,40.308],[-1.693,40.311],[-1.683,40.31],[-1.682,40.314],[-1.687,40.315],[-1.691,40.318],[-1.691,40.322],[-1.683,40.324],[-1.682,40.322],[-1.665,40.322],[-1.659,40.319],[-1.654,40.319],[-1.653,40.322],[-1.643,40.321],[-1.638,40.319],[-1.638,40.316],[-1.634,40.315],[-1.632,40.311],[-1.625,40.31],[-1.624,40.312],[-1.619,40.312],[-1.616,40.309],[-1.612,40.309],[-1.608,40.312],[-1.61,40.316],[-1.604,40.319],[-1.591,40.319],[-1.59,40.316],[-1.585,40.319],[-1.576,40.32],[-1.576,40.317],[-1.571,40.313],[-1.569,40.309],[-1.568,40.302],[-1.565,40.3],[-1.565,40.296],[-1.56,40.293],[-1.56,40.289],[-1.557,40.287],[-1.557,40.281],[-1.555,40.277],[-1.55,40.278],[-1.55,40.283],[-1.548,40.287],[-1.548,40.292],[-1.545,40.296],[-1.537,40.294],[-1.536,40.291],[-1.526,40.291],[-1.52,40.287],[-1.515,40.287],[-1.512,40.293],[-1.508,40.292],[-1.511,40.286],[-1.511,40.28],[-1.508,40.277],[-1.5,40.277],[-1.5,40.271],[-1.493,40.264],[-1.492,40.261],[-1.486,40.26],[-1.48,40.265],[-1.478,40.265],[-1.47,40.258],[-1.469,40.249],[-1.466,40.249],[-1.465,40.242],[-1.454,40.242],[-1.45,40.239],[-1.453,40.237],[-1.453,40.233],[-1.449,40.23],[-1.448,40.222],[-1.445,40.219],[-1.441,40.219],[-1.437,40.215],[-1.432,40.207],[-1.426,40.204],[-1.433,40.197],[-1.434,40.191],[-1.43,40.187],[-1.43,40.183],[-1.436,40.176],[-1.437,40.167],[-1.435,40.164],[-1.441,40.16],[-1.441,40.157],[-1.446,40.153],[-1.448,40.146],[-1.45,40.148],[-1.457,40.148],[-1.46,40.152],[-1.467,40.148],[-1.468,40.144],[-1.472,40.144],[-1.475,40.138],[-1.479,40.137],[-1.479,40.131],[-1.485,40.128],[-1.493,40.127],[-1.494,40.123],[-1.501,40.128],[-1.512,40.128],[-1.513,40.136],[-1.52,40.144],[-1.524,40.143],[-1.524,40.147],[-1.527,40.148],[-1.534,40.154],[-1.537,40.158],[-1.543,40.157],[-1.544,40.159],[-1.549,40.159],[-1.548,40.147],[-1.545,40.145],[-1.545,40.138],[-1.553,40.137],[-1.559,40.151],[-1.568,40.161],[-1.573,40.157],[-1.579,40.157],[-1.584,40.164],[-1.591,40.161],[-1.594,40.158],[-1.601,40.163],[-1.603,40.168],[-1.609,40.174],[-1.614,40.177],[-1.619,40.175],[-1.624,40.176],[-1.624,40.178],[-1.632,40.186],[-1.632,40.189],[-1.638,40.196],[-1.639,40.2],[-1.652,40.207],[-1.654,40.21],[-1.658,40.211],[-1.661,40.215],[-1.673,40.223],[-1.675,40.226],[-1.679,40.227],[-1.681,40.23],[-1.686,40.23],[-1.689,40.232],[-1.689,40.237],[-1.693,40.239],[-1.688,40.245],[-1.679,40.245],[-1.68,40.249],[-1.683,40.25],[-1.681,40.257],[-1.683,40.261],[-1.682,40.263],[-1.687,40.268],[-1.687,40.271],[-1.683,40.273],[-1.681,40.277],[-1.686,40.281],[-1.686,40.286],[-1.688,40.292],[-1.692,40.294],[-1.695,40.298],[-1.701,40.297],[-1.705,40.298],[-1.705,40.302],[-1.699,40.307]]]}},{"type":"Feature","properties":{"id":"J18-21-01-02A","idx":159,"name":"Río Cabriel: arroyo del Agua - rambla del Masegarejo","river":"Río Cabriel","town":"Salvacañete","kind":"wb","area_km2":120.3,"up_area_km2":423.3,"next":"J18-21-01-03","terminal_unit":"J18-36","terminal":"sea","drains_to_sea":true,"n_upstream":1,"outlet":[-1.548,39.9996],"outlet_how":"cedex river x unit boundary","label":[-1.4943,40.076],"source":"CHJ PHJ 2022-2027 masas de agua superficial (cuenca)","chj_codes":["18-21-01-02A"]},"geometry":{"type":"Polygon","coordinates":[[[-1.448,40.055],[-1.448,40.05],[-1.452,40.049],[-1.452,40.043],[-1.456,40.038],[-1.463,40.035],[-1.467,40.04],[-1.47,40.041],[-1.476,40.035],[-1.481,40.033],[-1.483,40.029],[-1.478,40.014],[-1.474,40.011],[-1.475,40.007],[-1.469,40.005],[-1.468,40.002],[-1.463,40.002],[-1.462,40.0],[-1.456,39.999],[-1.459,39.992],[-1.464,39.993],[-1.476,39.993],[-1.482,39.992],[-1.486,39.994],[-1.494,39.994],[-1.495,39.996],[-1.506,39.996],[-1.51,39.991],[-1.518,39.992],[-1.524,39.994],[-1.524,39.991],[-1.533,39.993],[-1.546,39.994],[-1.546,39.998],[-1.556,39.999],[-1.561,39.997],[-1.567,39.997],[-1.571,40.002],[-1.582,40.002],[-1.582,40.005],[-1.587,40.009],[-1.583,40.014],[-1.579,40.014],[-1.576,40.019],[-1.568,40.018],[-1.565,40.022],[-1.561,40.024],[-1.554,40.024],[-1.55,40.027],[-1.549,40.038],[-1.555,40.039],[-1.56,40.051],[-1.558,40.053],[-1.553,40.053],[-1.547,40.058],[-1.54,40.058],[-1.539,40.064],[-1.54,40.068],[-1.532,40.071],[-1.525,40.062],[-1.515,40.059],[-1.512,40.063],[-1.514,40.067],[-1.513,40.073],[-1.515,40.077],[-1.513,40.079],[-1.517,40.08],[-1.517,40.088],[-1.519,40.09],[-1.533,40.091],[-1.535,40.094],[-1.535,40.099],[-1.537,40.1],[-1.537,40.106],[-1.534,40.107],[-1.533,40.115],[-1.539,40.115],[-1.539,40.117],[-1.548,40.124],[-1.552,40.132],[-1.553,40.137],[-1.545,40.138],[-1.545,40.145],[-1.548,40.147],[-1.549,40.159],[-1.544,40.159],[-1.543,40.157],[-1.537,40.158],[-1.534,40.154],[-1.527,40.148],[-1.524,40.147],[-1.524,40.143],[-1.52,40.144],[-1.513,40.136],[-1.512,40.128],[-1.501,40.128],[-1.494,40.123],[-1.493,40.127],[-1.485,40.128],[-1.479,40.131],[-1.479,40.137],[-1.475,40.138],[-1.472,40.144],[-1.468,40.144],[-1.467,40.148],[-1.46,40.152],[-1.457,40.148],[-1.45,40.148],[-1.448,40.146],[-1.448,40.145],[-1.455,40.141],[-1.462,40.13],[-1.456,40.13],[-1.45,40.121],[-1.444,40.119],[-1.446,40.112],[-1.45,40.111],[-1.452,40.107],[-1.46,40.107],[-1.46,40.102],[-1.452,40.102],[-1.444,40.1],[-1.441,40.097],[-1.439,40.091],[-1.45,40.09],[-1.455,40.087],[-1.458,40.081],[-1.467,40.08],[-1.47,40.081],[-1.474,40.078],[-1.474,40.075],[-1.458,40.068],[-1.454,40.065],[-1.453,40.061],[-1.449,40.059],[-1.448,40.055]]]}},{"type":"Feature","properties":{"id":"J18-21-01-03","idx":160,"name":"Río Cabriel: rambla del Masegarejo - río Mayor del Molinillo","river":"Río Cabriel","town":"Boniches","kind":"wb","area_km2":82.1,"up_area_km2":505.4,"next":"J18-21-01-04","terminal_unit":"J18-36","terminal":"sea","drains_to_sea":true,"n_upstream":2,"outlet":[-1.6655,39.974],"outlet_how":"cedex river x unit boundary","label":[-1.5817,39.9715],"source":"CHJ PHJ 2022-2027 masas de agua superficial (cuenca)","chj_codes":["18-21-01-03"]},"geometry":{"type":"Polygon","coordinates":[[[-1.524,39.991],[-1.524,39.986],[-1.522,39.982],[-1.524,39.968],[-1.524,39.96],[-1.517,39.954],[-1.512,39.954],[-1.51,39.952],[-1.511,39.948],[-1.515,39.947],[-1.516,39.942],[-1.535,39.942],[-1.537,39.938],[-1.535,39.934],[-1.535,39.929],[-1.54,39.927],[-1.549,39.927],[-1.552,39.924],[-1.556,39.929],[-1.562,39.929],[-1.563,39.926],[-1.569,39.926],[-1.576,39.933],[-1.577,39.931],[-1.584,39.931],[-1.588,39.933],[-1.589,39.931],[-1.6,39.931],[-1.601,39.938],[-1.604,39.938],[-1.608,39.942],[-1.619,39.943],[-1.625,39.938],[-1.632,39.939],[-1.632,39.947],[-1.627,39.952],[-1.627,39.959],[-1.633,39.961],[-1.636,39.968],[-1.64,39.97],[-1.64,39.973],[-1.644,39.977],[-1.656,39.977],[-1.658,39.973],[-1.666,39.974],[-1.665,39.982],[-1.667,39.989],[-1.661,39.991],[-1.66,39.998],[-1.655,39.996],[-1.65,39.996],[-1.647,40.001],[-1.644,40.001],[-1.643,40.008],[-1.641,40.01],[-1.633,40.012],[-1.634,40.019],[-1.631,40.02],[-1.628,40.016],[-1.622,40.017],[-1.622,40.011],[-1.615,40.009],[-1.612,40.012],[-1.606,40.012],[-1.605,40.01],[-1.598,40.012],[-1.587,40.012],[-1.583,40.014],[-1.587,40.009],[-1.582,40.005],[-1.582,40.002],[-1.571,40.002],[-1.567,39.997],[-1.561,39.997],[-1.556,39.999],[-1.546,39.998],[-1.546,39.994],[-1.533,39.993],[-1.524,39.991]]]}},{"type":"Feature","properties":{"id":"J18-21-01-04","idx":161,"name":"Río Cabriel: río Mayor del Molinillo - embalse de El Bujioso","river":"Río Cabriel","town":"Villar del Humo","kind":"wb","area_km2":428.3,"up_area_km2":1218.1,"next":"J18-21-01-06B","terminal_unit":"J18-36","terminal":"sea","drains_to_sea":true,"n_upstream":5,"outlet":[-1.6351,39.768],"outlet_how":"cedex river x unit boundary","label":[-1.6628,39.9225],"source":"CHJ PHJ 2022-2027 masas de agua superficial (cuenca)","chj_codes":["18-21-01-04"]},"geometry":{"type":"Polygon","coordinates":[[[-1.825,39.988],[-1.812,39.989],[-1.806,39.993],[-1.806,39.999],[-1.813,40.001],[-1.809,40.005],[-1.799,40.005],[-1.794,40.007],[-1.793,40.012],[-1.79,40.014],[-1.785,40.014],[-1.783,40.016],[-1.785,40.02],[-1.791,40.023],[-1.79,40.027],[-1.776,40.027],[-1.776,40.025],[-1.768,40.025],[-1.767,40.029],[-1.771,40.032],[-1.777,40.032],[-1.778,40.038],[-1.777,40.046],[-1.775,40.049],[-1.768,40.049],[-1.763,40.055],[-1.762,40.061],[-1.764,40.061],[-1.766,40.066],[-1.758,40.069],[-1.753,40.075],[-1.738,40.073],[-1.738,40.08],[-1.734,40.086],[-1.726,40.083],[-1.727,40.074],[-1.716,40.073],[-1.716,40.068],[-1.711,40.066],[-1.705,40.066],[-1.696,40.058],[-1.698,40.054],[-1.693,40.053],[-1.689,40.048],[-1.692,40.046],[-1.693,40.042],[-1.69,40.039],[-1.69,40.033],[-1.694,40.031],[-1.694,40.025],[-1.697,40.02],[-1.691,40.015],[-1.684,40.016],[-1.687,40.008],[-1.676,40.008],[-1.676,40.009],[-1.664,40.009],[-1.656,40.012],[-1.647,40.011],[-1.643,40.008],[-1.644,40.001],[-1.647,40.001],[-1.65,39.996],[-1.655,39.996],[-1.66,39.998],[-1.661,39.991],[-1.667,39.989],[-1.665,39.982],[-1.666,39.974],[-1.658,39.973],[-1.656,39.977],[-1.644,39.977],[-1.64,39.973],[-1.64,39.97],[-1.636,39.968],[-1.633,39.961],[-1.627,39.959],[-1.627,39.952],[-1.632,39.947],[-1.632,39.939],[-1.625,39.938],[-1.619,39.943],[-1.608,39.942],[-1.604,39.938],[-1.601,39.938],[-1.6,39.931],[-1.589,39.931],[-1.588,39.933],[-1.584,39.931],[-1.577,39.931],[-1.576,39.933],[-1.569,39.926],[-1.563,39.926],[-1.562,39.929],[-1.556,39.929],[-1.552,39.924],[-1.54,39.911],[-1.536,39.909],[-1.546,39.911],[-1.555,39.911],[-1.56,39.906],[-1.563,39.907],[-1.573,39.907],[-1.574,39.904],[-1.578,39.904],[-1.575,39.9],[-1.579,39.89],[-1.586,39.889],[-1.588,39.882],[-1.59,39.882],[-1.59,39.875],[-1.592,39.873],[-1.586,39.867],[-1.586,39.864],[-1.582,39.859],[-1.579,39.858],[-1.578,39.854],[-1.578,39.838],[-1.585,39.837],[-1.586,39.834],[-1.592,39.829],[-1.592,39.825],[-1.588,39.823],[-1.59,39.814],[-1.587,39.812],[-1.587,39.808],[-1.579,39.802],[-1.58,39.795],[-1.585,39.795],[-1.589,39.791],[-1.592,39.791],[-1.593,39.777],[-1.597,39.773],[-1.611,39.773],[-1.613,39.77],[-1.622,39.767],[-1.637,39.768],[-1.637,39.766],[-1.646,39.764],[-1.647,39.762],[-1.657,39.761],[-1.658,39.77],[-1.663,39.771],[-1.666,39.777],[-1.67,39.778],[-1.676,39.783],[-1.683,39.784],[-1.685,39.787],[-1.691,39.788],[-1.692,39.79],[-1.699,39.793],[-1.711,39.796],[-1.714,39.799],[-1.713,39.805],[-1.718,39.809],[-1.717,39.814],[-1.721,39.815],[-1.723,39.818],[-1.729,39.818],[-1.73,39.824],[-1.734,39.827],[-1.735,39.833],[-1.739,39.835],[-1.741,39.839],[-1.752,39.839],[-1.752,39.837],[-1.764,39.836],[-1.765,39.839],[-1.77,39.843],[-1.77,39.847],[-1.776,39.85],[-1.776,39.855],[-1.772,39.859],[-1.772,39.864],[-1.77,39.866],[-1.771,39.876],[-1.769,39.877],[-1.769,39.882],[-1.777,39.883],[-1.786,39.878],[-1.796,39.878],[-1.799,39.877],[-1.804,39.879],[-1.801,39.884],[-1.805,39.885],[-1.804,39.895],[-1.8,39.897],[-1.788,39.896],[-1.786,39.899],[-1.786,39.909],[-1.78,39.911],[-1.782,39.915],[-1.779,39.917],[-1.771,39.917],[-1.771,39.921],[-1.774,39.921],[-1.777,39.926],[-1.776,39.931],[-1.778,39.934],[-1.783,39.935],[-1.782,39.94],[-1.777,39.94],[-1.776,39.944],[-1.778,39.946],[-1.778,39.953],[-1.783,39.952],[-1.785,39.954],[-1.79,39.953],[-1.794,39.955],[-1.795,39.963],[-1.799,39.962],[-1.805,39.964],[-1.811,39.961],[-1.815,39.963],[-1.816,39.97],[-1.814,39.973],[-1.817,39.974],[-1.816,39.982],[-1.825,39.988]]]}},{"type":"Feature","properties":{"id":"J18-21-01-04-01-01","idx":162,"name":"Río Mayor del Molinillo","river":"Río Mayor del Molinillo","town":"Cañete","kind":"wb","area_km2":154.1,"up_area_km2":284.5,"next":"J18-21-01-04","terminal_unit":"J18-36","terminal":"sea","drains_to_sea":true,"n_upstream":1,"outlet":[-1.6578,40.011],"outlet_how":"cedex river x unit boundary","label":[-1.5664,40.085],"source":"CHJ PHJ 2022-2027 masas de agua superficial (cuenca)","chj_codes":["18-21-01-04-01-01"]},"geometry":{"type":"Polygon","coordinates":[[[-1.726,40.083],[-1.724,40.086],[-1.719,40.088],[-1.721,40.095],[-1.718,40.098],[-1.716,40.105],[-1.712,40.105],[-1.704,40.096],[-1.694,40.096],[-1.688,40.089],[-1.679,40.089],[-1.676,40.084],[-1.665,40.078],[-1.666,40.074],[-1.664,40.071],[-1.66,40.07],[-1.659,40.073],[-1.642,40.073],[-1.631,40.068],[-1.622,40.069],[-1.622,40.077],[-1.615,40.082],[-1.616,40.086],[-1.619,40.086],[-1.621,40.091],[-1.621,40.096],[-1.619,40.101],[-1.63,40.104],[-1.632,40.11],[-1.625,40.11],[-1.621,40.122],[-1.618,40.122],[-1.612,40.127],[-1.603,40.13],[-1.602,40.136],[-1.604,40.141],[-1.606,40.141],[-1.605,40.146],[-1.591,40.146],[-1.589,40.148],[-1.591,40.155],[-1.594,40.158],[-1.591,40.161],[-1.584,40.164],[-1.579,40.157],[-1.573,40.157],[-1.568,40.161],[-1.559,40.151],[-1.553,40.137],[-1.552,40.132],[-1.548,40.124],[-1.539,40.117],[-1.539,40.115],[-1.533,40.115],[-1.534,40.107],[-1.537,40.106],[-1.537,40.1],[-1.535,40.099],[-1.535,40.094],[-1.533,40.091],[-1.519,40.09],[-1.517,40.088],[-1.517,40.08],[-1.513,40.079],[-1.515,40.077],[-1.513,40.073],[-1.514,40.067],[-1.512,40.063],[-1.515,40.059],[-1.525,40.062],[-1.532,40.071],[-1.54,40.068],[-1.539,40.064],[-1.54,40.058],[-1.547,40.058],[-1.553,40.053],[-1.558,40.053],[-1.56,40.051],[-1.555,40.039],[-1.549,40.038],[-1.55,40.027],[-1.554,40.024],[-1.561,40.024],[-1.565,40.022],[-1.568,40.018],[-1.576,40.019],[-1.579,40.014],[-1.583,40.014],[-1.587,40.012],[-1.598,40.012],[-1.605,40.01],[-1.606,40.012],[-1.612,40.012],[-1.615,40.009],[-1.622,40.011],[-1.622,40.017],[-1.628,40.016],[-1.631,40.02],[-1.634,40.019],[-1.633,40.012],[-1.641,40.01],[-1.643,40.008],[-1.647,40.011],[-1.656,40.012],[-1.664,40.009],[-1.676,40.009],[-1.676,40.008],[-1.687,40.008],[-1.684,40.016],[-1.691,40.015],[-1.697,40.02],[-1.694,40.025],[-1.694,40.031],[-1.69,40.033],[-1.69,40.039],[-1.693,40.042],[-1.692,40.046],[-1.689,40.048],[-1.693,40.053],[-1.698,40.054],[-1.696,40.058],[-1.705,40.066],[-1.711,40.066],[-1.716,40.068],[-1.716,40.073],[-1.727,40.074],[-1.726,40.083]]]}},{"type":"Feature","properties":{"id":"J18-21-01-04-01-01-01-01","idx":163,"name":"Río Campillos","river":"Río Campillos","town":"Huerta del Marquesado","kind":"wb","area_km2":130.4,"up_area_km2":130.4,"next":"J18-21-01-04-01-01","terminal_unit":"J18-36","terminal":"sea","drains_to_sea":true,"n_upstream":0,"outlet":[-1.622,40.0698],"outlet_how":"cedex river x unit boundary","label":[-1.658,40.1585],"source":"CHJ PHJ 2022-2027 masas de agua superficial (cuenca)","merged_names":["Laguna del Marquesado"],"chj_codes":["18-21-01-04-01-01-01-01","L14"]},"geometry":{"type":"Polygon","coordinates":[[[-1.716,40.105],[-1.719,40.108],[-1.725,40.108],[-1.726,40.112],[-1.723,40.112],[-1.717,40.117],[-1.717,40.123],[-1.719,40.125],[-1.718,40.132],[-1.721,40.134],[-1.72,40.139],[-1.712,40.142],[-1.712,40.145],[-1.717,40.148],[-1.721,40.153],[-1.721,40.158],[-1.723,40.161],[-1.73,40.163],[-1.736,40.159],[-1.74,40.16],[-1.747,40.159],[-1.753,40.164],[-1.748,40.168],[-1.742,40.169],[-1.737,40.174],[-1.73,40.177],[-1.723,40.177],[-1.719,40.183],[-1.705,40.184],[-1.699,40.19],[-1.703,40.192],[-1.698,40.198],[-1.699,40.203],[-1.693,40.206],[-1.691,40.213],[-1.697,40.214],[-1.702,40.217],[-1.707,40.228],[-1.712,40.228],[-1.717,40.231],[-1.716,40.239],[-1.71,40.244],[-1.713,40.249],[-1.701,40.244],[-1.7,40.242],[-1.693,40.239],[-1.689,40.237],[-1.689,40.232],[-1.686,40.23],[-1.681,40.23],[-1.679,40.227],[-1.675,40.226],[-1.673,40.223],[-1.661,40.215],[-1.658,40.211],[-1.654,40.21],[-1.652,40.207],[-1.639,40.2],[-1.638,40.196],[-1.632,40.189],[-1.632,40.186],[-1.624,40.178],[-1.624,40.176],[-1.619,40.175],[-1.614,40.177],[-1.609,40.174],[-1.603,40.168],[-1.601,40.163],[-1.594,40.158],[-1.591,40.155],[-1.589,40.148],[-1.591,40.146],[-1.605,40.146],[-1.606,40.141],[-1.604,40.141],[-1.602,40.136],[-1.603,40.13],[-1.612,40.127],[-1.618,40.122],[-1.621,40.122],[-1.625,40.11],[-1.632,40.11],[-1.63,40.104],[-1.619,40.101],[-1.621,40.096],[-1.621,40.091],[-1.619,40.086],[-1.616,40.086],[-1.615,40.082],[-1.622,40.077],[-1.622,40.069],[-1.631,40.068],[-1.642,40.073],[-1.659,40.073],[-1.66,40.07],[-1.664,40.071],[-1.666,40.074],[-1.665,40.078],[-1.676,40.084],[-1.679,40.089],[-1.688,40.089],[-1.694,40.096],[-1.704,40.096],[-1.712,40.105],[-1.716,40.105]]]}},{"type":"Feature","properties":{"id":"J18-21-01-06-01-01-01-01","idx":164,"name":"Rambla Seca (Guadazaón)","river":"Rambla Seca (Guadazaón)","town":"La Cierva","kind":"wb","area_km2":115.0,"up_area_km2":115.0,"next":"J18-21-01-06-01-01A","terminal_unit":"J18-36","terminal":"sea","drains_to_sea":true,"n_upstream":0,"outlet":[-1.8246,40.013],"outlet_how":"cedex river x unit boundary","label":[-1.8643,40.089],"source":"CHJ PHJ 2022-2027 masas de agua superficial (cuenca)","chj_codes":["18-21-01-06-01-01-01-01"]},"geometry":{"type":"Polygon","coordinates":[[[-1.853,40.14],[-1.853,40.154],[-1.852,40.161],[-1.854,40.163],[-1.853,40.167],[-1.846,40.167],[-1.844,40.164],[-1.84,40.164],[-1.84,40.163],[-1.839,40.153],[-1.845,40.152],[-1.844,40.147],[-1.842,40.147],[-1.837,40.14],[-1.838,40.135],[-1.842,40.131],[-1.841,40.123],[-1.835,40.123],[-1.836,40.12],[-1.829,40.116],[-1.829,40.11],[-1.826,40.107],[-1.821,40.107],[-1.817,40.113],[-1.813,40.11],[-1.814,40.104],[-1.809,40.101],[-1.81,40.096],[-1.806,40.094],[-1.807,40.088],[-1.81,40.086],[-1.813,40.08],[-1.809,40.076],[-1.807,40.071],[-1.808,40.06],[-1.813,40.055],[-1.812,40.049],[-1.816,40.045],[-1.815,40.039],[-1.818,40.037],[-1.819,40.031],[-1.824,40.028],[-1.825,40.02],[-1.822,40.016],[-1.824,40.013],[-1.83,40.013],[-1.832,40.011],[-1.842,40.013],[-1.844,40.016],[-1.85,40.015],[-1.85,40.017],[-1.858,40.019],[-1.862,40.023],[-1.867,40.022],[-1.868,40.024],[-1.889,40.024],[-1.891,40.026],[-1.899,40.026],[-1.909,40.03],[-1.909,40.033],[-1.916,40.032],[-1.919,40.033],[-1.923,40.041],[-1.927,40.042],[-1.93,40.048],[-1.938,40.049],[-1.944,40.055],[-1.949,40.063],[-1.952,40.064],[-1.95,40.069],[-1.952,40.074],[-1.956,40.079],[-1.95,40.082],[-1.947,40.087],[-1.939,40.088],[-1.93,40.083],[-1.925,40.084],[-1.921,40.09],[-1.929,40.094],[-1.929,40.097],[-1.935,40.098],[-1.937,40.105],[-1.92,40.105],[-1.92,40.109],[-1.912,40.109],[-1.912,40.111],[-1.904,40.111],[-1.904,40.109],[-1.898,40.109],[-1.891,40.113],[-1.889,40.118],[-1.883,40.118],[-1.875,40.115],[-1.872,40.12],[-1.876,40.122],[-1.877,40.128],[-1.862,40.128],[-1.854,40.133],[-1.856,40.139],[-1.853,40.14]]]}},{"type":"Feature","properties":{"id":"J18-21-01-06-01-01B","idx":165,"name":"Río Guadazaón: azud de la Dehesa de Don Juan - arroyo del Sargal","river":"Río Guadazaón","town":"Carboneras de Guadazaón","kind":"wb","area_km2":261.2,"up_area_km2":726.5,"next":"J18-21-01-06-01-02A","terminal_unit":"J18-36","terminal":"sea","drains_to_sea":true,"n_upstream":4,"outlet":[-1.743,39.765],"outlet_how":"cedex river x unit boundary","label":[-1.8537,39.8905],"source":"CHJ PHJ 2022-2027 masas de agua superficial (cuenca)","merged_names":["Complejo lagunar de las Torcas de Cañada Hoyo"],"chj_codes":["18-21-01-06-01-01B","L12"]},"geometry":{"type":"MultiPolygon","coordinates":[[[[-1.832,40.011],[-1.833,40.002],[-1.837,40.001],[-1.839,39.996],[-1.835,39.993],[-1.83,39.992],[-1.829,39.989],[-1.825,39.988],[-1.816,39.982],[-1.817,39.974],[-1.814,39.973],[-1.816,39.97],[-1.815,39.963],[-1.811,39.961],[-1.805,39.964],[-1.799,39.962],[-1.795,39.963],[-1.794,39.955],[-1.79,39.953],[-1.785,39.954],[-1.783,39.952],[-1.778,39.953],[-1.778,39.946],[-1.776,39.944],[-1.777,39.94],[-1.782,39.94],[-1.783,39.935],[-1.778,39.934],[-1.776,39.931],[-1.777,39.926],[-1.774,39.921],[-1.771,39.921],[-1.771,39.917],[-1.779,39.917],[-1.782,39.915],[-1.78,39.911],[-1.786,39.909],[-1.786,39.899],[-1.788,39.896],[-1.8,39.897],[-1.804,39.895],[-1.805,39.885],[-1.801,39.884],[-1.804,39.879],[-1.799,39.877],[-1.796,39.878],[-1.786,39.878],[-1.777,39.883],[-1.769,39.882],[-1.769,39.877],[-1.771,39.876],[-1.77,39.866],[-1.772,39.864],[-1.772,39.859],[-1.776,39.855],[-1.776,39.85],[-1.77,39.847],[-1.77,39.843],[-1.765,39.839],[-1.764,39.836],[-1.77,39.835],[-1.767,39.824],[-1.774,39.822],[-1.774,39.82],[-1.78,39.816],[-1.782,39.809],[-1.779,39.807],[-1.779,39.801],[-1.771,39.795],[-1.766,39.795],[-1.763,39.788],[-1.754,39.786],[-1.752,39.783],[-1.748,39.782],[-1.748,39.776],[-1.745,39.775],[-1.743,39.771],[-1.743,39.764],[-1.746,39.765],[-1.748,39.759],[-1.754,39.759],[-1.756,39.761],[-1.763,39.76],[-1.767,39.763],[-1.773,39.765],[-1.777,39.769],[-1.787,39.769],[-1.787,39.773],[-1.803,39.777],[-1.804,39.779],[-1.812,39.78],[-1.813,39.782],[-1.822,39.785],[-1.83,39.785],[-1.834,39.787],[-1.841,39.79],[-1.842,39.797],[-1.846,39.795],[-1.854,39.794],[-1.86,39.798],[-1.869,39.798],[-1.873,39.8],[-1.87,39.806],[-1.876,39.812],[-1.875,39.815],[-1.884,39.821],[-1.892,39.83],[-1.891,39.833],[-1.895,39.837],[-1.9,39.838],[-1.903,39.842],[-1.911,39.845],[-1.911,39.852],[-1.914,39.852],[-1.916,39.856],[-1.916,39.861],[-1.918,39.865],[-1.915,39.867],[-1.917,39.875],[-1.915,39.876],[-1.916,39.884],[-1.911,39.887],[-1.905,39.887],[-1.901,39.894],[-1.889,39.899],[-1.887,39.905],[-1.889,39.907],[-1.892,39.904],[-1.904,39.904],[-1.906,39.903],[-1.907,39.91],[-1.919,39.91],[-1.923,39.914],[-1.93,39.913],[-1.936,39.909],[-1.941,39.909],[-1.941,39.925],[-1.945,39.927],[-1.945,39.932],[-1.939,39.938],[-1.939,39.945],[-1.93,39.947],[-1.93,39.949],[-1.924,39.951],[-1.924,39.962],[-1.916,39.959],[-1.913,39.955],[-1.905,39.953],[-1.896,39.944],[-1.892,39.945],[-1.892,39.94],[-1.886,39.938],[-1.883,39.928],[-1.877,39.933],[-1.868,39.934],[-1.864,39.93],[-1.857,39.931],[-1.861,39.939],[-1.862,39.954],[-1.864,39.954],[-1.865,39.968],[-1.868,39.968],[-1.874,39.972],[-1.882,39.973],[-1.879,39.978],[-1.884,39.986],[-1.89,39.99],[-1.899,39.989],[-1.902,39.991],[-1.909,40.003],[-1.905,40.005],[-1.902,40.01],[-1.897,40.015],[-1.899,40.026],[-1.891,40.026],[-1.889,40.024],[-1.868,40.024],[-1.867,40.022],[-1.862,40.023],[-1.858,40.019],[-1.85,40.017],[-1.85,40.015],[-1.844,40.016],[-1.842,40.013],[-1.832,40.011]]],[[[-1.952,40.064],[-1.949,40.063],[-1.944,40.055],[-1.948,40.055],[-1.951,40.058],[-1.955,40.058],[-1.958,40.053],[-1.959,40.055],[-1.954,40.06],[-1.956,40.063],[-1.952,40.064]]],[[[-1.984,39.911],[-1.98,39.902],[-1.977,39.902],[-1.977,39.894],[-1.969,39.892],[-1.969,39.883],[-1.978,39.881],[-1.98,39.883],[-1.992,39.883],[-1.997,39.884],[-2.001,39.889],[-2.009,39.887],[-2.011,39.883],[-2.013,39.888],[-2.017,39.888],[-2.02,39.891],[-2.024,39.891],[-2.026,39.894],[-2.033,39.895],[-2.037,39.899],[-2.047,39.903],[-2.049,39.906],[-2.054,39.907],[-2.065,39.913],[-2.065,39.915],[-2.061,39.918],[-2.054,39.916],[-2.054,39.914],[-2.045,39.911],[-2.041,39.908],[-2.036,39.907],[-2.034,39.904],[-2.027,39.899],[-2.021,39.899],[-2.021,39.901],[-2.015,39.901],[-2.01,39.899],[-2.005,39.899],[-2.003,39.905],[-1.999,39.907],[-1.993,39.907],[-1.991,39.905],[-1.986,39.906],[-1.986,39.911],[-1.984,39.911]]]]}},{"type":"Feature","properties":{"id":"J18-21-01-06-01-02-01-01","idx":166,"name":"Arroyo de la Vega","river":"Arroyo de la Vega","town":"Paracuellos","kind":"wb","area_km2":173.9,"up_area_km2":173.9,"next":"J18-21-01-06-01-02A","terminal_unit":"J18-36","terminal":"sea","drains_to_sea":true,"n_upstream":0,"outlet":[-1.701,39.7084],"outlet_how":"cedex river x unit boundary","label":[-1.8298,39.746],"source":"CHJ PHJ 2022-2027 masas de agua superficial (cuenca)","chj_codes":["18-21-01-06-01-02-01-01"]},"geometry":{"type":"Polygon","coordinates":[[[-2.001,39.794],[-2.009,39.795],[-2.015,39.801],[-2.018,39.801],[-2.022,39.806],[-2.027,39.808],[-2.022,39.809],[-2.021,39.815],[-2.016,39.818],[-2.02,39.821],[-2.016,39.826],[-2.019,39.832],[-2.005,39.827],[-2.0,39.823],[-1.989,39.823],[-1.975,39.817],[-1.965,39.816],[-1.961,39.811],[-1.948,39.808],[-1.946,39.805],[-1.939,39.805],[-1.934,39.803],[-1.934,39.801],[-1.926,39.798],[-1.926,39.8],[-1.916,39.799],[-1.911,39.797],[-1.908,39.799],[-1.903,39.795],[-1.896,39.795],[-1.895,39.793],[-1.888,39.791],[-1.881,39.791],[-1.878,39.788],[-1.873,39.787],[-1.867,39.782],[-1.852,39.782],[-1.844,39.781],[-1.842,39.784],[-1.836,39.785],[-1.834,39.787],[-1.83,39.785],[-1.822,39.785],[-1.813,39.782],[-1.812,39.78],[-1.804,39.779],[-1.803,39.777],[-1.787,39.773],[-1.787,39.769],[-1.777,39.769],[-1.773,39.765],[-1.767,39.763],[-1.77,39.762],[-1.77,39.754],[-1.766,39.752],[-1.768,39.744],[-1.761,39.744],[-1.752,39.737],[-1.739,39.737],[-1.734,39.738],[-1.73,39.732],[-1.726,39.732],[-1.721,39.727],[-1.726,39.723],[-1.726,39.716],[-1.718,39.712],[-1.713,39.712],[-1.707,39.708],[-1.702,39.708],[-1.699,39.706],[-1.694,39.706],[-1.691,39.701],[-1.688,39.7],[-1.688,39.697],[-1.684,39.695],[-1.681,39.691],[-1.684,39.688],[-1.685,39.679],[-1.693,39.678],[-1.703,39.678],[-1.705,39.675],[-1.711,39.675],[-1.715,39.677],[-1.725,39.671],[-1.729,39.673],[-1.731,39.669],[-1.741,39.668],[-1.739,39.665],[-1.738,39.658],[-1.748,39.657],[-1.754,39.659],[-1.758,39.662],[-1.762,39.662],[-1.767,39.669],[-1.776,39.669],[-1.776,39.672],[-1.78,39.673],[-1.782,39.678],[-1.786,39.678],[-1.789,39.683],[-1.787,39.689],[-1.79,39.692],[-1.799,39.694],[-1.802,39.701],[-1.807,39.701],[-1.809,39.704],[-1.817,39.707],[-1.817,39.709],[-1.822,39.709],[-1.827,39.712],[-1.83,39.716],[-1.844,39.717],[-1.847,39.721],[-1.859,39.721],[-1.861,39.724],[-1.872,39.725],[-1.874,39.728],[-1.882,39.729],[-1.883,39.731],[-1.89,39.732],[-1.888,39.734],[-1.891,39.737],[-1.889,39.739],[-1.893,39.748],[-1.897,39.748],[-1.899,39.751],[-1.906,39.751],[-1.907,39.754],[-1.915,39.756],[-1.919,39.753],[-1.922,39.759],[-1.927,39.759],[-1.933,39.767],[-1.939,39.767],[-1.94,39.771],[-1.955,39.771],[-1.955,39.77],[-1.966,39.77],[-1.97,39.777],[-1.966,39.78],[-1.965,39.786],[-1.967,39.787],[-1.968,39.782],[-1.975,39.778],[-1.979,39.778],[-1.985,39.782],[-1.987,39.785],[-1.995,39.787],[-1.995,39.791],[-2.001,39.794]]]}},{"type":"Feature","properties":{"id":"J18-21-01-06-01-02A","idx":167,"name":"Río Guadazaón: arroyo del Sargal - río Cabriel","river":"Río Guadazaón","town":"Yémeda","kind":"wb","area_km2":90.1,"up_area_km2":990.5,"next":"J18-21-01-06B","terminal_unit":"J18-36","terminal":"sea","drains_to_sea":true,"n_upstream":6,"outlet":[-1.615,39.6998],"outlet_how":"cedex river x unit boundary","label":[-1.7155,39.7665],"source":"CHJ PHJ 2022-2027 masas de agua superficial (cuenca)","chj_codes":["18-21-01-06-01-02A"]},"geometry":{"type":"Polygon","coordinates":[[[-1.764,39.836],[-1.752,39.837],[-1.752,39.839],[-1.741,39.839],[-1.739,39.835],[-1.735,39.833],[-1.734,39.827],[-1.73,39.824],[-1.729,39.818],[-1.723,39.818],[-1.721,39.815],[-1.717,39.814],[-1.718,39.809],[-1.713,39.805],[-1.714,39.799],[-1.711,39.796],[-1.699,39.793],[-1.692,39.79],[-1.691,39.788],[-1.685,39.787],[-1.683,39.784],[-1.676,39.783],[-1.679,39.78],[-1.679,39.775],[-1.683,39.769],[-1.688,39.768],[-1.688,39.762],[-1.68,39.758],[-1.673,39.747],[-1.674,39.742],[-1.667,39.743],[-1.664,39.745],[-1.665,39.74],[-1.661,39.74],[-1.661,39.735],[-1.658,39.732],[-1.652,39.731],[-1.65,39.727],[-1.646,39.726],[-1.645,39.721],[-1.639,39.719],[-1.638,39.721],[-1.631,39.72],[-1.628,39.717],[-1.627,39.712],[-1.621,39.712],[-1.62,39.704],[-1.615,39.7],[-1.617,39.695],[-1.622,39.693],[-1.628,39.693],[-1.64,39.697],[-1.641,39.701],[-1.647,39.703],[-1.655,39.702],[-1.659,39.703],[-1.661,39.707],[-1.671,39.71],[-1.671,39.705],[-1.674,39.703],[-1.68,39.705],[-1.688,39.7],[-1.691,39.701],[-1.694,39.706],[-1.699,39.706],[-1.702,39.708],[-1.707,39.708],[-1.713,39.712],[-1.718,39.712],[-1.726,39.716],[-1.726,39.723],[-1.721,39.727],[-1.726,39.732],[-1.73,39.732],[-1.734,39.738],[-1.739,39.737],[-1.752,39.737],[-1.761,39.744],[-1.768,39.744],[-1.766,39.752],[-1.77,39.754],[-1.77,39.762],[-1.767,39.763],[-1.763,39.76],[-1.756,39.761],[-1.754,39.759],[-1.748,39.759],[-1.746,39.765],[-1.743,39.764],[-1.743,39.771],[-1.745,39.775],[-1.748,39.776],[-1.748,39.782],[-1.752,39.783],[-1.754,39.786],[-1.763,39.788],[-1.766,39.795],[-1.771,39.795],[-1.779,39.801],[-1.779,39.807],[-1.782,39.809],[-1.78,39.816],[-1.774,39.82],[-1.774,39.822],[-1.767,39.824],[-1.77,39.835],[-1.764,39.836]]]}},{"type":"Feature","properties":{"id":"J18-21-01-06B","idx":168,"name":"Río Cabriel: embalse de El Bujioso - embalse de Contreras","river":"Río Cabriel","town":"Cardenete","kind":"wb","area_km2":78.0,"up_area_km2":2286.6,"next":"J18-21-01-07","terminal_unit":"J18-36","terminal":"sea","drains_to_sea":true,"n_upstream":13,"outlet":[-1.603,39.6767],"outlet_how":"cedex river x unit boundary","label":[-1.6168,39.7085],"source":"CHJ PHJ 2022-2027 masas de agua superficial (cuenca)","merged_names":["Río Cabriel: embalse de El Bujioso -  río Guadazaón","Río Cabriel: embalse de El Bujioso"],"chj_codes":["18-21-01-06B","18-21-01-06A","18-21-01-05"]},"geometry":{"type":"Polygon","coordinates":[[[-1.642,39.636],[-1.645,39.637],[-1.656,39.637],[-1.665,39.64],[-1.666,39.644],[-1.672,39.645],[-1.672,39.648],[-1.679,39.653],[-1.685,39.654],[-1.685,39.659],[-1.698,39.664],[-1.698,39.668],[-1.701,39.669],[-1.705,39.675],[-1.703,39.678],[-1.693,39.678],[-1.685,39.679],[-1.684,39.688],[-1.681,39.691],[-1.684,39.695],[-1.688,39.697],[-1.688,39.7],[-1.68,39.705],[-1.674,39.703],[-1.671,39.705],[-1.671,39.71],[-1.661,39.707],[-1.659,39.703],[-1.655,39.702],[-1.647,39.703],[-1.641,39.701],[-1.64,39.697],[-1.628,39.693],[-1.622,39.693],[-1.617,39.695],[-1.615,39.7],[-1.62,39.704],[-1.621,39.712],[-1.627,39.712],[-1.628,39.717],[-1.631,39.72],[-1.638,39.721],[-1.639,39.719],[-1.645,39.721],[-1.646,39.726],[-1.65,39.727],[-1.652,39.731],[-1.658,39.732],[-1.661,39.735],[-1.661,39.74],[-1.665,39.74],[-1.664,39.745],[-1.667,39.743],[-1.674,39.742],[-1.673,39.747],[-1.68,39.758],[-1.688,39.762],[-1.688,39.768],[-1.683,39.769],[-1.679,39.775],[-1.679,39.78],[-1.676,39.783],[-1.67,39.778],[-1.666,39.777],[-1.663,39.771],[-1.658,39.77],[-1.657,39.761],[-1.647,39.762],[-1.646,39.764],[-1.637,39.766],[-1.637,39.768],[-1.622,39.767],[-1.613,39.77],[-1.611,39.773],[-1.597,39.773],[-1.592,39.77],[-1.592,39.764],[-1.596,39.761],[-1.598,39.757],[-1.598,39.749],[-1.603,39.745],[-1.603,39.741],[-1.607,39.74],[-1.607,39.737],[-1.612,39.737],[-1.614,39.732],[-1.609,39.727],[-1.604,39.725],[-1.608,39.72],[-1.609,39.715],[-1.615,39.715],[-1.613,39.713],[-1.613,39.707],[-1.606,39.703],[-1.6,39.703],[-1.599,39.7],[-1.599,39.69],[-1.596,39.688],[-1.597,39.684],[-1.602,39.684],[-1.604,39.68],[-1.601,39.679],[-1.606,39.676],[-1.609,39.668],[-1.612,39.668],[-1.614,39.664],[-1.618,39.663],[-1.619,39.657],[-1.624,39.657],[-1.628,39.655],[-1.631,39.651],[-1.632,39.642],[-1.635,39.639],[-1.642,39.636]]]}},{"type":"Feature","properties":{"id":"J10-07-02-01A","idx":169,"name":"Río Villahermosa: cabecera - barranco de la Canaleta","river":"Río Villahermosa","town":"Linares de Mora","kind":"wb","area_km2":199.3,"up_area_km2":199.3,"next":"J10-07-02-02","terminal_unit":"J10-13A","terminal":"sea","drains_to_sea":true,"n_upstream":0,"outlet":[-0.4366,40.216],"outlet_how":"cedex river x unit boundary","label":[-0.588,40.3175],"source":"CHJ PHJ 2022-2027 masas de agua superficial (cuenca)","chj_codes":["10-07-02-01A"]},"geometry":{"type":"Polygon","coordinates":[[[-0.547,40.249],[-0.558,40.252],[-0.56,40.255],[-0.567,40.259],[-0.568,40.262],[-0.578,40.263],[-0.579,40.261],[-0.585,40.262],[-0.582,40.267],[-0.587,40.269],[-0.587,40.271],[-0.594,40.273],[-0.594,40.278],[-0.602,40.283],[-0.603,40.28],[-0.607,40.28],[-0.613,40.277],[-0.617,40.278],[-0.619,40.274],[-0.623,40.273],[-0.628,40.277],[-0.625,40.28],[-0.625,40.285],[-0.621,40.29],[-0.629,40.291],[-0.633,40.296],[-0.641,40.296],[-0.647,40.298],[-0.648,40.3],[-0.659,40.306],[-0.661,40.31],[-0.67,40.316],[-0.673,40.314],[-0.677,40.321],[-0.689,40.326],[-0.691,40.333],[-0.692,40.335],[-0.685,40.335],[-0.683,40.337],[-0.678,40.334],[-0.668,40.332],[-0.666,40.334],[-0.666,40.344],[-0.663,40.347],[-0.664,40.358],[-0.661,40.361],[-0.653,40.362],[-0.653,40.364],[-0.643,40.364],[-0.639,40.369],[-0.638,40.374],[-0.633,40.375],[-0.627,40.373],[-0.627,40.379],[-0.635,40.38],[-0.643,40.385],[-0.644,40.39],[-0.635,40.399],[-0.631,40.4],[-0.632,40.406],[-0.636,40.407],[-0.633,40.411],[-0.633,40.416],[-0.635,40.418],[-0.63,40.42],[-0.621,40.42],[-0.618,40.418],[-0.613,40.414],[-0.608,40.414],[-0.602,40.411],[-0.604,40.406],[-0.603,40.4],[-0.597,40.395],[-0.587,40.395],[-0.583,40.391],[-0.578,40.389],[-0.577,40.378],[-0.579,40.376],[-0.574,40.37],[-0.568,40.372],[-0.568,40.374],[-0.562,40.374],[-0.559,40.376],[-0.559,40.38],[-0.549,40.381],[-0.546,40.376],[-0.541,40.376],[-0.537,40.373],[-0.537,40.366],[-0.533,40.363],[-0.529,40.363],[-0.529,40.342],[-0.53,40.338],[-0.527,40.335],[-0.528,40.329],[-0.523,40.328],[-0.517,40.323],[-0.511,40.322],[-0.509,40.32],[-0.503,40.319],[-0.499,40.316],[-0.495,40.309],[-0.498,40.309],[-0.498,40.303],[-0.502,40.301],[-0.501,40.296],[-0.498,40.293],[-0.498,40.288],[-0.492,40.284],[-0.493,40.28],[-0.49,40.28],[-0.487,40.275],[-0.479,40.275],[-0.477,40.271],[-0.473,40.27],[-0.473,40.266],[-0.469,40.265],[-0.465,40.261],[-0.461,40.26],[-0.458,40.256],[-0.453,40.254],[-0.444,40.255],[-0.443,40.253],[-0.432,40.252],[-0.429,40.247],[-0.429,40.242],[-0.431,40.241],[-0.431,40.235],[-0.434,40.231],[-0.435,40.226],[-0.435,40.216],[-0.437,40.217],[-0.449,40.218],[-0.459,40.218],[-0.463,40.217],[-0.469,40.223],[-0.483,40.224],[-0.486,40.228],[-0.492,40.228],[-0.494,40.228],[-0.499,40.233],[-0.504,40.233],[-0.505,40.23],[-0.512,40.231],[-0.516,40.235],[-0.521,40.234],[-0.526,40.238],[-0.531,40.239],[-0.531,40.243],[-0.535,40.246],[-0.535,40.249],[-0.541,40.252],[-0.545,40.252],[-0.547,40.249]]]}},{"type":"Feature","properties":{"id":"J10-03A","idx":170,"name":"Río Mijares: río Valbona - manantial de Babor","river":"Río Mijares","town":null,"kind":"wb","area_km2":169.2,"up_area_km2":669.2,"next":"J10-04A","terminal_unit":"J10-13A","terminal":"sea","drains_to_sea":true,"n_upstream":4,"outlet":[-0.759,40.1554],"outlet_how":"cedex river x unit boundary","label":[-0.8879,40.1735],"source":"CHJ PHJ 2022-2027 masas de agua superficial (cuenca)","chj_codes":["10-03A"]},"geometry":{"type":"Polygon","coordinates":[[[-0.819,40.207],[-0.815,40.209],[-0.811,40.223],[-0.801,40.222],[-0.8,40.224],[-0.797,40.224],[-0.791,40.22],[-0.786,40.219],[-0.782,40.215],[-0.782,40.211],[-0.779,40.208],[-0.781,40.204],[-0.776,40.198],[-0.771,40.198],[-0.771,40.188],[-0.765,40.184],[-0.763,40.175],[-0.759,40.175],[-0.76,40.17],[-0.756,40.164],[-0.749,40.162],[-0.747,40.157],[-0.751,40.155],[-0.759,40.156],[-0.754,40.15],[-0.758,40.144],[-0.764,40.144],[-0.766,40.148],[-0.771,40.145],[-0.775,40.145],[-0.777,40.142],[-0.787,40.141],[-0.799,40.147],[-0.804,40.147],[-0.805,40.145],[-0.815,40.145],[-0.817,40.141],[-0.822,40.14],[-0.826,40.133],[-0.834,40.133],[-0.839,40.135],[-0.857,40.135],[-0.859,40.137],[-0.867,40.137],[-0.868,40.145],[-0.877,40.146],[-0.879,40.143],[-0.89,40.143],[-0.895,40.139],[-0.896,40.136],[-0.908,40.137],[-0.912,40.135],[-0.917,40.14],[-0.921,40.136],[-0.926,40.136],[-0.928,40.133],[-0.936,40.132],[-0.942,40.127],[-0.951,40.127],[-0.953,40.129],[-0.959,40.129],[-0.963,40.124],[-0.971,40.127],[-0.973,40.123],[-0.98,40.125],[-0.985,40.125],[-0.987,40.128],[-0.992,40.128],[-0.993,40.133],[-0.995,40.133],[-0.996,40.138],[-0.991,40.143],[-0.991,40.146],[-0.997,40.149],[-0.997,40.151],[-1.011,40.15],[-1.011,40.159],[-1.015,40.165],[-1.014,40.17],[-1.018,40.172],[-1.015,40.175],[-1.02,40.176],[-1.02,40.181],[-1.029,40.181],[-1.028,40.184],[-1.023,40.187],[-1.019,40.186],[-1.016,40.189],[-1.016,40.195],[-1.013,40.196],[-1.012,40.202],[-1.008,40.203],[-1.005,40.207],[-1.005,40.212],[-1.008,40.215],[-1.012,40.215],[-1.009,40.219],[-1.009,40.223],[-0.998,40.221],[-0.986,40.221],[-0.985,40.225],[-0.981,40.226],[-0.98,40.222],[-0.975,40.221],[-0.976,40.216],[-0.97,40.215],[-0.969,40.213],[-0.964,40.213],[-0.959,40.211],[-0.957,40.208],[-0.951,40.208],[-0.948,40.204],[-0.937,40.207],[-0.928,40.207],[-0.926,40.205],[-0.916,40.205],[-0.911,40.202],[-0.905,40.201],[-0.899,40.198],[-0.89,40.199],[-0.871,40.199],[-0.866,40.202],[-0.859,40.201],[-0.844,40.201],[-0.843,40.199],[-0.836,40.198],[-0.832,40.203],[-0.826,40.203],[-0.823,40.207],[-0.819,40.207]]]}},{"type":"Feature","properties":{"id":"J10-03B","idx":171,"name":"Río Valbona","river":"Río Valbona","town":"Valbona","kind":"wb","area_km2":61.4,"up_area_km2":169.1,"next":"J10-03A","terminal_unit":"J10-13A","terminal":"sea","drains_to_sea":true,"n_upstream":1,"outlet":[-0.819,40.2071],"outlet_how":"cedex river x unit boundary","label":[-0.8015,40.2765],"source":"CHJ PHJ 2022-2027 masas de agua superficial (cuenca)","chj_codes":["10-03B"]},"geometry":{"type":"Polygon","coordinates":[[[-0.8,40.224],[-0.801,40.222],[-0.811,40.223],[-0.815,40.209],[-0.819,40.207],[-0.822,40.212],[-0.822,40.221],[-0.824,40.225],[-0.828,40.228],[-0.832,40.235],[-0.832,40.241],[-0.834,40.248],[-0.838,40.254],[-0.844,40.257],[-0.844,40.263],[-0.836,40.272],[-0.836,40.281],[-0.834,40.285],[-0.835,40.298],[-0.838,40.302],[-0.837,40.308],[-0.841,40.31],[-0.844,40.314],[-0.843,40.326],[-0.843,40.337],[-0.841,40.344],[-0.834,40.344],[-0.831,40.34],[-0.826,40.338],[-0.826,40.333],[-0.818,40.332],[-0.815,40.326],[-0.81,40.326],[-0.81,40.319],[-0.802,40.317],[-0.799,40.319],[-0.796,40.315],[-0.79,40.313],[-0.79,40.311],[-0.785,40.31],[-0.782,40.312],[-0.774,40.314],[-0.776,40.321],[-0.773,40.323],[-0.767,40.323],[-0.765,40.325],[-0.759,40.325],[-0.757,40.327],[-0.746,40.327],[-0.746,40.324],[-0.751,40.323],[-0.751,40.316],[-0.761,40.311],[-0.761,40.309],[-0.77,40.309],[-0.772,40.305],[-0.777,40.303],[-0.778,40.299],[-0.773,40.296],[-0.772,40.286],[-0.767,40.282],[-0.767,40.271],[-0.766,40.267],[-0.773,40.261],[-0.772,40.257],[-0.776,40.259],[-0.778,40.256],[-0.783,40.258],[-0.779,40.246],[-0.784,40.246],[-0.786,40.244],[-0.787,40.238],[-0.79,40.234],[-0.797,40.232],[-0.798,40.226],[-0.8,40.224]]]}},{"type":"Feature","properties":{"id":"J10-04-01-01","idx":172,"name":"Río del Morrón","river":"Río del Morrón","town":null,"kind":"wb","area_km2":84.1,"up_area_km2":84.1,"next":"J10-05A","terminal_unit":"J10-13A","terminal":"sea","drains_to_sea":true,"n_upstream":0,"outlet":[-0.609,40.1253],"outlet_how":"cedex river x unit boundary","label":[-0.5786,40.2],"source":"CHJ PHJ 2022-2027 masas de agua superficial (cuenca)","chj_codes":["10-04-01-01"]},"geometry":{"type":"Polygon","coordinates":[[[-0.547,40.249],[-0.548,40.243],[-0.554,40.241],[-0.554,40.236],[-0.561,40.234],[-0.561,40.23],[-0.556,40.227],[-0.556,40.216],[-0.554,40.213],[-0.554,40.208],[-0.55,40.205],[-0.549,40.198],[-0.549,40.188],[-0.55,40.188],[-0.55,40.17],[-0.552,40.167],[-0.552,40.157],[-0.549,40.156],[-0.551,40.153],[-0.551,40.144],[-0.549,40.136],[-0.553,40.135],[-0.557,40.129],[-0.56,40.129],[-0.564,40.125],[-0.565,40.122],[-0.57,40.122],[-0.576,40.117],[-0.58,40.12],[-0.6,40.12],[-0.604,40.123],[-0.609,40.125],[-0.609,40.13],[-0.607,40.13],[-0.606,40.135],[-0.601,40.139],[-0.598,40.139],[-0.599,40.143],[-0.598,40.149],[-0.596,40.149],[-0.596,40.154],[-0.599,40.155],[-0.599,40.162],[-0.603,40.166],[-0.608,40.166],[-0.607,40.174],[-0.608,40.179],[-0.611,40.182],[-0.619,40.183],[-0.622,40.187],[-0.615,40.189],[-0.615,40.194],[-0.608,40.198],[-0.608,40.202],[-0.611,40.204],[-0.611,40.209],[-0.615,40.209],[-0.611,40.215],[-0.611,40.22],[-0.615,40.223],[-0.623,40.223],[-0.623,40.226],[-0.628,40.232],[-0.63,40.238],[-0.628,40.242],[-0.623,40.244],[-0.623,40.257],[-0.629,40.262],[-0.626,40.263],[-0.626,40.271],[-0.623,40.273],[-0.619,40.274],[-0.617,40.278],[-0.613,40.277],[-0.607,40.28],[-0.603,40.28],[-0.602,40.283],[-0.594,40.278],[-0.594,40.273],[-0.587,40.271],[-0.587,40.269],[-0.582,40.267],[-0.585,40.262],[-0.579,40.261],[-0.578,40.263],[-0.568,40.262],[-0.567,40.259],[-0.56,40.255],[-0.558,40.252],[-0.547,40.249]]]}},{"type":"Feature","properties":{"id":"J10-04A","idx":173,"name":"Río Mijares: manantial de Babor - embalse de Arenós","river":"Río Mijares","town":"Rubielos de Mora","kind":"wb","area_km2":118.3,"up_area_km2":1317.1,"next":"J10-05A","terminal_unit":"J10-13A","terminal":"sea","drains_to_sea":true,"n_upstream":9,"outlet":[-0.61,40.1232],"outlet_how":"cedex river x unit boundary","label":[-0.6391,40.1765],"source":"CHJ PHJ 2022-2027 masas de agua superficial (cuenca)","merged_names":["Río Mijares: manantial de Babor - río Mora"],"chj_codes":["10-04A","10-03C"]},"geometry":{"type":"Polygon","coordinates":[[[-0.778,40.072],[-0.774,40.075],[-0.773,40.083],[-0.769,40.088],[-0.769,40.094],[-0.762,40.097],[-0.762,40.103],[-0.756,40.106],[-0.756,40.109],[-0.75,40.115],[-0.749,40.121],[-0.752,40.126],[-0.756,40.127],[-0.755,40.132],[-0.75,40.132],[-0.744,40.136],[-0.744,40.145],[-0.747,40.145],[-0.747,40.149],[-0.754,40.15],[-0.759,40.156],[-0.751,40.155],[-0.747,40.157],[-0.742,40.155],[-0.742,40.151],[-0.73,40.144],[-0.723,40.144],[-0.72,40.147],[-0.72,40.151],[-0.713,40.152],[-0.709,40.158],[-0.704,40.152],[-0.704,40.146],[-0.692,40.145],[-0.691,40.142],[-0.684,40.14],[-0.686,40.137],[-0.686,40.132],[-0.678,40.129],[-0.67,40.13],[-0.665,40.135],[-0.664,40.141],[-0.657,40.144],[-0.651,40.144],[-0.655,40.147],[-0.656,40.153],[-0.652,40.154],[-0.655,40.159],[-0.656,40.164],[-0.653,40.164],[-0.654,40.168],[-0.66,40.173],[-0.669,40.174],[-0.674,40.181],[-0.674,40.185],[-0.663,40.184],[-0.66,40.188],[-0.66,40.197],[-0.656,40.2],[-0.655,40.209],[-0.657,40.213],[-0.663,40.214],[-0.662,40.227],[-0.655,40.227],[-0.652,40.231],[-0.655,40.231],[-0.652,40.237],[-0.652,40.243],[-0.655,40.247],[-0.654,40.254],[-0.647,40.26],[-0.647,40.264],[-0.639,40.269],[-0.632,40.276],[-0.628,40.277],[-0.623,40.273],[-0.626,40.271],[-0.626,40.263],[-0.629,40.262],[-0.623,40.257],[-0.623,40.244],[-0.628,40.242],[-0.63,40.238],[-0.628,40.232],[-0.623,40.226],[-0.623,40.223],[-0.615,40.223],[-0.611,40.22],[-0.611,40.215],[-0.615,40.209],[-0.611,40.209],[-0.611,40.204],[-0.608,40.202],[-0.608,40.198],[-0.615,40.194],[-0.615,40.189],[-0.622,40.187],[-0.619,40.183],[-0.611,40.182],[-0.608,40.179],[-0.607,40.174],[-0.608,40.166],[-0.603,40.166],[-0.599,40.162],[-0.599,40.155],[-0.596,40.154],[-0.596,40.149],[-0.598,40.149],[-0.599,40.143],[-0.598,40.139],[-0.601,40.139],[-0.606,40.135],[-0.607,40.13],[-0.609,40.13],[-0.609,40.125],[-0.604,40.123],[-0.609,40.122],[-0.613,40.125],[-0.621,40.125],[-0.622,40.121],[-0.627,40.119],[-0.633,40.119],[-0.64,40.111],[-0.646,40.11],[-0.646,40.106],[-0.653,40.105],[-0.655,40.107],[-0.656,40.103],[-0.668,40.101],[-0.669,40.098],[-0.678,40.098],[-0.684,40.095],[-0.69,40.095],[-0.69,40.09],[-0.695,40.091],[-0.709,40.09],[-0.709,40.086],[-0.718,40.086],[-0.724,40.088],[-0.724,40.085],[-0.731,40.08],[-0.736,40.08],[-0.737,40.078],[-0.745,40.076],[-0.758,40.074],[-0.763,40.076],[-0.77,40.072],[-0.778,40.072]]]}},{"type":"Feature","properties":{"id":"J10-04B","idx":174,"name":"Río Palomarejas: embalse de Balagueras - río Mijares","river":"Río Palomarejas","town":null,"kind":"wb","area_km2":70.8,"up_area_km2":70.8,"next":"J10-04A","terminal_unit":"J10-13A","terminal":"sea","drains_to_sea":true,"n_upstream":0,"outlet":[-0.676,40.1286],"outlet_how":"cedex river x unit boundary","label":[-0.6859,40.2225],"source":"CHJ PHJ 2022-2027 masas de agua superficial (cuenca)","chj_codes":["10-04B"]},"geometry":{"type":"Polygon","coordinates":[[[-0.673,40.314],[-0.67,40.316],[-0.661,40.31],[-0.659,40.306],[-0.648,40.3],[-0.647,40.298],[-0.641,40.296],[-0.633,40.296],[-0.629,40.291],[-0.621,40.29],[-0.625,40.285],[-0.625,40.28],[-0.628,40.277],[-0.632,40.276],[-0.639,40.269],[-0.647,40.264],[-0.647,40.26],[-0.654,40.254],[-0.655,40.247],[-0.652,40.243],[-0.652,40.237],[-0.655,40.231],[-0.652,40.231],[-0.655,40.227],[-0.662,40.227],[-0.663,40.214],[-0.657,40.213],[-0.655,40.209],[-0.656,40.2],[-0.66,40.197],[-0.66,40.188],[-0.663,40.184],[-0.674,40.185],[-0.674,40.181],[-0.669,40.174],[-0.66,40.173],[-0.654,40.168],[-0.653,40.164],[-0.656,40.164],[-0.655,40.159],[-0.652,40.154],[-0.656,40.153],[-0.655,40.147],[-0.651,40.144],[-0.657,40.144],[-0.664,40.141],[-0.665,40.135],[-0.67,40.13],[-0.678,40.129],[-0.686,40.132],[-0.686,40.137],[-0.684,40.14],[-0.691,40.142],[-0.692,40.145],[-0.704,40.146],[-0.704,40.152],[-0.709,40.158],[-0.71,40.163],[-0.71,40.177],[-0.711,40.177],[-0.711,40.192],[-0.71,40.195],[-0.714,40.195],[-0.716,40.207],[-0.713,40.21],[-0.712,40.217],[-0.709,40.218],[-0.71,40.228],[-0.702,40.236],[-0.701,40.24],[-0.698,40.241],[-0.693,40.25],[-0.686,40.255],[-0.682,40.263],[-0.672,40.269],[-0.667,40.268],[-0.663,40.274],[-0.661,40.28],[-0.661,40.287],[-0.665,40.293],[-0.668,40.295],[-0.673,40.295],[-0.673,40.305],[-0.67,40.31],[-0.673,40.314]]]}},{"type":"Feature","properties":{"id":"J10-01","idx":175,"name":"Río Mijares: cabecera - barranco del Charco","river":"Río Mijares","town":"Cedrillas","kind":"wb","area_km2":109.0,"up_area_km2":109.0,"next":"J10-02A","terminal_unit":"J10-13A","terminal":"sea","drains_to_sea":true,"n_upstream":0,"outlet":[-0.875,40.3867],"outlet_how":"cedex river x unit boundary","label":[-0.8302,40.418],"source":"CHJ PHJ 2022-2027 masas de agua superficial (cuenca)","chj_codes":["10-01"]},"geometry":{"type":"Polygon","coordinates":[[[-0.778,40.466],[-0.774,40.464],[-0.773,40.455],[-0.767,40.451],[-0.762,40.447],[-0.761,40.442],[-0.756,40.437],[-0.755,40.432],[-0.751,40.431],[-0.749,40.427],[-0.74,40.421],[-0.737,40.414],[-0.731,40.407],[-0.726,40.407],[-0.726,40.405],[-0.721,40.402],[-0.721,40.398],[-0.726,40.395],[-0.724,40.389],[-0.731,40.387],[-0.737,40.393],[-0.739,40.393],[-0.748,40.402],[-0.752,40.401],[-0.754,40.397],[-0.759,40.394],[-0.763,40.394],[-0.765,40.389],[-0.774,40.384],[-0.775,40.378],[-0.785,40.378],[-0.794,40.387],[-0.798,40.388],[-0.801,40.397],[-0.806,40.397],[-0.806,40.4],[-0.812,40.402],[-0.826,40.402],[-0.828,40.4],[-0.836,40.4],[-0.841,40.396],[-0.841,40.385],[-0.838,40.375],[-0.841,40.374],[-0.842,40.378],[-0.852,40.377],[-0.852,40.379],[-0.857,40.38],[-0.86,40.375],[-0.865,40.372],[-0.87,40.375],[-0.87,40.378],[-0.875,40.38],[-0.875,40.388],[-0.879,40.389],[-0.882,40.393],[-0.885,40.393],[-0.887,40.397],[-0.891,40.399],[-0.899,40.399],[-0.904,40.405],[-0.908,40.407],[-0.92,40.408],[-0.924,40.41],[-0.922,40.415],[-0.921,40.426],[-0.926,40.426],[-0.931,40.429],[-0.931,40.432],[-0.927,40.435],[-0.93,40.438],[-0.929,40.447],[-0.927,40.45],[-0.917,40.452],[-0.917,40.455],[-0.922,40.459],[-0.911,40.458],[-0.91,40.46],[-0.899,40.45],[-0.894,40.451],[-0.889,40.449],[-0.889,40.451],[-0.874,40.451],[-0.866,40.452],[-0.866,40.45],[-0.86,40.451],[-0.844,40.451],[-0.843,40.456],[-0.839,40.46],[-0.836,40.459],[-0.825,40.459],[-0.823,40.461],[-0.816,40.46],[-0.814,40.458],[-0.804,40.458],[-0.798,40.459],[-0.792,40.458],[-0.79,40.464],[-0.785,40.467],[-0.783,40.465],[-0.778,40.466]]]}},{"type":"Feature","properties":{"id":"J10-02A","idx":176,"name":"Río Mijares: barranco del Charco - río Valbona","river":"Río Mijares","town":"La Puebla de Valverde","kind":"wb","area_km2":221.8,"up_area_km2":330.8,"next":"J10-03A","terminal_unit":"J10-13A","terminal":"sea","drains_to_sea":true,"n_upstream":1,"outlet":[-0.8198,40.207],"outlet_how":"cedex river x unit boundary","label":[-0.8959,40.303],"source":"CHJ PHJ 2022-2027 masas de agua superficial (cuenca)","chj_codes":["10-02A"]},"geometry":{"type":"Polygon","coordinates":[[[-1.009,40.223],[-1.009,40.226],[-1.014,40.228],[-1.015,40.231],[-1.012,40.235],[-1.012,40.241],[-1.01,40.249],[-1.012,40.255],[-1.007,40.257],[-1.004,40.252],[-0.994,40.253],[-0.994,40.266],[-0.998,40.267],[-0.992,40.274],[-0.985,40.279],[-0.973,40.279],[-0.97,40.285],[-0.958,40.293],[-0.958,40.296],[-0.954,40.298],[-0.954,40.304],[-0.956,40.307],[-0.962,40.311],[-0.961,40.317],[-0.955,40.321],[-0.952,40.326],[-0.951,40.334],[-0.949,40.33],[-0.938,40.33],[-0.939,40.335],[-0.935,40.338],[-0.936,40.344],[-0.933,40.345],[-0.923,40.345],[-0.918,40.349],[-0.918,40.354],[-0.916,40.357],[-0.91,40.36],[-0.91,40.374],[-0.913,40.379],[-0.907,40.382],[-0.912,40.384],[-0.916,40.388],[-0.921,40.388],[-0.921,40.398],[-0.92,40.398],[-0.92,40.408],[-0.908,40.407],[-0.904,40.405],[-0.899,40.399],[-0.891,40.399],[-0.887,40.397],[-0.885,40.393],[-0.882,40.393],[-0.879,40.389],[-0.875,40.388],[-0.875,40.38],[-0.87,40.378],[-0.87,40.375],[-0.865,40.372],[-0.86,40.375],[-0.857,40.38],[-0.852,40.379],[-0.852,40.377],[-0.842,40.378],[-0.841,40.374],[-0.838,40.375],[-0.832,40.371],[-0.834,40.364],[-0.839,40.364],[-0.833,40.355],[-0.834,40.344],[-0.841,40.344],[-0.843,40.337],[-0.843,40.326],[-0.844,40.314],[-0.841,40.31],[-0.837,40.308],[-0.838,40.302],[-0.835,40.298],[-0.834,40.285],[-0.836,40.281],[-0.836,40.272],[-0.844,40.263],[-0.844,40.257],[-0.838,40.254],[-0.834,40.248],[-0.832,40.241],[-0.832,40.235],[-0.828,40.228],[-0.824,40.225],[-0.822,40.221],[-0.822,40.212],[-0.819,40.207],[-0.823,40.207],[-0.826,40.203],[-0.832,40.203],[-0.836,40.198],[-0.843,40.199],[-0.844,40.201],[-0.859,40.201],[-0.866,40.202],[-0.871,40.199],[-0.89,40.199],[-0.899,40.198],[-0.905,40.201],[-0.911,40.202],[-0.916,40.205],[-0.926,40.205],[-0.928,40.207],[-0.937,40.207],[-0.948,40.204],[-0.951,40.208],[-0.957,40.208],[-0.959,40.211],[-0.964,40.213],[-0.969,40.213],[-0.97,40.215],[-0.976,40.216],[-0.975,40.221],[-0.98,40.222],[-0.981,40.226],[-0.985,40.225],[-0.986,40.221],[-0.998,40.221],[-1.009,40.223]]]}},{"type":"Feature","properties":{"id":"J10-03-01-01","idx":177,"name":"Río Alcalá: cabecera - río Valbona","river":"Río Alcalá","town":"Alcalá de la Selva","kind":"wb","area_km2":107.7,"up_area_km2":107.7,"next":"J10-03B","terminal_unit":"J10-13A","terminal":"sea","drains_to_sea":true,"n_upstream":0,"outlet":[-0.8058,40.317],"outlet_how":"cedex river x unit boundary","label":[-0.7489,40.3565],"source":"CHJ PHJ 2022-2027 masas de agua superficial (cuenca)","chj_codes":["10-03-01-01"]},"geometry":{"type":"Polygon","coordinates":[[[-0.643,40.385],[-0.635,40.38],[-0.627,40.379],[-0.627,40.373],[-0.633,40.375],[-0.638,40.374],[-0.639,40.369],[-0.643,40.364],[-0.653,40.364],[-0.653,40.362],[-0.661,40.361],[-0.664,40.358],[-0.663,40.347],[-0.666,40.344],[-0.666,40.334],[-0.668,40.332],[-0.678,40.334],[-0.683,40.337],[-0.685,40.335],[-0.692,40.335],[-0.691,40.333],[-0.697,40.334],[-0.702,40.341],[-0.705,40.341],[-0.71,40.346],[-0.715,40.346],[-0.72,40.34],[-0.728,40.344],[-0.731,40.344],[-0.735,40.34],[-0.738,40.333],[-0.743,40.331],[-0.746,40.327],[-0.757,40.327],[-0.759,40.325],[-0.765,40.325],[-0.767,40.323],[-0.773,40.323],[-0.776,40.321],[-0.774,40.314],[-0.782,40.312],[-0.785,40.31],[-0.79,40.311],[-0.79,40.313],[-0.796,40.315],[-0.799,40.319],[-0.802,40.317],[-0.81,40.319],[-0.81,40.326],[-0.815,40.326],[-0.818,40.332],[-0.826,40.333],[-0.826,40.338],[-0.831,40.34],[-0.834,40.344],[-0.833,40.355],[-0.839,40.364],[-0.834,40.364],[-0.832,40.371],[-0.838,40.375],[-0.841,40.385],[-0.841,40.396],[-0.836,40.4],[-0.828,40.4],[-0.826,40.402],[-0.812,40.402],[-0.806,40.4],[-0.806,40.397],[-0.801,40.397],[-0.798,40.388],[-0.794,40.387],[-0.785,40.378],[-0.775,40.378],[-0.774,40.384],[-0.765,40.389],[-0.763,40.394],[-0.759,40.394],[-0.754,40.397],[-0.752,40.401],[-0.748,40.402],[-0.739,40.393],[-0.737,40.393],[-0.731,40.387],[-0.724,40.389],[-0.726,40.395],[-0.721,40.398],[-0.712,40.396],[-0.708,40.392],[-0.694,40.393],[-0.692,40.389],[-0.686,40.388],[-0.668,40.388],[-0.665,40.391],[-0.653,40.392],[-0.65,40.388],[-0.643,40.385]]]}},{"type":"Feature","properties":{"id":"J10-03-02-01A","idx":178,"name":"Río Albentosa: cabecera - Manzanera","river":"Río Albentosa","town":"Torrijas","kind":"wb","area_km2":205.2,"up_area_km2":205.2,"next":"J10-03-02-02","terminal_unit":"J10-13A","terminal":"sea","drains_to_sea":true,"n_upstream":0,"outlet":[-0.8299,40.056],"outlet_how":"cedex river x unit boundary","label":[-0.9096,40.0265],"source":"CHJ PHJ 2022-2027 masas de agua superficial (cuenca)","chj_codes":["10-03-02-01A"]},"geometry":{"type":"Polygon","coordinates":[[[-0.871,39.923],[-0.87,39.928],[-0.872,39.932],[-0.873,39.941],[-0.88,39.944],[-0.876,39.949],[-0.877,39.956],[-0.879,39.958],[-0.875,39.962],[-0.889,39.962],[-0.899,39.964],[-0.898,39.973],[-0.903,39.975],[-0.91,39.975],[-0.912,39.978],[-0.913,39.987],[-0.917,39.991],[-0.906,39.992],[-0.906,39.996],[-0.912,39.999],[-0.919,39.999],[-0.922,39.997],[-0.927,39.997],[-0.936,40.002],[-0.939,40.002],[-0.942,39.998],[-0.95,39.999],[-0.95,40.001],[-0.957,40.002],[-0.965,40.008],[-0.968,40.013],[-0.973,40.014],[-0.972,40.019],[-0.982,40.019],[-0.991,40.023],[-0.995,40.035],[-0.999,40.037],[-1.007,40.038],[-1.011,40.041],[-1.016,40.041],[-1.016,40.045],[-1.012,40.048],[-1.015,40.051],[-1.013,40.058],[-1.011,40.06],[-1.014,40.063],[-1.023,40.065],[-1.029,40.072],[-1.03,40.075],[-1.034,40.077],[-1.034,40.081],[-1.033,40.09],[-1.025,40.097],[-1.026,40.105],[-1.018,40.109],[-1.013,40.113],[-1.012,40.12],[-1.008,40.121],[-1.005,40.13],[-0.995,40.133],[-0.993,40.133],[-0.992,40.128],[-0.987,40.128],[-0.985,40.125],[-0.98,40.125],[-0.973,40.123],[-0.973,40.12],[-0.969,40.118],[-0.962,40.119],[-0.96,40.115],[-0.954,40.112],[-0.95,40.112],[-0.949,40.106],[-0.943,40.106],[-0.939,40.1],[-0.934,40.101],[-0.922,40.101],[-0.914,40.105],[-0.909,40.103],[-0.892,40.103],[-0.891,40.106],[-0.885,40.104],[-0.879,40.095],[-0.877,40.089],[-0.86,40.089],[-0.862,40.08],[-0.858,40.076],[-0.854,40.076],[-0.853,40.071],[-0.856,40.07],[-0.855,40.063],[-0.846,40.062],[-0.845,40.057],[-0.84,40.057],[-0.834,40.059],[-0.826,40.052],[-0.832,40.042],[-0.83,40.04],[-0.831,40.035],[-0.825,40.03],[-0.831,40.02],[-0.839,40.018],[-0.839,40.012],[-0.841,40.012],[-0.841,40.004],[-0.837,40.002],[-0.836,39.997],[-0.832,39.994],[-0.834,39.988],[-0.841,39.986],[-0.841,39.982],[-0.845,39.981],[-0.845,39.977],[-0.842,39.977],[-0.839,39.971],[-0.842,39.968],[-0.837,39.962],[-0.833,39.962],[-0.832,39.958],[-0.835,39.957],[-0.833,39.953],[-0.839,39.95],[-0.844,39.95],[-0.847,39.948],[-0.843,39.945],[-0.843,39.942],[-0.85,39.933],[-0.853,39.929],[-0.858,39.929],[-0.864,39.921],[-0.871,39.923]]]}},{"type":"Feature","properties":{"id":"J10-03-02-02","idx":179,"name":"Río Albentosa: Manzanera - río Mijares","river":"Río Albentosa","town":"Sarrión","kind":"wb","area_km2":117.2,"up_area_km2":322.5,"next":"J10-04A","terminal_unit":"J10-13A","terminal":"sea","drains_to_sea":true,"n_upstream":1,"outlet":[-0.7479,40.149],"outlet_how":"cedex river x unit boundary","label":[-0.8146,40.0885],"source":"CHJ PHJ 2022-2027 masas de agua superficial (cuenca)","chj_codes":["10-03-02-02"]},"geometry":{"type":"Polygon","coordinates":[[[-0.778,40.072],[-0.78,40.066],[-0.785,40.064],[-0.786,40.06],[-0.79,40.058],[-0.788,40.052],[-0.792,40.05],[-0.792,40.047],[-0.798,40.044],[-0.804,40.044],[-0.804,40.037],[-0.806,40.035],[-0.81,40.036],[-0.81,40.031],[-0.812,40.031],[-0.814,40.026],[-0.822,40.026],[-0.825,40.03],[-0.831,40.035],[-0.83,40.04],[-0.832,40.042],[-0.826,40.052],[-0.834,40.059],[-0.84,40.057],[-0.845,40.057],[-0.846,40.062],[-0.855,40.063],[-0.856,40.07],[-0.853,40.071],[-0.854,40.076],[-0.858,40.076],[-0.862,40.08],[-0.86,40.089],[-0.877,40.089],[-0.879,40.095],[-0.885,40.104],[-0.891,40.106],[-0.892,40.103],[-0.909,40.103],[-0.914,40.105],[-0.922,40.101],[-0.934,40.101],[-0.939,40.1],[-0.943,40.106],[-0.949,40.106],[-0.95,40.112],[-0.954,40.112],[-0.96,40.115],[-0.962,40.119],[-0.969,40.118],[-0.973,40.12],[-0.973,40.123],[-0.971,40.127],[-0.963,40.124],[-0.959,40.129],[-0.953,40.129],[-0.951,40.127],[-0.942,40.127],[-0.936,40.132],[-0.928,40.133],[-0.926,40.136],[-0.921,40.136],[-0.917,40.14],[-0.912,40.135],[-0.908,40.137],[-0.896,40.136],[-0.895,40.139],[-0.89,40.143],[-0.879,40.143],[-0.877,40.146],[-0.868,40.145],[-0.867,40.137],[-0.859,40.137],[-0.857,40.135],[-0.839,40.135],[-0.834,40.133],[-0.826,40.133],[-0.822,40.14],[-0.817,40.141],[-0.815,40.145],[-0.805,40.145],[-0.804,40.147],[-0.799,40.147],[-0.787,40.141],[-0.777,40.142],[-0.775,40.145],[-0.771,40.145],[-0.766,40.148],[-0.764,40.144],[-0.758,40.144],[-0.754,40.15],[-0.747,40.149],[-0.747,40.145],[-0.744,40.145],[-0.744,40.136],[-0.75,40.132],[-0.755,40.132],[-0.756,40.127],[-0.752,40.126],[-0.749,40.121],[-0.75,40.115],[-0.756,40.109],[-0.756,40.106],[-0.762,40.103],[-0.762,40.097],[-0.769,40.094],[-0.769,40.088],[-0.773,40.083],[-0.774,40.075],[-0.778,40.072]]]}},{"type":"Feature","properties":{"id":"J10-03-03-01","idx":180,"name":"Río Mora: embalse de Mora de Rubielos - río Mijares","river":"Río Mora","town":"Mora de Rubielos","kind":"wb","area_km2":136.5,"up_area_km2":136.5,"next":"J10-04A","terminal_unit":"J10-13A","terminal":"sea","drains_to_sea":true,"n_upstream":0,"outlet":[-0.722,40.1433],"outlet_how":"cedex river x unit boundary","label":[-0.7404,40.245],"source":"CHJ PHJ 2022-2027 masas de agua superficial (cuenca)","merged_names":["Embalse de Mora de Rubielos","Barranco de Fuendenarices"],"chj_codes":["10-03-03-01","10-03-03-02","10-03-03-03"]},"geometry":{"type":"Polygon","coordinates":[[[-0.691,40.333],[-0.689,40.326],[-0.677,40.321],[-0.673,40.314],[-0.67,40.31],[-0.673,40.305],[-0.673,40.295],[-0.668,40.295],[-0.665,40.293],[-0.661,40.287],[-0.661,40.28],[-0.663,40.274],[-0.667,40.268],[-0.672,40.269],[-0.682,40.263],[-0.686,40.255],[-0.693,40.25],[-0.698,40.241],[-0.701,40.24],[-0.702,40.236],[-0.71,40.228],[-0.709,40.218],[-0.712,40.217],[-0.713,40.21],[-0.716,40.207],[-0.714,40.195],[-0.71,40.195],[-0.711,40.192],[-0.711,40.177],[-0.71,40.177],[-0.71,40.163],[-0.709,40.158],[-0.713,40.152],[-0.72,40.151],[-0.72,40.147],[-0.723,40.144],[-0.73,40.144],[-0.742,40.151],[-0.742,40.155],[-0.747,40.157],[-0.749,40.162],[-0.756,40.164],[-0.76,40.17],[-0.759,40.175],[-0.763,40.175],[-0.765,40.184],[-0.771,40.188],[-0.771,40.198],[-0.776,40.198],[-0.781,40.204],[-0.779,40.208],[-0.782,40.211],[-0.782,40.215],[-0.786,40.219],[-0.791,40.22],[-0.797,40.224],[-0.8,40.224],[-0.798,40.226],[-0.797,40.232],[-0.79,40.234],[-0.787,40.238],[-0.786,40.244],[-0.784,40.246],[-0.779,40.246],[-0.783,40.258],[-0.778,40.256],[-0.776,40.259],[-0.772,40.257],[-0.773,40.261],[-0.766,40.267],[-0.767,40.271],[-0.767,40.282],[-0.772,40.286],[-0.773,40.296],[-0.778,40.299],[-0.777,40.303],[-0.772,40.305],[-0.77,40.309],[-0.761,40.309],[-0.761,40.311],[-0.751,40.316],[-0.751,40.323],[-0.746,40.324],[-0.746,40.327],[-0.743,40.331],[-0.738,40.333],[-0.735,40.34],[-0.731,40.344],[-0.728,40.344],[-0.72,40.34],[-0.715,40.346],[-0.71,40.346],[-0.705,40.341],[-0.702,40.341],[-0.697,40.334],[-0.691,40.333]]]}},{"type":"Feature","properties":{"id":"J18-01-02","idx":181,"name":"Río Júcar: cabecera - embalse de la Toba","river":"Río Júcar","town":"Tragacete","kind":"wb","area_km2":138.1,"up_area_km2":279.1,"next":"J18-03","terminal_unit":"J18-36","terminal":"sea","drains_to_sea":true,"n_upstream":2,"outlet":[-1.873,40.211],"outlet_how":"cedex river x unit boundary","label":[-1.8305,40.2845],"source":"CHJ PHJ 2022-2027 masas de agua superficial (cuenca)","chj_codes":["18-01-02"]},"geometry":{"type":"Polygon","coordinates":[[[-1.84,40.164],[-1.839,40.167],[-1.842,40.168],[-1.847,40.173],[-1.849,40.181],[-1.852,40.181],[-1.852,40.185],[-1.855,40.189],[-1.862,40.189],[-1.864,40.194],[-1.863,40.206],[-1.873,40.21],[-1.873,40.214],[-1.869,40.216],[-1.864,40.216],[-1.86,40.218],[-1.858,40.222],[-1.858,40.228],[-1.856,40.232],[-1.86,40.235],[-1.857,40.239],[-1.862,40.239],[-1.864,40.245],[-1.859,40.245],[-1.858,40.256],[-1.863,40.256],[-1.863,40.261],[-1.868,40.261],[-1.868,40.27],[-1.866,40.271],[-1.867,40.276],[-1.862,40.279],[-1.862,40.282],[-1.858,40.287],[-1.854,40.288],[-1.857,40.294],[-1.852,40.297],[-1.851,40.296],[-1.835,40.296],[-1.83,40.299],[-1.833,40.304],[-1.841,40.314],[-1.852,40.319],[-1.852,40.324],[-1.861,40.326],[-1.859,40.332],[-1.867,40.34],[-1.871,40.34],[-1.874,40.349],[-1.877,40.351],[-1.878,40.359],[-1.883,40.362],[-1.888,40.369],[-1.889,40.374],[-1.896,40.377],[-1.896,40.38],[-1.9,40.382],[-1.897,40.387],[-1.89,40.386],[-1.885,40.382],[-1.878,40.383],[-1.878,40.387],[-1.874,40.389],[-1.875,40.392],[-1.879,40.393],[-1.879,40.398],[-1.877,40.4],[-1.87,40.399],[-1.866,40.403],[-1.861,40.401],[-1.853,40.401],[-1.851,40.403],[-1.845,40.402],[-1.842,40.404],[-1.835,40.393],[-1.832,40.393],[-1.829,40.388],[-1.814,40.378],[-1.796,40.365],[-1.789,40.356],[-1.784,40.351],[-1.784,40.347],[-1.793,40.346],[-1.796,40.344],[-1.795,40.34],[-1.799,40.336],[-1.805,40.336],[-1.807,40.329],[-1.81,40.328],[-1.812,40.323],[-1.812,40.318],[-1.801,40.317],[-1.801,40.314],[-1.796,40.311],[-1.786,40.311],[-1.785,40.307],[-1.774,40.294],[-1.781,40.295],[-1.786,40.291],[-1.786,40.287],[-1.801,40.289],[-1.801,40.274],[-1.803,40.268],[-1.806,40.266],[-1.804,40.261],[-1.8,40.261],[-1.8,40.252],[-1.795,40.246],[-1.785,40.246],[-1.781,40.24],[-1.782,40.233],[-1.79,40.232],[-1.794,40.228],[-1.791,40.226],[-1.791,40.221],[-1.788,40.22],[-1.782,40.214],[-1.781,40.21],[-1.787,40.208],[-1.792,40.203],[-1.798,40.2],[-1.809,40.2],[-1.809,40.195],[-1.807,40.193],[-1.809,40.189],[-1.815,40.187],[-1.815,40.18],[-1.82,40.178],[-1.827,40.18],[-1.827,40.174],[-1.825,40.171],[-1.828,40.17],[-1.828,40.162],[-1.838,40.162],[-1.84,40.163],[-1.84,40.164]]]}},{"type":"Feature","properties":{"id":"J18-01A","idx":182,"name":"Arroyo Almagrero","river":"Arroyo Almagrero","town":null,"kind":"wb","area_km2":54.8,"up_area_km2":54.8,"next":"J18-01-02","terminal_unit":"J18-36","terminal":"sea","drains_to_sea":true,"n_upstream":0,"outlet":[-1.812,40.3182],"outlet_how":"cedex river x unit boundary","label":[-1.7441,40.309],"source":"CHJ PHJ 2022-2027 masas de agua superficial (cuenca)","chj_codes":["18-01A"]},"geometry":{"type":"Polygon","coordinates":[[[-1.699,40.307],[-1.705,40.302],[-1.705,40.298],[-1.701,40.297],[-1.695,40.298],[-1.692,40.294],[-1.688,40.292],[-1.686,40.286],[-1.686,40.281],[-1.681,40.277],[-1.683,40.273],[-1.687,40.271],[-1.687,40.268],[-1.682,40.263],[-1.683,40.261],[-1.686,40.264],[-1.698,40.262],[-1.698,40.264],[-1.706,40.264],[-1.716,40.267],[-1.719,40.27],[-1.727,40.27],[-1.728,40.272],[-1.734,40.272],[-1.736,40.274],[-1.744,40.274],[-1.747,40.276],[-1.756,40.277],[-1.761,40.279],[-1.765,40.285],[-1.774,40.294],[-1.785,40.307],[-1.786,40.311],[-1.796,40.311],[-1.801,40.314],[-1.801,40.317],[-1.812,40.318],[-1.812,40.323],[-1.81,40.328],[-1.807,40.329],[-1.805,40.336],[-1.799,40.336],[-1.795,40.34],[-1.796,40.344],[-1.793,40.346],[-1.784,40.347],[-1.784,40.351],[-1.773,40.352],[-1.772,40.354],[-1.767,40.354],[-1.766,40.351],[-1.761,40.348],[-1.756,40.34],[-1.75,40.34],[-1.748,40.336],[-1.74,40.333],[-1.74,40.33],[-1.731,40.325],[-1.728,40.327],[-1.72,40.327],[-1.722,40.318],[-1.724,40.318],[-1.722,40.312],[-1.715,40.315],[-1.708,40.315],[-1.701,40.307],[-1.699,40.307]]]}},{"type":"Feature","properties":{"id":"J18-01B","idx":183,"name":"Río de Valdemeca","river":"Río de Valdemeca","town":"Valdemeca","kind":"wb","area_km2":86.1,"up_area_km2":86.1,"next":"J18-01-02","terminal_unit":"J18-36","terminal":"sea","drains_to_sea":true,"n_upstream":0,"outlet":[-1.8017,40.287],"outlet_how":"cedex river x unit boundary","label":[-1.7535,40.2295],"source":"CHJ PHJ 2022-2027 masas de agua superficial (cuenca)","chj_codes":["18-01B"]},"geometry":{"type":"Polygon","coordinates":[[[-1.753,40.164],[-1.76,40.167],[-1.762,40.171],[-1.769,40.176],[-1.769,40.18],[-1.772,40.185],[-1.772,40.189],[-1.779,40.2],[-1.779,40.208],[-1.781,40.21],[-1.782,40.214],[-1.788,40.22],[-1.791,40.221],[-1.791,40.226],[-1.794,40.228],[-1.79,40.232],[-1.782,40.233],[-1.781,40.24],[-1.785,40.246],[-1.795,40.246],[-1.8,40.252],[-1.8,40.261],[-1.804,40.261],[-1.806,40.266],[-1.803,40.268],[-1.801,40.274],[-1.801,40.289],[-1.786,40.287],[-1.786,40.291],[-1.781,40.295],[-1.774,40.294],[-1.765,40.285],[-1.761,40.279],[-1.756,40.277],[-1.747,40.276],[-1.744,40.274],[-1.736,40.274],[-1.734,40.272],[-1.728,40.272],[-1.727,40.27],[-1.719,40.27],[-1.716,40.267],[-1.706,40.264],[-1.698,40.264],[-1.698,40.262],[-1.686,40.264],[-1.683,40.261],[-1.681,40.257],[-1.683,40.25],[-1.68,40.249],[-1.679,40.245],[-1.688,40.245],[-1.693,40.239],[-1.7,40.242],[-1.701,40.244],[-1.713,40.249],[-1.71,40.244],[-1.716,40.239],[-1.717,40.231],[-1.712,40.228],[-1.707,40.228],[-1.702,40.217],[-1.697,40.214],[-1.691,40.213],[-1.693,40.206],[-1.699,40.203],[-1.698,40.198],[-1.703,40.192],[-1.699,40.19],[-1.705,40.184],[-1.719,40.183],[-1.723,40.177],[-1.73,40.177],[-1.737,40.174],[-1.742,40.169],[-1.748,40.168],[-1.753,40.164]]]}},{"type":"Feature","properties":{"id":"J18-07-03-01","idx":184,"name":"Río Albaladejo","river":"Río Albaladejo","town":"Albaladejo del Cuende","kind":"wb","area_km2":87.6,"up_area_km2":87.6,"next":"J18-07","terminal_unit":"J18-36","terminal":"sea","drains_to_sea":true,"n_upstream":0,"outlet":[-2.2067,39.737],"outlet_how":"cedex river x unit boundary","label":[-2.2114,39.8105],"source":"CHJ PHJ 2022-2027 masas de agua superficial (cuenca)","chj_codes":["18-07-03-01"]},"geometry":{"type":"Polygon","coordinates":[[[-2.198,39.74],[-2.202,39.737],[-2.214,39.736],[-2.22,39.739],[-2.237,39.737],[-2.245,39.738],[-2.247,39.74],[-2.248,39.746],[-2.253,39.751],[-2.248,39.752],[-2.25,39.758],[-2.243,39.759],[-2.241,39.761],[-2.243,39.765],[-2.24,39.767],[-2.24,39.771],[-2.236,39.775],[-2.237,39.78],[-2.241,39.78],[-2.247,39.784],[-2.246,39.789],[-2.252,39.789],[-2.255,39.796],[-2.253,39.8],[-2.254,39.809],[-2.247,39.809],[-2.243,39.812],[-2.243,39.815],[-2.239,39.819],[-2.235,39.82],[-2.234,39.827],[-2.225,39.833],[-2.225,39.84],[-2.223,39.841],[-2.223,39.846],[-2.226,39.85],[-2.225,39.86],[-2.222,39.865],[-2.224,39.867],[-2.218,39.871],[-2.215,39.869],[-2.214,39.865],[-2.21,39.865],[-2.205,39.868],[-2.204,39.874],[-2.197,39.871],[-2.19,39.871],[-2.181,39.882],[-2.175,39.883],[-2.174,39.886],[-2.169,39.886],[-2.163,39.881],[-2.159,39.881],[-2.156,39.878],[-2.152,39.879],[-2.146,39.878],[-2.145,39.875],[-2.141,39.875],[-2.141,39.872],[-2.137,39.87],[-2.13,39.865],[-2.133,39.865],[-2.139,39.861],[-2.142,39.856],[-2.14,39.851],[-2.147,39.847],[-2.155,39.847],[-2.156,39.843],[-2.164,39.84],[-2.164,39.834],[-2.168,39.826],[-2.173,39.824],[-2.174,39.82],[-2.179,39.816],[-2.177,39.807],[-2.175,39.806],[-2.175,39.8],[-2.173,39.796],[-2.176,39.795],[-2.186,39.784],[-2.186,39.781],[-2.191,39.778],[-2.19,39.775],[-2.193,39.773],[-2.188,39.772],[-2.185,39.769],[-2.186,39.762],[-2.19,39.76],[-2.19,39.756],[-2.193,39.754],[-2.191,39.748],[-2.194,39.746],[-2.198,39.74]]]}},{"type":"Feature","properties":{"id":"J18-07-04-01","idx":185,"name":"Río Gritos: cabecera - paraje de Puente Nueva","river":"Río Gritos","town":"Olmeda del Rey","kind":"wb","area_km2":127.0,"up_area_km2":127.0,"next":"J18-07-04-03","terminal_unit":"J18-36","terminal":"sea","drains_to_sea":true,"n_upstream":0,"outlet":[-2.137,39.8071],"outlet_how":"cedex river x unit boundary","label":[-2.0915,39.845],"source":"CHJ PHJ 2022-2027 masas de agua superficial (cuenca)","chj_codes":["18-07-04-01"]},"geometry":{"type":"Polygon","coordinates":[[[-2.001,39.794],[-2.003,39.791],[-2.002,39.778],[-2.004,39.776],[-2.009,39.776],[-2.011,39.778],[-2.017,39.777],[-2.022,39.782],[-2.036,39.783],[-2.041,39.785],[-2.048,39.785],[-2.053,39.787],[-2.056,39.785],[-2.065,39.786],[-2.069,39.784],[-2.067,39.781],[-2.072,39.779],[-2.081,39.779],[-2.081,39.781],[-2.09,39.783],[-2.09,39.787],[-2.095,39.789],[-2.106,39.791],[-2.107,39.794],[-2.111,39.795],[-2.113,39.803],[-2.118,39.801],[-2.128,39.802],[-2.132,39.806],[-2.138,39.808],[-2.14,39.814],[-2.14,39.824],[-2.148,39.832],[-2.149,39.836],[-2.153,39.838],[-2.153,39.842],[-2.156,39.843],[-2.155,39.847],[-2.147,39.847],[-2.14,39.851],[-2.142,39.856],[-2.139,39.861],[-2.133,39.865],[-2.13,39.865],[-2.137,39.87],[-2.135,39.874],[-2.123,39.885],[-2.121,39.89],[-2.118,39.89],[-2.115,39.894],[-2.104,39.891],[-2.104,39.896],[-2.095,39.899],[-2.091,39.902],[-2.092,39.907],[-2.084,39.914],[-2.071,39.913],[-2.07,39.915],[-2.065,39.915],[-2.065,39.913],[-2.054,39.907],[-2.049,39.906],[-2.047,39.903],[-2.037,39.899],[-2.033,39.895],[-2.026,39.894],[-2.024,39.891],[-2.02,39.891],[-2.017,39.888],[-2.013,39.888],[-2.011,39.883],[-1.99,39.875],[-1.991,39.862],[-1.996,39.862],[-1.997,39.864],[-2.004,39.866],[-2.004,39.871],[-2.011,39.872],[-2.024,39.872],[-2.027,39.871],[-2.031,39.876],[-2.033,39.875],[-2.041,39.876],[-2.042,39.873],[-2.047,39.871],[-2.047,39.866],[-2.05,39.864],[-2.046,39.861],[-2.046,39.857],[-2.042,39.853],[-2.037,39.851],[-2.035,39.847],[-2.029,39.847],[-2.023,39.839],[-2.018,39.837],[-2.019,39.832],[-2.016,39.826],[-2.02,39.821],[-2.016,39.818],[-2.021,39.815],[-2.022,39.809],[-2.027,39.808],[-2.022,39.806],[-2.018,39.801],[-2.015,39.801],[-2.009,39.795],[-2.001,39.794]]]}},{"type":"Feature","properties":{"id":"J18-04A","idx":186,"name":"Río Júcar: embalse de la Toba - laguna de Uña","river":"Río Júcar","town":"Uña","kind":"wb","area_km2":27.6,"up_area_km2":400.8,"next":"J18-04C","terminal_unit":"J18-36","terminal":"sea","drains_to_sea":true,"n_upstream":4,"outlet":[-1.9816,40.225],"outlet_how":"cedex river x unit boundary","label":[-1.9562,40.193],"source":"CHJ PHJ 2022-2027 masas de agua superficial (cuenca)","chj_codes":["18-04A"]},"geometry":{"type":"Polygon","coordinates":[[[-1.923,40.227],[-1.923,40.212],[-1.921,40.208],[-1.922,40.203],[-1.925,40.199],[-1.929,40.199],[-1.934,40.196],[-1.934,40.189],[-1.939,40.184],[-1.939,40.181],[-1.949,40.181],[-1.946,40.175],[-1.946,40.17],[-1.949,40.17],[-1.954,40.161],[-1.957,40.16],[-1.962,40.163],[-1.972,40.164],[-1.972,40.168],[-1.969,40.169],[-1.97,40.175],[-1.975,40.178],[-1.974,40.187],[-1.972,40.19],[-1.976,40.191],[-1.981,40.195],[-1.981,40.197],[-1.989,40.203],[-1.998,40.212],[-1.998,40.216],[-1.991,40.222],[-1.986,40.224],[-1.973,40.224],[-1.969,40.223],[-1.951,40.223],[-1.951,40.224],[-1.935,40.224],[-1.931,40.227],[-1.923,40.227]]]}},{"type":"Feature","properties":{"id":"J18-04B","idx":187,"name":"Barranco del Socarrado","river":"Barranco del Socarrado","town":null,"kind":"wb","area_km2":53.4,"up_area_km2":53.4,"next":"J18-04C","terminal_unit":"J18-36","terminal":"sea","drains_to_sea":true,"n_upstream":0,"outlet":[-1.968,40.2267],"outlet_how":"cedex river x unit boundary","label":[-1.9337,40.268],"source":"CHJ PHJ 2022-2027 masas de agua superficial (cuenca)","chj_codes":["18-04B"]},"geometry":{"type":"Polygon","coordinates":[[[-1.926,40.31],[-1.928,40.309],[-1.926,40.305],[-1.922,40.304],[-1.921,40.301],[-1.91,40.297],[-1.903,40.29],[-1.899,40.289],[-1.9,40.284],[-1.9,40.271],[-1.898,40.271],[-1.896,40.265],[-1.892,40.258],[-1.892,40.253],[-1.89,40.247],[-1.892,40.244],[-1.898,40.243],[-1.899,40.24],[-1.903,40.239],[-1.903,40.235],[-1.906,40.233],[-1.914,40.234],[-1.915,40.232],[-1.92,40.232],[-1.923,40.227],[-1.931,40.227],[-1.935,40.224],[-1.951,40.224],[-1.951,40.223],[-1.969,40.223],[-1.973,40.224],[-1.968,40.225],[-1.969,40.23],[-1.974,40.235],[-1.974,40.238],[-1.968,40.238],[-1.966,40.24],[-1.963,40.248],[-1.965,40.251],[-1.965,40.259],[-1.969,40.264],[-1.972,40.272],[-1.978,40.273],[-1.978,40.279],[-1.972,40.286],[-1.971,40.291],[-1.968,40.292],[-1.967,40.296],[-1.97,40.299],[-1.967,40.3],[-1.967,40.306],[-1.963,40.307],[-1.963,40.31],[-1.948,40.312],[-1.942,40.315],[-1.941,40.312],[-1.933,40.312],[-1.926,40.31]]]}},{"type":"Feature","properties":{"id":"J18-04C","idx":188,"name":"Río Júcar: laguna de Uña - manantial de los Baños","river":"Río Júcar","town":null,"kind":"wb","area_km2":45.6,"up_area_km2":499.8,"next":"J18-05","terminal_unit":"J18-36","terminal":"sea","drains_to_sea":true,"n_upstream":6,"outlet":[-2.048,40.249],"outlet_how":"cedex river x unit boundary","label":[-2.0014,40.2635],"source":"CHJ PHJ 2022-2027 masas de agua superficial (cuenca)","merged_names":["Laguna de Uña"],"chj_codes":["18-04C","L07"]},"geometry":{"type":"Polygon","coordinates":[[[-1.973,40.224],[-1.986,40.224],[-1.991,40.222],[-1.998,40.216],[-2.0,40.216],[-2.007,40.223],[-2.009,40.227],[-2.012,40.228],[-2.015,40.235],[-2.025,40.242],[-2.033,40.242],[-2.034,40.244],[-2.039,40.243],[-2.048,40.249],[-2.045,40.249],[-2.041,40.258],[-2.034,40.257],[-2.034,40.263],[-2.036,40.268],[-2.035,40.272],[-2.031,40.276],[-2.032,40.283],[-2.027,40.285],[-2.026,40.289],[-2.016,40.289],[-2.011,40.293],[-2.012,40.302],[-2.01,40.305],[-2.005,40.306],[-1.995,40.306],[-1.991,40.308],[-1.976,40.31],[-1.963,40.31],[-1.963,40.307],[-1.967,40.306],[-1.967,40.3],[-1.97,40.299],[-1.967,40.296],[-1.968,40.292],[-1.971,40.291],[-1.972,40.286],[-1.978,40.279],[-1.978,40.273],[-1.972,40.272],[-1.969,40.264],[-1.965,40.259],[-1.965,40.251],[-1.963,40.248],[-1.966,40.24],[-1.968,40.238],[-1.974,40.238],[-1.974,40.235],[-1.969,40.23],[-1.968,40.225],[-1.973,40.224]]]}},{"type":"Feature","properties":{"id":"J18-05","idx":189,"name":"Río Júcar: manantial de los Baños - río Huécar","river":"Río Júcar","town":"Cuenca","kind":"wb","area_km2":293.1,"up_area_km2":886.4,"next":"J18-06A","terminal_unit":"J18-36","terminal":"sea","drains_to_sea":true,"n_upstream":9,"outlet":[-2.136,40.0778],"outlet_how":"cedex river x unit boundary","label":[-2.1006,40.214],"source":"CHJ PHJ 2022-2027 masas de agua superficial (cuenca)","merged_names":["Río Júcar: manantial de los Baños - azud de Villalba"],"chj_codes":["18-05","18-04D"]},"geometry":{"type":"Polygon","coordinates":[[[-1.998,40.216],[-1.998,40.212],[-1.989,40.203],[-1.981,40.197],[-1.981,40.195],[-1.976,40.191],[-1.972,40.19],[-1.974,40.187],[-1.975,40.178],[-1.978,40.179],[-1.981,40.176],[-1.989,40.176],[-1.994,40.18],[-2.0,40.179],[-2.016,40.179],[-2.018,40.181],[-2.026,40.181],[-2.026,40.183],[-2.039,40.184],[-2.04,40.18],[-2.051,40.18],[-2.056,40.176],[-2.065,40.176],[-2.066,40.174],[-2.072,40.175],[-2.081,40.171],[-2.082,40.168],[-2.088,40.167],[-2.09,40.163],[-2.095,40.163],[-2.098,40.159],[-2.106,40.154],[-2.109,40.15],[-2.11,40.143],[-2.112,40.14],[-2.118,40.139],[-2.119,40.136],[-2.124,40.136],[-2.125,40.132],[-2.133,40.127],[-2.129,40.124],[-2.124,40.125],[-2.123,40.115],[-2.128,40.114],[-2.132,40.111],[-2.125,40.107],[-2.118,40.107],[-2.114,40.104],[-2.112,40.097],[-2.109,40.096],[-2.108,40.091],[-2.116,40.091],[-2.123,40.085],[-2.124,40.082],[-2.128,40.082],[-2.13,40.077],[-2.136,40.077],[-2.133,40.088],[-2.138,40.091],[-2.142,40.091],[-2.146,40.1],[-2.152,40.1],[-2.158,40.104],[-2.165,40.104],[-2.168,40.106],[-2.17,40.114],[-2.175,40.115],[-2.178,40.118],[-2.178,40.122],[-2.182,40.123],[-2.182,40.127],[-2.177,40.132],[-2.176,40.136],[-2.176,40.146],[-2.179,40.147],[-2.179,40.171],[-2.183,40.175],[-2.188,40.185],[-2.19,40.187],[-2.19,40.194],[-2.197,40.199],[-2.197,40.204],[-2.205,40.217],[-2.213,40.225],[-2.215,40.233],[-2.218,40.234],[-2.217,40.237],[-2.203,40.238],[-2.201,40.24],[-2.194,40.24],[-2.193,40.243],[-2.188,40.243],[-2.187,40.241],[-2.179,40.24],[-2.178,40.243],[-2.178,40.254],[-2.176,40.254],[-2.176,40.264],[-2.175,40.271],[-2.176,40.274],[-2.171,40.276],[-2.17,40.28],[-2.17,40.291],[-2.167,40.291],[-2.162,40.296],[-2.159,40.296],[-2.157,40.301],[-2.146,40.3],[-2.144,40.297],[-2.137,40.297],[-2.135,40.3],[-2.131,40.301],[-2.131,40.304],[-2.124,40.305],[-2.122,40.308],[-2.117,40.309],[-2.112,40.305],[-2.106,40.308],[-2.103,40.312],[-2.096,40.314],[-2.096,40.319],[-2.094,40.321],[-2.083,40.32],[-2.075,40.323],[-2.073,40.333],[-2.068,40.338],[-2.062,40.34],[-2.062,40.343],[-2.053,40.345],[-2.05,40.339],[-2.044,40.339],[-2.043,40.337],[-2.038,40.337],[-2.038,40.339],[-2.033,40.34],[-2.025,40.335],[-2.018,40.335],[-2.018,40.337],[-2.009,40.336],[-2.009,40.34],[-2.006,40.34],[-2.001,40.348],[-1.995,40.346],[-1.997,40.344],[-1.997,40.334],[-1.989,40.337],[-1.979,40.337],[-1.978,40.332],[-1.99,40.329],[-1.988,40.324],[-1.979,40.324],[-1.978,40.313],[-1.976,40.31],[-1.991,40.308],[-1.995,40.306],[-2.005,40.306],[-2.01,40.305],[-2.012,40.302],[-2.011,40.293],[-2.016,40.289],[-2.026,40.289],[-2.027,40.285],[-2.032,40.283],[-2.031,40.276],[-2.035,40.272],[-2.036,40.268],[-2.034,40.263],[-2.034,40.257],[-2.041,40.258],[-2.045,40.249],[-2.048,40.249],[-2.039,40.243],[-2.034,40.244],[-2.033,40.242],[-2.025,40.242],[-2.015,40.235],[-2.012,40.228],[-2.009,40.227],[-2.007,40.223],[-2.0,40.216],[-1.998,40.216]]]}},{"type":"Feature","properties":{"id":"J18-05-01-01","idx":190,"name":"Río de Valdecabras","river":"Río de Valdecabras","town":null,"kind":"wb","area_km2":57.4,"up_area_km2":57.4,"next":"J18-05","terminal_unit":"J18-36","terminal":"sea","drains_to_sea":true,"n_upstream":0,"outlet":[-2.133,40.1253],"outlet_how":"cedex river x unit boundary","label":[-2.0669,40.1445],"source":"CHJ PHJ 2022-2027 masas de agua superficial (cuenca)","chj_codes":["18-05-01-01"]},"geometry":{"type":"Polygon","coordinates":[[[-1.975,40.178],[-1.97,40.175],[-1.969,40.169],[-1.972,40.168],[-1.972,40.164],[-1.989,40.164],[-1.991,40.167],[-1.997,40.166],[-2.0,40.163],[-1.997,40.158],[-2.001,40.156],[-2.002,40.153],[-2.006,40.151],[-2.011,40.151],[-2.015,40.149],[-2.022,40.149],[-2.022,40.146],[-2.026,40.143],[-2.033,40.143],[-2.035,40.136],[-2.039,40.132],[-2.039,40.129],[-2.046,40.127],[-2.05,40.123],[-2.059,40.117],[-2.072,40.114],[-2.074,40.111],[-2.081,40.107],[-2.082,40.104],[-2.09,40.104],[-2.096,40.106],[-2.103,40.113],[-2.113,40.113],[-2.119,40.116],[-2.123,40.115],[-2.124,40.125],[-2.129,40.124],[-2.133,40.127],[-2.125,40.132],[-2.124,40.136],[-2.119,40.136],[-2.118,40.139],[-2.112,40.14],[-2.11,40.143],[-2.109,40.15],[-2.106,40.154],[-2.098,40.159],[-2.095,40.163],[-2.09,40.163],[-2.088,40.167],[-2.082,40.168],[-2.081,40.171],[-2.072,40.175],[-2.066,40.174],[-2.065,40.176],[-2.056,40.176],[-2.051,40.18],[-2.04,40.18],[-2.039,40.184],[-2.026,40.183],[-2.026,40.181],[-2.018,40.181],[-2.016,40.179],[-2.0,40.179],[-1.994,40.18],[-1.989,40.176],[-1.981,40.176],[-1.978,40.179],[-1.975,40.178]]]}},{"type":"Feature","properties":{"id":"J18-05-02-01","idx":191,"name":"Arroyo de Bonilla","river":"Arroyo de Bonilla","town":"Buenache de la Sierra","kind":"wb","area_km2":36.1,"up_area_km2":36.1,"next":"J18-05","terminal_unit":"J18-36","terminal":"sea","drains_to_sea":true,"n_upstream":0,"outlet":[-2.132,40.1107],"outlet_how":"cedex river x unit boundary","label":[-1.9815,40.1295],"source":"CHJ PHJ 2022-2027 masas de agua superficial (cuenca)","chj_codes":["18-05-02-01"]},"geometry":{"type":"Polygon","coordinates":[[[-1.957,40.16],[-1.956,40.158],[-1.95,40.156],[-1.954,40.154],[-1.953,40.15],[-1.96,40.15],[-1.962,40.142],[-1.959,40.141],[-1.957,40.137],[-1.968,40.138],[-1.965,40.133],[-1.962,40.133],[-1.957,40.12],[-1.973,40.119],[-1.979,40.123],[-1.985,40.123],[-1.989,40.127],[-1.995,40.124],[-1.999,40.124],[-2.003,40.127],[-2.002,40.131],[-2.007,40.128],[-2.013,40.128],[-2.015,40.13],[-2.02,40.13],[-2.027,40.123],[-2.028,40.119],[-2.036,40.117],[-2.036,40.113],[-2.039,40.109],[-2.051,40.108],[-2.06,40.102],[-2.063,40.102],[-2.066,40.098],[-2.079,40.098],[-2.085,40.097],[-2.086,40.095],[-2.093,40.093],[-2.106,40.093],[-2.108,40.091],[-2.109,40.096],[-2.112,40.097],[-2.114,40.104],[-2.118,40.107],[-2.125,40.107],[-2.132,40.111],[-2.128,40.114],[-2.123,40.115],[-2.119,40.116],[-2.113,40.113],[-2.103,40.113],[-2.096,40.106],[-2.09,40.104],[-2.082,40.104],[-2.081,40.107],[-2.074,40.111],[-2.072,40.114],[-2.059,40.117],[-2.05,40.123],[-2.046,40.127],[-2.039,40.129],[-2.039,40.132],[-2.035,40.136],[-2.033,40.143],[-2.026,40.143],[-2.022,40.146],[-2.022,40.149],[-2.015,40.149],[-2.011,40.151],[-2.006,40.151],[-2.002,40.153],[-2.001,40.156],[-1.997,40.158],[-2.0,40.163],[-1.997,40.166],[-1.991,40.167],[-1.989,40.164],[-1.972,40.164],[-1.962,40.163],[-1.957,40.16]]]}},{"type":"Feature","properties":{"id":"J18-05-03-01","idx":192,"name":"Río Huécar: cabecera - azud de la Pajosa","river":"Río Huécar","town":null,"kind":"wb","area_km2":73.0,"up_area_km2":73.0,"next":"J18-05-03-02","terminal_unit":"J18-36","terminal":"sea","drains_to_sea":true,"n_upstream":0,"outlet":[-2.041,40.0667],"outlet_how":"cedex river x unit boundary","label":[-1.9569,40.108],"source":"CHJ PHJ 2022-2027 masas de agua superficial (cuenca)","chj_codes":["18-05-03-01"]},"geometry":{"type":"Polygon","coordinates":[[[-1.95,40.156],[-1.947,40.159],[-1.943,40.155],[-1.934,40.152],[-1.933,40.146],[-1.925,40.142],[-1.915,40.142],[-1.912,40.139],[-1.907,40.138],[-1.895,40.138],[-1.893,40.135],[-1.882,40.138],[-1.88,40.143],[-1.876,40.146],[-1.871,40.146],[-1.87,40.152],[-1.865,40.149],[-1.862,40.144],[-1.859,40.144],[-1.853,40.14],[-1.856,40.139],[-1.854,40.133],[-1.862,40.128],[-1.877,40.128],[-1.876,40.122],[-1.872,40.12],[-1.875,40.115],[-1.883,40.118],[-1.889,40.118],[-1.891,40.113],[-1.898,40.109],[-1.904,40.109],[-1.904,40.111],[-1.912,40.111],[-1.912,40.109],[-1.92,40.109],[-1.92,40.105],[-1.937,40.105],[-1.935,40.098],[-1.929,40.097],[-1.929,40.094],[-1.921,40.09],[-1.925,40.084],[-1.93,40.083],[-1.939,40.088],[-1.947,40.087],[-1.95,40.082],[-1.956,40.079],[-1.952,40.074],[-1.95,40.069],[-1.952,40.064],[-1.956,40.063],[-1.958,40.064],[-1.961,40.06],[-1.966,40.06],[-1.97,40.056],[-1.97,40.06],[-1.975,40.06],[-1.976,40.057],[-1.984,40.057],[-1.988,40.059],[-1.993,40.059],[-1.996,40.063],[-2.008,40.062],[-2.013,40.057],[-2.023,40.057],[-2.023,40.058],[-2.038,40.058],[-2.041,40.069],[-2.037,40.073],[-2.036,40.079],[-2.032,40.082],[-2.024,40.084],[-2.023,40.087],[-2.015,40.088],[-2.016,40.092],[-2.007,40.096],[-2.003,40.096],[-1.999,40.099],[-1.998,40.105],[-1.994,40.107],[-1.993,40.111],[-1.995,40.113],[-2.0,40.111],[-2.002,40.117],[-1.998,40.119],[-1.995,40.124],[-1.989,40.127],[-1.985,40.123],[-1.979,40.123],[-1.973,40.119],[-1.957,40.12],[-1.962,40.133],[-1.965,40.133],[-1.968,40.138],[-1.957,40.137],[-1.959,40.141],[-1.962,40.142],[-1.96,40.15],[-1.953,40.15],[-1.954,40.154],[-1.95,40.156]]]}},{"type":"Feature","properties":{"id":"J18-05-03-02","idx":193,"name":"Río Huécar: azud de la Pajosa - Cuenca","river":"Río Huécar","town":"Palomera","kind":"wb","area_km2":39.9,"up_area_km2":112.9,"next":"J18-06A","terminal_unit":"J18-36","terminal":"sea","drains_to_sea":true,"n_upstream":1,"outlet":[-2.124,40.0797],"outlet_how":"cedex river x unit boundary","label":[-2.0505,40.094],"source":"CHJ PHJ 2022-2027 masas de agua superficial (cuenca)","chj_codes":["18-05-03-02"]},"geometry":{"type":"Polygon","coordinates":[[[-2.124,40.082],[-2.123,40.085],[-2.116,40.091],[-2.108,40.091],[-2.106,40.093],[-2.093,40.093],[-2.086,40.095],[-2.085,40.097],[-2.079,40.098],[-2.066,40.098],[-2.063,40.102],[-2.06,40.102],[-2.051,40.108],[-2.039,40.109],[-2.036,40.113],[-2.036,40.117],[-2.028,40.119],[-2.027,40.123],[-2.02,40.13],[-2.015,40.13],[-2.013,40.128],[-2.007,40.128],[-2.002,40.131],[-2.003,40.127],[-1.999,40.124],[-1.995,40.124],[-1.998,40.119],[-2.002,40.117],[-2.0,40.111],[-1.995,40.113],[-1.993,40.111],[-1.994,40.107],[-1.998,40.105],[-1.999,40.099],[-2.003,40.096],[-2.007,40.096],[-2.016,40.092],[-2.015,40.088],[-2.023,40.087],[-2.024,40.084],[-2.032,40.082],[-2.036,40.079],[-2.037,40.073],[-2.041,40.069],[-2.038,40.058],[-2.042,40.056],[-2.052,40.058],[-2.06,40.057],[-2.061,40.06],[-2.068,40.061],[-2.073,40.065],[-2.08,40.065],[-2.084,40.068],[-2.098,40.069],[-2.102,40.072],[-2.117,40.072],[-2.118,40.073],[-2.124,40.076],[-2.124,40.082]]]}},{"type":"Feature","properties":{"id":"J18-06-01-01","idx":194,"name":"Río Moscas: cabecera - complejo lagunar de Fuentes","river":"Río Moscas","town":"Fuentes","kind":"wb","area_km2":37.5,"up_area_km2":37.5,"next":"J18-06-01-02","terminal_unit":"J18-36","terminal":"sea","drains_to_sea":true,"n_upstream":0,"outlet":[-2.0303,39.967],"outlet_how":"cedex river x unit boundary","label":[-2.0268,39.9355],"source":"CHJ PHJ 2022-2027 masas de agua superficial (cuenca)","chj_codes":["18-06-01-01"]},"geometry":{"type":"Polygon","coordinates":[[[-2.061,39.918],[-2.066,39.924],[-2.061,39.926],[-2.06,39.933],[-2.068,39.938],[-2.074,39.946],[-2.071,39.948],[-2.071,39.952],[-2.065,39.952],[-2.065,39.948],[-2.055,39.947],[-2.054,39.949],[-2.046,39.95],[-2.043,39.947],[-2.043,39.951],[-2.038,39.955],[-2.04,39.96],[-2.029,39.968],[-2.03,39.965],[-2.02,39.965],[-2.02,39.963],[-2.008,39.955],[-2.001,39.955],[-1.995,39.959],[-1.993,39.962],[-1.991,39.952],[-1.995,39.949],[-1.988,39.947],[-1.986,39.944],[-1.986,39.938],[-1.989,39.938],[-1.991,39.929],[-1.983,39.928],[-1.983,39.916],[-1.982,39.916],[-1.984,39.911],[-1.986,39.911],[-1.986,39.906],[-1.991,39.905],[-1.993,39.907],[-1.999,39.907],[-2.003,39.905],[-2.005,39.899],[-2.01,39.899],[-2.015,39.901],[-2.021,39.901],[-2.021,39.899],[-2.027,39.899],[-2.034,39.904],[-2.036,39.907],[-2.041,39.908],[-2.045,39.911],[-2.054,39.914],[-2.054,39.916],[-2.061,39.918]]]}},{"type":"Feature","properties":{"id":"J18-06-02-01","idx":195,"name":"Río Chillarón","river":"Río Chillarón","town":"Chillarón de Cuenca","kind":"wb","area_km2":165.3,"up_area_km2":165.3,"next":"J18-06A","terminal_unit":"J18-36","terminal":"sea","drains_to_sea":true,"n_upstream":0,"outlet":[-2.2022,40.073],"outlet_how":"cedex river x unit boundary","label":[-2.2463,40.157],"source":"CHJ PHJ 2022-2027 masas de agua superficial (cuenca)","chj_codes":["18-06-02-01"]},"geometry":{"type":"Polygon","coordinates":[[[-2.217,40.237],[-2.218,40.234],[-2.215,40.233],[-2.213,40.225],[-2.205,40.217],[-2.197,40.204],[-2.197,40.199],[-2.19,40.194],[-2.19,40.187],[-2.188,40.185],[-2.183,40.175],[-2.179,40.171],[-2.179,40.147],[-2.176,40.146],[-2.176,40.136],[-2.177,40.132],[-2.182,40.127],[-2.182,40.123],[-2.178,40.122],[-2.178,40.118],[-2.175,40.115],[-2.178,40.109],[-2.181,40.109],[-2.181,40.103],[-2.186,40.099],[-2.189,40.092],[-2.192,40.093],[-2.195,40.089],[-2.198,40.089],[-2.198,40.081],[-2.203,40.076],[-2.202,40.073],[-2.205,40.072],[-2.206,40.075],[-2.225,40.075],[-2.23,40.079],[-2.232,40.078],[-2.246,40.078],[-2.246,40.079],[-2.258,40.079],[-2.263,40.078],[-2.263,40.076],[-2.269,40.076],[-2.271,40.074],[-2.293,40.074],[-2.294,40.076],[-2.299,40.074],[-2.307,40.074],[-2.31,40.082],[-2.309,40.087],[-2.31,40.092],[-2.316,40.094],[-2.32,40.097],[-2.319,40.105],[-2.321,40.106],[-2.322,40.114],[-2.325,40.116],[-2.327,40.121],[-2.323,40.125],[-2.325,40.128],[-2.324,40.135],[-2.32,40.135],[-2.32,40.139],[-2.323,40.142],[-2.317,40.143],[-2.317,40.156],[-2.31,40.158],[-2.308,40.161],[-2.307,40.173],[-2.309,40.176],[-2.308,40.184],[-2.301,40.189],[-2.295,40.191],[-2.292,40.195],[-2.29,40.194],[-2.279,40.194],[-2.277,40.192],[-2.269,40.193],[-2.269,40.195],[-2.264,40.196],[-2.262,40.202],[-2.258,40.206],[-2.254,40.206],[-2.251,40.213],[-2.251,40.217],[-2.247,40.218],[-2.249,40.223],[-2.247,40.226],[-2.242,40.228],[-2.241,40.234],[-2.239,40.234],[-2.234,40.24],[-2.23,40.239],[-2.227,40.241],[-2.219,40.241],[-2.217,40.237]]]}},{"type":"Feature","properties":{"id":"J18-06-03-01","idx":196,"name":"Río San Martín: cabecera - río Júcar","river":"Río San Martín","town":"Arcas","kind":"wb","area_km2":91.2,"up_area_km2":91.2,"next":"J18-06B","terminal_unit":"J18-36","terminal":"sea","drains_to_sea":true,"n_upstream":0,"outlet":[-2.2399,40.012],"outlet_how":"cedex river x unit boundary","label":[-2.1369,39.9895],"source":"CHJ PHJ 2022-2027 masas de agua superficial (cuenca)","merged_names":["Complejo lagunar de Arcas/Ballesteros"],"chj_codes":["18-06-03-01","L13A"]},"geometry":{"type":"Polygon","coordinates":[[[-2.065,39.952],[-2.071,39.952],[-2.075,39.951],[-2.084,39.952],[-2.09,39.942],[-2.094,39.942],[-2.096,39.945],[-2.103,39.947],[-2.109,39.947],[-2.12,39.952],[-2.125,39.952],[-2.13,39.949],[-2.134,39.951],[-2.135,39.955],[-2.14,39.955],[-2.142,39.96],[-2.157,39.959],[-2.162,39.953],[-2.169,39.954],[-2.17,39.951],[-2.175,39.952],[-2.179,39.957],[-2.182,39.957],[-2.184,39.963],[-2.186,39.963],[-2.186,39.968],[-2.189,39.971],[-2.193,39.971],[-2.199,39.975],[-2.204,39.982],[-2.211,39.985],[-2.218,39.991],[-2.222,39.996],[-2.226,39.994],[-2.233,39.994],[-2.231,40.004],[-2.24,40.01],[-2.239,40.012],[-2.232,40.015],[-2.221,40.015],[-2.218,40.019],[-2.217,40.024],[-2.209,40.022],[-2.206,40.02],[-2.195,40.021],[-2.188,40.023],[-2.187,40.021],[-2.179,40.021],[-2.175,40.025],[-2.168,40.023],[-2.166,40.021],[-2.161,40.022],[-2.159,40.026],[-2.154,40.027],[-2.151,40.034],[-2.145,40.03],[-2.139,40.028],[-2.136,40.024],[-2.129,40.025],[-2.123,40.021],[-2.12,40.021],[-2.118,40.017],[-2.114,40.016],[-2.114,40.012],[-2.11,40.009],[-2.111,40.005],[-2.106,40.002],[-2.097,40.002],[-2.092,39.999],[-2.079,39.999],[-2.078,39.997],[-2.073,39.997],[-2.068,39.994],[-2.061,39.993],[-2.056,39.988],[-2.054,39.984],[-2.053,39.977],[-2.054,39.967],[-2.059,39.956],[-2.065,39.952]]]}},{"type":"Feature","properties":{"id":"J18-06A","idx":197,"name":"Río Júcar: río Huécar - río San Martín","river":"Río Júcar","town":null,"kind":"wb","area_km2":88.1,"up_area_km2":1421.4,"next":"J18-06B","terminal_unit":"J18-36","terminal":"sea","drains_to_sea":true,"n_upstream":15,"outlet":[-2.239,40.0123],"outlet_how":"cedex river x unit boundary","label":[-2.223,40.0605],"source":"CHJ PHJ 2022-2027 masas de agua superficial (cuenca)","merged_names":["Río Huécar: Cuenca"],"chj_codes":["18-06A","18-05-03-03"]},"geometry":{"type":"Polygon","coordinates":[[[-2.175,40.115],[-2.17,40.114],[-2.168,40.106],[-2.165,40.104],[-2.158,40.104],[-2.152,40.1],[-2.146,40.1],[-2.142,40.091],[-2.138,40.091],[-2.133,40.088],[-2.136,40.077],[-2.13,40.077],[-2.128,40.082],[-2.124,40.082],[-2.124,40.076],[-2.118,40.073],[-2.121,40.07],[-2.139,40.069],[-2.14,40.064],[-2.145,40.064],[-2.149,40.068],[-2.146,40.057],[-2.153,40.053],[-2.156,40.047],[-2.156,40.042],[-2.159,40.041],[-2.155,40.038],[-2.155,40.034],[-2.151,40.034],[-2.154,40.027],[-2.159,40.026],[-2.161,40.022],[-2.166,40.021],[-2.168,40.023],[-2.175,40.025],[-2.179,40.021],[-2.187,40.021],[-2.188,40.023],[-2.195,40.021],[-2.206,40.02],[-2.209,40.022],[-2.217,40.024],[-2.218,40.019],[-2.221,40.015],[-2.232,40.015],[-2.239,40.012],[-2.24,40.017],[-2.243,40.02],[-2.253,40.021],[-2.252,40.025],[-2.255,40.027],[-2.264,40.027],[-2.269,40.029],[-2.269,40.031],[-2.274,40.033],[-2.276,40.036],[-2.283,40.036],[-2.283,40.041],[-2.285,40.041],[-2.285,40.046],[-2.287,40.05],[-2.295,40.054],[-2.295,40.057],[-2.303,40.064],[-2.307,40.069],[-2.307,40.074],[-2.299,40.074],[-2.294,40.076],[-2.293,40.074],[-2.271,40.074],[-2.269,40.076],[-2.263,40.076],[-2.263,40.078],[-2.258,40.079],[-2.246,40.079],[-2.246,40.078],[-2.232,40.078],[-2.23,40.079],[-2.225,40.075],[-2.206,40.075],[-2.205,40.072],[-2.202,40.073],[-2.203,40.076],[-2.198,40.081],[-2.198,40.089],[-2.195,40.089],[-2.192,40.093],[-2.189,40.092],[-2.186,40.099],[-2.181,40.103],[-2.181,40.109],[-2.178,40.109],[-2.175,40.115]]]}},{"type":"Feature","properties":{"id":"J18-06B","idx":198,"name":"Río Júcar: río San Martín - embalse de Alarcón","river":"Río Júcar","town":"Altarejos","kind":"wb","area_km2":382.3,"up_area_km2":1894.9,"next":"J18-07","terminal_unit":"J18-36","terminal":"sea","drains_to_sea":true,"n_upstream":17,"outlet":[-2.2882,39.852],"outlet_how":"cedex river x unit boundary","label":[-2.297,39.9615],"source":"CHJ PHJ 2022-2027 masas de agua superficial (cuenca)","chj_codes":["18-06B"]},"geometry":{"type":"Polygon","coordinates":[[[-2.323,39.846],[-2.328,39.846],[-2.333,39.85],[-2.332,39.853],[-2.346,39.853],[-2.348,39.857],[-2.353,39.862],[-2.365,39.867],[-2.365,39.87],[-2.37,39.872],[-2.371,39.875],[-2.376,39.879],[-2.373,39.882],[-2.374,39.887],[-2.379,39.892],[-2.378,39.896],[-2.386,39.906],[-2.394,39.909],[-2.387,39.915],[-2.386,39.921],[-2.39,39.923],[-2.394,39.93],[-2.408,39.931],[-2.417,39.935],[-2.418,39.941],[-2.413,39.941],[-2.413,39.943],[-2.408,39.945],[-2.408,39.95],[-2.412,39.95],[-2.408,39.956],[-2.412,39.959],[-2.409,39.964],[-2.404,39.964],[-2.402,39.967],[-2.397,39.967],[-2.392,39.965],[-2.386,39.969],[-2.385,39.973],[-2.379,39.974],[-2.379,39.984],[-2.373,39.983],[-2.37,39.988],[-2.362,39.991],[-2.36,40.004],[-2.364,40.006],[-2.365,40.009],[-2.36,40.01],[-2.36,40.015],[-2.354,40.017],[-2.35,40.028],[-2.353,40.028],[-2.354,40.034],[-2.353,40.039],[-2.346,40.039],[-2.345,40.05],[-2.342,40.058],[-2.337,40.063],[-2.332,40.064],[-2.325,40.07],[-2.326,40.074],[-2.32,40.075],[-2.316,40.074],[-2.314,40.07],[-2.307,40.069],[-2.303,40.064],[-2.295,40.057],[-2.295,40.054],[-2.287,40.05],[-2.285,40.046],[-2.285,40.041],[-2.283,40.041],[-2.283,40.036],[-2.276,40.036],[-2.274,40.033],[-2.269,40.031],[-2.269,40.029],[-2.264,40.027],[-2.255,40.027],[-2.252,40.025],[-2.253,40.021],[-2.243,40.02],[-2.24,40.017],[-2.239,40.012],[-2.24,40.01],[-2.231,40.004],[-2.233,39.994],[-2.226,39.994],[-2.222,39.996],[-2.218,39.991],[-2.211,39.985],[-2.204,39.982],[-2.199,39.975],[-2.193,39.971],[-2.189,39.971],[-2.186,39.968],[-2.186,39.963],[-2.184,39.963],[-2.182,39.957],[-2.179,39.957],[-2.175,39.952],[-2.17,39.951],[-2.169,39.954],[-2.162,39.953],[-2.157,39.959],[-2.142,39.96],[-2.14,39.955],[-2.135,39.955],[-2.134,39.951],[-2.13,39.949],[-2.125,39.952],[-2.12,39.952],[-2.109,39.947],[-2.103,39.947],[-2.096,39.945],[-2.094,39.942],[-2.09,39.942],[-2.084,39.952],[-2.075,39.951],[-2.071,39.952],[-2.071,39.948],[-2.074,39.946],[-2.068,39.938],[-2.06,39.933],[-2.061,39.926],[-2.066,39.924],[-2.061,39.918],[-2.065,39.915],[-2.07,39.915],[-2.071,39.913],[-2.084,39.914],[-2.092,39.907],[-2.091,39.902],[-2.095,39.899],[-2.104,39.896],[-2.104,39.891],[-2.115,39.894],[-2.118,39.89],[-2.121,39.89],[-2.123,39.885],[-2.135,39.874],[-2.137,39.87],[-2.141,39.872],[-2.141,39.875],[-2.145,39.875],[-2.146,39.878],[-2.152,39.879],[-2.156,39.878],[-2.159,39.881],[-2.163,39.881],[-2.169,39.886],[-2.174,39.886],[-2.175,39.883],[-2.181,39.882],[-2.19,39.871],[-2.197,39.871],[-2.204,39.874],[-2.205,39.868],[-2.21,39.865],[-2.214,39.865],[-2.215,39.869],[-2.218,39.871],[-2.224,39.867],[-2.231,39.869],[-2.237,39.863],[-2.238,39.86],[-2.249,39.859],[-2.249,39.861],[-2.258,39.86],[-2.261,39.857],[-2.267,39.857],[-2.27,39.852],[-2.289,39.852],[-2.294,39.854],[-2.296,39.857],[-2.3,39.857],[-2.303,39.854],[-2.311,39.854],[-2.311,39.852],[-2.32,39.851],[-2.323,39.846]]]}},{"type":"Feature","properties":{"id":"J15-04","idx":199,"name":"Río Guadalaviar (Turia): embalse Arquillo San Blas - río Alfambra","river":"Río Guadalaviar (Turia)","town":null,"kind":"wb","area_km2":33.5,"up_area_km2":840.3,"next":"J15-05","terminal_unit":"J15-19","terminal":"sea","drains_to_sea":true,"n_upstream":6,"outlet":[-1.123,40.3452],"outlet_how":"cedex river x unit boundary","label":[-1.1707,40.359],"source":"CHJ PHJ 2022-2027 masas de agua superficial (cuenca)","chj_codes":["15-04"]},"geometry":{"type":"Polygon","coordinates":[[[-1.217,40.334],[-1.216,40.344],[-1.214,40.348],[-1.208,40.35],[-1.21,40.356],[-1.207,40.357],[-1.206,40.368],[-1.209,40.373],[-1.22,40.376],[-1.222,40.381],[-1.233,40.385],[-1.222,40.392],[-1.219,40.39],[-1.212,40.39],[-1.206,40.386],[-1.196,40.386],[-1.187,40.382],[-1.183,40.379],[-1.174,40.375],[-1.16,40.374],[-1.158,40.371],[-1.151,40.369],[-1.147,40.371],[-1.147,40.368],[-1.14,40.366],[-1.14,40.361],[-1.129,40.357],[-1.129,40.352],[-1.123,40.346],[-1.128,40.343],[-1.134,40.343],[-1.139,40.341],[-1.146,40.344],[-1.154,40.344],[-1.157,40.339],[-1.153,40.338],[-1.158,40.331],[-1.16,40.333],[-1.167,40.333],[-1.169,40.335],[-1.174,40.335],[-1.175,40.333],[-1.189,40.332],[-1.19,40.329],[-1.196,40.328],[-1.197,40.326],[-1.205,40.326],[-1.21,40.329],[-1.212,40.333],[-1.217,40.334]]]}},{"type":"Feature","properties":{"id":"J15-04-01-01A","idx":200,"name":"Río Alfambra: cabecera - río de Sollavientos","river":"Río Alfambra","town":"Gúdar","kind":"wb","area_km2":73.4,"up_area_km2":73.4,"next":"J15-04-01-01B","terminal_unit":"J15-19","terminal":"sea","drains_to_sea":true,"n_upstream":0,"outlet":[-0.742,40.4856],"outlet_how":"cedex river x unit boundary","label":[-0.7004,40.434],"source":"CHJ PHJ 2022-2027 masas de agua superficial (cuenca)","chj_codes":["15-04-01-01A"]},"geometry":{"type":"Polygon","coordinates":[[[-0.643,40.385],[-0.65,40.388],[-0.653,40.392],[-0.665,40.391],[-0.668,40.388],[-0.686,40.388],[-0.692,40.389],[-0.694,40.393],[-0.708,40.392],[-0.712,40.396],[-0.721,40.398],[-0.721,40.402],[-0.726,40.405],[-0.726,40.407],[-0.731,40.407],[-0.737,40.414],[-0.74,40.421],[-0.749,40.427],[-0.751,40.431],[-0.755,40.432],[-0.756,40.437],[-0.761,40.442],[-0.762,40.447],[-0.767,40.451],[-0.766,40.454],[-0.76,40.456],[-0.755,40.456],[-0.754,40.459],[-0.75,40.459],[-0.751,40.463],[-0.755,40.466],[-0.757,40.476],[-0.745,40.479],[-0.743,40.485],[-0.73,40.485],[-0.727,40.484],[-0.722,40.47],[-0.716,40.47],[-0.716,40.466],[-0.709,40.468],[-0.701,40.467],[-0.699,40.463],[-0.687,40.465],[-0.68,40.462],[-0.68,40.459],[-0.676,40.456],[-0.67,40.457],[-0.667,40.455],[-0.666,40.449],[-0.659,40.447],[-0.658,40.444],[-0.649,40.442],[-0.647,40.436],[-0.644,40.432],[-0.64,40.431],[-0.638,40.428],[-0.63,40.422],[-0.63,40.42],[-0.635,40.418],[-0.633,40.416],[-0.633,40.411],[-0.636,40.407],[-0.632,40.406],[-0.631,40.4],[-0.635,40.399],[-0.644,40.39],[-0.643,40.385]]]}},{"type":"Feature","properties":{"id":"J15-04-01-01B","idx":201,"name":"Río Alfambra: río de Sollavientos - rambla de la Hoz","river":"Río Alfambra","town":"Galve","kind":"wb","area_km2":359.3,"up_area_km2":552.4,"next":"J15-04-01-02","terminal_unit":"J15-19","terminal":"sea","drains_to_sea":true,"n_upstream":2,"outlet":[-1.0139,40.557],"outlet_how":"cedex river x unit boundary","label":[-0.91,40.56],"source":"CHJ PHJ 2022-2027 masas de agua superficial (cuenca)","chj_codes":["15-04-01-01B"]},"geometry":{"type":"Polygon","coordinates":[[[-0.618,40.418],[-0.621,40.42],[-0.63,40.42],[-0.63,40.422],[-0.638,40.428],[-0.64,40.431],[-0.644,40.432],[-0.647,40.436],[-0.649,40.442],[-0.658,40.444],[-0.659,40.447],[-0.666,40.449],[-0.667,40.455],[-0.67,40.457],[-0.676,40.456],[-0.68,40.459],[-0.68,40.462],[-0.687,40.465],[-0.699,40.463],[-0.701,40.467],[-0.709,40.468],[-0.716,40.466],[-0.716,40.47],[-0.722,40.47],[-0.727,40.484],[-0.73,40.485],[-0.743,40.485],[-0.745,40.479],[-0.757,40.476],[-0.755,40.466],[-0.751,40.463],[-0.75,40.459],[-0.754,40.459],[-0.755,40.456],[-0.76,40.456],[-0.766,40.454],[-0.767,40.451],[-0.773,40.455],[-0.774,40.464],[-0.778,40.466],[-0.777,40.472],[-0.772,40.475],[-0.769,40.481],[-0.771,40.484],[-0.768,40.486],[-0.775,40.492],[-0.777,40.5],[-0.78,40.503],[-0.78,40.508],[-0.784,40.509],[-0.783,40.524],[-0.787,40.53],[-0.787,40.536],[-0.79,40.539],[-0.788,40.544],[-0.788,40.55],[-0.785,40.55],[-0.785,40.554],[-0.791,40.557],[-0.789,40.561],[-0.788,40.568],[-0.798,40.567],[-0.8,40.564],[-0.805,40.562],[-0.807,40.555],[-0.805,40.55],[-0.814,40.546],[-0.826,40.546],[-0.833,40.548],[-0.835,40.55],[-0.85,40.551],[-0.857,40.55],[-0.856,40.554],[-0.859,40.556],[-0.868,40.557],[-0.872,40.554],[-0.874,40.55],[-0.88,40.552],[-0.885,40.549],[-0.892,40.549],[-0.891,40.542],[-0.896,40.542],[-0.901,40.539],[-0.907,40.533],[-0.915,40.534],[-0.908,40.542],[-0.908,40.547],[-0.915,40.55],[-0.921,40.549],[-0.938,40.549],[-0.943,40.546],[-0.949,40.549],[-0.954,40.549],[-0.958,40.551],[-0.969,40.551],[-0.969,40.552],[-0.979,40.552],[-0.987,40.553],[-0.99,40.558],[-0.998,40.557],[-0.999,40.555],[-1.006,40.557],[-1.007,40.559],[-1.015,40.557],[-1.014,40.563],[-1.011,40.564],[-1.009,40.569],[-1.004,40.571],[-1.007,40.575],[-1.003,40.58],[-1.006,40.58],[-1.005,40.588],[-1.01,40.591],[-1.01,40.598],[-1.002,40.601],[-0.996,40.602],[-1.0,40.608],[-1.001,40.615],[-0.999,40.616],[-0.998,40.628],[-0.992,40.631],[-0.987,40.637],[-0.98,40.637],[-0.978,40.639],[-0.97,40.64],[-0.967,40.642],[-0.962,40.642],[-0.959,40.647],[-0.958,40.653],[-0.95,40.651],[-0.946,40.656],[-0.926,40.656],[-0.925,40.666],[-0.927,40.668],[-0.928,40.675],[-0.933,40.68],[-0.919,40.68],[-0.917,40.677],[-0.912,40.678],[-0.896,40.679],[-0.894,40.682],[-0.887,40.682],[-0.883,40.688],[-0.889,40.692],[-0.883,40.7],[-0.875,40.698],[-0.869,40.698],[-0.865,40.695],[-0.858,40.693],[-0.859,40.684],[-0.858,40.682],[-0.853,40.684],[-0.848,40.682],[-0.846,40.679],[-0.845,40.672],[-0.84,40.672],[-0.836,40.666],[-0.836,40.663],[-0.831,40.659],[-0.827,40.662],[-0.825,40.661],[-0.823,40.655],[-0.82,40.652],[-0.803,40.652],[-0.803,40.651],[-0.785,40.651],[-0.782,40.653],[-0.772,40.653],[-0.765,40.656],[-0.755,40.657],[-0.751,40.659],[-0.745,40.659],[-0.748,40.652],[-0.743,40.651],[-0.743,40.64],[-0.744,40.635],[-0.742,40.631],[-0.744,40.625],[-0.738,40.62],[-0.733,40.619],[-0.728,40.616],[-0.723,40.617],[-0.721,40.61],[-0.721,40.599],[-0.726,40.596],[-0.728,40.59],[-0.734,40.59],[-0.737,40.588],[-0.736,40.583],[-0.739,40.583],[-0.736,40.575],[-0.739,40.572],[-0.738,40.564],[-0.735,40.554],[-0.728,40.552],[-0.729,40.539],[-0.733,40.537],[-0.731,40.532],[-0.726,40.532],[-0.724,40.53],[-0.719,40.532],[-0.71,40.528],[-0.705,40.528],[-0.702,40.523],[-0.702,40.519],[-0.699,40.517],[-0.701,40.512],[-0.704,40.511],[-0.701,40.502],[-0.705,40.5],[-0.702,40.495],[-0.702,40.49],[-0.697,40.486],[-0.69,40.486],[-0.684,40.483],[-0.684,40.481],[-0.676,40.476],[-0.664,40.475],[-0.655,40.469],[-0.648,40.469],[-0.646,40.467],[-0.633,40.467],[-0.628,40.469],[-0.625,40.465],[-0.618,40.462],[-0.618,40.452],[-0.612,40.446],[-0.615,40.442],[-0.609,40.437],[-0.604,40.435],[-0.604,40.43],[-0.611,40.426],[-0.611,40.424],[-0.618,40.418]]]}},{"type":"Feature","properties":{"id":"J15-04-01-02","idx":202,"name":"Río Alfambra: rambla de la Hoz - río Turia","river":"Río Alfambra","town":"Alfambra","kind":"wb","area_km2":492.6,"up_area_km2":1414.4,"next":"J15-05","terminal_unit":"J15-19","terminal":"sea","drains_to_sea":true,"n_upstream":4,"outlet":[-1.1231,40.346],"outlet_how":"cedex river x unit boundary","label":[-1.0124,40.4565],"source":"CHJ PHJ 2022-2027 masas de agua superficial (cuenca)","chj_codes":["15-04-01-02"]},"geometry":{"type":"Polygon","coordinates":[[[-1.233,40.385],[-1.237,40.385],[-1.244,40.388],[-1.25,40.388],[-1.254,40.391],[-1.266,40.39],[-1.271,40.394],[-1.276,40.395],[-1.283,40.397],[-1.285,40.403],[-1.294,40.407],[-1.303,40.407],[-1.304,40.419],[-1.299,40.417],[-1.286,40.418],[-1.28,40.42],[-1.272,40.42],[-1.263,40.423],[-1.252,40.429],[-1.251,40.432],[-1.244,40.438],[-1.238,40.447],[-1.234,40.448],[-1.232,40.451],[-1.227,40.453],[-1.214,40.453],[-1.21,40.451],[-1.202,40.45],[-1.191,40.45],[-1.187,40.451],[-1.182,40.449],[-1.177,40.449],[-1.165,40.439],[-1.164,40.436],[-1.153,40.435],[-1.15,40.44],[-1.142,40.446],[-1.136,40.446],[-1.132,40.442],[-1.126,40.441],[-1.126,40.439],[-1.12,40.44],[-1.114,40.443],[-1.112,40.451],[-1.109,40.455],[-1.103,40.458],[-1.103,40.464],[-1.101,40.469],[-1.113,40.473],[-1.115,40.481],[-1.107,40.49],[-1.103,40.491],[-1.096,40.496],[-1.097,40.5],[-1.102,40.5],[-1.107,40.503],[-1.108,40.509],[-1.113,40.512],[-1.115,40.519],[-1.119,40.523],[-1.129,40.524],[-1.132,40.528],[-1.135,40.528],[-1.135,40.533],[-1.139,40.534],[-1.139,40.543],[-1.128,40.541],[-1.119,40.546],[-1.108,40.547],[-1.108,40.561],[-1.11,40.564],[-1.108,40.569],[-1.111,40.569],[-1.115,40.574],[-1.121,40.576],[-1.121,40.58],[-1.118,40.581],[-1.118,40.585],[-1.111,40.584],[-1.109,40.582],[-1.1,40.582],[-1.094,40.579],[-1.085,40.579],[-1.082,40.576],[-1.078,40.576],[-1.075,40.573],[-1.072,40.574],[-1.055,40.574],[-1.054,40.572],[-1.048,40.572],[-1.047,40.57],[-1.037,40.57],[-1.03,40.572],[-1.027,40.569],[-1.017,40.569],[-1.017,40.557],[-1.015,40.557],[-1.007,40.559],[-1.006,40.557],[-0.999,40.555],[-0.998,40.557],[-0.99,40.558],[-0.987,40.553],[-0.979,40.552],[-0.969,40.552],[-0.969,40.551],[-0.958,40.551],[-0.954,40.549],[-0.949,40.549],[-0.943,40.546],[-0.938,40.549],[-0.921,40.549],[-0.915,40.55],[-0.908,40.547],[-0.908,40.542],[-0.915,40.534],[-0.915,40.529],[-0.913,40.529],[-0.913,40.519],[-0.916,40.519],[-0.918,40.513],[-0.914,40.509],[-0.914,40.504],[-0.912,40.502],[-0.913,40.496],[-0.908,40.492],[-0.908,40.488],[-0.913,40.486],[-0.914,40.479],[-0.917,40.478],[-0.92,40.471],[-0.92,40.466],[-0.923,40.465],[-0.924,40.46],[-0.922,40.459],[-0.917,40.455],[-0.917,40.452],[-0.927,40.45],[-0.929,40.447],[-0.93,40.438],[-0.927,40.435],[-0.931,40.432],[-0.931,40.429],[-0.926,40.426],[-0.921,40.426],[-0.922,40.415],[-0.924,40.41],[-0.92,40.408],[-0.92,40.398],[-0.921,40.398],[-0.921,40.388],[-0.916,40.388],[-0.912,40.384],[-0.907,40.382],[-0.913,40.379],[-0.91,40.374],[-0.91,40.36],[-0.916,40.357],[-0.918,40.354],[-0.918,40.349],[-0.923,40.345],[-0.933,40.345],[-0.936,40.344],[-0.935,40.338],[-0.939,40.335],[-0.938,40.33],[-0.949,40.33],[-0.951,40.334],[-0.95,40.339],[-0.956,40.343],[-0.958,40.351],[-0.965,40.354],[-0.967,40.358],[-0.972,40.355],[-0.985,40.355],[-0.99,40.353],[-0.997,40.353],[-0.998,40.357],[-1.008,40.356],[-1.008,40.355],[-1.018,40.355],[-1.026,40.356],[-1.034,40.359],[-1.041,40.359],[-1.044,40.357],[-1.045,40.352],[-1.05,40.354],[-1.052,40.352],[-1.06,40.352],[-1.063,40.348],[-1.066,40.348],[-1.075,40.349],[-1.077,40.347],[-1.088,40.347],[-1.092,40.348],[-1.097,40.355],[-1.101,40.355],[-1.102,40.358],[-1.109,40.356],[-1.108,40.361],[-1.115,40.359],[-1.12,40.355],[-1.121,40.347],[-1.123,40.346],[-1.129,40.352],[-1.129,40.357],[-1.14,40.361],[-1.14,40.366],[-1.147,40.368],[-1.147,40.371],[-1.151,40.369],[-1.158,40.371],[-1.16,40.374],[-1.174,40.375],[-1.183,40.379],[-1.187,40.382],[-1.196,40.386],[-1.206,40.386],[-1.212,40.39],[-1.219,40.39],[-1.222,40.392],[-1.233,40.385]]]}},{"type":"Feature","properties":{"id":"J15-05","idx":203,"name":"Río Turia: río Alfambra - rambla de la Matanza","river":"Río Turia","town":"Teruel","kind":"wb","area_km2":382.3,"up_area_km2":2835.4,"next":"J15-06","terminal_unit":"J15-19","terminal":"sea","drains_to_sea":true,"n_upstream":14,"outlet":[-1.238,40.1484],"outlet_how":"cedex river x unit boundary","label":[-1.1674,40.2455],"source":"CHJ PHJ 2022-2027 masas de agua superficial (cuenca)","chj_codes":["15-05"]},"geometry":{"type":"Polygon","coordinates":[[[-1.336,40.279],[-1.329,40.278],[-1.327,40.276],[-1.322,40.276],[-1.322,40.278],[-1.314,40.277],[-1.313,40.275],[-1.303,40.278],[-1.305,40.28],[-1.306,40.291],[-1.302,40.292],[-1.299,40.296],[-1.294,40.298],[-1.287,40.297],[-1.272,40.297],[-1.269,40.299],[-1.261,40.3],[-1.26,40.303],[-1.256,40.304],[-1.253,40.31],[-1.248,40.313],[-1.234,40.313],[-1.234,40.316],[-1.23,40.319],[-1.225,40.32],[-1.224,40.325],[-1.219,40.328],[-1.216,40.332],[-1.217,40.334],[-1.212,40.333],[-1.21,40.329],[-1.205,40.326],[-1.197,40.326],[-1.196,40.328],[-1.19,40.329],[-1.189,40.332],[-1.175,40.333],[-1.174,40.335],[-1.169,40.335],[-1.167,40.333],[-1.16,40.333],[-1.158,40.331],[-1.153,40.338],[-1.157,40.339],[-1.154,40.344],[-1.146,40.344],[-1.139,40.341],[-1.134,40.343],[-1.128,40.343],[-1.123,40.346],[-1.121,40.347],[-1.12,40.355],[-1.115,40.359],[-1.108,40.361],[-1.109,40.356],[-1.102,40.358],[-1.101,40.355],[-1.097,40.355],[-1.092,40.348],[-1.088,40.347],[-1.077,40.347],[-1.075,40.349],[-1.066,40.348],[-1.07,40.344],[-1.068,40.341],[-1.068,40.336],[-1.07,40.329],[-1.073,40.325],[-1.077,40.323],[-1.091,40.322],[-1.092,40.32],[-1.097,40.32],[-1.1,40.322],[-1.1,40.318],[-1.111,40.319],[-1.112,40.321],[-1.118,40.323],[-1.118,40.319],[-1.121,40.316],[-1.117,40.316],[-1.112,40.31],[-1.106,40.308],[-1.105,40.305],[-1.096,40.302],[-1.092,40.296],[-1.091,40.289],[-1.086,40.287],[-1.078,40.287],[-1.074,40.283],[-1.067,40.282],[-1.062,40.283],[-1.055,40.278],[-1.053,40.279],[-1.041,40.279],[-1.041,40.28],[-1.029,40.28],[-1.022,40.282],[-1.018,40.28],[-1.017,40.272],[-1.013,40.268],[-1.014,40.258],[-1.007,40.257],[-1.012,40.255],[-1.01,40.249],[-1.012,40.241],[-1.012,40.235],[-1.015,40.231],[-1.014,40.228],[-1.009,40.226],[-1.009,40.223],[-1.009,40.219],[-1.012,40.215],[-1.008,40.215],[-1.005,40.212],[-1.005,40.207],[-1.008,40.203],[-1.012,40.202],[-1.013,40.196],[-1.016,40.195],[-1.016,40.189],[-1.019,40.186],[-1.023,40.187],[-1.028,40.184],[-1.029,40.181],[-1.033,40.181],[-1.037,40.184],[-1.042,40.184],[-1.042,40.187],[-1.046,40.189],[-1.059,40.19],[-1.061,40.195],[-1.071,40.2],[-1.071,40.202],[-1.078,40.202],[-1.077,40.208],[-1.079,40.21],[-1.085,40.211],[-1.089,40.216],[-1.096,40.218],[-1.097,40.22],[-1.103,40.219],[-1.108,40.222],[-1.111,40.219],[-1.12,40.217],[-1.12,40.22],[-1.126,40.226],[-1.133,40.226],[-1.135,40.224],[-1.145,40.224],[-1.149,40.223],[-1.153,40.225],[-1.153,40.23],[-1.162,40.234],[-1.171,40.234],[-1.172,40.231],[-1.185,40.23],[-1.185,40.228],[-1.18,40.228],[-1.177,40.223],[-1.178,40.219],[-1.175,40.215],[-1.175,40.208],[-1.177,40.206],[-1.176,40.198],[-1.173,40.196],[-1.177,40.189],[-1.172,40.181],[-1.166,40.182],[-1.161,40.177],[-1.142,40.177],[-1.142,40.175],[-1.136,40.173],[-1.132,40.169],[-1.126,40.169],[-1.123,40.172],[-1.119,40.169],[-1.114,40.169],[-1.108,40.166],[-1.107,40.163],[-1.094,40.162],[-1.097,40.159],[-1.096,40.145],[-1.093,40.14],[-1.084,40.138],[-1.092,40.135],[-1.099,40.135],[-1.104,40.14],[-1.105,40.147],[-1.11,40.152],[-1.112,40.152],[-1.114,40.157],[-1.122,40.158],[-1.123,40.16],[-1.131,40.16],[-1.131,40.157],[-1.135,40.158],[-1.14,40.156],[-1.14,40.154],[-1.146,40.153],[-1.155,40.145],[-1.155,40.139],[-1.167,40.136],[-1.168,40.133],[-1.174,40.133],[-1.177,40.136],[-1.187,40.137],[-1.189,40.142],[-1.195,40.142],[-1.196,40.144],[-1.211,40.144],[-1.215,40.146],[-1.224,40.146],[-1.227,40.143],[-1.233,40.143],[-1.233,40.146],[-1.238,40.148],[-1.238,40.15],[-1.247,40.152],[-1.253,40.157],[-1.27,40.157],[-1.27,40.16],[-1.276,40.162],[-1.276,40.167],[-1.282,40.172],[-1.285,40.172],[-1.285,40.177],[-1.29,40.189],[-1.293,40.19],[-1.296,40.197],[-1.295,40.208],[-1.299,40.212],[-1.299,40.216],[-1.308,40.226],[-1.308,40.23],[-1.312,40.231],[-1.315,40.237],[-1.321,40.238],[-1.324,40.242],[-1.324,40.251],[-1.326,40.252],[-1.327,40.258],[-1.33,40.259],[-1.331,40.264],[-1.335,40.272],[-1.336,40.279]]]}},{"type":"Feature","properties":{"id":"J15-05-01-01","idx":204,"name":"Río Camarena","river":"Río Camarena","town":"Camarena de la Sierra","kind":"wb","area_km2":103.2,"up_area_km2":103.2,"next":"J15-05","terminal_unit":"J15-19","terminal":"sea","drains_to_sea":true,"n_upstream":0,"outlet":[-1.185,40.2298],"outlet_how":"cedex river x unit boundary","label":[-1.0569,40.1625],"source":"CHJ PHJ 2022-2027 masas de agua superficial (cuenca)","chj_codes":["15-05-01-01"]},"geometry":{"type":"Polygon","coordinates":[[[-1.029,40.181],[-1.02,40.181],[-1.02,40.176],[-1.015,40.175],[-1.018,40.172],[-1.014,40.17],[-1.015,40.165],[-1.011,40.159],[-1.011,40.15],[-0.997,40.151],[-0.997,40.149],[-0.991,40.146],[-0.991,40.143],[-0.996,40.138],[-0.995,40.133],[-1.005,40.13],[-1.008,40.121],[-1.012,40.12],[-1.013,40.113],[-1.018,40.109],[-1.026,40.105],[-1.025,40.097],[-1.033,40.09],[-1.035,40.095],[-1.039,40.095],[-1.042,40.092],[-1.048,40.092],[-1.052,40.094],[-1.054,40.101],[-1.051,40.116],[-1.053,40.12],[-1.058,40.121],[-1.062,40.128],[-1.067,40.131],[-1.061,40.138],[-1.063,40.144],[-1.073,40.142],[-1.079,40.138],[-1.084,40.138],[-1.093,40.14],[-1.096,40.145],[-1.097,40.159],[-1.094,40.162],[-1.107,40.163],[-1.108,40.166],[-1.114,40.169],[-1.119,40.169],[-1.123,40.172],[-1.126,40.169],[-1.132,40.169],[-1.136,40.173],[-1.142,40.175],[-1.142,40.177],[-1.161,40.177],[-1.166,40.182],[-1.172,40.181],[-1.177,40.189],[-1.173,40.196],[-1.176,40.198],[-1.177,40.206],[-1.175,40.208],[-1.175,40.215],[-1.178,40.219],[-1.177,40.223],[-1.18,40.228],[-1.185,40.228],[-1.185,40.23],[-1.172,40.231],[-1.171,40.234],[-1.162,40.234],[-1.153,40.23],[-1.153,40.225],[-1.149,40.223],[-1.145,40.224],[-1.135,40.224],[-1.133,40.226],[-1.126,40.226],[-1.12,40.22],[-1.12,40.217],[-1.111,40.219],[-1.108,40.222],[-1.103,40.219],[-1.097,40.22],[-1.096,40.218],[-1.089,40.216],[-1.085,40.211],[-1.079,40.21],[-1.077,40.208],[-1.078,40.202],[-1.071,40.202],[-1.071,40.2],[-1.061,40.195],[-1.059,40.19],[-1.046,40.189],[-1.042,40.187],[-1.042,40.184],[-1.037,40.184],[-1.033,40.181],[-1.029,40.181]]]}},{"type":"Feature","properties":{"id":"J15-06","idx":205,"name":"Río Turia: rambla de la Matanza - rambla del Barrancón","river":"Río Turia","town":"Ademuz","kind":"wb","area_km2":226.7,"up_area_km2":3533.0,"next":"J15-07","terminal_unit":"J15-19","terminal":"sea","drains_to_sea":true,"n_upstream":19,"outlet":[-1.271,40.0125],"outlet_how":"cedex river x unit boundary","label":[-1.2357,40.122],"source":"CHJ PHJ 2022-2027 masas de agua superficial (cuenca)","chj_codes":["15-06"]},"geometry":{"type":"Polygon","coordinates":[[[-1.324,40.242],[-1.321,40.238],[-1.315,40.237],[-1.312,40.231],[-1.308,40.23],[-1.308,40.226],[-1.299,40.216],[-1.299,40.212],[-1.295,40.208],[-1.296,40.197],[-1.293,40.19],[-1.29,40.189],[-1.285,40.177],[-1.285,40.172],[-1.282,40.172],[-1.276,40.167],[-1.276,40.162],[-1.27,40.16],[-1.27,40.157],[-1.253,40.157],[-1.247,40.152],[-1.238,40.15],[-1.238,40.148],[-1.233,40.146],[-1.233,40.143],[-1.227,40.143],[-1.224,40.146],[-1.215,40.146],[-1.211,40.144],[-1.196,40.144],[-1.195,40.142],[-1.189,40.142],[-1.187,40.137],[-1.192,40.128],[-1.2,40.129],[-1.203,40.125],[-1.219,40.125],[-1.223,40.12],[-1.231,40.12],[-1.233,40.118],[-1.242,40.119],[-1.243,40.121],[-1.249,40.12],[-1.251,40.124],[-1.251,40.119],[-1.247,40.114],[-1.241,40.112],[-1.241,40.109],[-1.229,40.105],[-1.226,40.099],[-1.214,40.094],[-1.212,40.091],[-1.206,40.091],[-1.207,40.085],[-1.195,40.084],[-1.188,40.078],[-1.176,40.078],[-1.161,40.08],[-1.16,40.083],[-1.153,40.086],[-1.148,40.09],[-1.137,40.09],[-1.137,40.088],[-1.132,40.088],[-1.131,40.082],[-1.122,40.081],[-1.118,40.084],[-1.102,40.077],[-1.102,40.075],[-1.093,40.074],[-1.091,40.078],[-1.084,40.077],[-1.084,40.072],[-1.079,40.071],[-1.075,40.074],[-1.075,40.077],[-1.07,40.079],[-1.069,40.076],[-1.062,40.077],[-1.062,40.072],[-1.065,40.067],[-1.069,40.065],[-1.072,40.061],[-1.071,40.051],[-1.077,40.049],[-1.08,40.044],[-1.08,40.04],[-1.083,40.036],[-1.092,40.036],[-1.094,40.033],[-1.102,40.031],[-1.105,40.025],[-1.117,40.024],[-1.122,40.02],[-1.128,40.019],[-1.133,40.015],[-1.147,40.017],[-1.15,40.012],[-1.161,40.012],[-1.166,40.011],[-1.168,40.013],[-1.177,40.013],[-1.179,40.01],[-1.192,40.01],[-1.195,40.007],[-1.205,40.006],[-1.22,40.006],[-1.224,40.005],[-1.226,40.002],[-1.232,40.001],[-1.238,40.005],[-1.251,40.005],[-1.254,40.006],[-1.258,40.004],[-1.261,40.01],[-1.268,40.01],[-1.271,40.012],[-1.269,40.014],[-1.272,40.018],[-1.284,40.023],[-1.284,40.028],[-1.286,40.029],[-1.301,40.029],[-1.305,40.026],[-1.313,40.025],[-1.323,40.025],[-1.33,40.026],[-1.33,40.031],[-1.328,40.035],[-1.314,40.035],[-1.309,40.036],[-1.305,40.04],[-1.305,40.045],[-1.3,40.047],[-1.295,40.047],[-1.292,40.051],[-1.288,40.051],[-1.283,40.055],[-1.283,40.06],[-1.289,40.061],[-1.292,40.068],[-1.296,40.07],[-1.298,40.074],[-1.306,40.076],[-1.309,40.081],[-1.318,40.081],[-1.322,40.083],[-1.323,40.086],[-1.33,40.091],[-1.334,40.097],[-1.338,40.098],[-1.336,40.103],[-1.33,40.104],[-1.33,40.108],[-1.334,40.11],[-1.341,40.11],[-1.338,40.115],[-1.342,40.116],[-1.343,40.121],[-1.341,40.123],[-1.339,40.127],[-1.336,40.125],[-1.328,40.124],[-1.326,40.117],[-1.318,40.117],[-1.313,40.115],[-1.313,40.112],[-1.305,40.109],[-1.299,40.102],[-1.297,40.102],[-1.293,40.096],[-1.285,40.092],[-1.283,40.087],[-1.275,40.091],[-1.261,40.09],[-1.259,40.093],[-1.254,40.093],[-1.253,40.097],[-1.255,40.099],[-1.262,40.099],[-1.264,40.104],[-1.267,40.104],[-1.271,40.108],[-1.271,40.112],[-1.276,40.116],[-1.276,40.12],[-1.281,40.126],[-1.284,40.126],[-1.284,40.133],[-1.288,40.137],[-1.29,40.144],[-1.293,40.146],[-1.299,40.146],[-1.3,40.151],[-1.305,40.152],[-1.307,40.156],[-1.313,40.161],[-1.317,40.161],[-1.318,40.165],[-1.324,40.167],[-1.321,40.171],[-1.324,40.173],[-1.334,40.174],[-1.337,40.179],[-1.33,40.186],[-1.33,40.189],[-1.335,40.19],[-1.338,40.193],[-1.334,40.196],[-1.337,40.201],[-1.336,40.204],[-1.332,40.206],[-1.335,40.211],[-1.336,40.217],[-1.339,40.219],[-1.338,40.227],[-1.334,40.227],[-1.331,40.231],[-1.33,40.237],[-1.324,40.242]]]}},{"type":"Feature","properties":{"id":"J15-06-01-01","idx":206,"name":"Río de Riodeva","river":"Río de Riodeva","town":"Riodeva","kind":"wb","area_km2":99.3,"up_area_km2":99.3,"next":"J15-06","terminal_unit":"J15-19","terminal":"sea","drains_to_sea":true,"n_upstream":0,"outlet":[-1.2503,40.124],"outlet_how":"cedex river x unit boundary","label":[-1.1495,40.115],"source":"CHJ PHJ 2022-2027 masas de agua superficial (cuenca)","chj_codes":["15-06-01-01"]},"geometry":{"type":"Polygon","coordinates":[[[-1.033,40.09],[-1.034,40.081],[-1.039,40.081],[-1.043,40.075],[-1.047,40.073],[-1.057,40.073],[-1.062,40.072],[-1.062,40.077],[-1.069,40.076],[-1.07,40.079],[-1.075,40.077],[-1.075,40.074],[-1.079,40.071],[-1.084,40.072],[-1.084,40.077],[-1.091,40.078],[-1.093,40.074],[-1.102,40.075],[-1.102,40.077],[-1.118,40.084],[-1.122,40.081],[-1.131,40.082],[-1.132,40.088],[-1.137,40.088],[-1.137,40.09],[-1.148,40.09],[-1.153,40.086],[-1.16,40.083],[-1.161,40.08],[-1.176,40.078],[-1.188,40.078],[-1.195,40.084],[-1.207,40.085],[-1.206,40.091],[-1.212,40.091],[-1.214,40.094],[-1.226,40.099],[-1.229,40.105],[-1.241,40.109],[-1.241,40.112],[-1.247,40.114],[-1.251,40.119],[-1.251,40.124],[-1.249,40.12],[-1.243,40.121],[-1.242,40.119],[-1.233,40.118],[-1.231,40.12],[-1.223,40.12],[-1.219,40.125],[-1.203,40.125],[-1.2,40.129],[-1.192,40.128],[-1.187,40.137],[-1.177,40.136],[-1.174,40.133],[-1.168,40.133],[-1.167,40.136],[-1.155,40.139],[-1.155,40.145],[-1.146,40.153],[-1.14,40.154],[-1.14,40.156],[-1.135,40.158],[-1.131,40.157],[-1.131,40.16],[-1.123,40.16],[-1.122,40.158],[-1.114,40.157],[-1.112,40.152],[-1.11,40.152],[-1.105,40.147],[-1.104,40.14],[-1.099,40.135],[-1.092,40.135],[-1.084,40.138],[-1.079,40.138],[-1.073,40.142],[-1.063,40.144],[-1.061,40.138],[-1.067,40.131],[-1.062,40.128],[-1.058,40.121],[-1.053,40.12],[-1.051,40.116],[-1.054,40.101],[-1.052,40.094],[-1.048,40.092],[-1.042,40.092],[-1.039,40.095],[-1.035,40.095],[-1.033,40.09]]]}},{"type":"Feature","properties":{"id":"J15-06-02-01A","idx":207,"name":"Río Ebrón: cabecera-rambla del Torcanejo","river":"Río Ebrón","town":"Jabaloyas","kind":"wb","area_km2":190.8,"up_area_km2":190.8,"next":"J15-06-02-01B","terminal_unit":"J15-19","terminal":"sea","drains_to_sea":true,"n_upstream":0,"outlet":[-1.338,40.1612],"outlet_how":"cedex river x unit boundary","label":[-1.3948,40.2455],"source":"CHJ PHJ 2022-2027 masas de agua superficial (cuenca)","chj_codes":["15-06-02-01A"]},"geometry":{"type":"Polygon","coordinates":[[[-1.339,40.288],[-1.339,40.282],[-1.336,40.279],[-1.335,40.272],[-1.331,40.264],[-1.33,40.259],[-1.327,40.258],[-1.326,40.252],[-1.324,40.251],[-1.324,40.242],[-1.33,40.237],[-1.331,40.231],[-1.334,40.227],[-1.338,40.227],[-1.339,40.219],[-1.336,40.217],[-1.335,40.211],[-1.332,40.206],[-1.336,40.204],[-1.337,40.201],[-1.334,40.196],[-1.338,40.193],[-1.335,40.19],[-1.33,40.189],[-1.33,40.186],[-1.337,40.179],[-1.334,40.174],[-1.324,40.173],[-1.321,40.171],[-1.324,40.167],[-1.33,40.166],[-1.338,40.162],[-1.338,40.157],[-1.359,40.157],[-1.366,40.156],[-1.37,40.146],[-1.384,40.146],[-1.386,40.142],[-1.398,40.139],[-1.401,40.141],[-1.425,40.141],[-1.43,40.137],[-1.441,40.143],[-1.447,40.143],[-1.448,40.145],[-1.448,40.146],[-1.446,40.153],[-1.441,40.157],[-1.441,40.16],[-1.435,40.164],[-1.437,40.167],[-1.436,40.176],[-1.43,40.183],[-1.43,40.187],[-1.434,40.191],[-1.433,40.197],[-1.426,40.204],[-1.432,40.207],[-1.437,40.215],[-1.441,40.219],[-1.445,40.219],[-1.448,40.222],[-1.449,40.23],[-1.453,40.233],[-1.453,40.237],[-1.45,40.239],[-1.454,40.242],[-1.465,40.242],[-1.466,40.249],[-1.469,40.249],[-1.47,40.258],[-1.478,40.265],[-1.477,40.27],[-1.474,40.275],[-1.469,40.277],[-1.466,40.282],[-1.456,40.281],[-1.457,40.29],[-1.452,40.299],[-1.454,40.3],[-1.454,40.309],[-1.451,40.31],[-1.451,40.314],[-1.448,40.318],[-1.441,40.318],[-1.434,40.323],[-1.434,40.325],[-1.426,40.326],[-1.424,40.329],[-1.414,40.33],[-1.412,40.342],[-1.407,40.346],[-1.402,40.347],[-1.4,40.345],[-1.399,40.336],[-1.393,40.333],[-1.393,40.328],[-1.396,40.325],[-1.387,40.324],[-1.387,40.322],[-1.382,40.322],[-1.381,40.32],[-1.369,40.32],[-1.365,40.315],[-1.36,40.315],[-1.355,40.31],[-1.355,40.305],[-1.352,40.303],[-1.354,40.3],[-1.351,40.293],[-1.347,40.293],[-1.342,40.288],[-1.339,40.288]]]}},{"type":"Feature","properties":{"id":"J15-06-02-01B","idx":208,"name":"Río Ebrón: rambla del Torcanejo - río Turia","river":"Río Ebrón","town":"Torrebaja","kind":"wb","area_km2":58.7,"up_area_km2":249.5,"next":"J15-06","terminal_unit":"J15-19","terminal":"sea","drains_to_sea":true,"n_upstream":1,"outlet":[-1.2522,40.096],"outlet_how":"cedex river x unit boundary","label":[-1.3695,40.1285],"source":"CHJ PHJ 2022-2027 masas de agua superficial (cuenca)","chj_codes":["15-06-02-01B"]},"geometry":{"type":"Polygon","coordinates":[[[-1.444,40.119],[-1.45,40.121],[-1.456,40.13],[-1.462,40.13],[-1.455,40.141],[-1.448,40.145],[-1.447,40.143],[-1.441,40.143],[-1.43,40.137],[-1.425,40.141],[-1.401,40.141],[-1.398,40.139],[-1.386,40.142],[-1.384,40.146],[-1.37,40.146],[-1.366,40.156],[-1.359,40.157],[-1.338,40.157],[-1.338,40.162],[-1.33,40.166],[-1.324,40.167],[-1.318,40.165],[-1.317,40.161],[-1.313,40.161],[-1.307,40.156],[-1.305,40.152],[-1.3,40.151],[-1.299,40.146],[-1.293,40.146],[-1.29,40.144],[-1.288,40.137],[-1.284,40.133],[-1.284,40.126],[-1.281,40.126],[-1.276,40.12],[-1.276,40.116],[-1.271,40.112],[-1.271,40.108],[-1.267,40.104],[-1.264,40.104],[-1.262,40.099],[-1.255,40.099],[-1.253,40.097],[-1.254,40.093],[-1.259,40.093],[-1.261,40.09],[-1.275,40.091],[-1.283,40.087],[-1.285,40.092],[-1.293,40.096],[-1.297,40.102],[-1.299,40.102],[-1.305,40.109],[-1.313,40.112],[-1.313,40.115],[-1.318,40.117],[-1.326,40.117],[-1.328,40.124],[-1.336,40.125],[-1.339,40.127],[-1.341,40.123],[-1.353,40.125],[-1.353,40.121],[-1.364,40.12],[-1.366,40.117],[-1.378,40.12],[-1.379,40.118],[-1.39,40.119],[-1.392,40.117],[-1.402,40.117],[-1.403,40.119],[-1.407,40.117],[-1.416,40.117],[-1.418,40.114],[-1.432,40.114],[-1.436,40.115],[-1.44,40.119],[-1.444,40.119]]]}},{"type":"Feature","properties":{"id":"J15-06-03-01","idx":209,"name":"Río de Vallanca","river":"Río de Vallanca","town":"Vallanca","kind":"wb","area_km2":122.2,"up_area_km2":122.2,"next":"J15-06","terminal_unit":"J15-19","terminal":"sea","drains_to_sea":true,"n_upstream":0,"outlet":[-1.2838,40.06],"outlet_how":"cedex river x unit boundary","label":[-1.3665,40.0595],"source":"CHJ PHJ 2022-2027 masas de agua superficial (cuenca)","chj_codes":["15-06-03-01"]},"geometry":{"type":"Polygon","coordinates":[[[-1.34,39.998],[-1.351,39.997],[-1.36,39.994],[-1.365,39.994],[-1.365,39.999],[-1.368,40.0],[-1.373,40.006],[-1.373,40.01],[-1.377,40.014],[-1.378,40.02],[-1.388,40.019],[-1.39,40.017],[-1.397,40.023],[-1.4,40.027],[-1.401,40.032],[-1.41,40.041],[-1.41,40.047],[-1.413,40.051],[-1.418,40.053],[-1.421,40.049],[-1.441,40.049],[-1.441,40.052],[-1.448,40.055],[-1.449,40.059],[-1.453,40.061],[-1.454,40.065],[-1.458,40.068],[-1.474,40.075],[-1.474,40.078],[-1.47,40.081],[-1.467,40.08],[-1.458,40.081],[-1.455,40.087],[-1.45,40.09],[-1.439,40.091],[-1.441,40.097],[-1.444,40.1],[-1.452,40.102],[-1.46,40.102],[-1.46,40.107],[-1.452,40.107],[-1.45,40.111],[-1.446,40.112],[-1.444,40.119],[-1.44,40.119],[-1.436,40.115],[-1.432,40.114],[-1.418,40.114],[-1.416,40.117],[-1.407,40.117],[-1.403,40.119],[-1.402,40.117],[-1.392,40.117],[-1.39,40.119],[-1.379,40.118],[-1.378,40.12],[-1.366,40.117],[-1.364,40.12],[-1.353,40.121],[-1.353,40.125],[-1.341,40.123],[-1.343,40.121],[-1.342,40.116],[-1.338,40.115],[-1.341,40.11],[-1.334,40.11],[-1.33,40.108],[-1.33,40.104],[-1.336,40.103],[-1.338,40.098],[-1.334,40.097],[-1.33,40.091],[-1.323,40.086],[-1.322,40.083],[-1.318,40.081],[-1.309,40.081],[-1.306,40.076],[-1.298,40.074],[-1.296,40.07],[-1.292,40.068],[-1.289,40.061],[-1.283,40.06],[-1.283,40.055],[-1.288,40.051],[-1.292,40.051],[-1.295,40.047],[-1.3,40.047],[-1.305,40.045],[-1.305,40.04],[-1.309,40.036],[-1.314,40.035],[-1.328,40.035],[-1.33,40.031],[-1.33,40.026],[-1.332,40.022],[-1.333,40.015],[-1.336,40.011],[-1.344,40.008],[-1.343,40.0],[-1.34,39.998]]]}},{"type":"Feature","properties":{"id":"J15-07","idx":210,"name":"Río Turia: rambla del Barrancón - río Arcos","river":"Río Turia","town":"Santa Cruz de Moya","kind":"wb","area_km2":98.0,"up_area_km2":3631.0,"next":"J15-09","terminal_unit":"J15-19","terminal":"sea","drains_to_sea":true,"n_upstream":20,"outlet":[-1.2159,39.951],"outlet_how":"cedex river x unit boundary","label":[-1.2595,39.9565],"source":"CHJ PHJ 2022-2027 masas de agua superficial (cuenca)","chj_codes":["15-07"]},"geometry":{"type":"Polygon","coordinates":[[[-1.214,39.951],[-1.219,39.95],[-1.219,39.942],[-1.223,39.94],[-1.235,39.939],[-1.237,39.933],[-1.234,39.932],[-1.231,39.927],[-1.231,39.922],[-1.219,39.915],[-1.215,39.908],[-1.21,39.905],[-1.207,39.9],[-1.21,39.9],[-1.213,39.896],[-1.213,39.891],[-1.216,39.887],[-1.227,39.886],[-1.233,39.891],[-1.243,39.89],[-1.242,39.886],[-1.246,39.89],[-1.253,39.89],[-1.256,39.892],[-1.259,39.894],[-1.256,39.898],[-1.261,39.907],[-1.263,39.907],[-1.271,39.916],[-1.279,39.916],[-1.282,39.92],[-1.288,39.923],[-1.291,39.927],[-1.292,39.932],[-1.289,39.933],[-1.289,39.938],[-1.28,39.937],[-1.281,39.942],[-1.285,39.945],[-1.289,39.945],[-1.293,39.951],[-1.298,39.954],[-1.313,39.96],[-1.315,39.964],[-1.321,39.966],[-1.319,39.969],[-1.322,39.976],[-1.324,39.976],[-1.323,39.989],[-1.327,39.989],[-1.33,39.992],[-1.336,39.993],[-1.34,39.998],[-1.343,40.0],[-1.344,40.008],[-1.336,40.011],[-1.333,40.015],[-1.332,40.022],[-1.33,40.026],[-1.323,40.025],[-1.313,40.025],[-1.305,40.026],[-1.301,40.029],[-1.286,40.029],[-1.284,40.028],[-1.284,40.023],[-1.272,40.018],[-1.269,40.014],[-1.271,40.012],[-1.268,40.01],[-1.261,40.01],[-1.258,40.004],[-1.254,40.006],[-1.251,40.005],[-1.238,40.005],[-1.232,40.001],[-1.226,40.002],[-1.224,40.005],[-1.22,40.006],[-1.205,40.006],[-1.205,40.002],[-1.211,40.0],[-1.211,39.997],[-1.218,39.995],[-1.218,39.992],[-1.224,39.99],[-1.224,39.986],[-1.221,39.983],[-1.222,39.976],[-1.224,39.976],[-1.223,39.967],[-1.221,39.967],[-1.222,39.959],[-1.215,39.959],[-1.214,39.951]]]}},{"type":"Feature","properties":{"id":"J15-07-01-01","idx":211,"name":"Río Arcos","river":"Río Arcos","town":"Arcos de las Salinas","kind":"wb","area_km2":165.5,"up_area_km2":165.5,"next":"J15-09","terminal_unit":"J15-19","terminal":"sea","drains_to_sea":true,"n_upstream":0,"outlet":[-1.214,39.9515],"outlet_how":"cedex river x unit boundary","label":[-1.0598,40.0135],"source":"CHJ PHJ 2022-2027 masas de agua superficial (cuenca)","chj_codes":["15-07-01-01"]},"geometry":{"type":"Polygon","coordinates":[[[-1.214,39.951],[-1.215,39.959],[-1.222,39.959],[-1.221,39.967],[-1.223,39.967],[-1.224,39.976],[-1.222,39.976],[-1.221,39.983],[-1.224,39.986],[-1.224,39.99],[-1.218,39.992],[-1.218,39.995],[-1.211,39.997],[-1.211,40.0],[-1.205,40.002],[-1.205,40.006],[-1.195,40.007],[-1.192,40.01],[-1.179,40.01],[-1.177,40.013],[-1.168,40.013],[-1.166,40.011],[-1.161,40.012],[-1.15,40.012],[-1.147,40.017],[-1.133,40.015],[-1.128,40.019],[-1.122,40.02],[-1.117,40.024],[-1.105,40.025],[-1.102,40.031],[-1.094,40.033],[-1.092,40.036],[-1.083,40.036],[-1.08,40.04],[-1.08,40.044],[-1.077,40.049],[-1.071,40.051],[-1.072,40.061],[-1.069,40.065],[-1.065,40.067],[-1.062,40.072],[-1.057,40.073],[-1.047,40.073],[-1.043,40.075],[-1.039,40.081],[-1.034,40.081],[-1.034,40.077],[-1.03,40.075],[-1.029,40.072],[-1.023,40.065],[-1.014,40.063],[-1.011,40.06],[-1.013,40.058],[-1.015,40.051],[-1.012,40.048],[-1.016,40.045],[-1.016,40.041],[-1.011,40.041],[-1.007,40.038],[-0.999,40.037],[-0.995,40.035],[-0.991,40.023],[-0.982,40.019],[-0.972,40.019],[-0.973,40.014],[-0.968,40.013],[-0.965,40.008],[-0.969,40.006],[-0.97,40.002],[-0.975,40.004],[-0.976,40.001],[-0.981,39.998],[-0.981,39.993],[-0.979,39.991],[-0.98,39.984],[-0.978,39.977],[-0.984,39.978],[-0.986,39.981],[-0.992,39.982],[-0.996,39.98],[-1.01,39.98],[-1.013,39.978],[-1.02,39.979],[-1.02,39.981],[-1.03,39.98],[-1.029,39.976],[-1.042,39.977],[-1.045,39.974],[-1.046,39.969],[-1.048,39.969],[-1.054,39.962],[-1.059,39.959],[-1.066,39.96],[-1.068,39.957],[-1.073,39.955],[-1.08,39.949],[-1.084,39.949],[-1.09,39.945],[-1.094,39.945],[-1.098,39.949],[-1.099,39.953],[-1.113,39.952],[-1.116,39.954],[-1.121,39.954],[-1.124,39.956],[-1.129,39.956],[-1.131,39.958],[-1.141,39.958],[-1.145,39.961],[-1.153,39.955],[-1.158,39.954],[-1.169,39.954],[-1.178,39.95],[-1.189,39.948],[-1.191,39.951],[-1.205,39.952],[-1.209,39.949],[-1.214,39.951]]]}},{"type":"Feature","properties":{"id":"J15-01-01-01","idx":212,"name":"Rambla de Monterde","river":"Rambla de Monterde","town":"Monterde de Albarracín","kind":"wb","area_km2":139.3,"up_area_km2":139.3,"next":"J15-02","terminal_unit":"J15-19","terminal":"sea","drains_to_sea":true,"n_upstream":0,"outlet":[-1.425,40.4323],"outlet_how":"cedex river x unit boundary","label":[-1.4893,40.5045],"source":"CHJ PHJ 2022-2027 masas de agua superficial (cuenca)","chj_codes":["15-01-01-01"]},"geometry":{"type":"Polygon","coordinates":[[[-1.572,40.487],[-1.569,40.489],[-1.569,40.497],[-1.572,40.497],[-1.574,40.503],[-1.572,40.503],[-1.575,40.515],[-1.564,40.517],[-1.562,40.52],[-1.562,40.527],[-1.564,40.533],[-1.561,40.534],[-1.561,40.538],[-1.564,40.539],[-1.565,40.543],[-1.554,40.548],[-1.551,40.553],[-1.539,40.557],[-1.536,40.562],[-1.523,40.567],[-1.522,40.572],[-1.526,40.575],[-1.525,40.578],[-1.52,40.578],[-1.514,40.572],[-1.504,40.57],[-1.497,40.562],[-1.497,40.559],[-1.488,40.557],[-1.489,40.554],[-1.483,40.554],[-1.481,40.559],[-1.476,40.559],[-1.471,40.564],[-1.465,40.564],[-1.462,40.559],[-1.457,40.559],[-1.456,40.553],[-1.453,40.55],[-1.454,40.547],[-1.449,40.544],[-1.448,40.538],[-1.45,40.536],[-1.441,40.536],[-1.432,40.531],[-1.427,40.531],[-1.424,40.528],[-1.424,40.522],[-1.418,40.52],[-1.416,40.515],[-1.412,40.512],[-1.407,40.512],[-1.405,40.506],[-1.412,40.497],[-1.409,40.495],[-1.408,40.491],[-1.404,40.488],[-1.406,40.485],[-1.406,40.478],[-1.411,40.475],[-1.411,40.469],[-1.42,40.467],[-1.421,40.457],[-1.42,40.457],[-1.42,40.438],[-1.422,40.438],[-1.425,40.432],[-1.429,40.434],[-1.431,40.44],[-1.434,40.44],[-1.434,40.445],[-1.439,40.448],[-1.44,40.451],[-1.446,40.451],[-1.451,40.445],[-1.455,40.444],[-1.459,40.446],[-1.462,40.444],[-1.473,40.444],[-1.479,40.454],[-1.483,40.451],[-1.484,40.454],[-1.49,40.459],[-1.499,40.457],[-1.507,40.459],[-1.511,40.462],[-1.513,40.471],[-1.52,40.471],[-1.52,40.473],[-1.528,40.473],[-1.53,40.468],[-1.542,40.468],[-1.545,40.471],[-1.557,40.471],[-1.558,40.476],[-1.556,40.478],[-1.56,40.479],[-1.562,40.482],[-1.568,40.481],[-1.572,40.487]]]}},{"type":"Feature","properties":{"id":"J15-01A","idx":213,"name":"Río Guadalaviar (Turia): cabecera - río de la Garganta","river":"Río Guadalaviar (Turia)","town":"Guadalaviar","kind":"wb","area_km2":97.5,"up_area_km2":97.5,"next":"J15-01C","terminal_unit":"J15-19","terminal":"sea","drains_to_sea":true,"n_upstream":0,"outlet":[-1.571,40.4289],"outlet_how":"cedex river x unit boundary","label":[-1.6509,40.411],"source":"CHJ PHJ 2022-2027 masas de agua superficial (cuenca)","chj_codes":["15-01A"]},"geometry":{"type":"Polygon","coordinates":[[[-1.678,40.361],[-1.682,40.363],[-1.687,40.363],[-1.689,40.36],[-1.694,40.36],[-1.693,40.355],[-1.703,40.354],[-1.708,40.357],[-1.71,40.365],[-1.707,40.367],[-1.699,40.367],[-1.698,40.374],[-1.708,40.375],[-1.709,40.377],[-1.721,40.377],[-1.725,40.381],[-1.732,40.382],[-1.737,40.388],[-1.738,40.397],[-1.742,40.402],[-1.745,40.402],[-1.745,40.407],[-1.74,40.409],[-1.738,40.412],[-1.733,40.412],[-1.732,40.414],[-1.725,40.414],[-1.723,40.422],[-1.729,40.43],[-1.73,40.434],[-1.727,40.436],[-1.726,40.44],[-1.718,40.441],[-1.714,40.454],[-1.709,40.454],[-1.705,40.458],[-1.691,40.459],[-1.685,40.462],[-1.684,40.467],[-1.677,40.467],[-1.675,40.469],[-1.675,40.466],[-1.669,40.464],[-1.669,40.457],[-1.665,40.456],[-1.665,40.448],[-1.66,40.443],[-1.659,40.44],[-1.655,40.438],[-1.655,40.435],[-1.65,40.434],[-1.649,40.436],[-1.641,40.436],[-1.639,40.438],[-1.637,40.435],[-1.634,40.44],[-1.628,40.442],[-1.624,40.441],[-1.618,40.443],[-1.618,40.441],[-1.609,40.439],[-1.603,40.43],[-1.597,40.43],[-1.591,40.423],[-1.585,40.425],[-1.579,40.425],[-1.572,40.429],[-1.565,40.427],[-1.564,40.425],[-1.563,40.41],[-1.561,40.408],[-1.564,40.406],[-1.563,40.401],[-1.565,40.398],[-1.571,40.396],[-1.58,40.396],[-1.584,40.398],[-1.593,40.39],[-1.6,40.39],[-1.606,40.396],[-1.608,40.391],[-1.614,40.392],[-1.615,40.39],[-1.631,40.39],[-1.639,40.387],[-1.637,40.383],[-1.639,40.379],[-1.643,40.379],[-1.647,40.384],[-1.654,40.383],[-1.654,40.386],[-1.658,40.382],[-1.667,40.379],[-1.668,40.374],[-1.677,40.37],[-1.675,40.363],[-1.678,40.361]]]}},{"type":"Feature","properties":{"id":"J15-01B","idx":214,"name":"Río de la Garganta","river":"Río de la Garganta","town":"Tramacastilla","kind":"wb","area_km2":44.3,"up_area_km2":44.3,"next":"J15-01C","terminal_unit":"J15-19","terminal":"sea","drains_to_sea":true,"n_upstream":0,"outlet":[-1.574,40.4288],"outlet_how":"cedex river x unit boundary","label":[-1.6289,40.462],"source":"CHJ PHJ 2022-2027 masas de agua superficial (cuenca)","chj_codes":["15-01B"]},"geometry":{"type":"Polygon","coordinates":[[[-1.572,40.487],[-1.568,40.481],[-1.573,40.477],[-1.578,40.476],[-1.583,40.47],[-1.587,40.469],[-1.59,40.465],[-1.588,40.46],[-1.589,40.453],[-1.585,40.449],[-1.587,40.446],[-1.583,40.439],[-1.58,40.438],[-1.577,40.433],[-1.573,40.432],[-1.572,40.429],[-1.579,40.425],[-1.585,40.425],[-1.591,40.423],[-1.597,40.43],[-1.603,40.43],[-1.609,40.439],[-1.618,40.441],[-1.618,40.443],[-1.624,40.441],[-1.628,40.442],[-1.634,40.44],[-1.637,40.435],[-1.639,40.438],[-1.641,40.436],[-1.649,40.436],[-1.65,40.434],[-1.655,40.435],[-1.655,40.438],[-1.659,40.44],[-1.66,40.443],[-1.665,40.448],[-1.665,40.456],[-1.669,40.457],[-1.669,40.464],[-1.675,40.466],[-1.675,40.469],[-1.676,40.473],[-1.673,40.473],[-1.674,40.478],[-1.666,40.481],[-1.665,40.483],[-1.653,40.484],[-1.644,40.488],[-1.638,40.487],[-1.632,40.488],[-1.63,40.491],[-1.625,40.491],[-1.624,40.496],[-1.621,40.498],[-1.61,40.498],[-1.608,40.493],[-1.603,40.492],[-1.594,40.493],[-1.59,40.49],[-1.589,40.484],[-1.583,40.485],[-1.581,40.488],[-1.572,40.487]]]}},{"type":"Feature","properties":{"id":"J15-01C","idx":215,"name":"Río Guadalaviar (Turia): río de la Garganta - rambla de Monterde","river":"Río Guadalaviar (Turia)","town":"Albarracín","kind":"wb","area_km2":322.9,"up_area_km2":464.7,"next":"J15-02","terminal_unit":"J15-19","terminal":"sea","drains_to_sea":true,"n_upstream":2,"outlet":[-1.425,40.4323],"outlet_how":"cedex river x unit boundary","label":[-1.5313,40.372],"source":"CHJ PHJ 2022-2027 masas de agua superficial (cuenca)","chj_codes":["15-01C"]},"geometry":{"type":"Polygon","coordinates":[[[-1.478,40.265],[-1.48,40.265],[-1.486,40.26],[-1.492,40.261],[-1.493,40.264],[-1.5,40.271],[-1.5,40.277],[-1.508,40.277],[-1.511,40.28],[-1.511,40.286],[-1.508,40.292],[-1.512,40.293],[-1.515,40.287],[-1.52,40.287],[-1.526,40.291],[-1.536,40.291],[-1.537,40.294],[-1.545,40.296],[-1.548,40.292],[-1.548,40.287],[-1.55,40.283],[-1.55,40.278],[-1.555,40.277],[-1.557,40.281],[-1.557,40.287],[-1.56,40.289],[-1.56,40.293],[-1.565,40.296],[-1.565,40.3],[-1.568,40.302],[-1.569,40.309],[-1.571,40.313],[-1.576,40.317],[-1.576,40.32],[-1.585,40.319],[-1.59,40.316],[-1.591,40.319],[-1.604,40.319],[-1.61,40.316],[-1.608,40.312],[-1.612,40.309],[-1.616,40.309],[-1.619,40.312],[-1.624,40.312],[-1.625,40.31],[-1.632,40.311],[-1.634,40.315],[-1.638,40.316],[-1.638,40.319],[-1.643,40.321],[-1.653,40.322],[-1.66,40.324],[-1.668,40.33],[-1.666,40.333],[-1.671,40.337],[-1.671,40.341],[-1.675,40.343],[-1.677,40.347],[-1.677,40.352],[-1.674,40.354],[-1.678,40.361],[-1.675,40.363],[-1.677,40.37],[-1.668,40.374],[-1.667,40.379],[-1.658,40.382],[-1.654,40.386],[-1.654,40.383],[-1.647,40.384],[-1.643,40.379],[-1.639,40.379],[-1.637,40.383],[-1.639,40.387],[-1.631,40.39],[-1.615,40.39],[-1.614,40.392],[-1.608,40.391],[-1.606,40.396],[-1.6,40.39],[-1.593,40.39],[-1.584,40.398],[-1.58,40.396],[-1.571,40.396],[-1.565,40.398],[-1.563,40.401],[-1.564,40.406],[-1.561,40.408],[-1.563,40.41],[-1.564,40.425],[-1.565,40.427],[-1.572,40.429],[-1.573,40.432],[-1.577,40.433],[-1.58,40.438],[-1.583,40.439],[-1.587,40.446],[-1.585,40.449],[-1.589,40.453],[-1.588,40.46],[-1.59,40.465],[-1.587,40.469],[-1.583,40.47],[-1.578,40.476],[-1.573,40.477],[-1.568,40.481],[-1.562,40.482],[-1.56,40.479],[-1.556,40.478],[-1.558,40.476],[-1.557,40.471],[-1.545,40.471],[-1.542,40.468],[-1.53,40.468],[-1.528,40.473],[-1.52,40.473],[-1.52,40.471],[-1.513,40.471],[-1.511,40.462],[-1.507,40.459],[-1.499,40.457],[-1.49,40.459],[-1.484,40.454],[-1.483,40.451],[-1.479,40.454],[-1.473,40.444],[-1.462,40.444],[-1.459,40.446],[-1.455,40.444],[-1.451,40.445],[-1.446,40.451],[-1.44,40.451],[-1.439,40.448],[-1.434,40.445],[-1.434,40.44],[-1.431,40.44],[-1.429,40.434],[-1.425,40.432],[-1.428,40.431],[-1.43,40.427],[-1.429,40.421],[-1.425,40.421],[-1.424,40.418],[-1.42,40.416],[-1.412,40.417],[-1.409,40.413],[-1.414,40.409],[-1.414,40.404],[-1.41,40.398],[-1.4,40.397],[-1.395,40.395],[-1.395,40.389],[-1.397,40.388],[-1.397,40.379],[-1.395,40.375],[-1.392,40.374],[-1.384,40.366],[-1.39,40.359],[-1.396,40.357],[-1.396,40.353],[-1.401,40.352],[-1.402,40.347],[-1.407,40.346],[-1.412,40.342],[-1.414,40.33],[-1.424,40.329],[-1.426,40.326],[-1.434,40.325],[-1.434,40.323],[-1.441,40.318],[-1.448,40.318],[-1.451,40.314],[-1.451,40.31],[-1.454,40.309],[-1.454,40.3],[-1.452,40.299],[-1.457,40.29],[-1.456,40.281],[-1.466,40.282],[-1.469,40.277],[-1.474,40.275],[-1.477,40.27],[-1.478,40.265]]]}},{"type":"Feature","properties":{"id":"J15-02","idx":216,"name":"Río Guadalaviar (Turia): rambla de Monterde - embalse de Arquillo de San Blas","river":"Río Guadalaviar (Turia)","town":"Gea de Albarracín","kind":"wb","area_km2":133.1,"up_area_km2":737.1,"next":"J15-03","terminal_unit":"J15-19","terminal":"sea","drains_to_sea":true,"n_upstream":4,"outlet":[-1.266,40.3804],"outlet_how":"cedex river x unit boundary","label":[-1.3297,40.373],"source":"CHJ PHJ 2022-2027 masas de agua superficial (cuenca)","chj_codes":["15-02"]},"geometry":{"type":"Polygon","coordinates":[[[-1.276,40.395],[-1.277,40.384],[-1.271,40.381],[-1.266,40.381],[-1.266,40.377],[-1.269,40.372],[-1.273,40.369],[-1.285,40.364],[-1.285,40.362],[-1.293,40.361],[-1.294,40.357],[-1.3,40.354],[-1.299,40.338],[-1.304,40.334],[-1.304,40.328],[-1.31,40.328],[-1.313,40.324],[-1.308,40.319],[-1.31,40.31],[-1.317,40.31],[-1.318,40.308],[-1.327,40.306],[-1.326,40.294],[-1.334,40.292],[-1.339,40.288],[-1.342,40.288],[-1.347,40.293],[-1.351,40.293],[-1.354,40.3],[-1.352,40.303],[-1.355,40.305],[-1.355,40.31],[-1.36,40.315],[-1.365,40.315],[-1.369,40.32],[-1.381,40.32],[-1.382,40.322],[-1.387,40.322],[-1.387,40.324],[-1.396,40.325],[-1.393,40.328],[-1.393,40.333],[-1.399,40.336],[-1.4,40.345],[-1.402,40.347],[-1.401,40.352],[-1.396,40.353],[-1.396,40.357],[-1.39,40.359],[-1.384,40.366],[-1.392,40.374],[-1.395,40.375],[-1.397,40.379],[-1.397,40.388],[-1.395,40.389],[-1.395,40.395],[-1.4,40.397],[-1.41,40.398],[-1.414,40.404],[-1.414,40.409],[-1.409,40.413],[-1.412,40.417],[-1.42,40.416],[-1.424,40.418],[-1.425,40.421],[-1.429,40.421],[-1.43,40.427],[-1.428,40.431],[-1.425,40.432],[-1.422,40.438],[-1.42,40.438],[-1.42,40.457],[-1.414,40.455],[-1.414,40.453],[-1.406,40.454],[-1.402,40.456],[-1.393,40.456],[-1.382,40.448],[-1.382,40.445],[-1.373,40.446],[-1.373,40.442],[-1.363,40.439],[-1.359,40.433],[-1.346,40.432],[-1.342,40.429],[-1.336,40.43],[-1.332,40.424],[-1.317,40.424],[-1.306,40.422],[-1.304,40.419],[-1.303,40.407],[-1.294,40.407],[-1.285,40.403],[-1.283,40.397],[-1.276,40.395]]]}},{"type":"Feature","properties":{"id":"J18-06-01-02","idx":217,"name":"Río Moscas: complejo lagunar de Fuentes - río Júcar","river":"Río Moscas","town":null,"kind":"wb","area_km2":131.2,"up_area_km2":168.7,"next":"J18-06A","terminal_unit":"J18-36","terminal":"sea","drains_to_sea":true,"n_upstream":1,"outlet":[-2.152,40.0652],"outlet_how":"cedex river x unit boundary","label":[-2.029,40.01],"source":"CHJ PHJ 2022-2027 masas de agua superficial (cuenca)","merged_names":["Laguna de los Cedazos (Complejo lagunar de Fuentes)","Las Torcas (Complejo lagunar de Fuentes)"],"chj_codes":["18-06-01-02","L11_A","L11_B2"]},"geometry":{"type":"Polygon","coordinates":[[[-1.958,40.053],[-1.96,40.049],[-1.964,40.046],[-1.964,40.038],[-1.969,40.034],[-1.969,40.028],[-1.971,40.023],[-1.958,40.021],[-1.953,40.015],[-1.946,40.011],[-1.95,40.005],[-1.965,40.005],[-1.969,40.009],[-1.98,40.009],[-1.978,40.002],[-1.984,39.998],[-1.987,39.998],[-1.986,39.991],[-1.988,39.989],[-1.989,39.979],[-1.995,39.975],[-1.998,39.97],[-1.992,39.967],[-1.993,39.962],[-1.995,39.959],[-2.001,39.955],[-2.008,39.955],[-2.02,39.963],[-2.02,39.965],[-2.03,39.965],[-2.029,39.968],[-2.04,39.96],[-2.038,39.955],[-2.043,39.951],[-2.043,39.947],[-2.046,39.95],[-2.054,39.949],[-2.055,39.947],[-2.065,39.948],[-2.065,39.952],[-2.059,39.956],[-2.054,39.967],[-2.053,39.977],[-2.054,39.984],[-2.056,39.988],[-2.061,39.993],[-2.068,39.994],[-2.073,39.997],[-2.078,39.997],[-2.079,39.999],[-2.092,39.999],[-2.097,40.002],[-2.106,40.002],[-2.111,40.005],[-2.11,40.009],[-2.114,40.012],[-2.114,40.016],[-2.118,40.017],[-2.12,40.021],[-2.123,40.021],[-2.129,40.025],[-2.136,40.024],[-2.139,40.028],[-2.145,40.03],[-2.151,40.034],[-2.155,40.034],[-2.155,40.038],[-2.159,40.041],[-2.156,40.042],[-2.156,40.047],[-2.153,40.053],[-2.146,40.057],[-2.149,40.068],[-2.145,40.064],[-2.14,40.064],[-2.139,40.069],[-2.121,40.07],[-2.118,40.073],[-2.117,40.072],[-2.102,40.072],[-2.098,40.069],[-2.084,40.068],[-2.08,40.065],[-2.073,40.065],[-2.068,40.061],[-2.061,40.06],[-2.06,40.057],[-2.052,40.058],[-2.042,40.056],[-2.038,40.058],[-2.023,40.058],[-2.023,40.057],[-2.013,40.057],[-2.008,40.062],[-1.996,40.063],[-1.993,40.059],[-1.988,40.059],[-1.984,40.057],[-1.976,40.057],[-1.975,40.06],[-1.97,40.06],[-1.97,40.056],[-1.966,40.06],[-1.961,40.06],[-1.958,40.064],[-1.956,40.063],[-1.954,40.06],[-1.959,40.055],[-1.958,40.053]]]}},{"type":"Feature","properties":{"id":"J18-07-04-03","idx":218,"name":"Río Gritos: paraje de Puente Nueva - Embalse de Alarcón","river":"Río Gritos","town":"Las Valeras","kind":"wb","area_km2":136.6,"up_area_km2":263.5,"next":"J18-07","terminal_unit":"J18-36","terminal":"sea","drains_to_sea":true,"n_upstream":1,"outlet":[-2.199,39.7353],"outlet_how":"cedex river x unit boundary","label":[-2.0964,39.768],"source":"CHJ PHJ 2022-2027 masas de agua superficial (cuenca)","merged_names":["Río Gritos: paraje de Puente Nueva - Valera de Abajo"],"chj_codes":["18-07-04-03","18-07-04-02"]},"geometry":{"type":"Polygon","coordinates":[[[-2.084,39.691],[-2.087,39.694],[-2.091,39.694],[-2.096,39.698],[-2.099,39.697],[-2.106,39.704],[-2.114,39.705],[-2.114,39.708],[-2.122,39.711],[-2.123,39.714],[-2.131,39.721],[-2.142,39.721],[-2.143,39.723],[-2.15,39.721],[-2.151,39.719],[-2.156,39.719],[-2.157,39.715],[-2.161,39.714],[-2.167,39.715],[-2.172,39.719],[-2.176,39.719],[-2.183,39.725],[-2.187,39.731],[-2.2,39.732],[-2.198,39.74],[-2.194,39.746],[-2.191,39.748],[-2.193,39.754],[-2.19,39.756],[-2.19,39.76],[-2.186,39.762],[-2.185,39.769],[-2.188,39.772],[-2.193,39.773],[-2.19,39.775],[-2.191,39.778],[-2.186,39.781],[-2.186,39.784],[-2.176,39.795],[-2.173,39.796],[-2.175,39.8],[-2.175,39.806],[-2.177,39.807],[-2.179,39.816],[-2.174,39.82],[-2.173,39.824],[-2.168,39.826],[-2.164,39.834],[-2.164,39.84],[-2.156,39.843],[-2.153,39.842],[-2.153,39.838],[-2.149,39.836],[-2.148,39.832],[-2.14,39.824],[-2.14,39.814],[-2.138,39.808],[-2.132,39.806],[-2.128,39.802],[-2.118,39.801],[-2.113,39.803],[-2.111,39.795],[-2.107,39.794],[-2.106,39.791],[-2.095,39.789],[-2.09,39.787],[-2.09,39.783],[-2.081,39.781],[-2.081,39.779],[-2.072,39.779],[-2.067,39.781],[-2.069,39.784],[-2.065,39.786],[-2.056,39.785],[-2.053,39.787],[-2.048,39.785],[-2.041,39.785],[-2.036,39.783],[-2.022,39.782],[-2.017,39.777],[-2.011,39.778],[-2.009,39.776],[-2.007,39.773],[-2.008,39.766],[-2.014,39.765],[-2.016,39.767],[-2.017,39.753],[-2.028,39.754],[-2.04,39.747],[-2.039,39.738],[-2.047,39.735],[-2.045,39.729],[-2.049,39.726],[-2.054,39.725],[-2.053,39.72],[-2.049,39.717],[-2.05,39.713],[-2.055,39.71],[-2.054,39.695],[-2.058,39.693],[-2.077,39.693],[-2.084,39.691]]]}},{"type":"Feature","properties":{"id":"J30-01","idx":219,"name":"Río Montnegre: cabecera - embalse de Tibi","river":"Río Montnegre","town":"Ibi","kind":"wb","area_km2":258.3,"up_area_km2":258.3,"next":"J30-03","terminal_unit":"J30-05","terminal":"sea","drains_to_sea":true,"n_upstream":0,"outlet":[-0.575,38.5115],"outlet_how":"cedex river x unit boundary","label":[-0.6315,38.5905],"source":"CHJ PHJ 2022-2027 masas de agua superficial (cuenca)","chj_codes":["30-01"]},"geometry":{"type":"Polygon","coordinates":[[[-0.625,38.676],[-0.624,38.671],[-0.627,38.668],[-0.618,38.662],[-0.614,38.657],[-0.605,38.657],[-0.603,38.652],[-0.593,38.651],[-0.589,38.653],[-0.589,38.657],[-0.584,38.659],[-0.581,38.658],[-0.561,38.658],[-0.56,38.656],[-0.552,38.657],[-0.551,38.659],[-0.537,38.659],[-0.537,38.658],[-0.524,38.658],[-0.524,38.657],[-0.512,38.658],[-0.503,38.659],[-0.509,38.655],[-0.507,38.65],[-0.508,38.645],[-0.503,38.641],[-0.502,38.63],[-0.498,38.625],[-0.498,38.617],[-0.502,38.615],[-0.507,38.612],[-0.51,38.608],[-0.519,38.606],[-0.521,38.604],[-0.529,38.603],[-0.536,38.6],[-0.532,38.592],[-0.532,38.589],[-0.536,38.585],[-0.541,38.585],[-0.548,38.58],[-0.548,38.574],[-0.544,38.57],[-0.544,38.563],[-0.547,38.56],[-0.549,38.554],[-0.552,38.553],[-0.55,38.546],[-0.552,38.544],[-0.546,38.541],[-0.544,38.535],[-0.548,38.529],[-0.553,38.529],[-0.554,38.524],[-0.559,38.523],[-0.559,38.518],[-0.569,38.518],[-0.575,38.516],[-0.576,38.509],[-0.581,38.507],[-0.59,38.507],[-0.596,38.509],[-0.598,38.512],[-0.603,38.512],[-0.609,38.505],[-0.62,38.504],[-0.626,38.505],[-0.628,38.503],[-0.634,38.503],[-0.636,38.505],[-0.642,38.505],[-0.644,38.507],[-0.654,38.511],[-0.655,38.517],[-0.66,38.518],[-0.664,38.525],[-0.665,38.531],[-0.672,38.533],[-0.672,38.536],[-0.678,38.54],[-0.685,38.548],[-0.688,38.549],[-0.69,38.554],[-0.694,38.556],[-0.699,38.555],[-0.701,38.552],[-0.711,38.551],[-0.713,38.555],[-0.718,38.555],[-0.72,38.561],[-0.727,38.563],[-0.731,38.567],[-0.731,38.571],[-0.727,38.572],[-0.729,38.579],[-0.732,38.58],[-0.73,38.584],[-0.732,38.597],[-0.742,38.596],[-0.749,38.6],[-0.746,38.604],[-0.752,38.61],[-0.75,38.615],[-0.742,38.618],[-0.742,38.62],[-0.737,38.623],[-0.725,38.623],[-0.722,38.624],[-0.719,38.63],[-0.712,38.631],[-0.709,38.635],[-0.701,38.635],[-0.701,38.637],[-0.69,38.642],[-0.691,38.649],[-0.688,38.653],[-0.678,38.658],[-0.669,38.659],[-0.667,38.662],[-0.662,38.664],[-0.662,38.666],[-0.656,38.667],[-0.65,38.67],[-0.643,38.67],[-0.641,38.674],[-0.634,38.676],[-0.625,38.676]]]}},{"type":"Feature","properties":{"id":"J31-04","idx":220,"name":"Río Vinalopó: acequia del Rey - Sax","river":"Río Vinalopó","town":"Villena","kind":"wb","area_km2":295.2,"up_area_km2":893.7,"next":"J31-05","terminal_unit":"JT0302","terminal":"sea","drains_to_sea":true,"n_upstream":4,"outlet":[-0.8178,38.543],"outlet_how":"cedex river x unit boundary","label":[-0.9645,38.6215],"source":"CHJ PHJ 2022-2027 masas de agua superficial (cuenca)","chj_codes":["31-04"]},"geometry":{"type":"MultiPolygon","coordinates":[[[[-0.967,38.8],[-0.969,38.798],[-0.975,38.797],[-0.976,38.795],[-0.988,38.796],[-0.985,38.799],[-0.979,38.801],[-0.972,38.799],[-0.967,38.8]]],[[[-0.806,38.74],[-0.802,38.736],[-0.791,38.736],[-0.786,38.73],[-0.779,38.727],[-0.779,38.72],[-0.774,38.72],[-0.767,38.706],[-0.76,38.706],[-0.755,38.696],[-0.759,38.694],[-0.761,38.686],[-0.767,38.684],[-0.77,38.681],[-0.773,38.682],[-0.783,38.682],[-0.791,38.679],[-0.794,38.675],[-0.796,38.669],[-0.803,38.67],[-0.811,38.666],[-0.811,38.669],[-0.815,38.669],[-0.819,38.665],[-0.827,38.662],[-0.831,38.657],[-0.835,38.657],[-0.839,38.652],[-0.845,38.651],[-0.847,38.649],[-0.855,38.646],[-0.852,38.637],[-0.858,38.634],[-0.862,38.63],[-0.864,38.625],[-0.862,38.618],[-0.862,38.613],[-0.86,38.61],[-0.86,38.605],[-0.858,38.601],[-0.858,38.593],[-0.861,38.589],[-0.862,38.584],[-0.866,38.582],[-0.861,38.581],[-0.86,38.583],[-0.846,38.585],[-0.841,38.583],[-0.839,38.587],[-0.832,38.588],[-0.831,38.59],[-0.821,38.587],[-0.817,38.582],[-0.815,38.582],[-0.812,38.576],[-0.813,38.569],[-0.816,38.564],[-0.815,38.561],[-0.819,38.557],[-0.818,38.541],[-0.821,38.539],[-0.826,38.542],[-0.831,38.54],[-0.838,38.54],[-0.849,38.548],[-0.854,38.548],[-0.862,38.546],[-0.866,38.542],[-0.874,38.543],[-0.875,38.545],[-0.886,38.548],[-0.887,38.551],[-0.9,38.552],[-0.906,38.548],[-0.913,38.549],[-0.914,38.553],[-0.922,38.554],[-0.923,38.551],[-0.928,38.549],[-0.939,38.548],[-0.935,38.545],[-0.934,38.537],[-0.939,38.532],[-0.944,38.531],[-0.944,38.527],[-0.95,38.525],[-0.95,38.522],[-0.954,38.521],[-0.96,38.516],[-0.971,38.515],[-0.977,38.51],[-0.984,38.51],[-0.988,38.508],[-0.988,38.505],[-0.995,38.504],[-1.002,38.501],[-1.003,38.499],[-1.009,38.498],[-1.01,38.5],[-1.01,38.502],[-1.005,38.506],[-1.006,38.51],[-1.013,38.516],[-1.009,38.521],[-1.005,38.521],[-1.002,38.525],[-0.999,38.525],[-0.996,38.529],[-0.989,38.53],[-0.983,38.536],[-0.986,38.542],[-0.986,38.548],[-0.99,38.552],[-0.99,38.564],[-0.987,38.568],[-0.989,38.573],[-0.989,38.581],[-0.986,38.581],[-0.986,38.585],[-0.971,38.586],[-0.969,38.592],[-0.961,38.596],[-0.961,38.601],[-0.963,38.603],[-0.973,38.603],[-0.985,38.6],[-0.991,38.605],[-0.992,38.609],[-0.995,38.61],[-1.001,38.606],[-1.01,38.604],[-1.011,38.606],[-1.016,38.606],[-1.019,38.604],[-1.026,38.606],[-1.033,38.606],[-1.041,38.606],[-1.044,38.608],[-1.05,38.608],[-1.053,38.61],[-1.064,38.61],[-1.066,38.613],[-1.066,38.629],[-1.063,38.632],[-1.064,38.637],[-1.059,38.638],[-1.053,38.643],[-1.055,38.647],[-1.058,38.651],[-1.057,38.653],[-1.047,38.656],[-1.042,38.663],[-1.033,38.663],[-1.031,38.66],[-1.027,38.66],[-1.023,38.664],[-1.013,38.664],[-1.008,38.663],[-1.006,38.659],[-0.999,38.655],[-0.988,38.655],[-0.982,38.651],[-0.971,38.651],[-0.969,38.649],[-0.962,38.649],[-0.958,38.653],[-0.95,38.653],[-0.942,38.657],[-0.94,38.66],[-0.936,38.66],[-0.936,38.665],[-0.933,38.669],[-0.926,38.669],[-0.924,38.684],[-0.92,38.685],[-0.92,38.69],[-0.915,38.694],[-0.914,38.697],[-0.909,38.697],[-0.908,38.701],[-0.901,38.706],[-0.893,38.707],[-0.889,38.709],[-0.876,38.709],[-0.873,38.71],[-0.869,38.716],[-0.864,38.716],[-0.855,38.721],[-0.84,38.721],[-0.837,38.723],[-0.836,38.727],[-0.833,38.728],[-0.833,38.737],[-0.826,38.741],[-0.819,38.741],[-0.818,38.739],[-0.806,38.74]]]]}},{"type":"Feature","properties":{"id":"J31-06A","idx":221,"name":"Río Vinalopó: barranco del Derramador - embalse de Elche","river":"Río Vinalopó","town":"Petrer","kind":"wb","area_km2":194.5,"up_area_km2":1677.3,"next":"J31-08","terminal_unit":"JT0302","terminal":"sea","drains_to_sea":true,"n_upstream":7,"outlet":[-0.7273,38.333],"outlet_how":"cedex river x unit boundary","label":[-0.7768,38.4045],"source":"CHJ PHJ 2022-2027 masas de agua superficial (cuenca)","chj_codes":["31-06A"]},"geometry":{"type":"Polygon","coordinates":[[[-0.722,38.478],[-0.718,38.476],[-0.712,38.476],[-0.709,38.47],[-0.715,38.461],[-0.714,38.456],[-0.709,38.456],[-0.706,38.452],[-0.706,38.447],[-0.701,38.445],[-0.699,38.44],[-0.695,38.437],[-0.693,38.432],[-0.692,38.423],[-0.688,38.419],[-0.688,38.416],[-0.681,38.415],[-0.68,38.408],[-0.673,38.408],[-0.672,38.402],[-0.669,38.396],[-0.669,38.39],[-0.664,38.386],[-0.657,38.386],[-0.656,38.383],[-0.657,38.379],[-0.664,38.38],[-0.668,38.375],[-0.676,38.369],[-0.679,38.365],[-0.68,38.36],[-0.686,38.356],[-0.683,38.344],[-0.689,38.339],[-0.691,38.335],[-0.694,38.334],[-0.694,38.329],[-0.7,38.327],[-0.709,38.327],[-0.71,38.329],[-0.715,38.329],[-0.717,38.331],[-0.723,38.331],[-0.726,38.333],[-0.739,38.332],[-0.74,38.334],[-0.746,38.335],[-0.747,38.339],[-0.745,38.343],[-0.736,38.348],[-0.728,38.348],[-0.727,38.356],[-0.729,38.359],[-0.733,38.359],[-0.737,38.363],[-0.738,38.368],[-0.744,38.373],[-0.752,38.375],[-0.754,38.379],[-0.758,38.381],[-0.769,38.379],[-0.778,38.383],[-0.783,38.383],[-0.787,38.387],[-0.789,38.392],[-0.799,38.392],[-0.806,38.395],[-0.807,38.397],[-0.821,38.397],[-0.823,38.395],[-0.833,38.399],[-0.833,38.401],[-0.838,38.401],[-0.847,38.403],[-0.849,38.401],[-0.866,38.401],[-0.871,38.398],[-0.875,38.402],[-0.88,38.402],[-0.882,38.406],[-0.888,38.407],[-0.891,38.411],[-0.89,38.418],[-0.893,38.418],[-0.899,38.426],[-0.905,38.428],[-0.903,38.431],[-0.905,38.437],[-0.904,38.441],[-0.901,38.442],[-0.902,38.446],[-0.892,38.458],[-0.892,38.461],[-0.884,38.463],[-0.879,38.468],[-0.879,38.471],[-0.875,38.474],[-0.873,38.478],[-0.869,38.477],[-0.865,38.472],[-0.86,38.472],[-0.856,38.467],[-0.849,38.467],[-0.848,38.47],[-0.844,38.47],[-0.842,38.466],[-0.831,38.466],[-0.826,38.464],[-0.812,38.464],[-0.806,38.463],[-0.803,38.47],[-0.799,38.47],[-0.796,38.475],[-0.789,38.477],[-0.789,38.479],[-0.783,38.48],[-0.778,38.484],[-0.766,38.484],[-0.763,38.482],[-0.753,38.483],[-0.753,38.481],[-0.748,38.481],[-0.747,38.479],[-0.739,38.481],[-0.733,38.481],[-0.731,38.478],[-0.722,38.478]]]}},{"type":"Feature","properties":{"id":"J31-06B","idx":222,"name":"Río de Tarafa: cabecera - río Vinalopó","river":"Río de Tarafa","town":"Aspe","kind":"wb","area_km2":421.5,"up_area_km2":421.5,"next":"J31-06A","terminal_unit":"JT0302","terminal":"sea","drains_to_sea":true,"n_upstream":0,"outlet":[-0.728,38.3489],"outlet_how":"cedex river x unit boundary","label":[-0.9312,38.4015],"source":"CHJ PHJ 2022-2027 masas de agua superficial (cuenca)","chj_codes":["31-06B"]},"geometry":{"type":"Polygon","coordinates":[[[-0.866,38.542],[-0.866,38.537],[-0.856,38.536],[-0.861,38.53],[-0.861,38.525],[-0.855,38.525],[-0.852,38.53],[-0.848,38.531],[-0.847,38.524],[-0.85,38.514],[-0.85,38.509],[-0.847,38.508],[-0.846,38.5],[-0.853,38.499],[-0.856,38.496],[-0.86,38.497],[-0.862,38.495],[-0.864,38.486],[-0.869,38.483],[-0.873,38.478],[-0.875,38.474],[-0.879,38.471],[-0.879,38.468],[-0.884,38.463],[-0.892,38.461],[-0.892,38.458],[-0.902,38.446],[-0.901,38.442],[-0.904,38.441],[-0.905,38.437],[-0.903,38.431],[-0.905,38.428],[-0.899,38.426],[-0.893,38.418],[-0.89,38.418],[-0.891,38.411],[-0.888,38.407],[-0.882,38.406],[-0.88,38.402],[-0.875,38.402],[-0.871,38.398],[-0.866,38.401],[-0.849,38.401],[-0.847,38.403],[-0.838,38.401],[-0.833,38.401],[-0.833,38.399],[-0.823,38.395],[-0.821,38.397],[-0.807,38.397],[-0.806,38.395],[-0.799,38.392],[-0.789,38.392],[-0.787,38.387],[-0.783,38.383],[-0.778,38.383],[-0.769,38.379],[-0.758,38.381],[-0.754,38.379],[-0.752,38.375],[-0.744,38.373],[-0.738,38.368],[-0.737,38.363],[-0.733,38.359],[-0.729,38.359],[-0.727,38.356],[-0.728,38.348],[-0.736,38.348],[-0.745,38.343],[-0.747,38.339],[-0.746,38.335],[-0.752,38.337],[-0.765,38.337],[-0.771,38.336],[-0.77,38.334],[-0.77,38.317],[-0.768,38.314],[-0.78,38.31],[-0.781,38.308],[-0.788,38.304],[-0.792,38.304],[-0.805,38.296],[-0.808,38.296],[-0.812,38.291],[-0.818,38.29],[-0.819,38.288],[-0.825,38.29],[-0.83,38.288],[-0.835,38.289],[-0.839,38.285],[-0.846,38.283],[-0.855,38.283],[-0.861,38.28],[-0.868,38.28],[-0.873,38.276],[-0.881,38.274],[-0.887,38.269],[-0.897,38.265],[-0.898,38.267],[-0.909,38.264],[-0.915,38.258],[-0.925,38.254],[-0.927,38.249],[-0.93,38.25],[-0.931,38.254],[-0.944,38.255],[-0.947,38.257],[-0.947,38.262],[-0.944,38.265],[-0.944,38.269],[-0.941,38.272],[-0.941,38.278],[-0.945,38.28],[-0.946,38.285],[-0.949,38.286],[-0.946,38.292],[-0.946,38.296],[-0.949,38.298],[-0.95,38.303],[-0.954,38.305],[-0.954,38.308],[-0.949,38.314],[-0.951,38.318],[-0.95,38.325],[-0.951,38.328],[-0.964,38.328],[-0.972,38.329],[-0.974,38.333],[-0.97,38.341],[-0.97,38.351],[-0.972,38.353],[-0.972,38.359],[-0.97,38.36],[-0.968,38.369],[-0.964,38.372],[-0.958,38.373],[-0.956,38.377],[-0.961,38.379],[-0.962,38.383],[-0.969,38.383],[-0.971,38.385],[-0.977,38.385],[-0.984,38.397],[-0.988,38.398],[-0.988,38.405],[-0.994,38.407],[-1.0,38.407],[-1.005,38.412],[-1.015,38.416],[-1.016,38.419],[-1.02,38.421],[-1.021,38.426],[-1.025,38.429],[-1.025,38.432],[-1.034,38.434],[-1.039,38.439],[-1.039,38.442],[-1.055,38.444],[-1.055,38.455],[-1.054,38.459],[-1.047,38.464],[-1.042,38.47],[-1.045,38.475],[-1.042,38.479],[-1.042,38.486],[-1.031,38.49],[-1.03,38.492],[-1.023,38.495],[-1.013,38.497],[-1.013,38.499],[-1.01,38.5],[-1.009,38.498],[-1.003,38.499],[-1.002,38.501],[-0.995,38.504],[-0.988,38.505],[-0.988,38.508],[-0.984,38.51],[-0.977,38.51],[-0.971,38.515],[-0.96,38.516],[-0.954,38.521],[-0.95,38.522],[-0.95,38.525],[-0.944,38.527],[-0.944,38.531],[-0.939,38.532],[-0.934,38.537],[-0.935,38.545],[-0.939,38.548],[-0.928,38.549],[-0.923,38.551],[-0.922,38.554],[-0.914,38.553],[-0.913,38.549],[-0.906,38.548],[-0.9,38.552],[-0.887,38.551],[-0.886,38.548],[-0.875,38.545],[-0.874,38.543],[-0.866,38.542]]]}},{"type":"Feature","properties":{"id":"J30-03","idx":223,"name":"Río Montnegre: embalse de Tibi - río Jijona","river":"Río Montnegre","town":null,"kind":"wb","area_km2":37.7,"up_area_km2":296.0,"next":"J30-05","terminal_unit":"J30-05","terminal":"sea","drains_to_sea":true,"n_upstream":1,"outlet":[-0.4777,38.466],"outlet_how":"cedex river x unit boundary","label":[-0.5549,38.5],"source":"CHJ PHJ 2022-2027 masas de agua superficial (cuenca)","merged_names":["Embalse de Tibi"],"chj_codes":["30-03","30-02"]},"geometry":{"type":"Polygon","coordinates":[[[-0.609,38.505],[-0.603,38.512],[-0.598,38.512],[-0.596,38.509],[-0.59,38.507],[-0.581,38.507],[-0.576,38.509],[-0.575,38.516],[-0.569,38.518],[-0.559,38.518],[-0.559,38.523],[-0.554,38.524],[-0.553,38.529],[-0.548,38.529],[-0.544,38.535],[-0.54,38.533],[-0.531,38.533],[-0.53,38.531],[-0.523,38.53],[-0.524,38.519],[-0.522,38.514],[-0.524,38.51],[-0.519,38.501],[-0.515,38.501],[-0.514,38.497],[-0.507,38.497],[-0.502,38.499],[-0.498,38.496],[-0.5,38.494],[-0.499,38.488],[-0.494,38.488],[-0.491,38.483],[-0.491,38.478],[-0.481,38.477],[-0.48,38.47],[-0.477,38.466],[-0.482,38.464],[-0.495,38.465],[-0.511,38.472],[-0.512,38.48],[-0.524,38.479],[-0.525,38.475],[-0.532,38.475],[-0.534,38.472],[-0.539,38.472],[-0.544,38.477],[-0.556,38.475],[-0.562,38.476],[-0.562,38.481],[-0.566,38.48],[-0.576,38.485],[-0.577,38.49],[-0.583,38.49],[-0.585,38.494],[-0.591,38.496],[-0.597,38.502],[-0.6,38.502],[-0.601,38.506],[-0.609,38.505]]]}},{"type":"Feature","properties":{"id":"J30-03-01-01","idx":224,"name":"Río Jijona: cabecera - río Montnegre","river":"Río Jijona","town":"Xixona","kind":"wb","area_km2":123.7,"up_area_km2":123.7,"next":"J30-05","terminal_unit":"J30-05","terminal":"sea","drains_to_sea":true,"n_upstream":0,"outlet":[-0.477,38.4664],"outlet_how":"cedex river x unit boundary","label":[-0.502,38.5515],"source":"CHJ PHJ 2022-2027 masas de agua superficial (cuenca)","chj_codes":["30-03-01-01"]},"geometry":{"type":"Polygon","coordinates":[[[-0.502,38.615],[-0.497,38.609],[-0.484,38.605],[-0.483,38.607],[-0.475,38.607],[-0.467,38.613],[-0.464,38.612],[-0.462,38.615],[-0.452,38.618],[-0.448,38.624],[-0.443,38.627],[-0.436,38.627],[-0.429,38.635],[-0.428,38.634],[-0.419,38.635],[-0.415,38.635],[-0.413,38.629],[-0.407,38.626],[-0.407,38.624],[-0.401,38.619],[-0.403,38.615],[-0.401,38.611],[-0.393,38.607],[-0.393,38.602],[-0.391,38.601],[-0.393,38.594],[-0.398,38.593],[-0.392,38.588],[-0.396,38.581],[-0.408,38.574],[-0.418,38.57],[-0.42,38.565],[-0.431,38.566],[-0.432,38.563],[-0.437,38.563],[-0.441,38.56],[-0.441,38.556],[-0.448,38.554],[-0.455,38.55],[-0.458,38.542],[-0.456,38.54],[-0.464,38.536],[-0.464,38.521],[-0.468,38.513],[-0.464,38.51],[-0.463,38.501],[-0.466,38.497],[-0.47,38.496],[-0.47,38.493],[-0.474,38.491],[-0.473,38.486],[-0.475,38.484],[-0.473,38.474],[-0.473,38.467],[-0.477,38.466],[-0.48,38.47],[-0.481,38.477],[-0.491,38.478],[-0.491,38.483],[-0.494,38.488],[-0.499,38.488],[-0.5,38.494],[-0.498,38.496],[-0.502,38.499],[-0.507,38.497],[-0.514,38.497],[-0.515,38.501],[-0.519,38.501],[-0.524,38.51],[-0.522,38.514],[-0.524,38.519],[-0.523,38.53],[-0.53,38.531],[-0.531,38.533],[-0.54,38.533],[-0.544,38.535],[-0.546,38.541],[-0.552,38.544],[-0.55,38.546],[-0.552,38.553],[-0.549,38.554],[-0.547,38.56],[-0.544,38.563],[-0.544,38.57],[-0.548,38.574],[-0.548,38.58],[-0.541,38.585],[-0.536,38.585],[-0.532,38.589],[-0.532,38.592],[-0.536,38.6],[-0.529,38.603],[-0.521,38.604],[-0.519,38.606],[-0.51,38.608],[-0.507,38.612],[-0.502,38.615]]]}},{"type":"Feature","properties":{"id":"J30-05","idx":225,"name":"Río Montnegre: río Jijona - mar","river":"Río Montnegre","town":"el Campello","kind":"wb","area_km2":119.2,"up_area_km2":538.9,"next":null,"terminal_unit":"J30-05","terminal":"sea","drains_to_sea":true,"n_upstream":3,"outlet":[-0.4164,38.4272],"outlet_how":"cedex river","label":[-0.4278,38.482],"source":"CHJ PHJ 2022-2027 masas de agua superficial (cuenca)","merged_names":["Río Montnegre: río Jijona - paraje del Molí Nou"],"chj_codes":["30-05","30-04"]},"geometry":{"type":"Polygon","coordinates":[[[-0.495,38.465],[-0.482,38.464],[-0.477,38.466],[-0.473,38.467],[-0.473,38.474],[-0.475,38.484],[-0.473,38.486],[-0.474,38.491],[-0.47,38.493],[-0.47,38.496],[-0.466,38.497],[-0.463,38.501],[-0.464,38.51],[-0.468,38.513],[-0.464,38.521],[-0.464,38.536],[-0.456,38.54],[-0.458,38.542],[-0.455,38.55],[-0.448,38.554],[-0.441,38.556],[-0.441,38.56],[-0.437,38.563],[-0.432,38.563],[-0.431,38.566],[-0.42,38.565],[-0.418,38.57],[-0.408,38.574],[-0.404,38.569],[-0.404,38.565],[-0.397,38.563],[-0.394,38.559],[-0.396,38.556],[-0.395,38.55],[-0.4,38.54],[-0.394,38.533],[-0.396,38.524],[-0.392,38.523],[-0.384,38.516],[-0.381,38.512],[-0.384,38.507],[-0.384,38.499],[-0.38,38.495],[-0.38,38.484],[-0.382,38.48],[-0.382,38.474],[-0.384,38.473],[-0.385,38.461],[-0.387,38.447],[-0.38,38.442],[-0.375,38.44],[-0.381,38.437],[-0.382,38.432],[-0.386,38.432],[-0.388,38.425],[-0.39,38.423],[-0.39,38.417],[-0.393,38.414],[-0.4,38.413],[-0.402,38.407],[-0.402,38.402],[-0.405,38.394],[-0.406,38.386],[-0.411,38.388],[-0.415,38.394],[-0.426,38.403],[-0.429,38.409],[-0.435,38.413],[-0.442,38.413],[-0.451,38.422],[-0.451,38.426],[-0.454,38.432],[-0.458,38.434],[-0.459,38.437],[-0.462,38.435],[-0.468,38.435],[-0.469,38.439],[-0.475,38.442],[-0.477,38.448],[-0.486,38.45],[-0.486,38.456],[-0.49,38.457],[-0.495,38.462],[-0.495,38.465]]]}},{"type":"Feature","properties":{"id":"J31-01","idx":226,"name":"Río Vinalopó: cabecera - paraje de Campo Oro","river":"Río Vinalopó","town":null,"kind":"wb","area_km2":60.1,"up_area_km2":60.1,"next":"J31-02A","terminal_unit":"JT0302","terminal":"sea","drains_to_sea":true,"n_upstream":0,"outlet":[-0.688,38.7132],"outlet_how":"cedex river x unit boundary","label":[-0.6345,38.708],"source":"CHJ PHJ 2022-2027 masas de agua superficial (cuenca)","chj_codes":["31-01"]},"geometry":{"type":"Polygon","coordinates":[[[-0.644,38.728],[-0.636,38.73],[-0.631,38.733],[-0.628,38.738],[-0.624,38.739],[-0.622,38.742],[-0.617,38.744],[-0.606,38.743],[-0.605,38.749],[-0.6,38.751],[-0.599,38.749],[-0.594,38.75],[-0.594,38.753],[-0.589,38.753],[-0.587,38.758],[-0.581,38.757],[-0.575,38.754],[-0.568,38.754],[-0.568,38.744],[-0.562,38.736],[-0.565,38.73],[-0.572,38.728],[-0.575,38.723],[-0.576,38.717],[-0.578,38.717],[-0.578,38.712],[-0.575,38.71],[-0.584,38.709],[-0.584,38.707],[-0.59,38.705],[-0.593,38.7],[-0.597,38.7],[-0.603,38.695],[-0.61,38.694],[-0.616,38.69],[-0.618,38.685],[-0.621,38.685],[-0.621,38.678],[-0.625,38.676],[-0.634,38.676],[-0.641,38.674],[-0.643,38.67],[-0.65,38.67],[-0.656,38.667],[-0.662,38.666],[-0.662,38.664],[-0.667,38.662],[-0.669,38.659],[-0.678,38.658],[-0.678,38.662],[-0.682,38.668],[-0.691,38.671],[-0.693,38.675],[-0.697,38.676],[-0.698,38.682],[-0.688,38.688],[-0.682,38.692],[-0.679,38.696],[-0.683,38.701],[-0.683,38.706],[-0.687,38.71],[-0.688,38.715],[-0.682,38.717],[-0.673,38.718],[-0.672,38.72],[-0.665,38.719],[-0.655,38.716],[-0.649,38.717],[-0.644,38.72],[-0.646,38.726],[-0.644,38.728]]]}},{"type":"Feature","properties":{"id":"J31-02A","idx":227,"name":"Río Vinalopó: paraje de Campo Oro - azud de Beneixama","river":"Río Vinalopó","town":"Banyeres de Mariola","kind":"wb","area_km2":38.9,"up_area_km2":99.1,"next":"J31-03B","terminal_unit":"JT0302","terminal":"sea","drains_to_sea":true,"n_upstream":1,"outlet":[-0.713,38.7105],"outlet_how":"cedex river x unit boundary","label":[-0.6784,38.724],"source":"CHJ PHJ 2022-2027 masas de agua superficial (cuenca)","chj_codes":["31-02A"]},"geometry":{"type":"Polygon","coordinates":[[[-0.756,38.761],[-0.755,38.759],[-0.742,38.759],[-0.74,38.757],[-0.734,38.758],[-0.734,38.752],[-0.726,38.752],[-0.722,38.754],[-0.722,38.751],[-0.709,38.75],[-0.704,38.753],[-0.699,38.753],[-0.698,38.755],[-0.684,38.755],[-0.682,38.758],[-0.677,38.758],[-0.675,38.755],[-0.667,38.756],[-0.664,38.758],[-0.657,38.758],[-0.654,38.755],[-0.65,38.755],[-0.647,38.751],[-0.647,38.746],[-0.651,38.745],[-0.656,38.741],[-0.655,38.736],[-0.651,38.731],[-0.644,38.728],[-0.646,38.726],[-0.644,38.72],[-0.649,38.717],[-0.655,38.716],[-0.665,38.719],[-0.672,38.72],[-0.673,38.718],[-0.682,38.717],[-0.688,38.715],[-0.687,38.71],[-0.683,38.706],[-0.683,38.701],[-0.679,38.696],[-0.682,38.692],[-0.688,38.688],[-0.691,38.691],[-0.695,38.691],[-0.697,38.694],[-0.706,38.698],[-0.713,38.706],[-0.713,38.723],[-0.71,38.725],[-0.712,38.733],[-0.71,38.736],[-0.712,38.739],[-0.72,38.739],[-0.721,38.741],[-0.726,38.741],[-0.727,38.743],[-0.736,38.742],[-0.743,38.739],[-0.751,38.739],[-0.752,38.737],[-0.757,38.737],[-0.759,38.74],[-0.765,38.742],[-0.775,38.742],[-0.781,38.749],[-0.774,38.753],[-0.773,38.756],[-0.767,38.758],[-0.765,38.761],[-0.756,38.761]]]}},{"type":"Feature","properties":{"id":"J34-01","idx":228,"name":"Barranco de las Ovejas","river":"Barranco de las Ovejas","town":"Sant Vicent del Raspeig","kind":"wb","area_km2":214.5,"up_area_km2":214.5,"next":null,"terminal_unit":"J34-01","terminal":"sea","drains_to_sea":true,"n_upstream":0,"outlet":[-0.5344,38.3428],"outlet_how":"cedex river","label":[-0.6119,38.4175],"source":"CHJ PHJ 2022-2027 masas de agua superficial (cuenca)","chj_codes":["34-01"]},"geometry":{"type":"Polygon","coordinates":[[[-0.654,38.511],[-0.644,38.507],[-0.642,38.505],[-0.636,38.505],[-0.634,38.503],[-0.628,38.503],[-0.626,38.505],[-0.62,38.504],[-0.609,38.505],[-0.601,38.506],[-0.6,38.502],[-0.597,38.502],[-0.591,38.496],[-0.585,38.494],[-0.583,38.49],[-0.577,38.49],[-0.576,38.485],[-0.566,38.48],[-0.562,38.481],[-0.562,38.476],[-0.556,38.475],[-0.557,38.47],[-0.554,38.466],[-0.551,38.466],[-0.546,38.459],[-0.549,38.459],[-0.552,38.455],[-0.553,38.447],[-0.55,38.446],[-0.547,38.436],[-0.547,38.431],[-0.545,38.424],[-0.528,38.412],[-0.525,38.404],[-0.519,38.398],[-0.516,38.392],[-0.517,38.383],[-0.513,38.381],[-0.51,38.373],[-0.51,38.365],[-0.501,38.358],[-0.501,38.356],[-0.495,38.351],[-0.489,38.35],[-0.488,38.348],[-0.48,38.343],[-0.48,38.34],[-0.483,38.336],[-0.49,38.332],[-0.495,38.334],[-0.492,38.33],[-0.496,38.332],[-0.505,38.331],[-0.508,38.329],[-0.512,38.321],[-0.516,38.324],[-0.526,38.326],[-0.539,38.325],[-0.545,38.329],[-0.547,38.333],[-0.551,38.333],[-0.553,38.34],[-0.558,38.342],[-0.563,38.342],[-0.568,38.347],[-0.574,38.347],[-0.577,38.354],[-0.58,38.356],[-0.583,38.363],[-0.588,38.363],[-0.59,38.366],[-0.594,38.366],[-0.593,38.371],[-0.595,38.372],[-0.595,38.385],[-0.6,38.389],[-0.607,38.392],[-0.625,38.392],[-0.633,38.393],[-0.637,38.391],[-0.643,38.391],[-0.645,38.387],[-0.648,38.387],[-0.656,38.383],[-0.657,38.386],[-0.664,38.386],[-0.669,38.39],[-0.669,38.396],[-0.672,38.402],[-0.673,38.408],[-0.68,38.408],[-0.681,38.415],[-0.688,38.416],[-0.688,38.419],[-0.692,38.423],[-0.693,38.432],[-0.695,38.437],[-0.699,38.44],[-0.701,38.445],[-0.706,38.447],[-0.706,38.452],[-0.709,38.456],[-0.714,38.456],[-0.715,38.461],[-0.709,38.47],[-0.712,38.476],[-0.718,38.476],[-0.722,38.478],[-0.719,38.481],[-0.72,38.489],[-0.718,38.492],[-0.714,38.492],[-0.714,38.498],[-0.712,38.503],[-0.703,38.503],[-0.696,38.505],[-0.694,38.509],[-0.671,38.509],[-0.669,38.511],[-0.654,38.511]]]}},{"type":"Feature","properties":{"id":"J31-03B","idx":229,"name":"Río Vinalopó: azud de Beneixama - acequia del Rey","river":"Río Vinalopó","town":"Biar","kind":"wb","area_km2":144.9,"up_area_km2":244.0,"next":"J31-04","terminal_unit":"JT0302","terminal":"sea","drains_to_sea":true,"n_upstream":2,"outlet":[-0.8635,38.581],"outlet_how":"cedex river x unit boundary","label":[-0.7452,38.667],"source":"CHJ PHJ 2022-2027 masas de agua superficial (cuenca)","chj_codes":["31-03B"]},"geometry":{"type":"Polygon","coordinates":[[[-0.678,38.658],[-0.688,38.653],[-0.691,38.649],[-0.69,38.642],[-0.701,38.637],[-0.701,38.635],[-0.709,38.635],[-0.712,38.631],[-0.719,38.63],[-0.722,38.624],[-0.725,38.623],[-0.737,38.623],[-0.742,38.62],[-0.742,38.618],[-0.75,38.615],[-0.752,38.61],[-0.76,38.608],[-0.762,38.611],[-0.771,38.609],[-0.772,38.611],[-0.781,38.612],[-0.784,38.609],[-0.788,38.609],[-0.792,38.605],[-0.8,38.601],[-0.806,38.593],[-0.814,38.594],[-0.816,38.59],[-0.82,38.59],[-0.821,38.587],[-0.831,38.59],[-0.832,38.588],[-0.839,38.587],[-0.841,38.583],[-0.846,38.585],[-0.86,38.583],[-0.861,38.581],[-0.866,38.582],[-0.862,38.584],[-0.861,38.589],[-0.858,38.593],[-0.858,38.601],[-0.86,38.605],[-0.86,38.61],[-0.862,38.613],[-0.862,38.618],[-0.864,38.625],[-0.862,38.63],[-0.858,38.634],[-0.852,38.637],[-0.855,38.646],[-0.847,38.649],[-0.845,38.651],[-0.839,38.652],[-0.835,38.657],[-0.831,38.657],[-0.827,38.662],[-0.819,38.665],[-0.815,38.669],[-0.811,38.669],[-0.811,38.666],[-0.803,38.67],[-0.796,38.669],[-0.794,38.675],[-0.791,38.679],[-0.783,38.682],[-0.773,38.682],[-0.77,38.681],[-0.767,38.684],[-0.761,38.686],[-0.759,38.694],[-0.755,38.696],[-0.76,38.706],[-0.767,38.706],[-0.774,38.72],[-0.779,38.72],[-0.779,38.727],[-0.786,38.73],[-0.791,38.736],[-0.802,38.736],[-0.806,38.74],[-0.803,38.743],[-0.799,38.743],[-0.796,38.747],[-0.789,38.751],[-0.788,38.749],[-0.781,38.749],[-0.775,38.742],[-0.765,38.742],[-0.759,38.74],[-0.757,38.737],[-0.752,38.737],[-0.751,38.739],[-0.743,38.739],[-0.736,38.742],[-0.727,38.743],[-0.726,38.741],[-0.721,38.741],[-0.72,38.739],[-0.712,38.739],[-0.71,38.736],[-0.712,38.733],[-0.71,38.725],[-0.713,38.723],[-0.713,38.706],[-0.706,38.698],[-0.697,38.694],[-0.695,38.691],[-0.691,38.691],[-0.688,38.688],[-0.698,38.682],[-0.697,38.676],[-0.693,38.675],[-0.691,38.671],[-0.682,38.668],[-0.678,38.662],[-0.678,38.658]]]}},{"type":"Feature","properties":{"id":"J31-08","idx":230,"name":"Río Vinalopó: embalse de Elche - azud de los Moros","river":"Río Vinalopó","town":"Elx","kind":"wb","area_km2":44.1,"up_area_km2":1721.3,"next":"JT0302","terminal_unit":"JT0302","terminal":"sea","drains_to_sea":true,"n_upstream":8,"outlet":[-0.704,38.241],"outlet_how":"cedex river x unit boundary","label":[-0.7129,38.2885],"source":"CHJ PHJ 2022-2027 masas de agua superficial (cuenca)","merged_names":["Río Vinalopó: embalse de Elche"],"chj_codes":["31-08","31-07"]},"geometry":{"type":"Polygon","coordinates":[[[-0.746,38.335],[-0.74,38.334],[-0.739,38.332],[-0.726,38.333],[-0.723,38.331],[-0.717,38.331],[-0.715,38.329],[-0.71,38.329],[-0.709,38.327],[-0.7,38.327],[-0.695,38.324],[-0.694,38.32],[-0.696,38.317],[-0.692,38.316],[-0.688,38.308],[-0.684,38.307],[-0.684,38.302],[-0.688,38.29],[-0.691,38.287],[-0.691,38.28],[-0.696,38.277],[-0.695,38.272],[-0.698,38.271],[-0.698,38.265],[-0.696,38.263],[-0.697,38.255],[-0.694,38.254],[-0.697,38.251],[-0.701,38.241],[-0.705,38.242],[-0.709,38.238],[-0.72,38.24],[-0.721,38.249],[-0.726,38.252],[-0.728,38.257],[-0.728,38.264],[-0.73,38.272],[-0.735,38.28],[-0.735,38.286],[-0.74,38.295],[-0.749,38.304],[-0.754,38.305],[-0.762,38.313],[-0.768,38.314],[-0.77,38.317],[-0.77,38.334],[-0.771,38.336],[-0.765,38.337],[-0.752,38.337],[-0.746,38.335]]]}},{"type":"Feature","properties":{"id":"J31-05","idx":231,"name":"Río Vinalopó: Sax - barranco del Derramador","river":"Río Vinalopó","town":"Elda","kind":"wb","area_km2":167.6,"up_area_km2":1061.2,"next":"J31-06A","terminal_unit":"JT0302","terminal":"sea","drains_to_sea":true,"n_upstream":5,"outlet":[-0.8067,38.463],"outlet_how":"cedex river x unit boundary","label":[-0.7705,38.538],"source":"CHJ PHJ 2022-2027 masas de agua superficial (cuenca)","chj_codes":["31-05"]},"geometry":{"type":"Polygon","coordinates":[[[-0.752,38.61],[-0.746,38.604],[-0.749,38.6],[-0.742,38.596],[-0.732,38.597],[-0.73,38.584],[-0.732,38.58],[-0.729,38.579],[-0.727,38.572],[-0.731,38.571],[-0.731,38.567],[-0.727,38.563],[-0.72,38.561],[-0.718,38.555],[-0.713,38.555],[-0.711,38.551],[-0.701,38.552],[-0.699,38.555],[-0.694,38.556],[-0.69,38.554],[-0.688,38.549],[-0.685,38.548],[-0.678,38.54],[-0.672,38.536],[-0.672,38.533],[-0.665,38.531],[-0.664,38.525],[-0.66,38.518],[-0.655,38.517],[-0.654,38.511],[-0.669,38.511],[-0.671,38.509],[-0.694,38.509],[-0.696,38.505],[-0.703,38.503],[-0.712,38.503],[-0.714,38.498],[-0.714,38.492],[-0.718,38.492],[-0.72,38.489],[-0.719,38.481],[-0.722,38.478],[-0.731,38.478],[-0.733,38.481],[-0.739,38.481],[-0.747,38.479],[-0.748,38.481],[-0.753,38.481],[-0.753,38.483],[-0.763,38.482],[-0.766,38.484],[-0.778,38.484],[-0.783,38.48],[-0.789,38.479],[-0.789,38.477],[-0.796,38.475],[-0.799,38.47],[-0.803,38.47],[-0.806,38.463],[-0.812,38.464],[-0.826,38.464],[-0.831,38.466],[-0.842,38.466],[-0.844,38.47],[-0.848,38.47],[-0.849,38.467],[-0.856,38.467],[-0.86,38.472],[-0.865,38.472],[-0.869,38.477],[-0.873,38.478],[-0.869,38.483],[-0.864,38.486],[-0.862,38.495],[-0.86,38.497],[-0.856,38.496],[-0.853,38.499],[-0.846,38.5],[-0.847,38.508],[-0.85,38.509],[-0.85,38.514],[-0.847,38.524],[-0.848,38.531],[-0.852,38.53],[-0.855,38.525],[-0.861,38.525],[-0.861,38.53],[-0.856,38.536],[-0.866,38.537],[-0.866,38.542],[-0.862,38.546],[-0.854,38.548],[-0.849,38.548],[-0.838,38.54],[-0.831,38.54],[-0.826,38.542],[-0.821,38.539],[-0.818,38.541],[-0.819,38.557],[-0.815,38.561],[-0.816,38.564],[-0.813,38.569],[-0.812,38.576],[-0.815,38.582],[-0.817,38.582],[-0.821,38.587],[-0.82,38.59],[-0.816,38.59],[-0.814,38.594],[-0.806,38.593],[-0.8,38.601],[-0.792,38.605],[-0.788,38.609],[-0.784,38.609],[-0.781,38.612],[-0.772,38.611],[-0.771,38.609],[-0.762,38.611],[-0.76,38.608],[-0.752,38.61]]]}},{"type":"Feature","properties":{"id":"J15-14A","idx":232,"name":"Río Turia: río Sot - rambla Castellana","river":"Río Turia","town":"Pedralba","kind":"wb","area_km2":163.1,"up_area_km2":5350.3,"next":"J15-15A","terminal_unit":"J15-19","terminal":"sea","drains_to_sea":true,"n_upstream":34,"outlet":[-0.668,39.6053],"outlet_how":"cedex river x unit boundary","label":[-0.7828,39.5855],"source":"CHJ PHJ 2022-2027 masas de agua superficial (cuenca)","chj_codes":["15-14A"]},"geometry":{"type":"Polygon","coordinates":[[[-0.722,39.532],[-0.725,39.532],[-0.729,39.527],[-0.734,39.527],[-0.737,39.53],[-0.744,39.531],[-0.746,39.529],[-0.752,39.53],[-0.755,39.527],[-0.759,39.527],[-0.758,39.524],[-0.775,39.523],[-0.777,39.519],[-0.782,39.519],[-0.785,39.525],[-0.79,39.527],[-0.803,39.526],[-0.804,39.53],[-0.814,39.531],[-0.821,39.536],[-0.83,39.535],[-0.831,39.539],[-0.835,39.54],[-0.836,39.543],[-0.846,39.547],[-0.85,39.551],[-0.853,39.552],[-0.855,39.556],[-0.861,39.558],[-0.867,39.565],[-0.867,39.568],[-0.877,39.569],[-0.879,39.572],[-0.888,39.576],[-0.889,39.58],[-0.883,39.582],[-0.883,39.585],[-0.878,39.591],[-0.871,39.595],[-0.872,39.601],[-0.868,39.603],[-0.866,39.607],[-0.867,39.618],[-0.864,39.621],[-0.858,39.624],[-0.849,39.62],[-0.842,39.621],[-0.841,39.623],[-0.835,39.625],[-0.834,39.628],[-0.828,39.628],[-0.823,39.625],[-0.825,39.622],[-0.82,39.622],[-0.817,39.626],[-0.819,39.629],[-0.818,39.633],[-0.812,39.636],[-0.806,39.636],[-0.801,39.64],[-0.801,39.643],[-0.794,39.645],[-0.782,39.645],[-0.781,39.647],[-0.772,39.646],[-0.77,39.651],[-0.761,39.65],[-0.759,39.646],[-0.749,39.647],[-0.746,39.643],[-0.746,39.639],[-0.741,39.637],[-0.74,39.632],[-0.736,39.632],[-0.729,39.626],[-0.723,39.626],[-0.716,39.621],[-0.71,39.621],[-0.703,39.618],[-0.688,39.618],[-0.687,39.616],[-0.68,39.616],[-0.676,39.614],[-0.675,39.611],[-0.671,39.611],[-0.672,39.608],[-0.668,39.605],[-0.673,39.601],[-0.676,39.601],[-0.676,39.597],[-0.679,39.596],[-0.677,39.591],[-0.678,39.586],[-0.688,39.585],[-0.691,39.579],[-0.697,39.579],[-0.705,39.576],[-0.709,39.573],[-0.71,39.568],[-0.718,39.567],[-0.717,39.559],[-0.721,39.555],[-0.721,39.551],[-0.718,39.55],[-0.722,39.537],[-0.722,39.532]]]}},{"type":"Feature","properties":{"id":"J15-15A","idx":233,"name":"Río Turia: rambla Castellana - arroyo de la Granolera","river":"Río Turia","town":"Riba-roja de Túria","kind":"wb","area_km2":95.8,"up_area_km2":6092.9,"next":"J15-16","terminal_unit":"J15-19","terminal":"sea","drains_to_sea":true,"n_upstream":42,"outlet":[-0.535,39.5427],"outlet_how":"cedex river x unit boundary","label":[-0.6369,39.562],"source":"CHJ PHJ 2022-2027 masas de agua superficial (cuenca)","chj_codes":["15-15A"]},"geometry":{"type":"Polygon","coordinates":[[[-0.704,39.53],[-0.709,39.532],[-0.722,39.532],[-0.722,39.537],[-0.718,39.55],[-0.721,39.551],[-0.721,39.555],[-0.717,39.559],[-0.718,39.567],[-0.71,39.568],[-0.709,39.573],[-0.705,39.576],[-0.697,39.579],[-0.691,39.579],[-0.688,39.585],[-0.678,39.586],[-0.677,39.591],[-0.679,39.596],[-0.676,39.597],[-0.676,39.601],[-0.673,39.601],[-0.668,39.605],[-0.666,39.607],[-0.658,39.61],[-0.657,39.612],[-0.654,39.602],[-0.649,39.601],[-0.645,39.606],[-0.635,39.606],[-0.634,39.599],[-0.623,39.599],[-0.615,39.596],[-0.605,39.596],[-0.599,39.593],[-0.602,39.589],[-0.603,39.581],[-0.593,39.574],[-0.59,39.569],[-0.581,39.568],[-0.578,39.565],[-0.573,39.565],[-0.57,39.567],[-0.558,39.565],[-0.555,39.559],[-0.549,39.558],[-0.546,39.552],[-0.537,39.553],[-0.534,39.55],[-0.535,39.542],[-0.54,39.539],[-0.553,39.538],[-0.552,39.535],[-0.568,39.534],[-0.569,39.53],[-0.583,39.531],[-0.582,39.524],[-0.586,39.517],[-0.589,39.516],[-0.591,39.512],[-0.599,39.513],[-0.602,39.518],[-0.605,39.518],[-0.605,39.525],[-0.607,39.525],[-0.611,39.532],[-0.622,39.533],[-0.63,39.526],[-0.632,39.52],[-0.635,39.52],[-0.637,39.524],[-0.645,39.525],[-0.646,39.527],[-0.654,39.524],[-0.655,39.526],[-0.661,39.526],[-0.667,39.528],[-0.669,39.525],[-0.681,39.524],[-0.682,39.526],[-0.687,39.526],[-0.688,39.528],[-0.696,39.528],[-0.697,39.53],[-0.704,39.53]]]}},{"type":"Feature","properties":{"id":"J15-16","idx":234,"name":"Río Turia: arroyo de la Granolera - azud de Manises","river":"Río Turia","town":"la Pobla de Vallbona","kind":"wb","area_km2":93.2,"up_area_km2":6186.1,"next":"J15-18","terminal_unit":"J15-19","terminal":"sea","drains_to_sea":true,"n_upstream":43,"outlet":[-0.509,39.5223],"outlet_how":"cedex river x unit boundary","label":[-0.5555,39.5815],"source":"CHJ PHJ 2022-2027 masas de agua superficial (cuenca)","chj_codes":["15-16"]},"geometry":{"type":"Polygon","coordinates":[[[-0.566,39.654],[-0.563,39.647],[-0.555,39.647],[-0.549,39.644],[-0.55,39.638],[-0.538,39.631],[-0.538,39.629],[-0.53,39.623],[-0.528,39.618],[-0.523,39.618],[-0.519,39.614],[-0.519,39.611],[-0.514,39.608],[-0.514,39.599],[-0.516,39.598],[-0.511,39.592],[-0.503,39.591],[-0.502,39.589],[-0.506,39.586],[-0.508,39.582],[-0.508,39.577],[-0.505,39.576],[-0.505,39.568],[-0.509,39.568],[-0.507,39.564],[-0.501,39.563],[-0.498,39.553],[-0.494,39.549],[-0.497,39.547],[-0.496,39.541],[-0.502,39.537],[-0.5,39.532],[-0.501,39.528],[-0.504,39.526],[-0.509,39.527],[-0.509,39.522],[-0.515,39.518],[-0.516,39.515],[-0.522,39.514],[-0.524,39.51],[-0.531,39.508],[-0.537,39.509],[-0.54,39.513],[-0.548,39.513],[-0.554,39.511],[-0.555,39.509],[-0.56,39.512],[-0.574,39.513],[-0.581,39.508],[-0.585,39.51],[-0.59,39.51],[-0.591,39.512],[-0.589,39.516],[-0.586,39.517],[-0.582,39.524],[-0.583,39.531],[-0.569,39.53],[-0.568,39.534],[-0.552,39.535],[-0.553,39.538],[-0.54,39.539],[-0.535,39.542],[-0.534,39.55],[-0.537,39.553],[-0.546,39.552],[-0.549,39.558],[-0.555,39.559],[-0.558,39.565],[-0.57,39.567],[-0.573,39.565],[-0.578,39.565],[-0.581,39.568],[-0.59,39.569],[-0.593,39.574],[-0.603,39.581],[-0.602,39.589],[-0.599,39.593],[-0.605,39.596],[-0.615,39.596],[-0.623,39.599],[-0.634,39.599],[-0.635,39.606],[-0.631,39.612],[-0.616,39.613],[-0.614,39.611],[-0.61,39.612],[-0.606,39.62],[-0.603,39.622],[-0.598,39.63],[-0.594,39.631],[-0.59,39.636],[-0.586,39.638],[-0.576,39.638],[-0.576,39.644],[-0.573,39.645],[-0.572,39.652],[-0.569,39.651],[-0.566,39.654]]]}},{"type":"Feature","properties":{"id":"J15-18","idx":235,"name":"Río Turia: azud de Manises - nuevo cauce","river":"Río Turia","town":"Manises","kind":"wb","area_km2":100.2,"up_area_km2":6286.4,"next":"J15-19","terminal_unit":"J15-19","terminal":"sea","drains_to_sea":true,"n_upstream":44,"outlet":[-0.438,39.4849],"outlet_how":"cedex river x unit boundary","label":[-0.4783,39.531],"source":"CHJ PHJ 2022-2027 masas de agua superficial (cuenca)","merged_names":["Río Turia: azud de Manises - azud de la acequia de Tormos"],"chj_codes":["15-18","15-17"]},"geometry":{"type":"Polygon","coordinates":[[[-0.519,39.473],[-0.529,39.473],[-0.531,39.471],[-0.539,39.473],[-0.571,39.473],[-0.571,39.474],[-0.584,39.474],[-0.584,39.476],[-0.594,39.483],[-0.609,39.484],[-0.618,39.487],[-0.622,39.495],[-0.628,39.495],[-0.634,39.504],[-0.637,39.504],[-0.639,39.508],[-0.643,39.509],[-0.65,39.508],[-0.656,39.511],[-0.661,39.51],[-0.664,39.512],[-0.669,39.509],[-0.675,39.509],[-0.679,39.513],[-0.684,39.513],[-0.684,39.515],[-0.692,39.517],[-0.698,39.523],[-0.703,39.525],[-0.704,39.53],[-0.697,39.53],[-0.696,39.528],[-0.688,39.528],[-0.687,39.526],[-0.682,39.526],[-0.681,39.524],[-0.669,39.525],[-0.667,39.528],[-0.661,39.526],[-0.655,39.526],[-0.654,39.524],[-0.646,39.527],[-0.645,39.525],[-0.637,39.524],[-0.635,39.52],[-0.632,39.52],[-0.63,39.526],[-0.622,39.533],[-0.611,39.532],[-0.607,39.525],[-0.605,39.525],[-0.605,39.518],[-0.602,39.518],[-0.599,39.513],[-0.591,39.512],[-0.59,39.51],[-0.585,39.51],[-0.581,39.508],[-0.574,39.513],[-0.56,39.512],[-0.555,39.509],[-0.554,39.511],[-0.548,39.513],[-0.54,39.513],[-0.537,39.509],[-0.531,39.508],[-0.524,39.51],[-0.522,39.514],[-0.516,39.515],[-0.515,39.518],[-0.509,39.522],[-0.509,39.527],[-0.504,39.526],[-0.501,39.528],[-0.5,39.532],[-0.502,39.537],[-0.496,39.541],[-0.497,39.547],[-0.494,39.549],[-0.498,39.553],[-0.501,39.563],[-0.507,39.564],[-0.509,39.568],[-0.505,39.568],[-0.505,39.576],[-0.508,39.577],[-0.508,39.582],[-0.506,39.586],[-0.502,39.589],[-0.498,39.584],[-0.496,39.584],[-0.488,39.574],[-0.483,39.572],[-0.48,39.565],[-0.475,39.564],[-0.473,39.56],[-0.468,39.561],[-0.471,39.557],[-0.47,39.548],[-0.467,39.544],[-0.462,39.541],[-0.455,39.539],[-0.457,39.537],[-0.456,39.527],[-0.451,39.524],[-0.448,39.517],[-0.442,39.512],[-0.439,39.504],[-0.443,39.503],[-0.443,39.499],[-0.447,39.496],[-0.447,39.493],[-0.443,39.487],[-0.439,39.486],[-0.441,39.483],[-0.455,39.483],[-0.469,39.479],[-0.483,39.477],[-0.485,39.475],[-0.492,39.474],[-0.496,39.472],[-0.509,39.472],[-0.509,39.473],[-0.519,39.473]]]}},{"type":"Feature","properties":{"id":"J15-19","idx":236,"name":"Río Turia: nuevo cauce - mar","river":"Río Turia","town":"Paterna","kind":"wb","area_km2":47.1,"up_area_km2":6333.5,"next":null,"terminal_unit":"J15-19","terminal":"sea","drains_to_sea":true,"n_upstream":45,"outlet":[-0.439,39.4851],"outlet_how":"cedex river x unit boundary","label":[-0.4111,39.4605],"source":"CHJ PHJ 2022-2027 masas de agua superficial (cuenca)","chj_codes":["15-19"]},"geometry":{"type":"Polygon","coordinates":[[[-0.419,39.432],[-0.42,39.435],[-0.427,39.436],[-0.429,39.439],[-0.437,39.439],[-0.445,39.442],[-0.455,39.443],[-0.455,39.448],[-0.463,39.446],[-0.471,39.446],[-0.474,39.453],[-0.474,39.457],[-0.468,39.459],[-0.462,39.459],[-0.458,39.461],[-0.452,39.461],[-0.453,39.464],[-0.457,39.465],[-0.469,39.465],[-0.474,39.468],[-0.474,39.472],[-0.478,39.474],[-0.485,39.475],[-0.483,39.477],[-0.469,39.479],[-0.455,39.483],[-0.441,39.483],[-0.439,39.486],[-0.443,39.487],[-0.447,39.493],[-0.447,39.496],[-0.443,39.499],[-0.443,39.503],[-0.439,39.504],[-0.437,39.504],[-0.432,39.496],[-0.431,39.484],[-0.425,39.483],[-0.418,39.476],[-0.415,39.476],[-0.412,39.469],[-0.405,39.467],[-0.405,39.469],[-0.391,39.468],[-0.388,39.469],[-0.382,39.467],[-0.381,39.464],[-0.378,39.466],[-0.373,39.464],[-0.365,39.464],[-0.363,39.46],[-0.355,39.457],[-0.352,39.453],[-0.341,39.453],[-0.341,39.444],[-0.338,39.441],[-0.338,39.436],[-0.334,39.433],[-0.33,39.433],[-0.32,39.427],[-0.318,39.424],[-0.325,39.427],[-0.334,39.426],[-0.332,39.424],[-0.331,39.417],[-0.337,39.42],[-0.338,39.424],[-0.342,39.424],[-0.347,39.429],[-0.356,39.431],[-0.361,39.434],[-0.368,39.435],[-0.379,39.435],[-0.379,39.436],[-0.398,39.436],[-0.4,39.433],[-0.411,39.433],[-0.419,39.432]]]}},{"type":"Feature","properties":{"id":"J10-13A","idx":237,"name":"Río Mijares: embalse de Sichar - mar","river":"Río Mijares","town":null,"kind":"wb","area_km2":51.7,"up_area_km2":4051.4,"next":null,"terminal_unit":"J10-13A","terminal":"sea","drains_to_sea":true,"n_upstream":36,"outlet":[-0.0121,39.9076],"outlet_how":"cedex river","label":[-0.1607,39.982],"source":"CHJ PHJ 2022-2027 masas de agua superficial (cuenca)","merged_names":["Río Mijares: canal cota 100 - rambla de la Viuda","Rambla de la Viuda: autovía CV-10 - río Mijares","Río Mijares: embalse de Sichar - canal cota 100"],"chj_codes":["10-13A","10-11A","10-11B","10-12A","10-10B","10-10A"]},"geometry":{"type":"MultiPolygon","coordinates":[[[[-0.209,40.01],[-0.199,40.013],[-0.196,40.008],[-0.188,40.006],[-0.183,40.002],[-0.183,40.0],[-0.177,39.995],[-0.175,39.99],[-0.172,39.992],[-0.164,39.991],[-0.16,39.989],[-0.141,39.989],[-0.137,39.984],[-0.126,39.985],[-0.118,39.984],[-0.115,39.979],[-0.107,39.978],[-0.113,39.972],[-0.108,39.969],[-0.099,39.967],[-0.092,39.961],[-0.086,39.958],[-0.088,39.952],[-0.095,39.951],[-0.105,39.954],[-0.107,39.956],[-0.112,39.956],[-0.113,39.958],[-0.119,39.957],[-0.121,39.959],[-0.135,39.96],[-0.139,39.964],[-0.147,39.965],[-0.148,39.967],[-0.155,39.969],[-0.16,39.967],[-0.163,39.971],[-0.169,39.974],[-0.175,39.975],[-0.177,39.978],[-0.191,39.977],[-0.195,39.979],[-0.203,39.978],[-0.205,39.983],[-0.226,39.983],[-0.229,39.981],[-0.233,39.987],[-0.239,39.989],[-0.247,39.99],[-0.251,39.994],[-0.247,39.998],[-0.244,39.998],[-0.243,40.005],[-0.238,40.006],[-0.236,40.01],[-0.229,40.01],[-0.229,40.007],[-0.216,40.008],[-0.214,40.01],[-0.209,40.01]]],[[[-0.011,39.91],[-0.013,39.906],[-0.021,39.903],[-0.028,39.896],[-0.034,39.893],[-0.039,39.897],[-0.041,39.902],[-0.044,39.902],[-0.051,39.907],[-0.055,39.908],[-0.058,39.917],[-0.064,39.922],[-0.072,39.924],[-0.073,39.927],[-0.078,39.931],[-0.079,39.935],[-0.089,39.942],[-0.09,39.948],[-0.086,39.949],[-0.078,39.948],[-0.08,39.952],[-0.079,39.957],[-0.075,39.957],[-0.067,39.948],[-0.06,39.942],[-0.06,39.94],[-0.053,39.934],[-0.05,39.933],[-0.039,39.933],[-0.033,39.932],[-0.023,39.925],[-0.022,39.923],[-0.014,39.922],[-0.011,39.918],[-0.011,39.91]]]]}},{"type":"Feature","properties":{"id":"J18-09","idx":238,"name":"Río Júcar: embalse de Alarcón - central hidroeléctrica de El Picazo","river":"Río Júcar","town":"Tébar","kind":"wb","area_km2":80.2,"up_area_km2":3261.1,"next":"J18-10","terminal_unit":"J18-36","terminal":"sea","drains_to_sea":true,"n_upstream":25,"outlet":[-2.069,39.483],"outlet_how":"cedex river x unit boundary","label":[-2.1174,39.5255],"source":"CHJ PHJ 2022-2027 masas de agua superficial (cuenca)","merged_names":["Río Júcar: embalse de Alarcón - azud Henchideros"],"chj_codes":["18-09","18-08"]},"geometry":{"type":"Polygon","coordinates":[[[-2.065,39.576],[-2.061,39.573],[-2.055,39.571],[-2.054,39.561],[-2.052,39.56],[-2.052,39.554],[-2.049,39.552],[-2.049,39.548],[-2.052,39.548],[-2.058,39.54],[-2.062,39.539],[-2.058,39.533],[-2.053,39.531],[-2.053,39.527],[-2.059,39.522],[-2.058,39.516],[-2.062,39.515],[-2.06,39.513],[-2.061,39.508],[-2.055,39.504],[-2.053,39.5],[-2.046,39.5],[-2.043,39.503],[-2.032,39.502],[-2.031,39.504],[-2.025,39.502],[-2.025,39.492],[-2.027,39.488],[-2.031,39.486],[-2.032,39.482],[-2.039,39.481],[-2.041,39.479],[-2.048,39.477],[-2.06,39.477],[-2.064,39.478],[-2.069,39.482],[-2.078,39.493],[-2.092,39.492],[-2.094,39.494],[-2.103,39.495],[-2.107,39.492],[-2.117,39.491],[-2.117,39.492],[-2.13,39.493],[-2.133,39.497],[-2.136,39.496],[-2.137,39.499],[-2.142,39.5],[-2.142,39.502],[-2.147,39.502],[-2.153,39.5],[-2.155,39.502],[-2.163,39.5],[-2.164,39.497],[-2.17,39.496],[-2.17,39.498],[-2.175,39.498],[-2.176,39.502],[-2.185,39.504],[-2.185,39.511],[-2.183,39.512],[-2.182,39.524],[-2.174,39.53],[-2.171,39.53],[-2.166,39.534],[-2.162,39.534],[-2.157,39.541],[-2.16,39.548],[-2.157,39.551],[-2.151,39.551],[-2.147,39.546],[-2.134,39.546],[-2.128,39.549],[-2.124,39.549],[-2.126,39.552],[-2.125,39.56],[-2.114,39.567],[-2.109,39.562],[-2.104,39.562],[-2.1,39.565],[-2.088,39.565],[-2.08,39.564],[-2.08,39.567],[-2.074,39.568],[-2.073,39.572],[-2.07,39.572],[-2.065,39.576]]]}},{"type":"Feature","properties":{"id":"J18-13","idx":239,"name":"Río Júcar: río Valdemembra - barranco del Espino","river":"Río Júcar","town":"Valdeganga","kind":"wb","area_km2":49.0,"up_area_km2":4854.7,"next":"J18-14","terminal_unit":"J18-36","terminal":"sea","drains_to_sea":true,"n_upstream":33,"outlet":[-1.635,39.1567],"outlet_how":"cedex river x unit boundary","label":[-1.6728,39.1555],"source":"CHJ PHJ 2022-2027 masas de agua superficial (cuenca)","chj_codes":["18-13"]},"geometry":{"type":"Polygon","coordinates":[[[-1.664,39.114],[-1.666,39.111],[-1.671,39.109],[-1.681,39.108],[-1.687,39.106],[-1.696,39.106],[-1.7,39.103],[-1.711,39.104],[-1.712,39.102],[-1.718,39.106],[-1.725,39.106],[-1.724,39.113],[-1.717,39.12],[-1.719,39.122],[-1.717,39.125],[-1.714,39.124],[-1.704,39.124],[-1.701,39.128],[-1.701,39.132],[-1.71,39.133],[-1.71,39.14],[-1.706,39.144],[-1.699,39.144],[-1.703,39.148],[-1.708,39.148],[-1.711,39.153],[-1.712,39.158],[-1.707,39.161],[-1.7,39.16],[-1.69,39.165],[-1.69,39.169],[-1.683,39.176],[-1.683,39.179],[-1.678,39.18],[-1.679,39.185],[-1.682,39.185],[-1.678,39.201],[-1.673,39.207],[-1.664,39.206],[-1.664,39.202],[-1.66,39.198],[-1.656,39.198],[-1.652,39.193],[-1.648,39.193],[-1.642,39.188],[-1.642,39.183],[-1.646,39.181],[-1.643,39.177],[-1.64,39.179],[-1.628,39.178],[-1.629,39.174],[-1.632,39.174],[-1.639,39.169],[-1.638,39.163],[-1.636,39.163],[-1.636,39.157],[-1.632,39.154],[-1.638,39.148],[-1.639,39.143],[-1.646,39.139],[-1.646,39.131],[-1.653,39.128],[-1.659,39.131],[-1.663,39.125],[-1.663,39.12],[-1.668,39.116],[-1.664,39.114]]]}},{"type":"Feature","properties":{"id":"J18-14","idx":240,"name":"Río Júcar: barranco del Espino - canal de María Cristina","river":"Río Júcar","town":"Golosalvo","kind":"wb","area_km2":62.7,"up_area_km2":4917.4,"next":"J18-16","terminal_unit":"J18-36","terminal":"sea","drains_to_sea":true,"n_upstream":34,"outlet":[-1.591,39.1557],"outlet_how":"cedex river x unit boundary","label":[-1.6197,39.196],"source":"CHJ PHJ 2022-2027 masas de agua superficial (cuenca)","chj_codes":["18-14"]},"geometry":{"type":"Polygon","coordinates":[[[-1.563,39.181],[-1.559,39.178],[-1.56,39.176],[-1.566,39.176],[-1.566,39.17],[-1.574,39.165],[-1.579,39.165],[-1.58,39.163],[-1.588,39.163],[-1.592,39.161],[-1.592,39.154],[-1.599,39.156],[-1.6,39.154],[-1.605,39.154],[-1.605,39.152],[-1.611,39.151],[-1.611,39.148],[-1.616,39.148],[-1.625,39.142],[-1.639,39.143],[-1.638,39.148],[-1.632,39.154],[-1.636,39.157],[-1.636,39.163],[-1.638,39.163],[-1.639,39.169],[-1.632,39.174],[-1.629,39.174],[-1.628,39.178],[-1.64,39.179],[-1.643,39.177],[-1.646,39.181],[-1.642,39.183],[-1.642,39.188],[-1.648,39.193],[-1.652,39.193],[-1.656,39.198],[-1.66,39.198],[-1.664,39.202],[-1.664,39.206],[-1.658,39.219],[-1.648,39.22],[-1.647,39.228],[-1.645,39.229],[-1.645,39.236],[-1.64,39.237],[-1.641,39.239],[-1.635,39.239],[-1.628,39.242],[-1.615,39.244],[-1.61,39.248],[-1.604,39.248],[-1.592,39.251],[-1.59,39.249],[-1.592,39.244],[-1.591,39.236],[-1.584,39.236],[-1.578,39.234],[-1.577,39.227],[-1.572,39.224],[-1.574,39.219],[-1.573,39.211],[-1.575,39.211],[-1.576,39.202],[-1.587,39.201],[-1.588,39.197],[-1.582,39.195],[-1.572,39.188],[-1.564,39.187],[-1.563,39.181]]]}},{"type":"Feature","properties":{"id":"J18-10","idx":241,"name":"Río Júcar: central hidroeléctrica de El Picazo - carretera de Fuensanta","river":"Río Júcar","town":"Casasimarro","kind":"wb","area_km2":288.7,"up_area_km2":3549.8,"next":"J18-11","terminal_unit":"J18-36","terminal":"sea","drains_to_sea":true,"n_upstream":26,"outlet":[-2.0196,39.214],"outlet_how":"cedex river x unit boundary","label":[-2.0925,39.3595],"source":"CHJ PHJ 2022-2027 masas de agua superficial (cuenca)","chj_codes":["18-10"]},"geometry":{"type":"Polygon","coordinates":[[[-2.082,39.213],[-2.09,39.212],[-2.091,39.214],[-2.089,39.221],[-2.091,39.221],[-2.092,39.226],[-2.097,39.23],[-2.097,39.234],[-2.106,39.236],[-2.103,39.242],[-2.105,39.246],[-2.11,39.248],[-2.109,39.256],[-2.115,39.262],[-2.117,39.266],[-2.121,39.267],[-2.124,39.273],[-2.124,39.278],[-2.128,39.283],[-2.128,39.287],[-2.131,39.292],[-2.134,39.293],[-2.133,39.298],[-2.132,39.307],[-2.135,39.308],[-2.135,39.325],[-2.138,39.325],[-2.142,39.33],[-2.142,39.333],[-2.138,39.333],[-2.139,39.342],[-2.137,39.344],[-2.142,39.347],[-2.144,39.351],[-2.139,39.352],[-2.14,39.365],[-2.146,39.369],[-2.145,39.374],[-2.145,39.387],[-2.141,39.391],[-2.141,39.396],[-2.138,39.4],[-2.133,39.399],[-2.13,39.401],[-2.125,39.401],[-2.123,39.404],[-2.123,39.411],[-2.117,39.415],[-2.118,39.428],[-2.124,39.428],[-2.129,39.431],[-2.127,39.439],[-2.124,39.441],[-2.124,39.445],[-2.127,39.449],[-2.132,39.45],[-2.134,39.457],[-2.149,39.458],[-2.154,39.457],[-2.159,39.461],[-2.164,39.462],[-2.162,39.466],[-2.161,39.473],[-2.155,39.474],[-2.154,39.481],[-2.157,39.482],[-2.157,39.491],[-2.169,39.493],[-2.17,39.496],[-2.164,39.497],[-2.163,39.5],[-2.155,39.502],[-2.153,39.5],[-2.147,39.502],[-2.142,39.502],[-2.142,39.5],[-2.137,39.499],[-2.136,39.496],[-2.133,39.497],[-2.13,39.493],[-2.117,39.492],[-2.117,39.491],[-2.107,39.492],[-2.103,39.495],[-2.094,39.494],[-2.092,39.492],[-2.078,39.493],[-2.069,39.482],[-2.064,39.478],[-2.06,39.477],[-2.048,39.477],[-2.041,39.479],[-2.039,39.481],[-2.032,39.482],[-2.031,39.486],[-2.029,39.484],[-2.02,39.484],[-2.021,39.479],[-2.02,39.475],[-2.021,39.468],[-2.028,39.461],[-2.029,39.456],[-2.024,39.454],[-2.028,39.452],[-2.026,39.448],[-2.026,39.443],[-2.023,39.443],[-2.02,39.438],[-2.015,39.438],[-2.013,39.43],[-2.015,39.424],[-2.012,39.419],[-2.005,39.416],[-2.006,39.404],[-2.009,39.397],[-2.013,39.397],[-2.013,39.391],[-2.011,39.386],[-2.017,39.383],[-2.037,39.383],[-2.04,39.381],[-2.04,39.373],[-2.042,39.368],[-2.046,39.366],[-2.045,39.354],[-2.048,39.352],[-2.05,39.344],[-2.052,39.341],[-2.052,39.333],[-2.046,39.327],[-2.044,39.321],[-2.037,39.319],[-2.034,39.316],[-2.024,39.317],[-2.024,39.314],[-2.02,39.311],[-2.02,39.299],[-2.018,39.29],[-2.013,39.278],[-2.008,39.27],[-2.003,39.256],[-2.003,39.251],[-1.999,39.241],[-1.995,39.236],[-1.991,39.227],[-1.992,39.219],[-1.997,39.218],[-2.001,39.22],[-2.005,39.216],[-2.024,39.214],[-2.031,39.215],[-2.033,39.213],[-2.046,39.213],[-2.052,39.217],[-2.054,39.219],[-2.059,39.218],[-2.072,39.218],[-2.076,39.219],[-2.078,39.214],[-2.082,39.213]]]}},{"type":"Feature","properties":{"id":"J18-11","idx":242,"name":"Río Júcar: carretera de Fuensanta - paraje de Los Guardas","river":"Río Júcar","town":null,"kind":"wb","area_km2":137.8,"up_area_km2":3687.6,"next":"J18-12","terminal_unit":"J18-36","terminal":"sea","drains_to_sea":true,"n_upstream":27,"outlet":[-1.847,39.175],"outlet_how":"cedex river x unit boundary","label":[-1.9506,39.233],"source":"CHJ PHJ 2022-2027 masas de agua superficial (cuenca)","chj_codes":["18-11"]},"geometry":{"type":"Polygon","coordinates":[[[-1.974,39.165],[-1.978,39.166],[-1.98,39.169],[-1.99,39.166],[-1.991,39.17],[-1.995,39.17],[-1.995,39.174],[-2.004,39.177],[-2.009,39.18],[-2.012,39.184],[-2.022,39.183],[-2.022,39.186],[-2.029,39.187],[-2.032,39.189],[-2.045,39.19],[-2.043,39.196],[-2.046,39.199],[-2.043,39.2],[-2.043,39.205],[-2.049,39.206],[-2.049,39.212],[-2.052,39.213],[-2.052,39.217],[-2.046,39.213],[-2.033,39.213],[-2.031,39.215],[-2.024,39.214],[-2.005,39.216],[-2.001,39.22],[-1.997,39.218],[-1.992,39.219],[-1.991,39.227],[-1.995,39.236],[-1.999,39.241],[-2.003,39.251],[-2.003,39.256],[-2.008,39.27],[-2.013,39.278],[-2.018,39.29],[-2.02,39.299],[-2.02,39.311],[-2.016,39.311],[-2.013,39.307],[-2.005,39.308],[-2.001,39.305],[-1.992,39.305],[-1.992,39.302],[-1.987,39.302],[-1.983,39.297],[-1.974,39.293],[-1.977,39.29],[-1.977,39.286],[-1.974,39.283],[-1.97,39.284],[-1.967,39.282],[-1.965,39.276],[-1.959,39.276],[-1.953,39.272],[-1.951,39.268],[-1.951,39.261],[-1.947,39.257],[-1.947,39.25],[-1.944,39.248],[-1.937,39.249],[-1.936,39.246],[-1.933,39.249],[-1.926,39.249],[-1.926,39.254],[-1.92,39.253],[-1.92,39.247],[-1.922,39.242],[-1.913,39.243],[-1.91,39.239],[-1.903,39.239],[-1.902,39.236],[-1.906,39.235],[-1.909,39.231],[-1.908,39.226],[-1.909,39.221],[-1.904,39.22],[-1.901,39.216],[-1.889,39.216],[-1.878,39.213],[-1.876,39.209],[-1.873,39.208],[-1.871,39.204],[-1.861,39.204],[-1.859,39.202],[-1.859,39.197],[-1.856,39.195],[-1.846,39.194],[-1.844,39.192],[-1.831,39.192],[-1.83,39.185],[-1.83,39.183],[-1.835,39.179],[-1.847,39.176],[-1.847,39.173],[-1.856,39.169],[-1.854,39.166],[-1.857,39.162],[-1.868,39.162],[-1.871,39.163],[-1.877,39.161],[-1.876,39.158],[-1.881,39.154],[-1.886,39.161],[-1.897,39.162],[-1.897,39.164],[-1.905,39.164],[-1.908,39.16],[-1.911,39.165],[-1.93,39.165],[-1.934,39.168],[-1.943,39.168],[-1.947,39.17],[-1.954,39.17],[-1.96,39.168],[-1.965,39.17],[-1.966,39.168],[-1.972,39.167],[-1.974,39.165]]]}},{"type":"Feature","properties":{"id":"J18-12","idx":243,"name":"Río Júcar: paraje de Los Guardas - río Valdemembra","river":"Río Júcar","town":"Motilleja","kind":"wb","area_km2":153.1,"up_area_km2":3840.6,"next":"J18-13","terminal_unit":"J18-36","terminal":"sea","drains_to_sea":true,"n_upstream":28,"outlet":[-1.712,39.158],"outlet_how":"cedex river x unit boundary","label":[-1.8203,39.134],"source":"CHJ PHJ 2022-2027 masas de agua superficial (cuenca)","chj_codes":["18-12"]},"geometry":{"type":"Polygon","coordinates":[[[-1.725,39.106],[-1.729,39.104],[-1.738,39.109],[-1.742,39.107],[-1.749,39.108],[-1.75,39.106],[-1.757,39.106],[-1.762,39.103],[-1.764,39.098],[-1.759,39.095],[-1.761,39.089],[-1.767,39.088],[-1.767,39.085],[-1.782,39.085],[-1.787,39.081],[-1.793,39.081],[-1.796,39.084],[-1.817,39.084],[-1.818,39.086],[-1.832,39.087],[-1.837,39.089],[-1.839,39.1],[-1.853,39.1],[-1.855,39.103],[-1.863,39.11],[-1.865,39.113],[-1.87,39.114],[-1.87,39.112],[-1.876,39.114],[-1.875,39.119],[-1.88,39.119],[-1.882,39.121],[-1.893,39.12],[-1.902,39.125],[-1.902,39.127],[-1.91,39.13],[-1.919,39.13],[-1.921,39.133],[-1.928,39.132],[-1.932,39.135],[-1.943,39.136],[-1.944,39.138],[-1.95,39.138],[-1.964,39.142],[-1.97,39.146],[-1.97,39.149],[-1.974,39.149],[-1.978,39.152],[-1.978,39.157],[-1.974,39.165],[-1.972,39.167],[-1.966,39.168],[-1.965,39.17],[-1.96,39.168],[-1.954,39.17],[-1.947,39.17],[-1.943,39.168],[-1.934,39.168],[-1.93,39.165],[-1.911,39.165],[-1.908,39.16],[-1.905,39.164],[-1.897,39.164],[-1.897,39.162],[-1.886,39.161],[-1.881,39.154],[-1.876,39.158],[-1.877,39.161],[-1.871,39.163],[-1.868,39.162],[-1.857,39.162],[-1.854,39.166],[-1.856,39.169],[-1.847,39.173],[-1.847,39.176],[-1.835,39.179],[-1.83,39.183],[-1.83,39.185],[-1.8,39.185],[-1.796,39.184],[-1.794,39.181],[-1.788,39.181],[-1.781,39.178],[-1.771,39.178],[-1.771,39.177],[-1.757,39.177],[-1.756,39.175],[-1.749,39.175],[-1.743,39.172],[-1.742,39.164],[-1.737,39.164],[-1.736,39.161],[-1.729,39.16],[-1.726,39.157],[-1.719,39.16],[-1.712,39.158],[-1.711,39.153],[-1.708,39.148],[-1.703,39.148],[-1.699,39.144],[-1.706,39.144],[-1.71,39.14],[-1.71,39.133],[-1.701,39.132],[-1.701,39.128],[-1.704,39.124],[-1.714,39.124],[-1.717,39.125],[-1.719,39.122],[-1.717,39.12],[-1.724,39.113],[-1.725,39.106]]]}},{"type":"Feature","properties":{"id":"J18-21-01-08","idx":244,"name":"Río Cabriel: embalse de Contreras - rambla de Consolación","river":"Río Cabriel","town":"Minglanilla","kind":"wb","area_km2":120.2,"up_area_km2":3470.0,"next":"J18-21-01-09","terminal_unit":"J18-36","terminal":"sea","drains_to_sea":true,"n_upstream":19,"outlet":[-1.524,39.4435],"outlet_how":"cedex river x unit boundary","label":[-1.5251,39.5055],"source":"CHJ PHJ 2022-2027 masas de agua superficial (cuenca)","chj_codes":["18-21-01-08"]},"geometry":{"type":"Polygon","coordinates":[[[-1.456,39.515],[-1.454,39.511],[-1.447,39.507],[-1.451,39.503],[-1.448,39.501],[-1.452,39.494],[-1.448,39.49],[-1.458,39.482],[-1.463,39.482],[-1.466,39.479],[-1.466,39.474],[-1.469,39.473],[-1.469,39.466],[-1.477,39.46],[-1.478,39.458],[-1.483,39.458],[-1.486,39.455],[-1.494,39.455],[-1.494,39.453],[-1.499,39.452],[-1.502,39.455],[-1.509,39.455],[-1.51,39.452],[-1.515,39.452],[-1.515,39.447],[-1.517,39.444],[-1.524,39.443],[-1.525,39.446],[-1.533,39.448],[-1.535,39.453],[-1.554,39.454],[-1.558,39.457],[-1.562,39.457],[-1.566,39.461],[-1.572,39.463],[-1.572,39.465],[-1.577,39.465],[-1.579,39.467],[-1.58,39.478],[-1.593,39.486],[-1.595,39.494],[-1.598,39.496],[-1.598,39.504],[-1.603,39.506],[-1.609,39.505],[-1.61,39.507],[-1.617,39.509],[-1.62,39.512],[-1.632,39.512],[-1.636,39.511],[-1.638,39.516],[-1.641,39.518],[-1.632,39.524],[-1.63,39.531],[-1.632,39.534],[-1.63,39.537],[-1.636,39.54],[-1.635,39.551],[-1.636,39.557],[-1.634,39.56],[-1.627,39.562],[-1.625,39.568],[-1.623,39.564],[-1.617,39.562],[-1.614,39.556],[-1.607,39.556],[-1.606,39.554],[-1.599,39.555],[-1.596,39.55],[-1.592,39.548],[-1.591,39.542],[-1.588,39.54],[-1.579,39.541],[-1.579,39.543],[-1.572,39.543],[-1.572,39.536],[-1.565,39.534],[-1.563,39.529],[-1.548,39.528],[-1.541,39.534],[-1.54,39.538],[-1.535,39.538],[-1.534,39.54],[-1.522,39.539],[-1.522,39.541],[-1.516,39.542],[-1.513,39.54],[-1.513,39.544],[-1.503,39.544],[-1.502,39.542],[-1.494,39.54],[-1.482,39.531],[-1.476,39.529],[-1.47,39.524],[-1.465,39.522],[-1.46,39.516],[-1.456,39.515]]]}},{"type":"Feature","properties":{"id":"J18-21-01-09","idx":245,"name":"Río Cabriel: rambla de Consolación - Villatoya","river":"Río Cabriel","town":"Villalpardo","kind":"wb","area_km2":361.1,"up_area_km2":3831.1,"next":"J18-21-01-10","terminal_unit":"J18-36","terminal":"sea","drains_to_sea":true,"n_upstream":20,"outlet":[-1.348,39.3395],"outlet_how":"cedex river x unit boundary","label":[-1.4971,39.419],"source":"CHJ PHJ 2022-2027 masas de agua superficial (cuenca)","chj_codes":["18-21-01-09"]},"geometry":{"type":"Polygon","coordinates":[[[-1.661,39.501],[-1.662,39.51],[-1.66,39.513],[-1.652,39.517],[-1.652,39.53],[-1.647,39.531],[-1.643,39.538],[-1.638,39.538],[-1.636,39.54],[-1.63,39.537],[-1.632,39.534],[-1.63,39.531],[-1.632,39.524],[-1.641,39.518],[-1.638,39.516],[-1.636,39.511],[-1.632,39.512],[-1.62,39.512],[-1.617,39.509],[-1.61,39.507],[-1.609,39.505],[-1.603,39.506],[-1.598,39.504],[-1.598,39.496],[-1.595,39.494],[-1.593,39.486],[-1.58,39.478],[-1.579,39.467],[-1.577,39.465],[-1.572,39.465],[-1.572,39.463],[-1.566,39.461],[-1.562,39.457],[-1.558,39.457],[-1.554,39.454],[-1.535,39.453],[-1.533,39.448],[-1.525,39.446],[-1.524,39.443],[-1.517,39.444],[-1.515,39.447],[-1.515,39.452],[-1.51,39.452],[-1.509,39.455],[-1.502,39.455],[-1.499,39.452],[-1.494,39.453],[-1.494,39.455],[-1.486,39.455],[-1.483,39.458],[-1.478,39.458],[-1.477,39.46],[-1.469,39.466],[-1.469,39.473],[-1.466,39.474],[-1.466,39.479],[-1.463,39.482],[-1.458,39.482],[-1.448,39.49],[-1.441,39.486],[-1.436,39.48],[-1.432,39.482],[-1.426,39.48],[-1.425,39.474],[-1.423,39.473],[-1.423,39.468],[-1.418,39.466],[-1.418,39.462],[-1.41,39.457],[-1.406,39.451],[-1.403,39.451],[-1.397,39.445],[-1.39,39.446],[-1.39,39.443],[-1.383,39.441],[-1.382,39.438],[-1.364,39.437],[-1.361,39.431],[-1.354,39.431],[-1.347,39.427],[-1.345,39.415],[-1.341,39.415],[-1.34,39.409],[-1.335,39.407],[-1.334,39.399],[-1.338,39.398],[-1.338,39.391],[-1.344,39.386],[-1.341,39.383],[-1.343,39.376],[-1.346,39.376],[-1.349,39.37],[-1.35,39.364],[-1.354,39.363],[-1.353,39.36],[-1.347,39.358],[-1.347,39.354],[-1.35,39.352],[-1.351,39.344],[-1.347,39.337],[-1.35,39.337],[-1.353,39.333],[-1.357,39.332],[-1.356,39.322],[-1.359,39.321],[-1.359,39.31],[-1.355,39.31],[-1.353,39.307],[-1.354,39.303],[-1.351,39.302],[-1.351,39.3],[-1.356,39.299],[-1.359,39.294],[-1.371,39.295],[-1.373,39.3],[-1.376,39.302],[-1.38,39.308],[-1.384,39.309],[-1.39,39.308],[-1.392,39.312],[-1.395,39.311],[-1.401,39.317],[-1.403,39.316],[-1.415,39.319],[-1.416,39.321],[-1.426,39.327],[-1.434,39.327],[-1.451,39.325],[-1.456,39.331],[-1.464,39.331],[-1.467,39.329],[-1.473,39.331],[-1.481,39.332],[-1.493,39.332],[-1.496,39.337],[-1.503,39.341],[-1.509,39.341],[-1.512,39.347],[-1.52,39.347],[-1.52,39.354],[-1.526,39.355],[-1.526,39.364],[-1.531,39.364],[-1.535,39.368],[-1.54,39.368],[-1.55,39.361],[-1.556,39.364],[-1.559,39.368],[-1.568,39.367],[-1.573,39.374],[-1.581,39.376],[-1.583,39.374],[-1.588,39.376],[-1.594,39.376],[-1.605,39.382],[-1.61,39.388],[-1.614,39.388],[-1.617,39.392],[-1.625,39.394],[-1.623,39.397],[-1.623,39.403],[-1.627,39.405],[-1.628,39.402],[-1.634,39.403],[-1.635,39.405],[-1.64,39.405],[-1.643,39.412],[-1.642,39.417],[-1.655,39.421],[-1.655,39.423],[-1.664,39.423],[-1.67,39.427],[-1.666,39.428],[-1.667,39.434],[-1.672,39.434],[-1.671,39.446],[-1.668,39.447],[-1.668,39.451],[-1.664,39.451],[-1.662,39.455],[-1.654,39.464],[-1.657,39.469],[-1.652,39.471],[-1.652,39.475],[-1.649,39.477],[-1.65,39.49],[-1.646,39.495],[-1.654,39.5],[-1.658,39.499],[-1.661,39.501]]]}},{"type":"Feature","properties":{"id":"J18-21-01-10","idx":246,"name":"Río Cabriel: Villatoya - Embalse de Embarcaderos","river":"Río Cabriel","town":"Villatoya","kind":"wb","area_km2":257.5,"up_area_km2":4706.5,"next":"J18-21","terminal_unit":"J18-36","terminal":"sea","drains_to_sea":true,"n_upstream":24,"outlet":[-1.094,39.2501],"outlet_how":"cedex river x unit boundary","label":[-1.268,39.309],"source":"CHJ PHJ 2022-2027 masas de agua superficial (cuenca)","chj_codes":["18-21-01-10"]},"geometry":{"type":"Polygon","coordinates":[[[-1.335,39.407],[-1.33,39.407],[-1.327,39.405],[-1.319,39.404],[-1.309,39.404],[-1.305,39.405],[-1.294,39.402],[-1.294,39.398],[-1.29,39.397],[-1.291,39.393],[-1.278,39.393],[-1.27,39.389],[-1.263,39.38],[-1.253,39.38],[-1.249,39.376],[-1.248,39.372],[-1.249,39.359],[-1.247,39.355],[-1.242,39.351],[-1.244,39.349],[-1.244,39.342],[-1.241,39.337],[-1.241,39.332],[-1.239,39.328],[-1.232,39.325],[-1.225,39.329],[-1.227,39.335],[-1.224,39.339],[-1.216,39.339],[-1.214,39.345],[-1.209,39.345],[-1.204,39.352],[-1.198,39.355],[-1.193,39.364],[-1.193,39.37],[-1.19,39.374],[-1.181,39.375],[-1.178,39.377],[-1.168,39.377],[-1.166,39.375],[-1.161,39.375],[-1.158,39.379],[-1.156,39.385],[-1.156,39.39],[-1.149,39.391],[-1.148,39.393],[-1.137,39.393],[-1.135,39.393],[-1.135,39.388],[-1.132,39.385],[-1.122,39.382],[-1.12,39.377],[-1.113,39.375],[-1.116,39.365],[-1.126,39.364],[-1.126,39.357],[-1.131,39.353],[-1.128,39.347],[-1.124,39.347],[-1.125,39.341],[-1.12,39.341],[-1.111,39.339],[-1.112,39.334],[-1.116,39.332],[-1.112,39.329],[-1.107,39.329],[-1.102,39.323],[-1.1,39.324],[-1.091,39.322],[-1.091,39.317],[-1.087,39.318],[-1.079,39.317],[-1.077,39.315],[-1.077,39.311],[-1.072,39.307],[-1.077,39.305],[-1.08,39.3],[-1.084,39.297],[-1.079,39.294],[-1.08,39.291],[-1.08,39.281],[-1.078,39.279],[-1.084,39.274],[-1.083,39.268],[-1.087,39.265],[-1.086,39.259],[-1.092,39.257],[-1.093,39.253],[-1.097,39.247],[-1.1,39.246],[-1.104,39.239],[-1.118,39.239],[-1.118,39.24],[-1.13,39.24],[-1.129,39.238],[-1.13,39.229],[-1.134,39.229],[-1.138,39.223],[-1.138,39.218],[-1.129,39.211],[-1.128,39.209],[-1.143,39.209],[-1.148,39.211],[-1.157,39.211],[-1.159,39.213],[-1.173,39.211],[-1.188,39.211],[-1.201,39.215],[-1.211,39.215],[-1.214,39.216],[-1.212,39.221],[-1.207,39.222],[-1.205,39.226],[-1.2,39.226],[-1.197,39.236],[-1.194,39.238],[-1.194,39.249],[-1.193,39.25],[-1.181,39.249],[-1.182,39.257],[-1.18,39.257],[-1.181,39.265],[-1.176,39.265],[-1.175,39.268],[-1.175,39.279],[-1.176,39.29],[-1.169,39.29],[-1.166,39.294],[-1.16,39.298],[-1.161,39.302],[-1.165,39.302],[-1.167,39.306],[-1.172,39.307],[-1.172,39.312],[-1.181,39.311],[-1.182,39.308],[-1.179,39.306],[-1.183,39.302],[-1.197,39.302],[-1.202,39.301],[-1.205,39.297],[-1.214,39.293],[-1.234,39.295],[-1.234,39.298],[-1.242,39.297],[-1.243,39.295],[-1.257,39.296],[-1.258,39.294],[-1.263,39.294],[-1.264,39.291],[-1.278,39.287],[-1.279,39.284],[-1.285,39.286],[-1.288,39.29],[-1.295,39.291],[-1.294,39.3],[-1.292,39.305],[-1.299,39.302],[-1.309,39.3],[-1.317,39.3],[-1.322,39.303],[-1.335,39.302],[-1.338,39.3],[-1.346,39.3],[-1.351,39.302],[-1.354,39.303],[-1.353,39.307],[-1.355,39.31],[-1.359,39.31],[-1.359,39.321],[-1.356,39.322],[-1.357,39.332],[-1.353,39.333],[-1.35,39.337],[-1.347,39.337],[-1.351,39.344],[-1.35,39.352],[-1.347,39.354],[-1.347,39.358],[-1.353,39.36],[-1.354,39.363],[-1.35,39.364],[-1.349,39.37],[-1.346,39.376],[-1.343,39.376],[-1.341,39.383],[-1.344,39.386],[-1.338,39.391],[-1.338,39.398],[-1.334,39.399],[-1.335,39.407]]]}},{"type":"Feature","properties":{"id":"J18-20","idx":247,"name":"Río Júcar: embalse de El Molinar - embalse de Embarcaderos","river":"Río Júcar","town":null,"kind":"wb","area_km2":114.0,"up_area_km2":10801.9,"next":"J18-21","terminal_unit":"J18-36","terminal":"sea","drains_to_sea":true,"n_upstream":60,"outlet":[-1.061,39.2112],"outlet_how":"cedex river x unit boundary","label":[-1.1504,39.167],"source":"CHJ PHJ 2022-2027 masas de agua superficial (cuenca)","merged_names":["Barranco del Agua"],"chj_codes":["18-20","18-20-01-02"]},"geometry":{"type":"Polygon","coordinates":[[[-1.102,39.112],[-1.106,39.117],[-1.107,39.126],[-1.103,39.128],[-1.102,39.134],[-1.106,39.134],[-1.11,39.129],[-1.114,39.128],[-1.119,39.13],[-1.121,39.137],[-1.126,39.141],[-1.133,39.144],[-1.145,39.143],[-1.147,39.141],[-1.15,39.147],[-1.155,39.148],[-1.16,39.153],[-1.162,39.152],[-1.179,39.152],[-1.185,39.147],[-1.19,39.147],[-1.192,39.145],[-1.208,39.146],[-1.212,39.15],[-1.222,39.15],[-1.226,39.151],[-1.224,39.154],[-1.223,39.169],[-1.221,39.174],[-1.234,39.174],[-1.234,39.179],[-1.242,39.179],[-1.242,39.182],[-1.246,39.184],[-1.247,39.19],[-1.245,39.192],[-1.244,39.202],[-1.238,39.21],[-1.231,39.211],[-1.231,39.218],[-1.224,39.217],[-1.22,39.215],[-1.214,39.216],[-1.211,39.215],[-1.201,39.215],[-1.188,39.211],[-1.173,39.211],[-1.159,39.213],[-1.157,39.211],[-1.148,39.211],[-1.143,39.209],[-1.128,39.209],[-1.129,39.211],[-1.126,39.22],[-1.12,39.219],[-1.105,39.219],[-1.099,39.224],[-1.092,39.225],[-1.092,39.223],[-1.086,39.223],[-1.085,39.221],[-1.079,39.219],[-1.078,39.215],[-1.073,39.208],[-1.055,39.208],[-1.056,39.211],[-1.061,39.211],[-1.059,39.213],[-1.047,39.212],[-1.035,39.213],[-1.03,39.216],[-1.022,39.217],[-1.02,39.213],[-1.023,39.209],[-1.03,39.203],[-1.038,39.2],[-1.045,39.2],[-1.051,39.203],[-1.058,39.203],[-1.062,39.196],[-1.07,39.196],[-1.078,39.193],[-1.08,39.191],[-1.079,39.18],[-1.081,39.18],[-1.081,39.171],[-1.076,39.165],[-1.081,39.155],[-1.081,39.15],[-1.09,39.146],[-1.09,39.136],[-1.094,39.135],[-1.091,39.132],[-1.093,39.127],[-1.094,39.117],[-1.102,39.112]]]}},{"type":"Feature","properties":{"id":"J18-16","idx":248,"name":"Río Júcar: canal de María Cristina - Alcalá del Júcar","river":"Río Júcar","town":"Casas de Juan Núñez","kind":"wb","area_km2":419.7,"up_area_km2":9865.2,"next":"J18-18","terminal_unit":"J18-36","terminal":"sea","drains_to_sea":true,"n_upstream":53,"outlet":[-1.4286,39.191],"outlet_how":"cedex river x unit boundary","label":[-1.4959,39.115],"source":"CHJ PHJ 2022-2027 masas de agua superficial (cuenca)","merged_names":["Río Júcar: canal de María Cristina - Arroyo de Ledaña","Canal María Cristina: carretera de Casas de Juan Núñez - río Júcar"],"chj_codes":["18-16","18-15","18-14-01-07"]},"geometry":{"type":"Polygon","coordinates":[[[-1.497,39.253],[-1.489,39.249],[-1.482,39.248],[-1.474,39.249],[-1.473,39.247],[-1.466,39.249],[-1.46,39.247],[-1.452,39.247],[-1.45,39.245],[-1.443,39.245],[-1.441,39.243],[-1.435,39.243],[-1.431,39.24],[-1.425,39.24],[-1.422,39.244],[-1.418,39.246],[-1.413,39.245],[-1.412,39.25],[-1.406,39.25],[-1.406,39.252],[-1.4,39.254],[-1.375,39.254],[-1.376,39.251],[-1.369,39.252],[-1.369,39.255],[-1.355,39.254],[-1.347,39.256],[-1.346,39.259],[-1.333,39.259],[-1.329,39.262],[-1.323,39.264],[-1.318,39.263],[-1.319,39.26],[-1.325,39.259],[-1.326,39.257],[-1.331,39.257],[-1.329,39.25],[-1.326,39.248],[-1.326,39.243],[-1.32,39.242],[-1.311,39.237],[-1.302,39.237],[-1.302,39.235],[-1.294,39.234],[-1.289,39.231],[-1.284,39.223],[-1.286,39.216],[-1.295,39.216],[-1.296,39.218],[-1.301,39.217],[-1.317,39.217],[-1.318,39.216],[-1.346,39.216],[-1.354,39.215],[-1.359,39.212],[-1.367,39.211],[-1.381,39.211],[-1.381,39.21],[-1.396,39.208],[-1.402,39.206],[-1.409,39.206],[-1.412,39.204],[-1.421,39.202],[-1.431,39.202],[-1.434,39.203],[-1.435,39.199],[-1.431,39.197],[-1.43,39.19],[-1.425,39.192],[-1.416,39.191],[-1.411,39.193],[-1.405,39.19],[-1.405,39.187],[-1.4,39.183],[-1.395,39.182],[-1.392,39.174],[-1.387,39.172],[-1.381,39.172],[-1.378,39.169],[-1.37,39.17],[-1.369,39.167],[-1.362,39.167],[-1.356,39.165],[-1.356,39.159],[-1.35,39.158],[-1.347,39.151],[-1.34,39.148],[-1.339,39.144],[-1.339,39.143],[-1.349,39.143],[-1.352,39.141],[-1.374,39.141],[-1.374,39.144],[-1.382,39.143],[-1.388,39.138],[-1.393,39.138],[-1.4,39.135],[-1.412,39.135],[-1.416,39.134],[-1.415,39.139],[-1.418,39.141],[-1.433,39.14],[-1.435,39.145],[-1.438,39.144],[-1.436,39.149],[-1.436,39.155],[-1.439,39.159],[-1.439,39.181],[-1.445,39.184],[-1.446,39.191],[-1.451,39.192],[-1.46,39.186],[-1.464,39.188],[-1.467,39.184],[-1.471,39.184],[-1.473,39.181],[-1.472,39.173],[-1.467,39.169],[-1.464,39.169],[-1.459,39.164],[-1.459,39.158],[-1.454,39.153],[-1.454,39.147],[-1.449,39.143],[-1.443,39.141],[-1.449,39.134],[-1.446,39.132],[-1.436,39.131],[-1.434,39.128],[-1.427,39.125],[-1.426,39.117],[-1.423,39.114],[-1.422,39.107],[-1.419,39.101],[-1.416,39.099],[-1.416,39.091],[-1.42,39.087],[-1.426,39.086],[-1.425,39.083],[-1.417,39.083],[-1.417,39.079],[-1.423,39.077],[-1.422,39.071],[-1.425,39.068],[-1.425,39.063],[-1.419,39.057],[-1.416,39.057],[-1.417,39.046],[-1.414,39.046],[-1.411,39.04],[-1.403,39.041],[-1.4,39.035],[-1.396,39.033],[-1.399,39.027],[-1.403,39.023],[-1.409,39.023],[-1.412,39.019],[-1.422,39.017],[-1.423,39.015],[-1.43,39.015],[-1.44,39.011],[-1.441,39.009],[-1.446,39.009],[-1.451,39.007],[-1.453,39.001],[-1.463,39.002],[-1.471,38.995],[-1.47,38.99],[-1.46,38.989],[-1.451,38.991],[-1.449,38.986],[-1.452,38.984],[-1.456,38.974],[-1.45,38.973],[-1.454,38.973],[-1.453,38.97],[-1.47,38.97],[-1.474,38.969],[-1.476,38.971],[-1.483,38.97],[-1.491,38.976],[-1.502,38.975],[-1.507,38.972],[-1.528,38.972],[-1.534,38.975],[-1.539,38.977],[-1.552,38.978],[-1.555,38.972],[-1.559,38.968],[-1.57,38.967],[-1.572,38.972],[-1.578,38.974],[-1.576,38.976],[-1.574,38.983],[-1.565,38.986],[-1.565,38.99],[-1.569,38.997],[-1.572,39.008],[-1.572,39.021],[-1.57,39.028],[-1.567,39.029],[-1.565,39.035],[-1.561,39.038],[-1.559,39.042],[-1.561,39.05],[-1.567,39.053],[-1.563,39.057],[-1.565,39.061],[-1.562,39.064],[-1.558,39.064],[-1.553,39.07],[-1.551,39.075],[-1.554,39.076],[-1.557,39.082],[-1.555,39.087],[-1.559,39.091],[-1.56,39.107],[-1.565,39.113],[-1.567,39.113],[-1.569,39.118],[-1.569,39.123],[-1.576,39.132],[-1.582,39.134],[-1.583,39.132],[-1.591,39.129],[-1.594,39.125],[-1.6,39.125],[-1.601,39.12],[-1.606,39.12],[-1.608,39.122],[-1.614,39.12],[-1.629,39.12],[-1.63,39.123],[-1.642,39.124],[-1.642,39.121],[-1.653,39.121],[-1.654,39.118],[-1.659,39.117],[-1.66,39.114],[-1.664,39.114],[-1.668,39.116],[-1.663,39.12],[-1.663,39.125],[-1.659,39.131],[-1.653,39.128],[-1.646,39.131],[-1.646,39.139],[-1.639,39.143],[-1.625,39.142],[-1.616,39.148],[-1.611,39.148],[-1.611,39.151],[-1.605,39.152],[-1.605,39.154],[-1.6,39.154],[-1.599,39.156],[-1.592,39.154],[-1.592,39.161],[-1.588,39.163],[-1.58,39.163],[-1.579,39.165],[-1.574,39.165],[-1.566,39.17],[-1.566,39.176],[-1.56,39.176],[-1.559,39.178],[-1.563,39.181],[-1.55,39.181],[-1.55,39.18],[-1.539,39.177],[-1.536,39.181],[-1.528,39.18],[-1.526,39.175],[-1.519,39.176],[-1.52,39.184],[-1.517,39.188],[-1.51,39.194],[-1.504,39.195],[-1.499,39.202],[-1.512,39.204],[-1.521,39.213],[-1.523,39.218],[-1.515,39.22],[-1.518,39.224],[-1.516,39.227],[-1.516,39.238],[-1.518,39.242],[-1.518,39.248],[-1.512,39.25],[-1.503,39.25],[-1.497,39.253]]]}},{"type":"Feature","properties":{"id":"J18-18","idx":249,"name":"Río Júcar: Alcalá del Júcar - embalse de El Molinar","river":"Río Júcar","town":"Alcalá del Júcar","kind":"wb","area_km2":49.3,"up_area_km2":9914.4,"next":"J18-19","terminal_unit":"J18-36","terminal":"sea","drains_to_sea":true,"n_upstream":54,"outlet":[-1.321,39.206],"outlet_how":"cedex river x unit boundary","label":[-1.3558,39.1785],"source":"CHJ PHJ 2022-2027 masas de agua superficial (cuenca)","merged_names":["Río Júcar: Alcalá del Júcar - presa del Bosque"],"chj_codes":["18-18","18-17"]},"geometry":{"type":"Polygon","coordinates":[[[-1.308,39.145],[-1.337,39.145],[-1.339,39.144],[-1.34,39.148],[-1.347,39.151],[-1.35,39.158],[-1.356,39.159],[-1.356,39.165],[-1.362,39.167],[-1.369,39.167],[-1.37,39.17],[-1.378,39.169],[-1.381,39.172],[-1.387,39.172],[-1.392,39.174],[-1.395,39.182],[-1.4,39.183],[-1.405,39.187],[-1.405,39.19],[-1.411,39.193],[-1.416,39.191],[-1.425,39.192],[-1.43,39.19],[-1.431,39.197],[-1.435,39.199],[-1.434,39.203],[-1.431,39.202],[-1.421,39.202],[-1.412,39.204],[-1.409,39.206],[-1.402,39.206],[-1.396,39.208],[-1.381,39.21],[-1.381,39.211],[-1.367,39.211],[-1.359,39.212],[-1.354,39.215],[-1.346,39.216],[-1.318,39.216],[-1.319,39.21],[-1.321,39.209],[-1.32,39.202],[-1.317,39.201],[-1.318,39.193],[-1.318,39.175],[-1.317,39.17],[-1.312,39.17],[-1.31,39.167],[-1.304,39.167],[-1.299,39.163],[-1.294,39.161],[-1.296,39.158],[-1.296,39.152],[-1.294,39.149],[-1.294,39.147],[-1.303,39.147],[-1.308,39.145]]]}},{"type":"Feature","properties":{"id":"J18-29","idx":250,"name":"Río Júcar: azud de Antella - río Albaida","river":"Río Júcar","town":"Càrcer","kind":"wb","area_km2":54.2,"up_area_km2":16800.1,"next":"J18-31","terminal_unit":"J18-36","terminal":"sea","drains_to_sea":true,"n_upstream":100,"outlet":[-0.533,39.0914],"outlet_how":"cedex river x unit boundary","label":[-0.5439,39.0675],"source":"CHJ PHJ 2022-2027 masas de agua superficial (cuenca)","merged_names":["Río Júcar: azud de Antella - río Sellent"],"chj_codes":["18-29","18-28"]},"geometry":{"type":"Polygon","coordinates":[[[-0.558,39.033],[-0.558,39.038],[-0.554,39.042],[-0.557,39.046],[-0.557,39.05],[-0.561,39.053],[-0.565,39.061],[-0.569,39.061],[-0.568,39.069],[-0.574,39.076],[-0.58,39.076],[-0.576,39.071],[-0.582,39.066],[-0.582,39.064],[-0.575,39.064],[-0.577,39.054],[-0.58,39.052],[-0.58,39.047],[-0.582,39.046],[-0.582,39.041],[-0.586,39.037],[-0.59,39.037],[-0.595,39.034],[-0.595,39.029],[-0.597,39.024],[-0.603,39.023],[-0.604,39.026],[-0.622,39.028],[-0.625,39.03],[-0.622,39.032],[-0.627,39.037],[-0.628,39.043],[-0.623,39.045],[-0.624,39.049],[-0.624,39.06],[-0.627,39.064],[-0.624,39.064],[-0.62,39.071],[-0.615,39.071],[-0.61,39.074],[-0.607,39.079],[-0.602,39.08],[-0.599,39.084],[-0.596,39.082],[-0.596,39.089],[-0.6,39.092],[-0.599,39.095],[-0.601,39.099],[-0.599,39.101],[-0.604,39.109],[-0.586,39.11],[-0.588,39.113],[-0.581,39.114],[-0.576,39.111],[-0.572,39.106],[-0.568,39.106],[-0.562,39.102],[-0.553,39.102],[-0.547,39.1],[-0.547,39.097],[-0.541,39.097],[-0.541,39.09],[-0.536,39.09],[-0.535,39.092],[-0.53,39.088],[-0.526,39.088],[-0.524,39.074],[-0.52,39.071],[-0.519,39.06],[-0.523,39.057],[-0.523,39.046],[-0.528,39.042],[-0.538,39.041],[-0.537,39.035],[-0.541,39.034],[-0.541,39.031],[-0.549,39.031],[-0.558,39.033]]]}},{"type":"Feature","properties":{"id":"J18-27","idx":251,"name":"Río Júcar: embalse de Tous - azud de Antella","river":"Río Júcar","town":"Sumacàrcer","kind":"wb","area_km2":32.1,"up_area_km2":16478.9,"next":"J18-29","terminal_unit":"J18-36","terminal":"sea","drains_to_sea":true,"n_upstream":95,"outlet":[-0.597,39.082],"outlet_how":"cedex river x unit boundary","label":[-0.6306,39.103],"source":"CHJ PHJ 2022-2027 masas de agua superficial (cuenca)","merged_names":["Río Júcar: embalse de Tous - azud de la acequia de Escalona"],"chj_codes":["18-27","18-26"]},"geometry":{"type":"Polygon","coordinates":[[[-0.627,39.064],[-0.631,39.067],[-0.631,39.071],[-0.635,39.075],[-0.639,39.078],[-0.64,39.084],[-0.655,39.095],[-0.657,39.099],[-0.663,39.105],[-0.663,39.107],[-0.675,39.119],[-0.674,39.126],[-0.671,39.126],[-0.666,39.13],[-0.658,39.13],[-0.646,39.134],[-0.641,39.134],[-0.641,39.136],[-0.634,39.136],[-0.63,39.14],[-0.626,39.14],[-0.619,39.137],[-0.616,39.134],[-0.613,39.123],[-0.608,39.12],[-0.608,39.109],[-0.604,39.109],[-0.599,39.101],[-0.601,39.099],[-0.599,39.095],[-0.6,39.092],[-0.596,39.089],[-0.596,39.082],[-0.599,39.084],[-0.602,39.08],[-0.607,39.079],[-0.61,39.074],[-0.615,39.071],[-0.62,39.071],[-0.624,39.064],[-0.627,39.064]]]}},{"type":"Feature","properties":{"id":"J18-31","idx":252,"name":"Río Júcar: río Albaida - río Verd","river":"Río Júcar","town":"Alzira","kind":"wb","area_km2":27.9,"up_area_km2":18605.4,"next":"J18-36","terminal_unit":"J18-36","terminal":"sea","drains_to_sea":true,"n_upstream":113,"outlet":[-0.437,39.1651],"outlet_how":"cedex river x unit boundary","label":[-0.523,39.098],"source":"CHJ PHJ 2022-2027 masas de agua superficial (cuenca)","merged_names":["Río Júcar: río Albaida - barranco de la Casella","Río Albaida: río de Barxeta - río Júcar"],"chj_codes":["18-31","18-30B","18-30A","18-29-01-04"]},"geometry":{"type":"Polygon","coordinates":[[[-0.537,39.035],[-0.538,39.041],[-0.528,39.042],[-0.523,39.046],[-0.523,39.057],[-0.519,39.06],[-0.52,39.071],[-0.524,39.074],[-0.526,39.088],[-0.53,39.088],[-0.535,39.092],[-0.531,39.097],[-0.528,39.097],[-0.526,39.101],[-0.523,39.101],[-0.52,39.105],[-0.515,39.106],[-0.504,39.112],[-0.502,39.12],[-0.498,39.12],[-0.497,39.127],[-0.493,39.129],[-0.49,39.133],[-0.481,39.134],[-0.478,39.13],[-0.475,39.13],[-0.473,39.135],[-0.47,39.137],[-0.462,39.137],[-0.461,39.146],[-0.456,39.146],[-0.454,39.139],[-0.451,39.14],[-0.451,39.153],[-0.449,39.154],[-0.446,39.157],[-0.438,39.16],[-0.437,39.166],[-0.431,39.163],[-0.427,39.165],[-0.425,39.161],[-0.421,39.159],[-0.416,39.154],[-0.412,39.154],[-0.407,39.15],[-0.409,39.147],[-0.403,39.138],[-0.398,39.135],[-0.4,39.132],[-0.413,39.132],[-0.42,39.133],[-0.421,39.135],[-0.432,39.14],[-0.432,39.144],[-0.441,39.146],[-0.444,39.15],[-0.444,39.146],[-0.447,39.143],[-0.448,39.136],[-0.452,39.133],[-0.47,39.133],[-0.471,39.13],[-0.468,39.128],[-0.47,39.122],[-0.478,39.123],[-0.479,39.125],[-0.484,39.125],[-0.486,39.122],[-0.49,39.121],[-0.49,39.115],[-0.504,39.104],[-0.505,39.107],[-0.511,39.105],[-0.518,39.099],[-0.521,39.093],[-0.522,39.078],[-0.519,39.073],[-0.513,39.073],[-0.514,39.07],[-0.512,39.064],[-0.501,39.062],[-0.5,39.055],[-0.496,39.053],[-0.495,39.05],[-0.486,39.047],[-0.482,39.04],[-0.478,39.038],[-0.475,39.033],[-0.485,39.033],[-0.494,39.033],[-0.498,39.03],[-0.511,39.033],[-0.511,39.035],[-0.519,39.036],[-0.519,39.039],[-0.525,39.039],[-0.529,39.037],[-0.531,39.032],[-0.537,39.035]]]}},{"type":"Feature","properties":{"id":"J18-34","idx":253,"name":"Río Júcar: Albalat de la Ribera - azud de Sueca","river":"Río Júcar","town":"Benicull de Xúquer","kind":"wb","area_km2":28.4,"up_area_km2":28.4,"next":"J18-36","terminal_unit":"J18-36","terminal":"sea","drains_to_sea":true,"n_upstream":0,"outlet":[-0.42,39.1795],"outlet_how":"cedex river x unit boundary","label":[-0.4076,39.161],"source":"CHJ PHJ 2022-2027 masas de agua superficial (cuenca)","chj_codes":["18-34"]},"geometry":{"type":"Polygon","coordinates":[[[-0.345,39.122],[-0.35,39.122],[-0.352,39.124],[-0.359,39.124],[-0.364,39.127],[-0.373,39.127],[-0.384,39.131],[-0.387,39.133],[-0.392,39.133],[-0.398,39.135],[-0.403,39.138],[-0.409,39.147],[-0.407,39.15],[-0.412,39.154],[-0.416,39.154],[-0.421,39.159],[-0.421,39.172],[-0.418,39.177],[-0.421,39.177],[-0.417,39.182],[-0.412,39.185],[-0.407,39.189],[-0.409,39.204],[-0.402,39.203],[-0.401,39.201],[-0.397,39.204],[-0.392,39.203],[-0.391,39.2],[-0.385,39.199],[-0.381,39.204],[-0.372,39.202],[-0.369,39.2],[-0.381,39.2],[-0.388,39.197],[-0.386,39.192],[-0.382,39.19],[-0.372,39.19],[-0.37,39.186],[-0.362,39.186],[-0.362,39.182],[-0.343,39.182],[-0.34,39.178],[-0.345,39.175],[-0.354,39.175],[-0.361,39.172],[-0.364,39.168],[-0.375,39.163],[-0.393,39.163],[-0.396,39.158],[-0.399,39.158],[-0.398,39.15],[-0.393,39.149],[-0.387,39.145],[-0.372,39.144],[-0.367,39.146],[-0.361,39.138],[-0.357,39.138],[-0.355,39.134],[-0.348,39.13],[-0.348,39.126],[-0.345,39.122]]]}},{"type":"Feature","properties":{"id":"J18-35","idx":254,"name":"Río Júcar: azud de Sueca - azud de Cullera","river":"Río Júcar","town":"Corbera","kind":"wb","area_km2":46.5,"up_area_km2":46.5,"next":"JT0202","terminal_unit":"JT0202","terminal":"sea","drains_to_sea":true,"n_upstream":0,"outlet":[-0.306,39.1466],"outlet_how":"cedex river x unit boundary","label":[-0.35,39.16],"source":"CHJ PHJ 2022-2027 masas de agua superficial (cuenca)","chj_codes":["18-35"]},"geometry":{"type":"Polygon","coordinates":[[[-0.324,39.112],[-0.33,39.114],[-0.335,39.118],[-0.339,39.118],[-0.345,39.122],[-0.348,39.126],[-0.348,39.13],[-0.355,39.134],[-0.357,39.138],[-0.361,39.138],[-0.367,39.146],[-0.372,39.144],[-0.387,39.145],[-0.393,39.149],[-0.398,39.15],[-0.399,39.158],[-0.396,39.158],[-0.393,39.163],[-0.375,39.163],[-0.364,39.168],[-0.361,39.172],[-0.354,39.175],[-0.345,39.175],[-0.34,39.178],[-0.343,39.182],[-0.362,39.182],[-0.362,39.186],[-0.37,39.186],[-0.372,39.19],[-0.382,39.19],[-0.386,39.192],[-0.388,39.197],[-0.381,39.2],[-0.369,39.2],[-0.36,39.199],[-0.355,39.203],[-0.349,39.203],[-0.342,39.209],[-0.34,39.208],[-0.34,39.205],[-0.336,39.203],[-0.329,39.205],[-0.324,39.203],[-0.323,39.199],[-0.32,39.197],[-0.319,39.193],[-0.315,39.191],[-0.31,39.191],[-0.309,39.189],[-0.313,39.185],[-0.311,39.179],[-0.308,39.175],[-0.312,39.174],[-0.309,39.17],[-0.305,39.162],[-0.306,39.155],[-0.304,39.153],[-0.304,39.148],[-0.307,39.145],[-0.31,39.137],[-0.316,39.135],[-0.318,39.128],[-0.316,39.124],[-0.321,39.118],[-0.321,39.112],[-0.324,39.112]]]}},{"type":"Feature","properties":{"id":"J18-36","idx":255,"name":"Río Júcar: río Verd - azud de la Marquesa","river":"Río Júcar","town":"Sueca","kind":"wb","area_km2":48.4,"up_area_km2":20472.3,"next":null,"terminal_unit":"J18-36","terminal":"sea","drains_to_sea":true,"n_upstream":134,"outlet":[-0.2682,39.177],"outlet_how":"cedex river x unit boundary","label":[-0.4481,39.181],"source":"CHJ PHJ 2022-2027 masas de agua superficial (cuenca)","merged_names":["Río Júcar: río Magro - Albalat de la Ribera","Río Júcar: río Verd - río Magro","Río Verd: Alzira - río Júcar"],"chj_codes":["18-36","18-33","18-32","18-31-01-02"]},"geometry":{"type":"MultiPolygon","coordinates":[[[[-0.498,39.206],[-0.486,39.204],[-0.482,39.201],[-0.463,39.201],[-0.454,39.202],[-0.451,39.2],[-0.451,39.196],[-0.446,39.194],[-0.445,39.189],[-0.441,39.185],[-0.429,39.182],[-0.429,39.185],[-0.421,39.187],[-0.421,39.184],[-0.417,39.182],[-0.421,39.177],[-0.418,39.177],[-0.421,39.172],[-0.421,39.159],[-0.425,39.161],[-0.427,39.165],[-0.431,39.163],[-0.437,39.166],[-0.438,39.16],[-0.446,39.157],[-0.449,39.154],[-0.45,39.161],[-0.455,39.16],[-0.456,39.164],[-0.47,39.175],[-0.473,39.179],[-0.477,39.18],[-0.483,39.184],[-0.489,39.186],[-0.489,39.19],[-0.495,39.193],[-0.495,39.201],[-0.498,39.206]]],[[[-0.412,39.185],[-0.414,39.187],[-0.42,39.187],[-0.422,39.19],[-0.419,39.199],[-0.423,39.205],[-0.431,39.207],[-0.452,39.207],[-0.452,39.211],[-0.455,39.213],[-0.458,39.211],[-0.461,39.213],[-0.461,39.226],[-0.459,39.231],[-0.459,39.236],[-0.458,39.235],[-0.445,39.235],[-0.441,39.232],[-0.441,39.229],[-0.437,39.227],[-0.432,39.227],[-0.43,39.219],[-0.425,39.217],[-0.425,39.214],[-0.42,39.21],[-0.412,39.21],[-0.411,39.208],[-0.406,39.208],[-0.405,39.21],[-0.398,39.21],[-0.396,39.206],[-0.39,39.205],[-0.388,39.209],[-0.377,39.209],[-0.37,39.204],[-0.359,39.204],[-0.355,39.208],[-0.344,39.211],[-0.342,39.209],[-0.349,39.203],[-0.355,39.203],[-0.36,39.199],[-0.369,39.2],[-0.372,39.202],[-0.381,39.204],[-0.385,39.199],[-0.391,39.2],[-0.392,39.203],[-0.397,39.204],[-0.401,39.201],[-0.402,39.203],[-0.409,39.204],[-0.407,39.189],[-0.412,39.185]]],[[[-0.514,39.248],[-0.51,39.242],[-0.507,39.242],[-0.508,39.236],[-0.506,39.232],[-0.503,39.231],[-0.496,39.235],[-0.491,39.235],[-0.49,39.237],[-0.484,39.239],[-0.48,39.242],[-0.469,39.241],[-0.475,39.245],[-0.482,39.245],[-0.484,39.242],[-0.498,39.242],[-0.5,39.244],[-0.509,39.243],[-0.514,39.248]]],[[[-0.309,39.17],[-0.312,39.174],[-0.308,39.175],[-0.311,39.179],[-0.313,39.185],[-0.309,39.189],[-0.31,39.191],[-0.315,39.191],[-0.319,39.193],[-0.32,39.197],[-0.323,39.199],[-0.324,39.203],[-0.329,39.205],[-0.336,39.203],[-0.34,39.205],[-0.34,39.208],[-0.337,39.206],[-0.326,39.206],[-0.323,39.205],[-0.319,39.211],[-0.306,39.208],[-0.304,39.209],[-0.297,39.203],[-0.295,39.196],[-0.29,39.189],[-0.287,39.187],[-0.281,39.187],[-0.27,39.192],[-0.273,39.183],[-0.277,39.181],[-0.269,39.179],[-0.268,39.177],[-0.279,39.178],[-0.28,39.174],[-0.286,39.171],[-0.285,39.167],[-0.288,39.164],[-0.299,39.164],[-0.303,39.17],[-0.309,39.17]]],[[[-0.254,39.197],[-0.243,39.199],[-0.246,39.192],[-0.248,39.191],[-0.252,39.183],[-0.252,39.18],[-0.256,39.176],[-0.261,39.178],[-0.261,39.183],[-0.259,39.184],[-0.254,39.197]]]]}},{"type":"Feature","properties":{"id":"J18-24","idx":256,"name":"Río Júcar: embalse de El Naranjero - embalse de Tous","river":"Río Júcar","town":"Dos Aguas","kind":"wb","area_km2":59.0,"up_area_km2":15818.6,"next":"J18-25","terminal_unit":"J18-36","terminal":"sea","drains_to_sea":true,"n_upstream":89,"outlet":[-0.785,39.266],"outlet_how":"cedex river x unit boundary","label":[-0.8125,39.2735],"source":"CHJ PHJ 2022-2027 masas de agua superficial (cuenca)","chj_codes":["18-24"]},"geometry":{"type":"Polygon","coordinates":[[[-0.842,39.242],[-0.847,39.241],[-0.85,39.245],[-0.858,39.244],[-0.859,39.247],[-0.87,39.247],[-0.878,39.248],[-0.878,39.252],[-0.882,39.257],[-0.88,39.26],[-0.872,39.261],[-0.871,39.259],[-0.866,39.26],[-0.864,39.263],[-0.858,39.267],[-0.85,39.267],[-0.848,39.269],[-0.848,39.276],[-0.853,39.277],[-0.867,39.277],[-0.867,39.281],[-0.872,39.285],[-0.877,39.286],[-0.88,39.29],[-0.89,39.29],[-0.893,39.294],[-0.891,39.295],[-0.892,39.301],[-0.889,39.302],[-0.887,39.306],[-0.882,39.306],[-0.876,39.308],[-0.876,39.31],[-0.871,39.31],[-0.869,39.308],[-0.861,39.306],[-0.847,39.306],[-0.845,39.308],[-0.827,39.308],[-0.823,39.306],[-0.818,39.307],[-0.807,39.307],[-0.802,39.306],[-0.796,39.309],[-0.793,39.307],[-0.785,39.307],[-0.784,39.305],[-0.767,39.305],[-0.767,39.298],[-0.762,39.289],[-0.76,39.288],[-0.76,39.283],[-0.762,39.278],[-0.766,39.279],[-0.766,39.282],[-0.772,39.283],[-0.777,39.28],[-0.777,39.271],[-0.785,39.27],[-0.786,39.259],[-0.79,39.258],[-0.792,39.247],[-0.795,39.243],[-0.806,39.242],[-0.808,39.245],[-0.816,39.244],[-0.82,39.24],[-0.834,39.239],[-0.842,39.242]]]}},{"type":"Feature","properties":{"id":"J19-01","idx":257,"name":"Río de Xeraco: cabecera - vía ferrocarril","river":"Río de Xeraco","town":"Tavernes de la Valldigna","kind":"wb","area_km2":78.7,"up_area_km2":78.7,"next":"J19-02","terminal_unit":"J19-02","terminal":"sea","drains_to_sea":true,"n_upstream":0,"outlet":[-0.226,39.0689],"outlet_how":"cedex river x unit boundary","label":[-0.3145,39.047],"source":"CHJ PHJ 2022-2027 masas de agua superficial (cuenca)","chj_codes":["19-01"]},"geometry":{"type":"MultiPolygon","coordinates":[[[[-0.371,39.049],[-0.375,39.054],[-0.385,39.055],[-0.386,39.062],[-0.381,39.064],[-0.38,39.069],[-0.373,39.071],[-0.371,39.076],[-0.37,39.077],[-0.36,39.076],[-0.359,39.082],[-0.357,39.084],[-0.351,39.083],[-0.35,39.081],[-0.345,39.081],[-0.343,39.085],[-0.336,39.089],[-0.337,39.097],[-0.334,39.099],[-0.329,39.099],[-0.317,39.092],[-0.311,39.092],[-0.309,39.088],[-0.306,39.088],[-0.301,39.083],[-0.294,39.083],[-0.292,39.085],[-0.286,39.08],[-0.281,39.082],[-0.273,39.082],[-0.272,39.084],[-0.262,39.084],[-0.255,39.087],[-0.252,39.086],[-0.248,39.085],[-0.247,39.082],[-0.235,39.083],[-0.229,39.081],[-0.225,39.078],[-0.224,39.07],[-0.226,39.068],[-0.231,39.069],[-0.238,39.066],[-0.241,39.067],[-0.254,39.067],[-0.263,39.068],[-0.271,39.066],[-0.282,39.058],[-0.282,39.051],[-0.275,39.051],[-0.267,39.049],[-0.261,39.046],[-0.259,39.042],[-0.261,39.039],[-0.266,39.037],[-0.264,39.031],[-0.266,39.028],[-0.27,39.029],[-0.273,39.024],[-0.276,39.023],[-0.276,39.018],[-0.279,39.014],[-0.271,39.01],[-0.276,39.005],[-0.276,38.998],[-0.284,38.998],[-0.286,38.996],[-0.294,39.0],[-0.299,39.0],[-0.302,38.996],[-0.313,38.996],[-0.321,38.997],[-0.322,39.001],[-0.326,39.003],[-0.327,39.007],[-0.321,39.009],[-0.32,39.017],[-0.324,39.017],[-0.325,39.02],[-0.329,39.02],[-0.334,39.026],[-0.338,39.025],[-0.342,39.028],[-0.347,39.029],[-0.347,39.037],[-0.352,39.037],[-0.355,39.04],[-0.356,39.045],[-0.366,39.045],[-0.366,39.048],[-0.371,39.049]]],[[[-0.199,39.06],[-0.201,39.06],[-0.2,39.055],[-0.207,39.055],[-0.212,39.067],[-0.214,39.068],[-0.215,39.074],[-0.217,39.075],[-0.217,39.08],[-0.211,39.085],[-0.202,39.068],[-0.199,39.06]]]]}},{"type":"Feature","properties":{"id":"J19-02","idx":258,"name":"Río de Xeraco: vía ferrocarril - mar","river":"Río de Xeraco","town":"Xeraco","kind":"wb","area_km2":41.1,"up_area_km2":119.9,"next":null,"terminal_unit":"J19-02","terminal":"sea","drains_to_sea":true,"n_upstream":1,"outlet":[-0.2068,39.047],"outlet_how":"cedex river","label":[-0.238,39.053],"source":"CHJ PHJ 2022-2027 masas de agua superficial (cuenca)","chj_codes":["19-02"]},"geometry":{"type":"Polygon","coordinates":[[[-0.252,39.086],[-0.253,39.089],[-0.258,39.092],[-0.258,39.1],[-0.249,39.1],[-0.245,39.102],[-0.239,39.102],[-0.233,39.091],[-0.226,39.084],[-0.22,39.089],[-0.213,39.09],[-0.211,39.085],[-0.217,39.08],[-0.217,39.075],[-0.215,39.074],[-0.214,39.068],[-0.212,39.067],[-0.207,39.055],[-0.2,39.055],[-0.201,39.06],[-0.199,39.06],[-0.189,39.046],[-0.187,39.041],[-0.181,39.032],[-0.186,39.031],[-0.196,39.031],[-0.204,39.027],[-0.209,39.027],[-0.214,39.024],[-0.227,39.026],[-0.23,39.024],[-0.239,39.022],[-0.243,39.02],[-0.244,39.016],[-0.248,39.015],[-0.25,39.012],[-0.254,39.012],[-0.263,39.007],[-0.271,39.01],[-0.279,39.014],[-0.276,39.018],[-0.276,39.023],[-0.273,39.024],[-0.27,39.029],[-0.266,39.028],[-0.264,39.031],[-0.266,39.037],[-0.261,39.039],[-0.259,39.042],[-0.261,39.046],[-0.267,39.049],[-0.275,39.051],[-0.282,39.051],[-0.282,39.058],[-0.271,39.066],[-0.263,39.068],[-0.254,39.067],[-0.241,39.067],[-0.238,39.066],[-0.231,39.069],[-0.226,39.068],[-0.224,39.07],[-0.225,39.078],[-0.229,39.081],[-0.235,39.083],[-0.247,39.082],[-0.248,39.085],[-0.252,39.086]]]}},{"type":"Feature","properties":{"id":"J20-01","idx":259,"name":"Barranco de Beniopa","river":"Barranco de Beniopa","town":"Benirredrà","kind":"wb","area_km2":33.8,"up_area_km2":33.8,"next":null,"terminal_unit":"J20-01","terminal":"sea","drains_to_sea":true,"n_upstream":0,"outlet":[-0.1604,38.993],"outlet_how":"cedex river x unit boundary","label":[-0.2384,38.982],"source":"CHJ PHJ 2022-2027 masas de agua superficial (cuenca)","chj_codes":["20-01"]},"geometry":{"type":"Polygon","coordinates":[[[-0.159,38.993],[-0.158,38.991],[-0.166,38.983],[-0.172,38.974],[-0.178,38.97],[-0.183,38.959],[-0.187,38.956],[-0.194,38.957],[-0.199,38.96],[-0.2,38.956],[-0.203,38.958],[-0.216,38.958],[-0.219,38.955],[-0.221,38.956],[-0.221,38.965],[-0.224,38.968],[-0.225,38.975],[-0.236,38.975],[-0.237,38.973],[-0.249,38.973],[-0.255,38.975],[-0.261,38.98],[-0.267,38.98],[-0.275,38.983],[-0.281,38.983],[-0.285,38.972],[-0.296,38.969],[-0.307,38.974],[-0.308,38.981],[-0.304,38.981],[-0.304,38.984],[-0.299,38.986],[-0.297,38.989],[-0.302,38.996],[-0.299,39.0],[-0.294,39.0],[-0.286,38.996],[-0.284,38.998],[-0.276,38.998],[-0.276,39.005],[-0.271,39.01],[-0.263,39.007],[-0.262,39.005],[-0.254,39.002],[-0.254,39.0],[-0.244,38.999],[-0.241,39.001],[-0.227,39.001],[-0.217,39.003],[-0.216,39.001],[-0.207,39.001],[-0.208,38.99],[-0.205,38.986],[-0.204,38.979],[-0.198,38.979],[-0.196,38.977],[-0.183,38.977],[-0.18,38.981],[-0.179,38.986],[-0.17,38.986],[-0.165,38.992],[-0.159,38.993]]]}},{"type":"Feature","properties":{"id":"J29-02-01-01","idx":260,"name":"Río Sella: cabecera - embalse de Amadorio","river":"Río Sella","town":"Orxeta","kind":"wb","area_km2":81.9,"up_area_km2":81.9,"next":"J29-02","terminal_unit":"J29-02","terminal":"sea","drains_to_sea":true,"n_upstream":0,"outlet":[-0.262,38.5567],"outlet_how":"cedex river x unit boundary","label":[-0.2704,38.606],"source":"CHJ PHJ 2022-2027 masas de agua superficial (cuenca)","chj_codes":["29-02-01-01"]},"geometry":{"type":"Polygon","coordinates":[[[-0.335,38.645],[-0.327,38.647],[-0.326,38.65],[-0.318,38.652],[-0.316,38.654],[-0.309,38.653],[-0.307,38.656],[-0.293,38.656],[-0.284,38.654],[-0.278,38.653],[-0.271,38.65],[-0.253,38.65],[-0.248,38.649],[-0.247,38.65],[-0.207,38.65],[-0.207,38.651],[-0.192,38.651],[-0.188,38.648],[-0.188,38.642],[-0.184,38.641],[-0.184,38.633],[-0.191,38.629],[-0.187,38.625],[-0.186,38.616],[-0.183,38.612],[-0.188,38.609],[-0.193,38.608],[-0.205,38.608],[-0.213,38.61],[-0.221,38.61],[-0.233,38.603],[-0.24,38.596],[-0.24,38.592],[-0.236,38.591],[-0.229,38.583],[-0.23,38.579],[-0.233,38.579],[-0.235,38.572],[-0.239,38.572],[-0.243,38.568],[-0.246,38.561],[-0.25,38.556],[-0.262,38.556],[-0.264,38.558],[-0.264,38.565],[-0.274,38.568],[-0.277,38.577],[-0.284,38.578],[-0.282,38.58],[-0.285,38.583],[-0.284,38.587],[-0.29,38.592],[-0.294,38.592],[-0.296,38.596],[-0.294,38.601],[-0.298,38.604],[-0.309,38.604],[-0.312,38.603],[-0.314,38.61],[-0.32,38.614],[-0.324,38.625],[-0.328,38.629],[-0.334,38.629],[-0.332,38.638],[-0.335,38.639],[-0.335,38.645]]]}},{"type":"Feature","properties":{"id":"J29-01","idx":261,"name":"Río Amadorio: cabecera - embalse de Amadorio","river":"Río Amadorio","town":"Relleu","kind":"wb","area_km2":103.3,"up_area_km2":103.3,"next":"J29-02","terminal_unit":"J29-02","terminal":"sea","drains_to_sea":true,"n_upstream":0,"outlet":[-0.273,38.5548],"outlet_how":"cedex river x unit boundary","label":[-0.341,38.59],"source":"CHJ PHJ 2022-2027 masas de agua superficial (cuenca)","chj_codes":["29-01"]},"geometry":{"type":"Polygon","coordinates":[[[-0.419,38.635],[-0.415,38.642],[-0.406,38.639],[-0.403,38.646],[-0.398,38.646],[-0.393,38.642],[-0.381,38.64],[-0.379,38.646],[-0.375,38.649],[-0.363,38.649],[-0.363,38.65],[-0.353,38.65],[-0.346,38.652],[-0.343,38.65],[-0.342,38.645],[-0.335,38.645],[-0.335,38.639],[-0.332,38.638],[-0.334,38.629],[-0.328,38.629],[-0.324,38.625],[-0.32,38.614],[-0.314,38.61],[-0.312,38.603],[-0.309,38.604],[-0.298,38.604],[-0.294,38.601],[-0.296,38.596],[-0.294,38.592],[-0.29,38.592],[-0.284,38.587],[-0.285,38.583],[-0.282,38.58],[-0.284,38.578],[-0.277,38.577],[-0.274,38.568],[-0.27,38.565],[-0.271,38.555],[-0.273,38.553],[-0.284,38.554],[-0.286,38.55],[-0.293,38.548],[-0.299,38.542],[-0.305,38.542],[-0.308,38.545],[-0.313,38.543],[-0.327,38.543],[-0.334,38.547],[-0.343,38.546],[-0.349,38.542],[-0.348,38.536],[-0.351,38.535],[-0.35,38.532],[-0.354,38.529],[-0.356,38.532],[-0.36,38.533],[-0.362,38.538],[-0.368,38.537],[-0.389,38.537],[-0.394,38.533],[-0.4,38.54],[-0.395,38.55],[-0.396,38.556],[-0.394,38.559],[-0.397,38.563],[-0.404,38.565],[-0.404,38.569],[-0.408,38.574],[-0.396,38.581],[-0.392,38.588],[-0.398,38.593],[-0.393,38.594],[-0.391,38.601],[-0.393,38.602],[-0.393,38.607],[-0.401,38.611],[-0.403,38.615],[-0.401,38.619],[-0.407,38.624],[-0.407,38.626],[-0.413,38.629],[-0.415,38.635],[-0.419,38.635]]]}},{"type":"Feature","properties":{"id":"J22-01A","idx":262,"name":"Rambla Gallinera: cabecera - autopista AP-7","river":"Rambla Gallinera","town":"la Vall de Gallinera","kind":"wb","area_km2":66.6,"up_area_km2":66.6,"next":"J23-01B","terminal_unit":"J23-01B","terminal":"sea","drains_to_sea":true,"n_upstream":0,"outlet":[-0.109,38.9016],"outlet_how":"cedex river x unit boundary","label":[-0.1926,38.8565],"source":"CHJ PHJ 2022-2027 masas de agua superficial (cuenca)","chj_codes":["22-01A"]},"geometry":{"type":"Polygon","coordinates":[[[-0.299,38.817],[-0.297,38.82],[-0.29,38.822],[-0.289,38.824],[-0.281,38.825],[-0.277,38.829],[-0.269,38.831],[-0.267,38.834],[-0.258,38.834],[-0.253,38.836],[-0.253,38.842],[-0.251,38.846],[-0.253,38.847],[-0.254,38.853],[-0.25,38.854],[-0.247,38.858],[-0.244,38.861],[-0.238,38.862],[-0.229,38.864],[-0.223,38.869],[-0.217,38.867],[-0.205,38.868],[-0.195,38.874],[-0.191,38.874],[-0.186,38.88],[-0.165,38.88],[-0.16,38.884],[-0.16,38.888],[-0.157,38.894],[-0.153,38.898],[-0.145,38.902],[-0.141,38.907],[-0.129,38.906],[-0.124,38.9],[-0.119,38.9],[-0.119,38.902],[-0.109,38.902],[-0.109,38.9],[-0.114,38.896],[-0.114,38.894],[-0.119,38.89],[-0.12,38.886],[-0.13,38.881],[-0.131,38.878],[-0.138,38.875],[-0.14,38.871],[-0.139,38.867],[-0.134,38.867],[-0.134,38.863],[-0.129,38.862],[-0.133,38.857],[-0.141,38.856],[-0.141,38.853],[-0.145,38.852],[-0.151,38.854],[-0.161,38.854],[-0.164,38.849],[-0.173,38.846],[-0.174,38.834],[-0.177,38.83],[-0.186,38.829],[-0.193,38.827],[-0.202,38.82],[-0.211,38.817],[-0.213,38.814],[-0.222,38.813],[-0.226,38.811],[-0.252,38.811],[-0.254,38.809],[-0.264,38.809],[-0.265,38.807],[-0.271,38.805],[-0.281,38.805],[-0.289,38.807],[-0.293,38.814],[-0.297,38.814],[-0.299,38.817]]]}},{"type":"Feature","properties":{"id":"J21-07-01-01A","idx":263,"name":"Río Pinet: cabecera - río de Vernissa","river":"Río Pinet","town":"Llutxent","kind":"wb","area_km2":41.6,"up_area_km2":41.6,"next":"J21-07-01-02A","terminal_unit":"J21-07A","terminal":"sea","drains_to_sea":true,"n_upstream":0,"outlet":[-0.323,38.9085],"outlet_how":"cedex river x unit boundary","label":[-0.3295,38.958],"source":"CHJ PHJ 2022-2027 masas de agua superficial (cuenca)","chj_codes":["21-07-01-01A"]},"geometry":{"type":"Polygon","coordinates":[[[-0.36,38.961],[-0.352,38.964],[-0.351,38.983],[-0.353,38.984],[-0.355,38.99],[-0.355,38.996],[-0.352,39.001],[-0.344,39.005],[-0.333,39.005],[-0.332,39.007],[-0.327,39.007],[-0.326,39.003],[-0.322,39.001],[-0.321,38.997],[-0.313,38.996],[-0.302,38.996],[-0.297,38.989],[-0.299,38.986],[-0.304,38.984],[-0.304,38.981],[-0.308,38.981],[-0.307,38.974],[-0.296,38.969],[-0.296,38.965],[-0.3,38.964],[-0.298,38.961],[-0.299,38.955],[-0.305,38.95],[-0.304,38.944],[-0.306,38.941],[-0.317,38.94],[-0.321,38.934],[-0.328,38.933],[-0.325,38.927],[-0.325,38.916],[-0.323,38.915],[-0.323,38.908],[-0.332,38.91],[-0.334,38.912],[-0.34,38.913],[-0.34,38.915],[-0.347,38.92],[-0.359,38.919],[-0.36,38.923],[-0.368,38.923],[-0.368,38.925],[-0.363,38.928],[-0.365,38.939],[-0.362,38.945],[-0.369,38.946],[-0.365,38.948],[-0.361,38.955],[-0.36,38.961]]]}},{"type":"Feature","properties":{"id":"J21-07-01-02A","idx":264,"name":"Río de Vernissa: cabecera- río Serpis","river":"Río de Vernissa","town":"Palma de Gandía","kind":"wb","area_km2":108.2,"up_area_km2":149.9,"next":"J21-07A","terminal_unit":"J21-07A","terminal":"sea","drains_to_sea":true,"n_upstream":1,"outlet":[-0.1925,38.941],"outlet_how":"cedex river x unit boundary","label":[-0.269,38.9195],"source":"CHJ PHJ 2022-2027 masas de agua superficial (cuenca)","chj_codes":["21-07-01-02A"]},"geometry":{"type":"Polygon","coordinates":[[[-0.351,38.856],[-0.369,38.856],[-0.374,38.858],[-0.373,38.87],[-0.367,38.876],[-0.367,38.879],[-0.363,38.884],[-0.365,38.884],[-0.364,38.892],[-0.367,38.896],[-0.37,38.896],[-0.372,38.9],[-0.373,38.911],[-0.38,38.912],[-0.376,38.922],[-0.368,38.923],[-0.36,38.923],[-0.359,38.919],[-0.347,38.92],[-0.34,38.915],[-0.34,38.913],[-0.334,38.912],[-0.332,38.91],[-0.323,38.908],[-0.323,38.915],[-0.325,38.916],[-0.325,38.927],[-0.328,38.933],[-0.321,38.934],[-0.317,38.94],[-0.306,38.941],[-0.304,38.944],[-0.305,38.95],[-0.299,38.955],[-0.298,38.961],[-0.3,38.964],[-0.296,38.965],[-0.296,38.969],[-0.285,38.972],[-0.281,38.983],[-0.275,38.983],[-0.267,38.98],[-0.261,38.98],[-0.255,38.975],[-0.249,38.973],[-0.237,38.973],[-0.236,38.975],[-0.225,38.975],[-0.224,38.968],[-0.221,38.965],[-0.221,38.956],[-0.219,38.955],[-0.219,38.951],[-0.213,38.949],[-0.212,38.943],[-0.207,38.941],[-0.207,38.939],[-0.198,38.94],[-0.196,38.942],[-0.192,38.941],[-0.194,38.938],[-0.194,38.933],[-0.199,38.927],[-0.204,38.927],[-0.204,38.925],[-0.211,38.924],[-0.213,38.921],[-0.213,38.914],[-0.211,38.913],[-0.211,38.908],[-0.214,38.906],[-0.219,38.906],[-0.221,38.904],[-0.221,38.898],[-0.226,38.895],[-0.23,38.896],[-0.245,38.896],[-0.249,38.898],[-0.254,38.898],[-0.261,38.896],[-0.261,38.894],[-0.273,38.891],[-0.288,38.891],[-0.294,38.889],[-0.303,38.89],[-0.307,38.884],[-0.311,38.884],[-0.317,38.879],[-0.322,38.877],[-0.318,38.874],[-0.317,38.868],[-0.324,38.866],[-0.326,38.863],[-0.337,38.864],[-0.34,38.862],[-0.351,38.861],[-0.351,38.856]]]}},{"type":"Feature","properties":{"id":"J23-01B","idx":265,"name":"Río del Vedat: cabecera - mar","river":"Río del Vedat","town":"l'Atzúbia","kind":"wb","area_km2":62.4,"up_area_km2":159.3,"next":null,"terminal_unit":"J23-01B","terminal":"sea","drains_to_sea":true,"n_upstream":2,"outlet":[-0.0628,38.9053],"outlet_how":"cedex river","label":[-0.0923,38.8735],"source":"CHJ PHJ 2022-2027 masas de agua superficial (cuenca)","merged_names":["Rambla Gallinera: autopista AP-7 - mar","Marjal de Pego-Oliva","Río del Vedat: cabecera - manantial de Les Aigües"],"chj_codes":["23-01B","22-02","L16","24-01B","23-01A"]},"geometry":{"type":"Polygon","coordinates":[[[-0.177,38.83],[-0.174,38.834],[-0.173,38.846],[-0.164,38.849],[-0.161,38.854],[-0.151,38.854],[-0.145,38.852],[-0.141,38.853],[-0.141,38.856],[-0.133,38.857],[-0.129,38.862],[-0.134,38.863],[-0.134,38.867],[-0.139,38.867],[-0.14,38.871],[-0.138,38.875],[-0.131,38.878],[-0.13,38.881],[-0.12,38.886],[-0.119,38.89],[-0.114,38.894],[-0.114,38.896],[-0.109,38.9],[-0.109,38.902],[-0.119,38.902],[-0.119,38.9],[-0.124,38.9],[-0.129,38.906],[-0.123,38.91],[-0.119,38.91],[-0.111,38.918],[-0.104,38.919],[-0.093,38.932],[-0.088,38.927],[-0.083,38.924],[-0.08,38.92],[-0.073,38.914],[-0.064,38.908],[-0.058,38.902],[-0.046,38.893],[-0.049,38.895],[-0.051,38.893],[-0.047,38.892],[-0.05,38.887],[-0.055,38.89],[-0.062,38.891],[-0.063,38.893],[-0.069,38.893],[-0.065,38.89],[-0.057,38.887],[-0.056,38.885],[-0.048,38.882],[-0.049,38.876],[-0.044,38.872],[-0.03,38.868],[-0.027,38.864],[-0.033,38.863],[-0.039,38.858],[-0.041,38.85],[-0.043,38.85],[-0.044,38.844],[-0.05,38.849],[-0.052,38.853],[-0.057,38.853],[-0.061,38.858],[-0.059,38.86],[-0.061,38.864],[-0.073,38.869],[-0.074,38.871],[-0.083,38.868],[-0.087,38.862],[-0.093,38.859],[-0.105,38.859],[-0.112,38.852],[-0.114,38.847],[-0.118,38.843],[-0.118,38.839],[-0.121,38.839],[-0.121,38.834],[-0.126,38.833],[-0.126,38.827],[-0.123,38.824],[-0.127,38.821],[-0.128,38.815],[-0.135,38.817],[-0.147,38.817],[-0.148,38.815],[-0.153,38.815],[-0.155,38.817],[-0.165,38.817],[-0.17,38.82],[-0.17,38.823],[-0.177,38.83]]]}},{"type":"Feature","properties":{"id":"J24-01A","idx":266,"name":"Barranco de Benigànim","river":"Barranco de Benigànim","town":"Pego","kind":"wb","area_km2":30.3,"up_area_km2":30.3,"next":"J23-01B","terminal_unit":"J23-01B","terminal":"sea","drains_to_sea":true,"n_upstream":0,"outlet":[-0.057,38.8534],"outlet_how":"cedex river x unit boundary","label":[-0.0918,38.8355],"source":"CHJ PHJ 2022-2027 masas de agua superficial (cuenca)","chj_codes":["24-01A"]},"geometry":{"type":"Polygon","coordinates":[[[-0.128,38.815],[-0.127,38.821],[-0.123,38.824],[-0.126,38.827],[-0.126,38.833],[-0.121,38.834],[-0.121,38.839],[-0.118,38.839],[-0.118,38.843],[-0.114,38.847],[-0.112,38.852],[-0.105,38.859],[-0.093,38.859],[-0.087,38.862],[-0.083,38.868],[-0.074,38.871],[-0.073,38.869],[-0.061,38.864],[-0.059,38.86],[-0.061,38.858],[-0.057,38.853],[-0.052,38.853],[-0.05,38.849],[-0.044,38.844],[-0.04,38.842],[-0.04,38.839],[-0.046,38.838],[-0.048,38.836],[-0.061,38.841],[-0.066,38.838],[-0.062,38.835],[-0.063,38.831],[-0.067,38.828],[-0.074,38.828],[-0.08,38.822],[-0.08,38.82],[-0.089,38.814],[-0.09,38.808],[-0.095,38.808],[-0.097,38.806],[-0.105,38.804],[-0.106,38.802],[-0.119,38.801],[-0.123,38.803],[-0.125,38.808],[-0.124,38.812],[-0.128,38.815]]]}},{"type":"Feature","properties":{"id":"J24-02","idx":267,"name":"Río del Molinell","river":"Río del Molinell","town":"el Verger","kind":"wb","area_km2":22.4,"up_area_km2":22.4,"next":null,"terminal_unit":"J24-02","terminal":"sea","drains_to_sea":true,"n_upstream":0,"outlet":[0.0076,38.8664],"outlet_how":"cedex river","label":[-0.011,38.8605],"source":"CHJ PHJ 2022-2027 masas de agua superficial (cuenca)","chj_codes":["24-02"]},"geometry":{"type":"Polygon","coordinates":[[[-0.044,38.844],[-0.043,38.85],[-0.041,38.85],[-0.039,38.858],[-0.033,38.863],[-0.027,38.864],[-0.03,38.868],[-0.044,38.872],[-0.049,38.876],[-0.048,38.882],[-0.056,38.885],[-0.057,38.887],[-0.065,38.89],[-0.069,38.893],[-0.063,38.893],[-0.062,38.891],[-0.055,38.89],[-0.05,38.887],[-0.047,38.892],[-0.051,38.893],[-0.049,38.895],[-0.046,38.893],[-0.04,38.887],[-0.036,38.887],[-0.027,38.88],[-0.023,38.879],[-0.014,38.872],[-0.002,38.87],[-0.002,38.869],[0.01,38.867],[0.014,38.865],[0.014,38.857],[0.012,38.854],[0.012,38.849],[0.009,38.849],[0.009,38.841],[0.007,38.84],[0.006,38.833],[0.007,38.83],[0.003,38.832],[-0.002,38.831],[-0.003,38.827],[-0.01,38.827],[-0.016,38.83],[-0.016,38.833],[-0.022,38.838],[-0.028,38.833],[-0.034,38.833],[-0.036,38.839],[-0.04,38.839],[-0.04,38.842],[-0.044,38.844]]]}},{"type":"Feature","properties":{"id":"J25-01","idx":268,"name":"Río Girona: cabecera - embalse de Isbert","river":"Río Girona","town":"la Vall de Laguar","kind":"wb","area_km2":54.6,"up_area_km2":54.6,"next":"J25-02B","terminal_unit":"J25-02B","terminal":"sea","drains_to_sea":true,"n_upstream":0,"outlet":[-0.102,38.7859],"outlet_how":"cedex river x unit boundary","label":[-0.1868,38.799],"source":"CHJ PHJ 2022-2027 masas de agua superficial (cuenca)","chj_codes":["25-01"]},"geometry":{"type":"Polygon","coordinates":[[[-0.243,38.784],[-0.25,38.783],[-0.25,38.787],[-0.257,38.791],[-0.264,38.791],[-0.267,38.796],[-0.267,38.803],[-0.265,38.807],[-0.264,38.809],[-0.254,38.809],[-0.252,38.811],[-0.226,38.811],[-0.222,38.813],[-0.213,38.814],[-0.211,38.817],[-0.202,38.82],[-0.193,38.827],[-0.186,38.829],[-0.177,38.83],[-0.17,38.823],[-0.17,38.82],[-0.165,38.817],[-0.155,38.817],[-0.153,38.815],[-0.148,38.815],[-0.147,38.817],[-0.135,38.817],[-0.128,38.815],[-0.124,38.812],[-0.125,38.808],[-0.123,38.803],[-0.119,38.801],[-0.106,38.802],[-0.107,38.797],[-0.105,38.794],[-0.1,38.793],[-0.103,38.789],[-0.102,38.785],[-0.105,38.785],[-0.105,38.781],[-0.109,38.781],[-0.112,38.776],[-0.116,38.773],[-0.115,38.766],[-0.126,38.766],[-0.126,38.767],[-0.136,38.767],[-0.136,38.768],[-0.149,38.768],[-0.157,38.769],[-0.158,38.778],[-0.16,38.78],[-0.165,38.78],[-0.165,38.778],[-0.175,38.777],[-0.178,38.78],[-0.186,38.78],[-0.186,38.782],[-0.198,38.789],[-0.202,38.785],[-0.204,38.787],[-0.21,38.788],[-0.211,38.79],[-0.221,38.789],[-0.222,38.787],[-0.234,38.787],[-0.234,38.785],[-0.243,38.784]]]}},{"type":"Feature","properties":{"id":"J25-02B","idx":269,"name":"Río Girona: embalse de Isbert - mar","river":"Río Girona","town":"els Poblets","kind":"wb","area_km2":57.9,"up_area_km2":112.5,"next":null,"terminal_unit":"J25-02B","terminal":"sea","drains_to_sea":true,"n_upstream":1,"outlet":[0.0001,38.8231],"outlet_how":"cedex river","label":[-0.0502,38.812],"source":"CHJ PHJ 2022-2027 masas de agua superficial (cuenca)","merged_names":["Río Girona: embalse de Isbert - barranco de la Bolata"],"chj_codes":["25-02B","25-02A"]},"geometry":{"type":"Polygon","coordinates":[[[-0.106,38.802],[-0.105,38.804],[-0.097,38.806],[-0.095,38.808],[-0.09,38.808],[-0.089,38.814],[-0.08,38.82],[-0.08,38.822],[-0.074,38.828],[-0.067,38.828],[-0.063,38.831],[-0.062,38.835],[-0.066,38.838],[-0.061,38.841],[-0.048,38.836],[-0.046,38.838],[-0.04,38.839],[-0.036,38.839],[-0.034,38.833],[-0.028,38.833],[-0.022,38.838],[-0.016,38.833],[-0.016,38.83],[-0.01,38.827],[-0.003,38.827],[-0.002,38.831],[0.003,38.832],[0.007,38.83],[0.006,38.833],[0.007,38.84],[0.009,38.841],[0.009,38.849],[0.012,38.849],[0.012,38.854],[0.014,38.857],[0.014,38.865],[0.025,38.865],[0.033,38.862],[0.033,38.856],[0.031,38.853],[0.031,38.848],[0.029,38.844],[0.025,38.843],[0.023,38.837],[0.016,38.837],[0.013,38.825],[0.009,38.825],[0.009,38.821],[0.004,38.818],[-0.002,38.817],[-0.008,38.813],[-0.014,38.811],[-0.017,38.805],[-0.021,38.806],[-0.024,38.799],[-0.031,38.791],[-0.027,38.78],[-0.022,38.779],[-0.026,38.774],[-0.027,38.772],[-0.032,38.773],[-0.032,38.77],[-0.041,38.768],[-0.044,38.763],[-0.048,38.76],[-0.053,38.76],[-0.055,38.765],[-0.063,38.765],[-0.067,38.767],[-0.067,38.772],[-0.074,38.771],[-0.074,38.773],[-0.08,38.774],[-0.092,38.765],[-0.109,38.765],[-0.115,38.766],[-0.116,38.773],[-0.112,38.776],[-0.109,38.781],[-0.105,38.781],[-0.105,38.785],[-0.102,38.785],[-0.103,38.789],[-0.1,38.793],[-0.105,38.794],[-0.107,38.797],[-0.106,38.802]]]}},{"type":"Feature","properties":{"id":"J26-01","idx":270,"name":"Barranco de l'Alberca","river":"Barranco de l'Alberca","town":"Pedreguer","kind":"wb","area_km2":52.9,"up_area_km2":52.9,"next":null,"terminal_unit":"J26-01","terminal":"sea","drains_to_sea":true,"n_upstream":0,"outlet":[0.0437,38.8604],"outlet_how":"cedex river","label":[0.0226,38.8085],"source":"CHJ PHJ 2022-2027 masas de agua superficial (cuenca)","chj_codes":["26-01"]},"geometry":{"type":"Polygon","coordinates":[[[-0.026,38.774],[-0.022,38.779],[-0.027,38.78],[-0.031,38.791],[-0.024,38.799],[-0.021,38.806],[-0.017,38.805],[-0.014,38.811],[-0.008,38.813],[-0.002,38.817],[0.004,38.818],[0.009,38.821],[0.009,38.825],[0.013,38.825],[0.016,38.837],[0.023,38.837],[0.025,38.843],[0.029,38.844],[0.031,38.848],[0.031,38.853],[0.033,38.856],[0.033,38.862],[0.034,38.861],[0.044,38.861],[0.045,38.862],[0.045,38.86],[0.053,38.861],[0.058,38.853],[0.055,38.853],[0.055,38.844],[0.05,38.838],[0.044,38.837],[0.043,38.831],[0.048,38.831],[0.048,38.826],[0.059,38.823],[0.061,38.815],[0.06,38.803],[0.063,38.803],[0.065,38.796],[0.071,38.793],[0.076,38.793],[0.078,38.795],[0.082,38.79],[0.082,38.781],[0.079,38.778],[0.073,38.778],[0.073,38.782],[0.063,38.782],[0.059,38.78],[0.05,38.781],[0.045,38.777],[0.04,38.776],[0.035,38.772],[0.02,38.773],[0.016,38.774],[0.012,38.77],[0.007,38.77],[0.005,38.768],[0.0,38.768],[-0.001,38.764],[-0.01,38.762],[-0.011,38.759],[-0.017,38.76],[-0.017,38.766],[-0.02,38.767],[-0.02,38.773],[-0.026,38.774]]]}},{"type":"Feature","properties":{"id":"J27-01A","idx":271,"name":"Río Gorgos: cabecera - Murla","river":"Río Gorgos","town":"Benigembla","kind":"wb","area_km2":105.4,"up_area_km2":105.4,"next":"J27-01B","terminal_unit":"J27-02","terminal":"sea","drains_to_sea":true,"n_upstream":0,"outlet":[-0.087,38.7562],"outlet_how":"cedex river x unit boundary","label":[-0.1705,38.7445],"source":"CHJ PHJ 2022-2027 masas de agua superficial (cuenca)","chj_codes":["27-01A"]},"geometry":{"type":"Polygon","coordinates":[[[-0.275,38.716],[-0.269,38.721],[-0.27,38.727],[-0.274,38.73],[-0.274,38.735],[-0.268,38.741],[-0.264,38.743],[-0.25,38.744],[-0.249,38.747],[-0.263,38.746],[-0.269,38.752],[-0.273,38.752],[-0.273,38.758],[-0.276,38.761],[-0.268,38.767],[-0.268,38.77],[-0.263,38.77],[-0.259,38.768],[-0.254,38.775],[-0.249,38.775],[-0.248,38.773],[-0.243,38.774],[-0.243,38.784],[-0.234,38.785],[-0.234,38.787],[-0.222,38.787],[-0.221,38.789],[-0.211,38.79],[-0.21,38.788],[-0.204,38.787],[-0.202,38.785],[-0.198,38.789],[-0.186,38.782],[-0.186,38.78],[-0.178,38.78],[-0.175,38.777],[-0.165,38.778],[-0.165,38.78],[-0.16,38.78],[-0.158,38.778],[-0.157,38.769],[-0.149,38.768],[-0.136,38.768],[-0.136,38.767],[-0.126,38.767],[-0.126,38.766],[-0.115,38.766],[-0.109,38.765],[-0.092,38.765],[-0.09,38.764],[-0.091,38.758],[-0.087,38.757],[-0.085,38.754],[-0.086,38.749],[-0.091,38.745],[-0.092,38.74],[-0.096,38.738],[-0.098,38.729],[-0.097,38.728],[-0.099,38.726],[-0.106,38.727],[-0.11,38.724],[-0.116,38.724],[-0.118,38.722],[-0.122,38.723],[-0.133,38.721],[-0.141,38.721],[-0.143,38.724],[-0.149,38.721],[-0.151,38.711],[-0.162,38.711],[-0.167,38.708],[-0.169,38.702],[-0.176,38.7],[-0.176,38.698],[-0.182,38.699],[-0.19,38.703],[-0.196,38.703],[-0.201,38.705],[-0.205,38.71],[-0.214,38.711],[-0.231,38.714],[-0.234,38.716],[-0.243,38.715],[-0.253,38.718],[-0.259,38.718],[-0.26,38.716],[-0.275,38.716]]]}},{"type":"Feature","properties":{"id":"J27-01B","idx":272,"name":"Río Gorgos: Murla - barranco del Cresol","river":"Río Gorgos","town":"Xaló","kind":"wb","area_km2":76.6,"up_area_km2":182.0,"next":"J27-02","terminal_unit":"J27-02","terminal":"sea","drains_to_sea":true,"n_upstream":1,"outlet":[0.0432,38.76],"outlet_how":"cedex river x unit boundary","label":[-0.0352,38.7285],"source":"CHJ PHJ 2022-2027 masas de agua superficial (cuenca)","chj_codes":["27-01B"]},"geometry":{"type":"Polygon","coordinates":[[[-0.04,38.686],[-0.046,38.688],[-0.05,38.683],[-0.056,38.683],[-0.055,38.687],[-0.062,38.688],[-0.058,38.702],[-0.054,38.71],[-0.05,38.713],[-0.05,38.716],[-0.055,38.716],[-0.059,38.719],[-0.059,38.723],[-0.09,38.723],[-0.097,38.728],[-0.098,38.729],[-0.096,38.738],[-0.092,38.74],[-0.091,38.745],[-0.086,38.749],[-0.085,38.754],[-0.087,38.757],[-0.091,38.758],[-0.09,38.764],[-0.092,38.765],[-0.08,38.774],[-0.074,38.773],[-0.074,38.771],[-0.067,38.772],[-0.067,38.767],[-0.063,38.765],[-0.055,38.765],[-0.053,38.76],[-0.048,38.76],[-0.044,38.763],[-0.041,38.768],[-0.032,38.77],[-0.032,38.773],[-0.027,38.772],[-0.026,38.774],[-0.02,38.773],[-0.02,38.767],[-0.017,38.766],[-0.017,38.76],[-0.011,38.759],[-0.01,38.762],[-0.001,38.764],[0.0,38.768],[0.005,38.768],[0.007,38.77],[0.012,38.77],[0.016,38.774],[0.02,38.773],[0.035,38.772],[0.039,38.77],[0.038,38.763],[0.04,38.761],[0.046,38.76],[0.047,38.758],[0.047,38.748],[0.045,38.743],[0.042,38.743],[0.042,38.739],[0.035,38.738],[0.035,38.73],[0.027,38.73],[0.027,38.728],[0.022,38.722],[0.013,38.721],[0.006,38.71],[-0.004,38.698],[-0.008,38.697],[-0.015,38.697],[-0.02,38.695],[-0.023,38.691],[-0.03,38.688],[-0.031,38.686],[-0.04,38.686]]]}},{"type":"Feature","properties":{"id":"J27-02","idx":273,"name":"Río Gorgos: barranco del Cresol - mar","river":"Río Gorgos","town":"Xàbia","kind":"wb","area_km2":99.8,"up_area_km2":281.8,"next":null,"terminal_unit":"J27-02","terminal":"sea","drains_to_sea":true,"n_upstream":2,"outlet":[0.1821,38.7915],"outlet_how":"cedex river","label":[0.105,38.7535],"source":"CHJ PHJ 2022-2027 masas de agua superficial (cuenca)","chj_codes":["27-02"]},"geometry":{"type":"Polygon","coordinates":[[[0.035,38.772],[0.04,38.776],[0.045,38.777],[0.05,38.781],[0.059,38.78],[0.063,38.782],[0.073,38.782],[0.073,38.778],[0.079,38.778],[0.082,38.781],[0.082,38.79],[0.078,38.795],[0.084,38.803],[0.088,38.803],[0.091,38.806],[0.096,38.807],[0.096,38.813],[0.108,38.813],[0.111,38.811],[0.116,38.811],[0.118,38.808],[0.125,38.807],[0.133,38.801],[0.136,38.802],[0.146,38.802],[0.147,38.8],[0.153,38.801],[0.153,38.803],[0.162,38.804],[0.163,38.8],[0.176,38.801],[0.176,38.797],[0.18,38.792],[0.184,38.792],[0.184,38.791],[0.18,38.79],[0.178,38.784],[0.175,38.784],[0.174,38.778],[0.167,38.778],[0.166,38.774],[0.163,38.774],[0.161,38.77],[0.161,38.764],[0.159,38.764],[0.16,38.759],[0.163,38.759],[0.163,38.749],[0.162,38.745],[0.156,38.742],[0.159,38.734],[0.161,38.733],[0.16,38.725],[0.161,38.721],[0.157,38.719],[0.157,38.724],[0.151,38.729],[0.138,38.73],[0.135,38.727],[0.124,38.728],[0.121,38.734],[0.11,38.733],[0.11,38.729],[0.105,38.723],[0.099,38.721],[0.097,38.713],[0.097,38.707],[0.099,38.704],[0.099,38.699],[0.097,38.697],[0.084,38.697],[0.081,38.693],[0.08,38.699],[0.082,38.7],[0.082,38.706],[0.08,38.709],[0.076,38.709],[0.075,38.712],[0.063,38.716],[0.05,38.716],[0.044,38.714],[0.035,38.707],[0.026,38.706],[0.019,38.709],[0.006,38.71],[0.013,38.721],[0.022,38.722],[0.027,38.728],[0.027,38.73],[0.035,38.73],[0.035,38.738],[0.042,38.739],[0.042,38.743],[0.045,38.743],[0.047,38.748],[0.047,38.758],[0.046,38.76],[0.04,38.761],[0.038,38.763],[0.039,38.77],[0.035,38.772]]]}},{"type":"Feature","properties":{"id":"J17-01","idx":274,"name":"Barranco Picassent: cabecera - parque natural de l'Albufera","river":"Barranco Picassent","town":"Catarroja","kind":"wb","area_km2":114.6,"up_area_km2":114.6,"next":"J17-02","terminal_unit":"JL06","terminal":"sea","drains_to_sea":true,"n_upstream":0,"outlet":[-0.399,39.3824],"outlet_how":"cedex river x unit boundary","label":[-0.5025,39.372],"source":"CHJ PHJ 2022-2027 masas de agua superficial (cuenca)","chj_codes":["17-01"]},"geometry":{"type":"Polygon","coordinates":[[[-0.584,39.378],[-0.577,39.382],[-0.57,39.383],[-0.561,39.381],[-0.559,39.383],[-0.549,39.383],[-0.549,39.381],[-0.537,39.381],[-0.527,39.387],[-0.521,39.388],[-0.519,39.393],[-0.514,39.394],[-0.513,39.397],[-0.5,39.402],[-0.5,39.407],[-0.494,39.409],[-0.49,39.417],[-0.489,39.428],[-0.483,39.431],[-0.476,39.429],[-0.471,39.431],[-0.465,39.425],[-0.452,39.426],[-0.45,39.428],[-0.45,39.434],[-0.448,39.437],[-0.443,39.436],[-0.442,39.431],[-0.434,39.431],[-0.43,39.428],[-0.43,39.425],[-0.426,39.421],[-0.422,39.421],[-0.42,39.417],[-0.414,39.412],[-0.405,39.412],[-0.402,39.41],[-0.4,39.405],[-0.396,39.403],[-0.386,39.402],[-0.39,39.397],[-0.395,39.387],[-0.4,39.382],[-0.402,39.378],[-0.412,39.377],[-0.418,39.374],[-0.426,39.373],[-0.429,39.364],[-0.45,39.364],[-0.454,39.361],[-0.454,39.355],[-0.457,39.35],[-0.462,39.348],[-0.463,39.343],[-0.468,39.342],[-0.468,39.338],[-0.475,39.337],[-0.478,39.333],[-0.482,39.333],[-0.487,39.33],[-0.498,39.327],[-0.497,39.32],[-0.5,39.314],[-0.503,39.312],[-0.514,39.313],[-0.518,39.315],[-0.529,39.314],[-0.529,39.31],[-0.529,39.308],[-0.536,39.306],[-0.538,39.31],[-0.543,39.314],[-0.542,39.317],[-0.548,39.325],[-0.556,39.328],[-0.557,39.338],[-0.56,39.338],[-0.561,39.345],[-0.563,39.347],[-0.572,39.348],[-0.576,39.35],[-0.58,39.356],[-0.578,39.357],[-0.58,39.363],[-0.574,39.365],[-0.577,39.371],[-0.582,39.374],[-0.581,39.377],[-0.584,39.378]]]}},{"type":"Feature","properties":{"id":"J17-02","idx":275,"name":"Barranco Picassent: parque natural de l'Albufera - lago de l'Albufera","river":"Barranco Picassent","town":"Silla","kind":"wb","area_km2":57.8,"up_area_km2":172.4,"next":"JL06","terminal_unit":"JL06","terminal":"sea","drains_to_sea":true,"n_upstream":1,"outlet":[-0.3553,39.359],"outlet_how":"cedex river x unit boundary","label":[-0.404,39.3595],"source":"CHJ PHJ 2022-2027 masas de agua superficial (cuenca)","chj_codes":["17-02"]},"geometry":{"type":"MultiPolygon","coordinates":[[[[-0.386,39.402],[-0.371,39.399],[-0.364,39.394],[-0.36,39.385],[-0.36,39.376],[-0.357,39.369],[-0.349,39.363],[-0.349,39.36],[-0.359,39.359],[-0.365,39.355],[-0.381,39.353],[-0.382,39.342],[-0.39,39.339],[-0.389,39.335],[-0.395,39.33],[-0.402,39.326],[-0.402,39.322],[-0.399,39.316],[-0.407,39.316],[-0.409,39.321],[-0.416,39.326],[-0.418,39.331],[-0.423,39.334],[-0.427,39.334],[-0.428,39.329],[-0.439,39.329],[-0.441,39.333],[-0.445,39.329],[-0.452,39.329],[-0.455,39.325],[-0.46,39.325],[-0.462,39.332],[-0.468,39.338],[-0.468,39.342],[-0.463,39.343],[-0.462,39.348],[-0.457,39.35],[-0.454,39.355],[-0.454,39.361],[-0.45,39.364],[-0.429,39.364],[-0.426,39.373],[-0.418,39.374],[-0.412,39.377],[-0.402,39.378],[-0.4,39.382],[-0.395,39.387],[-0.39,39.397],[-0.386,39.402]]],[[[-0.344,39.288],[-0.344,39.281],[-0.342,39.28],[-0.345,39.273],[-0.345,39.269],[-0.352,39.27],[-0.359,39.274],[-0.361,39.277],[-0.369,39.281],[-0.38,39.28],[-0.386,39.285],[-0.387,39.288],[-0.402,39.288],[-0.405,39.29],[-0.407,39.298],[-0.415,39.298],[-0.42,39.303],[-0.414,39.307],[-0.409,39.307],[-0.406,39.31],[-0.403,39.309],[-0.401,39.302],[-0.393,39.303],[-0.39,39.298],[-0.384,39.293],[-0.374,39.289],[-0.37,39.286],[-0.365,39.285],[-0.351,39.285],[-0.344,39.288]]],[[[-0.292,39.311],[-0.299,39.305],[-0.297,39.299],[-0.297,39.292],[-0.3,39.289],[-0.305,39.289],[-0.311,39.299],[-0.317,39.299],[-0.326,39.295],[-0.332,39.295],[-0.317,39.311],[-0.315,39.311],[-0.307,39.318],[-0.296,39.32],[-0.292,39.311]]]]}},{"type":"Feature","properties":{"id":"J11-01","idx":276,"name":"Río Veo: embalse de Onda - mar","river":"Río Veo","town":"Vila-real","kind":"wb","area_km2":266.0,"up_area_km2":266.0,"next":null,"terminal_unit":"J11-01","terminal":"sea","drains_to_sea":true,"n_upstream":0,"outlet":[-0.0525,39.8781],"outlet_how":"cedex river","label":[-0.2447,39.9295],"source":"CHJ PHJ 2022-2027 masas de agua superficial (cuenca)","chj_codes":["11-01"]},"geometry":{"type":"Polygon","coordinates":[[[-0.411,39.938],[-0.406,39.938],[-0.4,39.935],[-0.395,39.935],[-0.395,39.939],[-0.391,39.942],[-0.385,39.942],[-0.38,39.953],[-0.375,39.953],[-0.372,39.961],[-0.368,39.963],[-0.368,39.97],[-0.365,39.974],[-0.361,39.974],[-0.357,39.981],[-0.349,39.978],[-0.347,39.975],[-0.342,39.98],[-0.333,39.979],[-0.33,39.985],[-0.325,39.985],[-0.321,39.988],[-0.309,39.987],[-0.303,39.989],[-0.301,39.994],[-0.292,39.996],[-0.29,39.999],[-0.286,39.998],[-0.278,40.002],[-0.274,39.999],[-0.266,39.998],[-0.263,39.994],[-0.251,39.994],[-0.247,39.99],[-0.239,39.989],[-0.233,39.987],[-0.229,39.981],[-0.226,39.983],[-0.205,39.983],[-0.203,39.978],[-0.195,39.979],[-0.191,39.977],[-0.177,39.978],[-0.175,39.975],[-0.169,39.974],[-0.163,39.971],[-0.16,39.967],[-0.155,39.969],[-0.148,39.967],[-0.147,39.965],[-0.139,39.964],[-0.135,39.96],[-0.121,39.959],[-0.119,39.957],[-0.113,39.958],[-0.112,39.956],[-0.107,39.956],[-0.105,39.954],[-0.095,39.951],[-0.09,39.948],[-0.089,39.942],[-0.079,39.935],[-0.078,39.931],[-0.073,39.927],[-0.072,39.924],[-0.064,39.922],[-0.058,39.917],[-0.055,39.908],[-0.051,39.907],[-0.044,39.902],[-0.041,39.902],[-0.039,39.897],[-0.034,39.893],[-0.045,39.883],[-0.055,39.876],[-0.063,39.868],[-0.067,39.858],[-0.067,39.862],[-0.073,39.864],[-0.083,39.867],[-0.086,39.87],[-0.09,39.87],[-0.097,39.876],[-0.101,39.877],[-0.103,39.88],[-0.107,39.879],[-0.105,39.884],[-0.109,39.884],[-0.109,39.887],[-0.114,39.889],[-0.114,39.891],[-0.121,39.894],[-0.121,39.9],[-0.132,39.899],[-0.135,39.91],[-0.148,39.911],[-0.156,39.915],[-0.165,39.916],[-0.168,39.918],[-0.173,39.918],[-0.174,39.92],[-0.181,39.921],[-0.185,39.924],[-0.192,39.925],[-0.194,39.922],[-0.199,39.924],[-0.205,39.923],[-0.205,39.925],[-0.217,39.925],[-0.218,39.918],[-0.224,39.913],[-0.236,39.912],[-0.234,39.903],[-0.235,39.901],[-0.241,39.901],[-0.244,39.898],[-0.245,39.892],[-0.244,39.887],[-0.236,39.885],[-0.241,39.878],[-0.24,39.872],[-0.242,39.871],[-0.242,39.866],[-0.251,39.865],[-0.253,39.867],[-0.259,39.867],[-0.262,39.869],[-0.267,39.869],[-0.271,39.871],[-0.285,39.871],[-0.286,39.867],[-0.293,39.864],[-0.297,39.867],[-0.302,39.868],[-0.313,39.868],[-0.317,39.865],[-0.325,39.866],[-0.327,39.873],[-0.332,39.873],[-0.337,39.875],[-0.346,39.875],[-0.347,39.877],[-0.36,39.878],[-0.362,39.88],[-0.359,39.887],[-0.359,39.893],[-0.361,39.898],[-0.368,39.898],[-0.376,39.901],[-0.38,39.906],[-0.386,39.907],[-0.389,39.911],[-0.389,39.916],[-0.391,39.92],[-0.398,39.92],[-0.399,39.922],[-0.406,39.923],[-0.413,39.928],[-0.414,39.934],[-0.417,39.936],[-0.411,39.938]]]}},{"type":"Feature","properties":{"id":"J12-01","idx":277,"name":"Río Belcaire","river":"Río Belcaire","town":"la Vall d'Uixó","kind":"wb","area_km2":98.5,"up_area_km2":98.5,"next":null,"terminal_unit":"J12-01","terminal":"sea","drains_to_sea":true,"n_upstream":0,"outlet":[-0.2186,39.8067],"outlet_how":"cedex river","label":[-0.2937,39.821],"source":"CHJ PHJ 2022-2027 masas de agua superficial (cuenca)","chj_codes":["12-01"]},"geometry":{"type":"Polygon","coordinates":[[[-0.314,39.775],[-0.321,39.779],[-0.324,39.784],[-0.332,39.785],[-0.333,39.787],[-0.339,39.787],[-0.341,39.789],[-0.347,39.789],[-0.351,39.792],[-0.35,39.802],[-0.352,39.802],[-0.354,39.809],[-0.354,39.814],[-0.357,39.818],[-0.362,39.819],[-0.364,39.824],[-0.361,39.824],[-0.361,39.829],[-0.356,39.831],[-0.346,39.832],[-0.342,39.829],[-0.337,39.829],[-0.331,39.824],[-0.321,39.824],[-0.316,39.823],[-0.314,39.832],[-0.319,39.833],[-0.311,39.837],[-0.309,39.842],[-0.302,39.842],[-0.302,39.848],[-0.299,39.853],[-0.291,39.858],[-0.293,39.864],[-0.286,39.867],[-0.285,39.871],[-0.271,39.871],[-0.267,39.869],[-0.262,39.869],[-0.259,39.867],[-0.253,39.867],[-0.251,39.865],[-0.242,39.866],[-0.239,39.865],[-0.241,39.859],[-0.24,39.856],[-0.241,39.849],[-0.248,39.845],[-0.246,39.84],[-0.242,39.836],[-0.237,39.836],[-0.231,39.832],[-0.228,39.826],[-0.226,39.826],[-0.224,39.819],[-0.214,39.819],[-0.213,39.817],[-0.189,39.817],[-0.189,39.818],[-0.175,39.818],[-0.169,39.815],[-0.167,39.812],[-0.159,39.812],[-0.159,39.802],[-0.156,39.799],[-0.144,39.794],[-0.14,39.799],[-0.133,39.799],[-0.132,39.796],[-0.144,39.779],[-0.15,39.772],[-0.157,39.774],[-0.158,39.776],[-0.164,39.778],[-0.17,39.783],[-0.175,39.79],[-0.181,39.795],[-0.181,39.8],[-0.185,39.803],[-0.185,39.808],[-0.195,39.809],[-0.199,39.808],[-0.201,39.802],[-0.207,39.797],[-0.207,39.794],[-0.213,39.792],[-0.222,39.791],[-0.226,39.793],[-0.239,39.792],[-0.247,39.785],[-0.256,39.785],[-0.256,39.78],[-0.261,39.774],[-0.275,39.77],[-0.282,39.775],[-0.289,39.775],[-0.295,39.78],[-0.304,39.779],[-0.304,39.776],[-0.308,39.774],[-0.314,39.775]]]}},{"type":"Feature","properties":{"id":"J04-01","idx":278,"name":"Barranco de Agua Oliva","river":"Barranco de Agua Oliva","town":"Sant Jordi","kind":"wb","area_km2":99.8,"up_area_km2":99.8,"next":null,"terminal_unit":"J04-01","terminal":"sea","drains_to_sea":true,"n_upstream":0,"outlet":[0.4536,40.4427],"outlet_how":"cedex river","label":[0.383,40.4885],"source":"CHJ PHJ 2022-2027 masas de agua superficial (cuenca)","chj_codes":["04-01"]},"geometry":{"type":"Polygon","coordinates":[[[0.189,40.508],[0.196,40.51],[0.229,40.51],[0.231,40.514],[0.235,40.514],[0.24,40.519],[0.237,40.521],[0.239,40.524],[0.248,40.524],[0.254,40.529],[0.257,40.529],[0.262,40.535],[0.265,40.536],[0.265,40.54],[0.27,40.544],[0.278,40.544],[0.282,40.539],[0.284,40.534],[0.288,40.534],[0.289,40.53],[0.3,40.53],[0.306,40.535],[0.314,40.536],[0.316,40.54],[0.321,40.538],[0.328,40.538],[0.331,40.54],[0.339,40.539],[0.351,40.539],[0.364,40.536],[0.368,40.533],[0.375,40.533],[0.38,40.529],[0.382,40.525],[0.39,40.522],[0.39,40.519],[0.395,40.517],[0.396,40.513],[0.401,40.513],[0.404,40.507],[0.404,40.503],[0.41,40.5],[0.416,40.5],[0.424,40.493],[0.428,40.493],[0.437,40.483],[0.437,40.478],[0.441,40.476],[0.445,40.465],[0.454,40.461],[0.462,40.461],[0.465,40.458],[0.46,40.449],[0.456,40.444],[0.447,40.437],[0.444,40.432],[0.436,40.433],[0.43,40.44],[0.425,40.444],[0.418,40.447],[0.414,40.447],[0.412,40.45],[0.407,40.452],[0.402,40.458],[0.398,40.459],[0.395,40.463],[0.388,40.467],[0.379,40.467],[0.373,40.474],[0.364,40.474],[0.361,40.476],[0.351,40.479],[0.35,40.484],[0.337,40.484],[0.337,40.487],[0.333,40.489],[0.327,40.489],[0.324,40.493],[0.319,40.494],[0.316,40.505],[0.312,40.506],[0.308,40.51],[0.301,40.511],[0.294,40.505],[0.294,40.5],[0.285,40.495],[0.284,40.491],[0.281,40.491],[0.279,40.487],[0.277,40.489],[0.271,40.49],[0.27,40.487],[0.263,40.487],[0.26,40.489],[0.252,40.488],[0.249,40.491],[0.242,40.49],[0.238,40.492],[0.237,40.49],[0.232,40.494],[0.224,40.497],[0.223,40.499],[0.212,40.499],[0.205,40.505],[0.2,40.505],[0.197,40.508],[0.189,40.508]]]}},{"type":"Feature","properties":{"id":"J02-01","idx":279,"name":"Barranco de la Barbiguera","river":"Barranco de la Barbiguera","town":null,"kind":"wb","area_km2":70.2,"up_area_km2":70.2,"next":null,"terminal_unit":"J02-01","terminal":"sea","drains_to_sea":true,"n_upstream":0,"outlet":[0.4952,40.492],"outlet_how":"cedex river","label":[0.3825,40.5545],"source":"CHJ PHJ 2022-2027 masas de agua superficial (cuenca)","chj_codes":["02-01"]},"geometry":{"type":"Polygon","coordinates":[[[0.282,40.625],[0.289,40.622],[0.298,40.623],[0.301,40.619],[0.306,40.618],[0.317,40.611],[0.326,40.611],[0.334,40.609],[0.339,40.606],[0.34,40.604],[0.35,40.6],[0.356,40.594],[0.364,40.591],[0.366,40.588],[0.378,40.585],[0.383,40.581],[0.395,40.578],[0.4,40.574],[0.404,40.574],[0.407,40.571],[0.411,40.571],[0.412,40.567],[0.416,40.564],[0.416,40.561],[0.423,40.558],[0.428,40.552],[0.429,40.548],[0.436,40.546],[0.442,40.54],[0.447,40.538],[0.451,40.532],[0.455,40.531],[0.456,40.527],[0.462,40.521],[0.467,40.52],[0.471,40.516],[0.478,40.515],[0.484,40.51],[0.498,40.51],[0.5,40.508],[0.507,40.507],[0.507,40.504],[0.5,40.499],[0.495,40.489],[0.492,40.489],[0.489,40.484],[0.487,40.487],[0.48,40.492],[0.469,40.491],[0.465,40.495],[0.464,40.501],[0.459,40.505],[0.458,40.509],[0.455,40.511],[0.444,40.512],[0.437,40.518],[0.426,40.52],[0.425,40.522],[0.418,40.526],[0.418,40.536],[0.411,40.537],[0.401,40.537],[0.401,40.538],[0.391,40.538],[0.387,40.54],[0.386,40.538],[0.376,40.539],[0.376,40.54],[0.365,40.54],[0.362,40.543],[0.356,40.545],[0.35,40.545],[0.345,40.547],[0.341,40.553],[0.337,40.556],[0.339,40.559],[0.338,40.564],[0.33,40.566],[0.326,40.57],[0.318,40.57],[0.315,40.575],[0.313,40.575],[0.308,40.58],[0.303,40.581],[0.298,40.587],[0.295,40.594],[0.29,40.6],[0.29,40.604],[0.285,40.608],[0.283,40.614],[0.282,40.625]]]}},{"type":"Feature","properties":{"id":"J08-01","idx":280,"name":"Río de Xinxilla","river":"Río de Xinxilla","town":null,"kind":"wb","area_km2":42.3,"up_area_km2":42.3,"next":null,"terminal_unit":"J08-01","terminal":"sea","drains_to_sea":true,"n_upstream":0,"outlet":[0.1516,40.1041],"outlet_how":"cedex river","label":[0.0796,40.106],"source":"CHJ PHJ 2022-2027 masas de agua superficial (cuenca)","chj_codes":["08-01"]},"geometry":{"type":"Polygon","coordinates":[[[0.032,40.086],[0.032,40.09],[0.026,40.095],[0.024,40.1],[0.038,40.112],[0.039,40.116],[0.037,40.119],[0.042,40.12],[0.044,40.123],[0.052,40.12],[0.053,40.124],[0.057,40.127],[0.067,40.127],[0.075,40.125],[0.074,40.121],[0.081,40.12],[0.087,40.125],[0.092,40.131],[0.099,40.132],[0.102,40.134],[0.109,40.134],[0.113,40.132],[0.127,40.132],[0.129,40.127],[0.134,40.127],[0.135,40.125],[0.145,40.129],[0.151,40.129],[0.153,40.126],[0.16,40.121],[0.157,40.113],[0.151,40.103],[0.144,40.104],[0.143,40.102],[0.139,40.105],[0.129,40.107],[0.125,40.102],[0.112,40.101],[0.11,40.098],[0.106,40.097],[0.106,40.09],[0.091,40.087],[0.086,40.083],[0.073,40.083],[0.064,40.082],[0.059,40.079],[0.054,40.076],[0.045,40.076],[0.043,40.081],[0.037,40.087],[0.032,40.086]]]}},{"type":"Feature","properties":{"id":"J09-01","idx":281,"name":"Río Sec: cabecera - autopista AP-7","river":"Río Sec","town":"Borriol","kind":"wb","area_km2":51.8,"up_area_km2":51.8,"next":"J09-02","terminal_unit":"J09-02","terminal":"sea","drains_to_sea":true,"n_upstream":0,"outlet":[-0.081,39.9935],"outlet_how":"cedex river x unit boundary","label":[-0.069,40.0445],"source":"CHJ PHJ 2022-2027 masas de agua superficial (cuenca)","chj_codes":["09-01"]},"geometry":{"type":"Polygon","coordinates":[[[-0.062,40.089],[-0.06,40.091],[-0.047,40.091],[-0.041,40.09],[-0.039,40.088],[-0.027,40.088],[-0.025,40.094],[-0.02,40.096],[-0.013,40.096],[-0.009,40.098],[-0.008,40.091],[-0.009,40.081],[-0.007,40.081],[-0.006,40.076],[0.0,40.073],[0.002,40.07],[-0.001,40.068],[-0.002,40.064],[-0.005,40.064],[-0.011,40.057],[-0.014,40.056],[-0.016,40.048],[-0.025,40.047],[-0.026,40.045],[-0.033,40.044],[-0.038,40.039],[-0.043,40.037],[-0.042,40.03],[-0.045,40.027],[-0.055,40.027],[-0.066,40.026],[-0.067,40.024],[-0.073,40.024],[-0.075,40.02],[-0.081,40.02],[-0.085,40.016],[-0.09,40.017],[-0.092,40.014],[-0.077,40.0],[-0.082,39.992],[-0.085,39.991],[-0.09,39.991],[-0.093,39.998],[-0.097,39.998],[-0.097,40.005],[-0.102,40.007],[-0.101,40.011],[-0.104,40.011],[-0.11,40.021],[-0.105,40.023],[-0.105,40.025],[-0.113,40.03],[-0.109,40.032],[-0.109,40.035],[-0.105,40.036],[-0.108,40.04],[-0.109,40.048],[-0.102,40.052],[-0.102,40.056],[-0.089,40.064],[-0.083,40.071],[-0.077,40.074],[-0.068,40.075],[-0.062,40.085],[-0.062,40.089]]]}},{"type":"Feature","properties":{"id":"J07-02-01-01","idx":282,"name":"Rambla de Seguer","river":"Rambla de Seguer","town":null,"kind":"wb","area_km2":44.8,"up_area_km2":44.8,"next":"J07-02B","terminal_unit":"J07-02B","terminal":"sea","drains_to_sea":true,"n_upstream":0,"outlet":[0.235,40.2336],"outlet_how":"cedex river x unit boundary","label":[0.1372,40.22],"source":"CHJ PHJ 2022-2027 masas de agua superficial (cuenca)","chj_codes":["07-02-01-01"]},"geometry":{"type":"Polygon","coordinates":[[[0.092,40.219],[0.095,40.216],[0.112,40.214],[0.11,40.217],[0.111,40.221],[0.117,40.221],[0.131,40.224],[0.132,40.231],[0.138,40.24],[0.144,40.244],[0.143,40.248],[0.148,40.251],[0.149,40.254],[0.158,40.255],[0.16,40.253],[0.167,40.254],[0.167,40.256],[0.173,40.257],[0.175,40.26],[0.173,40.266],[0.178,40.266],[0.183,40.262],[0.184,40.258],[0.188,40.258],[0.193,40.255],[0.195,40.248],[0.2,40.245],[0.21,40.245],[0.219,40.244],[0.222,40.242],[0.226,40.235],[0.231,40.235],[0.233,40.233],[0.221,40.233],[0.22,40.238],[0.215,40.238],[0.209,40.234],[0.198,40.234],[0.194,40.236],[0.19,40.231],[0.184,40.231],[0.18,40.226],[0.173,40.222],[0.169,40.222],[0.161,40.219],[0.161,40.212],[0.158,40.206],[0.146,40.206],[0.145,40.198],[0.14,40.196],[0.138,40.192],[0.134,40.191],[0.134,40.187],[0.13,40.187],[0.123,40.181],[0.122,40.177],[0.111,40.177],[0.107,40.178],[0.101,40.177],[0.099,40.174],[0.093,40.173],[0.083,40.175],[0.081,40.178],[0.081,40.184],[0.079,40.185],[0.082,40.191],[0.088,40.192],[0.088,40.202],[0.082,40.205],[0.083,40.21],[0.08,40.211],[0.084,40.214],[0.086,40.218],[0.092,40.219]]]}},{"type":"Feature","properties":{"id":"J06-01","idx":283,"name":"Rambla d'Alcalà","river":"Rambla d'Alcalà","town":"Benicarló","kind":"wb","area_km2":172.4,"up_area_km2":172.4,"next":null,"terminal_unit":"J06-01","terminal":"sea","drains_to_sea":true,"n_upstream":0,"outlet":[0.4204,40.4028],"outlet_how":"cedex river","label":[0.2696,40.364],"source":"CHJ PHJ 2022-2027 masas de agua superficial (cuenca)","chj_codes":["06-01"]},"geometry":{"type":"Polygon","coordinates":[[[0.216,40.416],[0.22,40.416],[0.221,40.413],[0.229,40.412],[0.233,40.407],[0.236,40.406],[0.253,40.406],[0.259,40.407],[0.26,40.411],[0.267,40.411],[0.272,40.414],[0.278,40.414],[0.278,40.417],[0.284,40.424],[0.286,40.422],[0.304,40.422],[0.311,40.42],[0.316,40.415],[0.324,40.415],[0.325,40.413],[0.339,40.409],[0.34,40.417],[0.35,40.424],[0.354,40.424],[0.356,40.427],[0.356,40.436],[0.361,40.437],[0.369,40.441],[0.37,40.446],[0.374,40.449],[0.38,40.451],[0.386,40.449],[0.386,40.447],[0.394,40.44],[0.396,40.436],[0.399,40.435],[0.4,40.429],[0.403,40.431],[0.412,40.432],[0.416,40.428],[0.42,40.42],[0.425,40.42],[0.426,40.417],[0.431,40.412],[0.42,40.402],[0.412,40.401],[0.409,40.398],[0.404,40.397],[0.39,40.397],[0.382,40.4],[0.371,40.399],[0.368,40.394],[0.368,40.389],[0.365,40.388],[0.36,40.382],[0.355,40.382],[0.354,40.377],[0.349,40.372],[0.349,40.369],[0.345,40.366],[0.344,40.361],[0.349,40.357],[0.341,40.351],[0.33,40.35],[0.33,40.348],[0.325,40.348],[0.32,40.341],[0.314,40.34],[0.313,40.337],[0.304,40.33],[0.303,40.324],[0.295,40.323],[0.293,40.325],[0.284,40.325],[0.28,40.323],[0.28,40.32],[0.272,40.32],[0.27,40.316],[0.263,40.313],[0.261,40.309],[0.255,40.307],[0.255,40.3],[0.258,40.297],[0.254,40.289],[0.25,40.287],[0.249,40.28],[0.247,40.278],[0.244,40.28],[0.238,40.28],[0.238,40.282],[0.231,40.282],[0.226,40.288],[0.214,40.289],[0.209,40.288],[0.201,40.288],[0.198,40.292],[0.199,40.297],[0.196,40.298],[0.193,40.306],[0.188,40.309],[0.191,40.311],[0.195,40.319],[0.197,40.32],[0.201,40.327],[0.207,40.329],[0.207,40.331],[0.213,40.334],[0.213,40.339],[0.211,40.339],[0.21,40.347],[0.205,40.35],[0.208,40.351],[0.209,40.356],[0.204,40.358],[0.202,40.362],[0.198,40.362],[0.186,40.369],[0.186,40.377],[0.188,40.382],[0.184,40.385],[0.186,40.391],[0.191,40.395],[0.19,40.404],[0.192,40.405],[0.204,40.404],[0.206,40.412],[0.21,40.416],[0.216,40.416]]]}},{"type":"Feature","properties":{"id":"J09-02","idx":284,"name":"Río Sec: autopista AP-7 - mar","river":"Río Sec","town":null,"kind":"wb","area_km2":80.6,"up_area_km2":132.4,"next":null,"terminal_unit":"J09-02","terminal":"sea","drains_to_sea":true,"n_upstream":1,"outlet":[0.0319,40.0018],"outlet_how":"cedex river","label":[0.0029,40.032],"source":"CHJ PHJ 2022-2027 masas de agua superficial (cuenca)","chj_codes":["09-02"]},"geometry":{"type":"Polygon","coordinates":[[[0.002,40.07],[0.006,40.073],[0.01,40.073],[0.019,40.079],[0.022,40.079],[0.024,40.083],[0.028,40.086],[0.032,40.086],[0.037,40.087],[0.043,40.081],[0.045,40.076],[0.054,40.076],[0.059,40.079],[0.061,40.078],[0.061,40.066],[0.054,40.064],[0.054,40.062],[0.049,40.058],[0.044,40.059],[0.044,40.053],[0.05,40.05],[0.05,40.047],[0.046,40.046],[0.045,40.038],[0.049,40.034],[0.041,40.016],[0.037,40.013],[0.035,40.004],[0.031,39.999],[0.028,39.998],[0.027,39.994],[0.02,39.983],[0.02,39.979],[0.024,39.977],[0.015,39.976],[0.013,39.98],[0.003,39.984],[-0.008,39.984],[-0.01,39.981],[-0.018,39.983],[-0.028,39.984],[-0.034,39.987],[-0.062,39.987],[-0.063,39.985],[-0.074,39.985],[-0.079,39.989],[-0.082,39.987],[-0.085,39.991],[-0.082,39.992],[-0.077,40.0],[-0.092,40.014],[-0.09,40.017],[-0.085,40.016],[-0.081,40.02],[-0.075,40.02],[-0.073,40.024],[-0.067,40.024],[-0.066,40.026],[-0.055,40.027],[-0.045,40.027],[-0.042,40.03],[-0.043,40.037],[-0.038,40.039],[-0.033,40.044],[-0.026,40.045],[-0.025,40.047],[-0.016,40.048],[-0.014,40.056],[-0.011,40.057],[-0.005,40.064],[-0.002,40.064],[-0.001,40.068],[0.002,40.07]]]}},{"type":"Feature","properties":{"id":"JL09","idx":285,"name":"Laguna Ojos de Villaverde","river":"Laguna Ojos de Villaverde","town":"El Ballestero","kind":"wb","area_km2":65.7,"up_area_km2":65.7,"next":"J18-14-01-02","terminal_unit":"J18-36","terminal":"sea","drains_to_sea":true,"n_upstream":0,"outlet":[-2.3683,38.803],"outlet_how":"cedex river x unit boundary","label":[-2.4134,38.854],"source":"CHJ PHJ 2022-2027 masas de agua superficial (cuenca)","chj_codes":["L09"]},"geometry":{"type":"Polygon","coordinates":[[[-2.446,38.883],[-2.448,38.885],[-2.446,38.892],[-2.436,38.892],[-2.434,38.897],[-2.431,38.891],[-2.425,38.891],[-2.424,38.889],[-2.419,38.889],[-2.417,38.892],[-2.413,38.893],[-2.413,38.897],[-2.409,38.901],[-2.404,38.901],[-2.403,38.903],[-2.399,38.9],[-2.401,38.899],[-2.397,38.893],[-2.391,38.888],[-2.391,38.879],[-2.385,38.877],[-2.382,38.873],[-2.378,38.874],[-2.366,38.874],[-2.36,38.882],[-2.351,38.883],[-2.355,38.874],[-2.36,38.875],[-2.363,38.873],[-2.363,38.863],[-2.367,38.861],[-2.362,38.861],[-2.36,38.857],[-2.357,38.857],[-2.359,38.851],[-2.356,38.849],[-2.359,38.846],[-2.359,38.842],[-2.348,38.835],[-2.343,38.835],[-2.343,38.827],[-2.349,38.823],[-2.356,38.823],[-2.359,38.821],[-2.358,38.813],[-2.361,38.813],[-2.363,38.804],[-2.375,38.802],[-2.377,38.799],[-2.388,38.799],[-2.392,38.801],[-2.391,38.808],[-2.395,38.812],[-2.398,38.82],[-2.403,38.821],[-2.403,38.824],[-2.408,38.827],[-2.412,38.832],[-2.412,38.836],[-2.42,38.841],[-2.421,38.844],[-2.426,38.844],[-2.427,38.841],[-2.436,38.834],[-2.448,38.835],[-2.45,38.837],[-2.456,38.836],[-2.457,38.838],[-2.464,38.838],[-2.468,38.841],[-2.473,38.841],[-2.472,38.844],[-2.469,38.85],[-2.468,38.864],[-2.462,38.866],[-2.456,38.87],[-2.455,38.877],[-2.449,38.878],[-2.446,38.883]]]}},{"type":"Feature","properties":{"id":"JL10","idx":286,"name":"Laguna de Ontalafia","river":"Laguna de Ontalafia","town":"Pozohondo","kind":"wb","area_km2":110.4,"up_area_km2":110.4,"next":null,"terminal_unit":"JL10","terminal":"endo","drains_to_sea":false,"n_upstream":0,"outlet":[-1.821,38.6625],"outlet_how":"cedex river","label":[-1.841,38.694],"source":"CHJ PHJ 2022-2027 masas de agua superficial (cuenca)","chj_codes":["L10"]},"geometry":{"type":"Polygon","coordinates":[[[-1.732,38.73],[-1.737,38.728],[-1.738,38.725],[-1.744,38.721],[-1.747,38.721],[-1.748,38.717],[-1.752,38.714],[-1.754,38.709],[-1.761,38.705],[-1.767,38.7],[-1.773,38.7],[-1.776,38.697],[-1.776,38.692],[-1.78,38.683],[-1.786,38.68],[-1.787,38.67],[-1.785,38.666],[-1.785,38.66],[-1.78,38.657],[-1.788,38.647],[-1.796,38.648],[-1.799,38.644],[-1.805,38.644],[-1.807,38.642],[-1.817,38.641],[-1.819,38.645],[-1.824,38.643],[-1.83,38.643],[-1.833,38.648],[-1.839,38.648],[-1.842,38.65],[-1.844,38.66],[-1.848,38.663],[-1.85,38.662],[-1.859,38.663],[-1.861,38.668],[-1.866,38.672],[-1.873,38.672],[-1.878,38.676],[-1.887,38.675],[-1.891,38.678],[-1.89,38.682],[-1.893,38.682],[-1.897,38.687],[-1.904,38.687],[-1.906,38.69],[-1.906,38.696],[-1.904,38.699],[-1.912,38.699],[-1.916,38.702],[-1.916,38.706],[-1.927,38.706],[-1.931,38.709],[-1.936,38.71],[-1.938,38.711],[-1.935,38.722],[-1.928,38.724],[-1.927,38.727],[-1.916,38.733],[-1.911,38.733],[-1.905,38.73],[-1.904,38.733],[-1.898,38.733],[-1.894,38.738],[-1.889,38.737],[-1.879,38.737],[-1.875,38.734],[-1.863,38.733],[-1.861,38.732],[-1.847,38.731],[-1.842,38.732],[-1.832,38.732],[-1.828,38.735],[-1.829,38.739],[-1.826,38.739],[-1.823,38.743],[-1.811,38.743],[-1.809,38.739],[-1.799,38.737],[-1.799,38.73],[-1.792,38.73],[-1.783,38.724],[-1.78,38.729],[-1.775,38.733],[-1.775,38.74],[-1.771,38.741],[-1.768,38.745],[-1.763,38.743],[-1.754,38.743],[-1.753,38.741],[-1.747,38.741],[-1.741,38.737],[-1.736,38.737],[-1.732,38.73]]]}},{"type":"Feature","properties":{"id":"JL15","idx":287,"name":"Marjal de La Safor","river":"Marjal de La Safor","town":"Xeresa","kind":"wb","area_km2":29.3,"up_area_km2":29.3,"next":null,"terminal_unit":"JL15","terminal":"sea","drains_to_sea":true,"n_upstream":0,"outlet":[-0.2419,39.0055],"outlet_how":"cedex river","label":[-0.2101,39.0045],"source":"CHJ PHJ 2022-2027 masas de agua superficial (cuenca)","chj_codes":["L15"]},"geometry":{"type":"Polygon","coordinates":[[[-0.152,38.997],[-0.159,38.993],[-0.165,38.992],[-0.17,38.986],[-0.179,38.986],[-0.18,38.981],[-0.183,38.977],[-0.196,38.977],[-0.198,38.979],[-0.204,38.979],[-0.205,38.986],[-0.208,38.99],[-0.207,39.001],[-0.216,39.001],[-0.217,39.003],[-0.227,39.001],[-0.241,39.001],[-0.244,38.999],[-0.254,39.0],[-0.254,39.002],[-0.262,39.005],[-0.263,39.007],[-0.254,39.012],[-0.25,39.012],[-0.248,39.015],[-0.244,39.016],[-0.243,39.02],[-0.239,39.022],[-0.23,39.024],[-0.227,39.026],[-0.214,39.024],[-0.209,39.027],[-0.204,39.027],[-0.196,39.031],[-0.186,39.031],[-0.181,39.032],[-0.177,39.026],[-0.168,39.016],[-0.168,39.014],[-0.159,39.004],[-0.155,38.997],[-0.152,38.997]]]}},{"type":"Feature","properties":{"id":"JL17","idx":288,"name":"Els Bassars - Clot de Galvany","river":"Els Bassars - Clot de Galvany","town":null,"kind":"wb","area_km2":45.5,"up_area_km2":45.5,"next":null,"terminal_unit":"JL17","terminal":"endo","drains_to_sea":false,"n_upstream":0,"outlet":[-0.5283,38.2163],"outlet_how":"cedex river","label":[-0.5923,38.2695],"source":"CHJ PHJ 2022-2027 masas de agua superficial (cuenca)","chj_codes":["L17"]},"geometry":{"type":"Polygon","coordinates":[[[-0.642,38.327],[-0.64,38.325],[-0.632,38.324],[-0.613,38.324],[-0.612,38.323],[-0.612,38.318],[-0.608,38.317],[-0.606,38.309],[-0.603,38.308],[-0.604,38.304],[-0.599,38.304],[-0.593,38.3],[-0.59,38.285],[-0.584,38.281],[-0.584,38.277],[-0.581,38.275],[-0.581,38.271],[-0.577,38.269],[-0.578,38.265],[-0.567,38.265],[-0.558,38.263],[-0.556,38.258],[-0.552,38.258],[-0.551,38.255],[-0.544,38.256],[-0.536,38.254],[-0.531,38.258],[-0.527,38.258],[-0.525,38.254],[-0.521,38.255],[-0.52,38.251],[-0.52,38.241],[-0.515,38.239],[-0.518,38.235],[-0.523,38.233],[-0.525,38.228],[-0.522,38.226],[-0.521,38.219],[-0.519,38.215],[-0.521,38.212],[-0.526,38.212],[-0.53,38.214],[-0.539,38.216],[-0.545,38.216],[-0.545,38.218],[-0.553,38.222],[-0.563,38.221],[-0.566,38.23],[-0.574,38.236],[-0.575,38.239],[-0.58,38.239],[-0.581,38.244],[-0.585,38.245],[-0.586,38.251],[-0.59,38.254],[-0.59,38.257],[-0.595,38.26],[-0.595,38.262],[-0.604,38.265],[-0.604,38.269],[-0.609,38.27],[-0.613,38.274],[-0.617,38.283],[-0.626,38.283],[-0.632,38.29],[-0.637,38.294],[-0.636,38.296],[-0.641,38.297],[-0.643,38.301],[-0.648,38.301],[-0.649,38.305],[-0.645,38.309],[-0.647,38.311],[-0.647,38.318],[-0.642,38.327]]]}},{"type":"Feature","properties":{"id":"JL03","idx":289,"name":"Marjal dels Moros","river":"Marjal dels Moros","town":"Puçol","kind":"wb","area_km2":58.2,"up_area_km2":58.2,"next":null,"terminal_unit":"JL03","terminal":"sea","drains_to_sea":true,"n_upstream":0,"outlet":[-0.233,39.6377],"outlet_how":"cedex river x unit boundary","label":[-0.279,39.6375],"source":"CHJ PHJ 2022-2027 masas de agua superficial (cuenca)","chj_codes":["L03"]},"geometry":{"type":"Polygon","coordinates":[[[-0.326,39.65],[-0.324,39.657],[-0.327,39.658],[-0.324,39.662],[-0.321,39.662],[-0.318,39.667],[-0.312,39.667],[-0.307,39.669],[-0.305,39.673],[-0.3,39.673],[-0.3,39.675],[-0.289,39.675],[-0.288,39.677],[-0.282,39.676],[-0.275,39.677],[-0.265,39.677],[-0.265,39.678],[-0.254,39.679],[-0.251,39.676],[-0.239,39.673],[-0.239,39.671],[-0.234,39.673],[-0.234,39.675],[-0.225,39.675],[-0.223,39.673],[-0.212,39.673],[-0.209,39.67],[-0.204,39.669],[-0.208,39.662],[-0.208,39.653],[-0.206,39.653],[-0.206,39.648],[-0.209,39.647],[-0.209,39.653],[-0.215,39.655],[-0.219,39.65],[-0.215,39.649],[-0.218,39.645],[-0.223,39.644],[-0.228,39.639],[-0.238,39.636],[-0.245,39.628],[-0.254,39.62],[-0.263,39.607],[-0.268,39.596],[-0.271,39.599],[-0.277,39.599],[-0.281,39.603],[-0.287,39.603],[-0.288,39.605],[-0.294,39.605],[-0.294,39.609],[-0.298,39.611],[-0.307,39.613],[-0.305,39.618],[-0.3,39.62],[-0.307,39.62],[-0.308,39.623],[-0.314,39.624],[-0.315,39.626],[-0.32,39.626],[-0.322,39.624],[-0.327,39.625],[-0.329,39.628],[-0.328,39.633],[-0.325,39.633],[-0.325,39.639],[-0.322,39.64],[-0.322,39.647],[-0.326,39.65]]]}},{"type":"Feature","properties":{"id":"JL04","idx":290,"name":"Marjal de Rafalell y Vistabella","river":"Marjal de Rafalell y Vistabella","town":"Massamagrell","kind":"wb","area_km2":61.1,"up_area_km2":61.1,"next":null,"terminal_unit":"JL04","terminal":"sea","drains_to_sea":true,"n_upstream":0,"outlet":[-0.287,39.5578],"outlet_how":"cedex river x unit boundary","label":[-0.3403,39.571],"source":"CHJ PHJ 2022-2027 masas de agua superficial (cuenca)","chj_codes":["L04"]},"geometry":{"type":"Polygon","coordinates":[[[-0.373,39.542],[-0.373,39.544],[-0.375,39.544],[-0.378,39.55],[-0.378,39.559],[-0.383,39.562],[-0.383,39.566],[-0.387,39.569],[-0.386,39.572],[-0.382,39.572],[-0.383,39.577],[-0.381,39.578],[-0.381,39.583],[-0.384,39.586],[-0.392,39.584],[-0.397,39.59],[-0.397,39.594],[-0.405,39.605],[-0.408,39.606],[-0.412,39.613],[-0.412,39.62],[-0.405,39.627],[-0.409,39.637],[-0.404,39.641],[-0.401,39.637],[-0.394,39.634],[-0.395,39.625],[-0.397,39.623],[-0.394,39.621],[-0.393,39.616],[-0.383,39.612],[-0.382,39.608],[-0.376,39.604],[-0.374,39.601],[-0.365,39.6],[-0.365,39.594],[-0.36,39.593],[-0.356,39.588],[-0.352,39.587],[-0.35,39.583],[-0.346,39.585],[-0.338,39.585],[-0.332,39.587],[-0.332,39.585],[-0.324,39.584],[-0.324,39.581],[-0.319,39.578],[-0.317,39.581],[-0.313,39.582],[-0.312,39.579],[-0.308,39.579],[-0.304,39.574],[-0.297,39.573],[-0.293,39.57],[-0.289,39.57],[-0.284,39.566],[-0.28,39.566],[-0.281,39.561],[-0.283,39.562],[-0.291,39.554],[-0.297,39.546],[-0.301,39.543],[-0.304,39.537],[-0.308,39.534],[-0.31,39.529],[-0.318,39.516],[-0.32,39.5],[-0.326,39.504],[-0.328,39.51],[-0.334,39.51],[-0.336,39.513],[-0.346,39.518],[-0.351,39.516],[-0.352,39.522],[-0.36,39.524],[-0.363,39.529],[-0.368,39.533],[-0.368,39.54],[-0.373,39.542]]]}},{"type":"Feature","properties":{"id":"JL01","idx":291,"name":"Prat de Cabanes","river":"Prat de Cabanes","town":"Torreblanca","kind":"wb","area_km2":94.4,"up_area_km2":94.4,"next":null,"terminal_unit":"JL01","terminal":"sea","drains_to_sea":true,"n_upstream":0,"outlet":[0.2096,40.1842],"outlet_how":"cedex river","label":[0.1618,40.1795],"source":"CHJ PHJ 2022-2027 masas de agua superficial (cuenca)","chj_codes":["L01"]},"geometry":{"type":"Polygon","coordinates":[[[0.233,40.233],[0.237,40.226],[0.24,40.226],[0.241,40.222],[0.249,40.218],[0.254,40.212],[0.264,40.209],[0.263,40.207],[0.256,40.203],[0.242,40.201],[0.238,40.199],[0.233,40.199],[0.228,40.195],[0.223,40.193],[0.219,40.189],[0.214,40.187],[0.209,40.183],[0.203,40.182],[0.192,40.169],[0.183,40.161],[0.179,40.152],[0.173,40.144],[0.172,40.14],[0.166,40.132],[0.165,40.128],[0.16,40.121],[0.153,40.126],[0.151,40.129],[0.145,40.129],[0.135,40.125],[0.134,40.127],[0.129,40.127],[0.127,40.132],[0.113,40.132],[0.109,40.134],[0.102,40.134],[0.099,40.132],[0.092,40.131],[0.087,40.125],[0.081,40.12],[0.074,40.121],[0.075,40.125],[0.072,40.129],[0.07,40.141],[0.065,40.142],[0.065,40.146],[0.061,40.147],[0.063,40.153],[0.063,40.159],[0.076,40.16],[0.075,40.17],[0.082,40.173],[0.083,40.175],[0.093,40.173],[0.099,40.174],[0.101,40.177],[0.107,40.178],[0.111,40.177],[0.122,40.177],[0.123,40.181],[0.13,40.187],[0.134,40.187],[0.134,40.191],[0.138,40.192],[0.14,40.196],[0.145,40.198],[0.146,40.206],[0.158,40.206],[0.161,40.212],[0.161,40.219],[0.169,40.222],[0.173,40.222],[0.18,40.226],[0.184,40.231],[0.19,40.231],[0.194,40.236],[0.198,40.234],[0.209,40.234],[0.215,40.238],[0.22,40.238],[0.221,40.233],[0.233,40.233]]]}},{"type":"Feature","properties":{"id":"JL20","idx":292,"name":"Marjal de Peñíscola","river":"Marjal de Peñíscola","town":"Peníscola","kind":"wb","area_km2":6.3,"up_area_km2":6.3,"next":null,"terminal_unit":"JL20","terminal":"sea","drains_to_sea":true,"n_upstream":0,"outlet":[0.3941,40.367],"outlet_how":"approx","label":[0.3931,40.366],"source":"CHJ PHJ 2022-2027 masas de agua superficial (cuenca)","chj_codes":["L20"]},"geometry":{"type":"Polygon","coordinates":[[[0.409,40.378],[0.406,40.37],[0.405,40.361],[0.409,40.361],[0.409,40.357],[0.401,40.358],[0.401,40.355],[0.394,40.353],[0.39,40.346],[0.389,40.354],[0.384,40.357],[0.381,40.362],[0.38,40.375],[0.383,40.379],[0.39,40.379],[0.396,40.382],[0.405,40.38],[0.409,40.378]]]}},{"type":"Feature","properties":{"id":"JL21","idx":293,"name":"Marjal de Nules-Burriana","river":"Marjal de Nules-Burriana","town":"Nules","kind":"wb","area_km2":134.2,"up_area_km2":134.2,"next":null,"terminal_unit":"JL21","terminal":"sea","drains_to_sea":true,"n_upstream":0,"outlet":[-0.1055,39.8309],"outlet_how":"cedex river","label":[-0.1591,39.8605],"source":"CHJ PHJ 2022-2027 masas de agua superficial (cuenca)","chj_codes":["L21"]},"geometry":{"type":"Polygon","coordinates":[[[-0.242,39.866],[-0.242,39.871],[-0.24,39.872],[-0.241,39.878],[-0.236,39.885],[-0.244,39.887],[-0.245,39.892],[-0.244,39.898],[-0.241,39.901],[-0.235,39.901],[-0.234,39.903],[-0.236,39.912],[-0.224,39.913],[-0.218,39.918],[-0.217,39.925],[-0.205,39.925],[-0.205,39.923],[-0.199,39.924],[-0.194,39.922],[-0.192,39.925],[-0.185,39.924],[-0.181,39.921],[-0.174,39.92],[-0.173,39.918],[-0.168,39.918],[-0.165,39.916],[-0.156,39.915],[-0.148,39.911],[-0.135,39.91],[-0.132,39.899],[-0.121,39.9],[-0.121,39.894],[-0.114,39.891],[-0.114,39.889],[-0.109,39.887],[-0.109,39.884],[-0.105,39.884],[-0.107,39.879],[-0.103,39.88],[-0.101,39.877],[-0.097,39.876],[-0.09,39.87],[-0.086,39.87],[-0.083,39.867],[-0.073,39.864],[-0.077,39.862],[-0.079,39.858],[-0.095,39.843],[-0.095,39.841],[-0.1,39.837],[-0.1,39.835],[-0.105,39.831],[-0.114,39.818],[-0.119,39.814],[-0.123,39.807],[-0.129,39.801],[-0.132,39.796],[-0.133,39.799],[-0.14,39.799],[-0.144,39.794],[-0.156,39.799],[-0.159,39.802],[-0.159,39.812],[-0.167,39.812],[-0.169,39.815],[-0.175,39.818],[-0.189,39.818],[-0.189,39.817],[-0.213,39.817],[-0.214,39.819],[-0.224,39.819],[-0.226,39.826],[-0.228,39.826],[-0.231,39.832],[-0.237,39.836],[-0.242,39.836],[-0.246,39.84],[-0.248,39.845],[-0.241,39.849],[-0.24,39.856],[-0.241,39.859],[-0.239,39.865],[-0.242,39.866]]]}},{"type":"Feature","properties":{"id":"JL02","idx":294,"name":"Marjal y Estanys d'Almenara","river":"Marjal y Estanys d'Almenara","town":"Canet d'En Berenguer","kind":"wb","area_km2":126.7,"up_area_km2":126.7,"next":null,"terminal_unit":"JL02","terminal":"sea","drains_to_sea":true,"n_upstream":0,"outlet":[-0.1724,39.746],"outlet_how":"cedex river","label":[-0.2455,39.739],"source":"CHJ PHJ 2022-2027 masas de agua superficial (cuenca)","chj_codes":["L02"]},"geometry":{"type":"Polygon","coordinates":[[[-0.203,39.672],[-0.205,39.674],[-0.223,39.677],[-0.23,39.682],[-0.235,39.684],[-0.249,39.682],[-0.251,39.684],[-0.259,39.684],[-0.262,39.682],[-0.276,39.683],[-0.279,39.688],[-0.287,39.689],[-0.294,39.693],[-0.297,39.697],[-0.293,39.7],[-0.293,39.706],[-0.288,39.706],[-0.285,39.713],[-0.286,39.722],[-0.29,39.724],[-0.291,39.728],[-0.288,39.731],[-0.297,39.731],[-0.297,39.728],[-0.303,39.727],[-0.312,39.729],[-0.311,39.734],[-0.314,39.735],[-0.314,39.743],[-0.316,39.747],[-0.313,39.751],[-0.318,39.751],[-0.322,39.755],[-0.326,39.756],[-0.328,39.767],[-0.318,39.775],[-0.314,39.775],[-0.308,39.774],[-0.304,39.776],[-0.304,39.779],[-0.295,39.78],[-0.289,39.775],[-0.282,39.775],[-0.275,39.77],[-0.261,39.774],[-0.256,39.78],[-0.256,39.785],[-0.247,39.785],[-0.239,39.792],[-0.226,39.793],[-0.222,39.791],[-0.213,39.792],[-0.207,39.794],[-0.207,39.797],[-0.201,39.802],[-0.199,39.808],[-0.195,39.809],[-0.185,39.808],[-0.185,39.803],[-0.181,39.8],[-0.181,39.795],[-0.175,39.79],[-0.17,39.783],[-0.164,39.778],[-0.158,39.776],[-0.157,39.774],[-0.15,39.772],[-0.157,39.762],[-0.162,39.758],[-0.166,39.751],[-0.172,39.746],[-0.172,39.744],[-0.181,39.735],[-0.184,39.727],[-0.186,39.726],[-0.192,39.71],[-0.195,39.706],[-0.196,39.699],[-0.198,39.696],[-0.202,39.672],[-0.203,39.672]]]}},{"type":"Feature","properties":{"id":"JL06","idx":295,"name":"L'Albufera de València","river":"L'Albufera de València","town":null,"kind":"wb","area_km2":61.8,"up_area_km2":642.1,"next":null,"terminal_unit":"JL06","terminal":"sea","drains_to_sea":true,"n_upstream":5,"outlet":[-0.3408,39.357],"outlet_how":"cedex river x unit boundary","label":[-0.3497,39.3235],"source":"CHJ PHJ 2022-2027 masas de agua superficial (cuenca)","chj_codes":["L06"]},"geometry":{"type":"Polygon","coordinates":[[[-0.349,39.36],[-0.322,39.36],[-0.32,39.363],[-0.316,39.364],[-0.312,39.354],[-0.309,39.35],[-0.306,39.341],[-0.302,39.335],[-0.296,39.32],[-0.307,39.318],[-0.315,39.311],[-0.317,39.311],[-0.332,39.295],[-0.344,39.288],[-0.351,39.285],[-0.365,39.285],[-0.37,39.286],[-0.374,39.289],[-0.384,39.293],[-0.39,39.298],[-0.393,39.303],[-0.401,39.302],[-0.403,39.309],[-0.406,39.31],[-0.409,39.307],[-0.414,39.307],[-0.42,39.303],[-0.423,39.303],[-0.429,39.309],[-0.432,39.309],[-0.434,39.314],[-0.44,39.313],[-0.44,39.316],[-0.45,39.319],[-0.455,39.325],[-0.452,39.329],[-0.445,39.329],[-0.441,39.333],[-0.439,39.329],[-0.428,39.329],[-0.427,39.334],[-0.423,39.334],[-0.418,39.331],[-0.416,39.326],[-0.409,39.321],[-0.407,39.316],[-0.399,39.316],[-0.402,39.322],[-0.402,39.326],[-0.395,39.33],[-0.389,39.335],[-0.39,39.339],[-0.382,39.342],[-0.381,39.353],[-0.365,39.355],[-0.359,39.359],[-0.349,39.36]]]}},{"type":"Feature","properties":{"id":"JT0201","idx":296,"name":"Desembocadura del Júcar","river":"Desembocadura del Júcar","town":"Cullera","kind":"wb","area_km2":23.4,"up_area_km2":23.4,"next":null,"terminal_unit":"JT0201","terminal":"sea","drains_to_sea":true,"n_upstream":0,"outlet":[-0.2568,39.1698],"outlet_how":"approx","label":[-0.2727,39.163],"source":"CHJ PHJ 2022-2027 masas de agua superficial (cuenca)","chj_codes":["T0201"]},"geometry":{"type":"Polygon","coordinates":[[[-0.305,39.162],[-0.309,39.17],[-0.303,39.17],[-0.299,39.164],[-0.288,39.164],[-0.285,39.167],[-0.286,39.171],[-0.28,39.174],[-0.279,39.178],[-0.268,39.177],[-0.269,39.179],[-0.277,39.181],[-0.273,39.183],[-0.27,39.192],[-0.262,39.196],[-0.254,39.197],[-0.259,39.184],[-0.261,39.183],[-0.261,39.178],[-0.256,39.176],[-0.252,39.18],[-0.252,39.183],[-0.248,39.191],[-0.246,39.192],[-0.243,39.199],[-0.234,39.202],[-0.229,39.202],[-0.226,39.196],[-0.22,39.188],[-0.215,39.187],[-0.218,39.181],[-0.227,39.181],[-0.236,39.179],[-0.238,39.17],[-0.24,39.166],[-0.24,39.161],[-0.243,39.159],[-0.239,39.157],[-0.238,39.145],[-0.235,39.136],[-0.232,39.132],[-0.23,39.125],[-0.235,39.13],[-0.236,39.134],[-0.241,39.134],[-0.239,39.138],[-0.245,39.139],[-0.245,39.141],[-0.25,39.141],[-0.257,39.148],[-0.26,39.154],[-0.269,39.154],[-0.273,39.149],[-0.282,39.151],[-0.288,39.151],[-0.297,39.155],[-0.305,39.162]]]}},{"type":"Feature","properties":{"id":"JT0202","idx":297,"name":"Estany de Cullera","river":"Estany de Cullera","town":"Favara","kind":"wb","area_km2":28.8,"up_area_km2":75.4,"next":null,"terminal_unit":"JT0202","terminal":"sea","drains_to_sea":true,"n_upstream":1,"outlet":[-0.2866,39.1281],"outlet_how":"cedex river","label":[-0.2762,39.132],"source":"CHJ PHJ 2022-2027 masas de agua superficial (cuenca)","chj_codes":["T0202"]},"geometry":{"type":"Polygon","coordinates":[[[-0.31,39.104],[-0.312,39.106],[-0.317,39.106],[-0.324,39.112],[-0.321,39.112],[-0.321,39.118],[-0.316,39.124],[-0.318,39.128],[-0.316,39.135],[-0.31,39.137],[-0.307,39.145],[-0.304,39.148],[-0.304,39.153],[-0.306,39.155],[-0.305,39.162],[-0.297,39.155],[-0.288,39.151],[-0.282,39.151],[-0.273,39.149],[-0.269,39.154],[-0.26,39.154],[-0.257,39.148],[-0.25,39.141],[-0.245,39.141],[-0.245,39.139],[-0.239,39.138],[-0.241,39.134],[-0.236,39.134],[-0.235,39.13],[-0.23,39.125],[-0.226,39.117],[-0.231,39.118],[-0.235,39.122],[-0.239,39.12],[-0.246,39.119],[-0.245,39.116],[-0.252,39.114],[-0.256,39.118],[-0.264,39.118],[-0.268,39.114],[-0.27,39.108],[-0.275,39.108],[-0.276,39.106],[-0.282,39.106],[-0.288,39.109],[-0.289,39.112],[-0.299,39.112],[-0.303,39.114],[-0.305,39.112],[-0.306,39.106],[-0.31,39.104]]]}},{"type":"Feature","properties":{"id":"JT0301","idx":298,"name":"Salinas de Calp","river":"Salinas de Calp","town":"Benissa","kind":"wb","area_km2":41.0,"up_area_km2":41.0,"next":"JG2001958","terminal_unit":"JG2001958","terminal":"sea","drains_to_sea":true,"n_upstream":0,"outlet":[0.0531,38.644],"outlet_how":"cedex river x unit boundary","label":[0.0729,38.6735],"source":"CHJ PHJ 2022-2027 masas de agua superficial (cuenca)","chj_codes":["T0301"]},"geometry":{"type":"Polygon","coordinates":[[[0.035,38.707],[0.044,38.714],[0.05,38.716],[0.063,38.716],[0.075,38.712],[0.076,38.709],[0.08,38.709],[0.082,38.706],[0.082,38.7],[0.08,38.699],[0.081,38.693],[0.084,38.697],[0.097,38.697],[0.099,38.699],[0.114,38.702],[0.117,38.706],[0.13,38.707],[0.135,38.706],[0.135,38.702],[0.132,38.696],[0.133,38.687],[0.125,38.685],[0.122,38.68],[0.116,38.674],[0.098,38.673],[0.093,38.667],[0.089,38.665],[0.089,38.662],[0.084,38.657],[0.082,38.657],[0.08,38.651],[0.076,38.648],[0.075,38.642],[0.077,38.642],[0.078,38.636],[0.081,38.636],[0.084,38.631],[0.071,38.633],[0.072,38.638],[0.063,38.641],[0.052,38.641],[0.053,38.649],[0.047,38.658],[0.047,38.664],[0.041,38.672],[0.039,38.672],[0.038,38.685],[0.04,38.685],[0.042,38.698],[0.039,38.699],[0.039,38.704],[0.035,38.707]]]}},{"type":"Feature","properties":{"id":"JT0302","idx":299,"name":"Salinas de Santa Pola","river":"Salinas de Santa Pola","town":"Santa Pola","kind":"wb","area_km2":202.6,"up_area_km2":2333.6,"next":null,"terminal_unit":"JT0302","terminal":"sea","drains_to_sea":true,"n_upstream":12,"outlet":[-0.6071,38.18],"outlet_how":"cedex river","label":[-0.6413,38.2445],"source":"CHJ PHJ 2022-2027 masas de agua superficial (cuenca)","merged_names":["Río Vinalopó: azud de los Moros - assarb de Dalt"],"chj_codes":["T0302","31-09"]},"geometry":{"type":"Polygon","coordinates":[[[-0.7,38.327],[-0.694,38.329],[-0.694,38.334],[-0.691,38.335],[-0.689,38.339],[-0.683,38.344],[-0.686,38.356],[-0.68,38.36],[-0.679,38.365],[-0.676,38.369],[-0.668,38.375],[-0.665,38.371],[-0.659,38.368],[-0.658,38.361],[-0.661,38.357],[-0.654,38.343],[-0.647,38.34],[-0.648,38.333],[-0.645,38.332],[-0.645,38.328],[-0.642,38.327],[-0.647,38.318],[-0.647,38.311],[-0.645,38.309],[-0.649,38.305],[-0.648,38.301],[-0.643,38.301],[-0.641,38.297],[-0.636,38.296],[-0.637,38.294],[-0.632,38.29],[-0.626,38.283],[-0.617,38.283],[-0.613,38.274],[-0.609,38.27],[-0.604,38.269],[-0.604,38.265],[-0.595,38.262],[-0.595,38.26],[-0.59,38.257],[-0.59,38.254],[-0.586,38.251],[-0.585,38.245],[-0.581,38.244],[-0.58,38.239],[-0.575,38.239],[-0.574,38.236],[-0.566,38.23],[-0.563,38.221],[-0.553,38.222],[-0.545,38.218],[-0.545,38.216],[-0.539,38.216],[-0.53,38.214],[-0.526,38.212],[-0.527,38.21],[-0.535,38.21],[-0.538,38.206],[-0.547,38.204],[-0.55,38.197],[-0.556,38.193],[-0.563,38.193],[-0.563,38.191],[-0.571,38.19],[-0.581,38.19],[-0.581,38.189],[-0.592,38.189],[-0.597,38.187],[-0.599,38.184],[-0.604,38.182],[-0.614,38.173],[-0.615,38.169],[-0.621,38.162],[-0.622,38.158],[-0.626,38.152],[-0.629,38.15],[-0.634,38.142],[-0.636,38.131],[-0.638,38.128],[-0.64,38.113],[-0.641,38.113],[-0.649,38.115],[-0.65,38.126],[-0.656,38.128],[-0.658,38.14],[-0.66,38.142],[-0.675,38.144],[-0.676,38.142],[-0.684,38.141],[-0.685,38.138],[-0.694,38.128],[-0.704,38.13],[-0.707,38.132],[-0.706,38.133],[-0.706,38.144],[-0.705,38.144],[-0.705,38.158],[-0.706,38.166],[-0.709,38.174],[-0.709,38.186],[-0.711,38.193],[-0.711,38.204],[-0.714,38.212],[-0.718,38.214],[-0.719,38.217],[-0.719,38.232],[-0.72,38.24],[-0.709,38.238],[-0.705,38.242],[-0.701,38.241],[-0.697,38.251],[-0.694,38.254],[-0.697,38.255],[-0.696,38.263],[-0.698,38.265],[-0.698,38.271],[-0.695,38.272],[-0.696,38.277],[-0.691,38.28],[-0.691,38.287],[-0.688,38.29],[-0.684,38.302],[-0.684,38.307],[-0.688,38.308],[-0.692,38.316],[-0.696,38.317],[-0.694,38.32],[-0.695,38.324],[-0.7,38.327]]]}},{"type":"Feature","properties":{"id":"JG2001914","idx":300,"name":"Barranco de Agua Amarga","river":"Barranco de Agua Amarga","town":null,"kind":"gap_river","area_km2":64.3,"up_area_km2":64.3,"next":null,"terminal_unit":"JG2001914","terminal":"sea","drains_to_sea":true,"n_upstream":0,"outlet":[-0.5149,38.3148],"outlet_how":"cedex river","label":[-0.6166,38.3505],"source":"CEDEX/DGA subcuencas 1:25.000 (río 2001914)"},"geometry":{"type":"Polygon","coordinates":[[[-0.668,38.375],[-0.664,38.38],[-0.657,38.379],[-0.656,38.383],[-0.648,38.387],[-0.645,38.387],[-0.643,38.391],[-0.637,38.391],[-0.633,38.393],[-0.625,38.392],[-0.607,38.392],[-0.6,38.389],[-0.595,38.385],[-0.595,38.372],[-0.593,38.371],[-0.594,38.366],[-0.59,38.366],[-0.588,38.363],[-0.583,38.363],[-0.58,38.356],[-0.577,38.354],[-0.574,38.347],[-0.568,38.347],[-0.563,38.342],[-0.558,38.342],[-0.553,38.34],[-0.551,38.333],[-0.547,38.333],[-0.545,38.329],[-0.539,38.325],[-0.526,38.326],[-0.516,38.324],[-0.512,38.321],[-0.514,38.314],[-0.522,38.315],[-0.526,38.312],[-0.534,38.312],[-0.538,38.31],[-0.54,38.306],[-0.545,38.306],[-0.549,38.303],[-0.554,38.302],[-0.567,38.302],[-0.567,38.301],[-0.577,38.301],[-0.584,38.303],[-0.587,38.306],[-0.593,38.308],[-0.593,38.313],[-0.59,38.315],[-0.582,38.315],[-0.583,38.319],[-0.589,38.32],[-0.589,38.324],[-0.595,38.324],[-0.596,38.326],[-0.612,38.323],[-0.613,38.324],[-0.632,38.324],[-0.64,38.325],[-0.642,38.327],[-0.645,38.328],[-0.645,38.332],[-0.648,38.333],[-0.647,38.34],[-0.654,38.343],[-0.661,38.357],[-0.658,38.361],[-0.659,38.368],[-0.665,38.371],[-0.668,38.375]]]}},{"type":"Feature","properties":{"id":"JG2001918","idx":301,"name":"Barranc del Juncaret","river":"Barranc del Juncaret","town":"Alacant","kind":"gap_river","area_km2":103.5,"up_area_km2":103.5,"next":null,"terminal_unit":"JG2001918","terminal":"sea","drains_to_sea":true,"n_upstream":0,"outlet":[-0.4433,38.363],"outlet_how":"cedex river x unit boundary","label":[-0.4768,38.4065],"source":"CEDEX/DGA subcuencas 1:25.000 (río 2001918)"},"geometry":{"type":"Polygon","coordinates":[[[-0.556,38.475],[-0.544,38.477],[-0.539,38.472],[-0.534,38.472],[-0.532,38.475],[-0.525,38.475],[-0.524,38.479],[-0.512,38.48],[-0.511,38.472],[-0.495,38.465],[-0.495,38.462],[-0.49,38.457],[-0.486,38.456],[-0.486,38.45],[-0.477,38.448],[-0.475,38.442],[-0.469,38.439],[-0.468,38.435],[-0.462,38.435],[-0.459,38.437],[-0.458,38.434],[-0.454,38.432],[-0.451,38.426],[-0.451,38.422],[-0.442,38.413],[-0.435,38.413],[-0.429,38.409],[-0.426,38.403],[-0.415,38.394],[-0.411,38.388],[-0.406,38.386],[-0.407,38.385],[-0.407,38.374],[-0.408,38.374],[-0.408,38.359],[-0.403,38.355],[-0.404,38.352],[-0.416,38.352],[-0.416,38.353],[-0.427,38.353],[-0.435,38.355],[-0.435,38.361],[-0.446,38.362],[-0.454,38.357],[-0.46,38.355],[-0.464,38.352],[-0.472,38.349],[-0.477,38.345],[-0.477,38.337],[-0.48,38.34],[-0.48,38.343],[-0.488,38.348],[-0.489,38.35],[-0.495,38.351],[-0.501,38.356],[-0.501,38.358],[-0.51,38.365],[-0.51,38.373],[-0.513,38.381],[-0.517,38.383],[-0.516,38.392],[-0.519,38.398],[-0.525,38.404],[-0.528,38.412],[-0.545,38.424],[-0.547,38.431],[-0.547,38.436],[-0.55,38.446],[-0.553,38.447],[-0.552,38.455],[-0.549,38.459],[-0.546,38.459],[-0.551,38.466],[-0.554,38.466],[-0.557,38.47],[-0.556,38.475]]]}},{"type":"Feature","properties":{"id":"JG2001934","idx":302,"name":"Barranc d'Aigües Baixes","river":"Barranc d'Aigües Baixes","town":"Aigües","kind":"gap_river","area_km2":38.1,"up_area_km2":38.1,"next":null,"terminal_unit":"JG2001934","terminal":"sea","drains_to_sea":true,"n_upstream":0,"outlet":[-0.3438,38.4557],"outlet_how":"cedex river","label":[-0.3588,38.49],"source":"CEDEX/DGA subcuencas 1:25.000 (río 2001934)"},"geometry":{"type":"Polygon","coordinates":[[[-0.354,38.529],[-0.352,38.529],[-0.348,38.528],[-0.347,38.524],[-0.34,38.523],[-0.34,38.519],[-0.343,38.511],[-0.339,38.504],[-0.339,38.491],[-0.336,38.489],[-0.337,38.482],[-0.339,38.479],[-0.336,38.478],[-0.339,38.47],[-0.335,38.465],[-0.34,38.464],[-0.34,38.458],[-0.341,38.456],[-0.35,38.453],[-0.356,38.449],[-0.364,38.447],[-0.368,38.444],[-0.374,38.443],[-0.375,38.44],[-0.38,38.442],[-0.387,38.447],[-0.385,38.461],[-0.384,38.473],[-0.382,38.474],[-0.382,38.48],[-0.38,38.484],[-0.38,38.495],[-0.384,38.499],[-0.384,38.507],[-0.381,38.512],[-0.384,38.516],[-0.392,38.523],[-0.396,38.524],[-0.394,38.533],[-0.389,38.537],[-0.368,38.537],[-0.362,38.538],[-0.36,38.533],[-0.356,38.532],[-0.354,38.529]]]}},{"type":"Feature","properties":{"id":"JG2001952","idx":303,"name":"Riu Torres","river":"Riu Torres","town":null,"kind":"gap_river","area_km2":41.4,"up_area_km2":41.4,"next":null,"terminal_unit":"JG2001952","terminal":"sea","drains_to_sea":true,"n_upstream":0,"outlet":[-0.1995,38.514],"outlet_how":"cedex river x unit boundary","label":[-0.2161,38.5595],"source":"CEDEX/DGA subcuencas 1:25.000 (río 2001952)"},"geometry":{"type":"Polygon","coordinates":[[[-0.221,38.508],[-0.225,38.517],[-0.227,38.519],[-0.227,38.528],[-0.23,38.532],[-0.23,38.544],[-0.237,38.549],[-0.237,38.552],[-0.241,38.554],[-0.242,38.558],[-0.246,38.561],[-0.243,38.568],[-0.239,38.572],[-0.235,38.572],[-0.233,38.579],[-0.23,38.579],[-0.229,38.583],[-0.236,38.591],[-0.24,38.592],[-0.24,38.596],[-0.233,38.603],[-0.221,38.61],[-0.213,38.61],[-0.205,38.608],[-0.193,38.608],[-0.192,38.597],[-0.185,38.595],[-0.179,38.589],[-0.17,38.585],[-0.17,38.579],[-0.168,38.577],[-0.167,38.571],[-0.164,38.567],[-0.182,38.564],[-0.197,38.553],[-0.197,38.551],[-0.202,38.548],[-0.202,38.541],[-0.207,38.54],[-0.205,38.53],[-0.205,38.524],[-0.202,38.524],[-0.199,38.52],[-0.199,38.515],[-0.205,38.512],[-0.211,38.511],[-0.214,38.508],[-0.221,38.508]]]}},{"type":"Feature","properties":{"id":"JG20019538","idx":304,"name":"Barranc de Barcelo","river":"Barranc de Barcelo","town":"Benidorm","kind":"gap_river","area_km2":25.1,"up_area_km2":25.1,"next":null,"terminal_unit":"JG20019538","terminal":"sea","drains_to_sea":true,"n_upstream":0,"outlet":[-0.1094,38.5334],"outlet_how":"cedex river","label":[-0.1242,38.568],"source":"CEDEX/DGA subcuencas 1:25.000 (río 20019538)"},"geometry":{"type":"Polygon","coordinates":[[[-0.183,38.612],[-0.177,38.613],[-0.178,38.606],[-0.173,38.6],[-0.166,38.598],[-0.161,38.591],[-0.156,38.591],[-0.148,38.588],[-0.146,38.585],[-0.138,38.586],[-0.135,38.585],[-0.119,38.571],[-0.116,38.571],[-0.11,38.567],[-0.109,38.569],[-0.104,38.569],[-0.098,38.571],[-0.097,38.566],[-0.091,38.563],[-0.088,38.559],[-0.08,38.556],[-0.08,38.547],[-0.082,38.546],[-0.083,38.538],[-0.082,38.535],[-0.086,38.533],[-0.09,38.528],[-0.098,38.524],[-0.1,38.526],[-0.106,38.527],[-0.108,38.533],[-0.11,38.534],[-0.117,38.537],[-0.117,38.542],[-0.121,38.548],[-0.125,38.549],[-0.126,38.553],[-0.132,38.56],[-0.132,38.564],[-0.143,38.573],[-0.147,38.573],[-0.153,38.577],[-0.168,38.577],[-0.17,38.579],[-0.17,38.585],[-0.179,38.589],[-0.185,38.595],[-0.192,38.597],[-0.193,38.608],[-0.188,38.609],[-0.183,38.612]]]}},{"type":"Feature","properties":{"id":"JG2001954","idx":305,"name":"El Riuet Seguet","river":"El Riuet Seguet","town":"l'Alfàs del Pi","kind":"gap_river","area_km2":38.6,"up_area_km2":38.6,"next":null,"terminal_unit":"JG2001954","terminal":"sea","drains_to_sea":true,"n_upstream":0,"outlet":[-0.0743,38.5737],"outlet_how":"cedex river","label":[-0.093,38.5745],"source":"CEDEX/DGA subcuencas 1:25.000 (río 2001954)"},"geometry":{"type":"Polygon","coordinates":[[[-0.177,38.613],[-0.171,38.613],[-0.169,38.61],[-0.161,38.61],[-0.153,38.613],[-0.139,38.612],[-0.137,38.609],[-0.133,38.609],[-0.132,38.606],[-0.122,38.606],[-0.12,38.608],[-0.114,38.607],[-0.111,38.604],[-0.097,38.603],[-0.092,38.6],[-0.081,38.6],[-0.077,38.601],[-0.074,38.599],[-0.068,38.599],[-0.063,38.597],[-0.061,38.594],[-0.055,38.591],[-0.06,38.581],[-0.063,38.578],[-0.063,38.571],[-0.049,38.565],[-0.051,38.56],[-0.057,38.558],[-0.057,38.553],[-0.065,38.55],[-0.065,38.547],[-0.076,38.537],[-0.082,38.535],[-0.083,38.538],[-0.082,38.546],[-0.08,38.547],[-0.08,38.556],[-0.088,38.559],[-0.091,38.563],[-0.097,38.566],[-0.098,38.571],[-0.104,38.569],[-0.109,38.569],[-0.11,38.567],[-0.116,38.571],[-0.119,38.571],[-0.135,38.585],[-0.138,38.586],[-0.146,38.585],[-0.148,38.588],[-0.156,38.591],[-0.161,38.591],[-0.166,38.598],[-0.173,38.6],[-0.178,38.606],[-0.177,38.613]]]}},{"type":"Feature","properties":{"id":"JG20019576","idx":306,"name":"Barranc del Estret","river":"Barranc del Estret","town":null,"kind":"gap_river","area_km2":24.9,"up_area_km2":24.9,"next":null,"terminal_unit":"JG20019576","terminal":"sea","drains_to_sea":true,"n_upstream":0,"outlet":[0.0015,38.6305],"outlet_how":"cedex river","label":[-0.0194,38.6615],"source":"CEDEX/DGA subcuencas 1:25.000 (río 20019576)"},"geometry":{"type":"Polygon","coordinates":[[[-0.018,38.625],[-0.015,38.636],[-0.016,38.647],[-0.021,38.654],[-0.032,38.655],[-0.036,38.658],[-0.042,38.659],[-0.044,38.661],[-0.051,38.663],[-0.051,38.665],[-0.046,38.669],[-0.047,38.675],[-0.041,38.679],[-0.04,38.686],[-0.031,38.686],[-0.03,38.688],[-0.023,38.691],[-0.02,38.695],[-0.015,38.697],[-0.008,38.697],[-0.01,38.687],[-0.006,38.685],[-0.003,38.681],[-0.003,38.673],[-0.005,38.669],[0.0,38.665],[-0.001,38.662],[0.015,38.661],[0.019,38.652],[0.018,38.648],[0.022,38.645],[0.023,38.641],[0.027,38.636],[0.029,38.626],[0.01,38.632],[0.009,38.63],[-0.008,38.63],[-0.009,38.628],[-0.014,38.628],[-0.018,38.625]]]}},{"type":"Feature","properties":{"id":"JG2001958","idx":307,"name":"Barranc del Pou Roig","river":"Barranc del Pou Roig","town":"Calp","kind":"gap_river","area_km2":27.5,"up_area_km2":68.4,"next":null,"terminal_unit":"JG2001958","terminal":"sea","drains_to_sea":true,"n_upstream":1,"outlet":[0.053,38.6438],"outlet_how":"cedex river x unit boundary","label":[0.0211,38.667],"source":"CEDEX/DGA subcuencas 1:25.000 (río 2001958)"},"geometry":{"type":"Polygon","coordinates":[[[-0.008,38.697],[-0.004,38.698],[0.006,38.71],[0.019,38.709],[0.026,38.706],[0.035,38.707],[0.039,38.704],[0.039,38.699],[0.042,38.698],[0.04,38.685],[0.038,38.685],[0.039,38.672],[0.041,38.672],[0.047,38.664],[0.047,38.658],[0.053,38.649],[0.052,38.641],[0.046,38.641],[0.032,38.633],[0.032,38.626],[0.029,38.626],[0.027,38.636],[0.023,38.641],[0.022,38.645],[0.018,38.648],[0.019,38.652],[0.015,38.661],[-0.001,38.662],[0.0,38.665],[-0.005,38.669],[-0.003,38.673],[-0.003,38.681],[-0.006,38.685],[-0.01,38.687],[-0.008,38.697]]]}},{"type":"Feature","properties":{"id":"JG2001978","idx":308,"name":"Barranc de la Palmera","river":"Barranc de la Palmera","town":"Oliva","kind":"gap_river","area_km2":39.1,"up_area_km2":39.1,"next":null,"terminal_unit":"JG2001978","terminal":"sea","drains_to_sea":true,"n_upstream":0,"outlet":[-0.1738,38.9259],"outlet_how":"cedex river","label":[-0.1393,38.9295],"source":"CEDEX/DGA subcuencas 1:25.000 (río 2001978)"},"geometry":{"type":"Polygon","coordinates":[[[-0.157,38.894],[-0.16,38.898],[-0.174,38.902],[-0.184,38.902],[-0.184,38.906],[-0.191,38.908],[-0.191,38.912],[-0.187,38.912],[-0.188,38.918],[-0.195,38.918],[-0.192,38.922],[-0.192,38.926],[-0.186,38.927],[-0.179,38.934],[-0.179,38.937],[-0.174,38.941],[-0.174,38.944],[-0.168,38.949],[-0.161,38.952],[-0.158,38.956],[-0.149,38.959],[-0.148,38.961],[-0.138,38.961],[-0.13,38.96],[-0.126,38.962],[-0.121,38.958],[-0.113,38.949],[-0.108,38.946],[-0.105,38.942],[-0.1,38.939],[-0.093,38.932],[-0.104,38.919],[-0.111,38.918],[-0.119,38.91],[-0.123,38.91],[-0.129,38.906],[-0.141,38.907],[-0.145,38.902],[-0.153,38.898],[-0.157,38.894]]]}},{"type":"Feature","properties":{"id":"JG2001996","idx":309,"name":"Barranco del Infierno","river":"Barranco del Infierno","town":null,"kind":"gap_river","area_km2":20.3,"up_area_km2":20.3,"next":null,"terminal_unit":"JG2001996","terminal":"sea","drains_to_sea":true,"n_upstream":0,"outlet":[-0.2721,39.0985],"outlet_how":"cedex river","label":[-0.2774,39.101],"source":"CEDEX/DGA subcuencas 1:25.000 (río 2001996)"},"geometry":{"type":"Polygon","coordinates":[[[-0.292,39.085],[-0.292,39.087],[-0.297,39.091],[-0.297,39.095],[-0.307,39.1],[-0.31,39.104],[-0.306,39.106],[-0.305,39.112],[-0.303,39.114],[-0.299,39.112],[-0.289,39.112],[-0.288,39.109],[-0.282,39.106],[-0.276,39.106],[-0.275,39.108],[-0.27,39.108],[-0.268,39.114],[-0.264,39.118],[-0.256,39.118],[-0.252,39.114],[-0.245,39.116],[-0.246,39.119],[-0.239,39.12],[-0.235,39.122],[-0.231,39.118],[-0.226,39.117],[-0.22,39.103],[-0.217,39.099],[-0.213,39.09],[-0.22,39.089],[-0.226,39.084],[-0.233,39.091],[-0.239,39.102],[-0.245,39.102],[-0.249,39.1],[-0.258,39.1],[-0.258,39.092],[-0.253,39.089],[-0.252,39.086],[-0.255,39.087],[-0.262,39.084],[-0.272,39.084],[-0.273,39.082],[-0.281,39.082],[-0.286,39.08],[-0.292,39.085]]]}},{"type":"Feature","properties":{"id":"JG20020","idx":310,"name":"Rambla de la Hoz (cerca de Peñas de San Pedro)","river":"Rambla de la Hoz","town":null,"kind":"gap_river","area_km2":117.0,"up_area_km2":117.0,"next":null,"terminal_unit":"JG20020","terminal":"endo","drains_to_sea":false,"n_upstream":0,"outlet":[-1.917,38.6848],"outlet_how":"cedex river","label":[-2.078,38.689],"source":"CEDEX/DGA subcuencas 1:25.000 (río 20020)"},"geometry":{"type":"Polygon","coordinates":[[[-1.936,38.71],[-1.931,38.709],[-1.927,38.706],[-1.916,38.706],[-1.916,38.702],[-1.912,38.699],[-1.904,38.699],[-1.906,38.696],[-1.906,38.69],[-1.904,38.687],[-1.897,38.687],[-1.893,38.682],[-1.89,38.682],[-1.891,38.678],[-1.887,38.675],[-1.878,38.676],[-1.873,38.672],[-1.866,38.672],[-1.861,38.668],[-1.859,38.663],[-1.85,38.662],[-1.848,38.663],[-1.844,38.66],[-1.842,38.65],[-1.846,38.648],[-1.853,38.647],[-1.854,38.645],[-1.864,38.646],[-1.871,38.644],[-1.873,38.645],[-1.874,38.647],[-1.88,38.647],[-1.892,38.656],[-1.896,38.656],[-1.903,38.669],[-1.91,38.669],[-1.912,38.667],[-1.919,38.666],[-1.925,38.669],[-1.932,38.669],[-1.933,38.671],[-1.943,38.671],[-1.947,38.675],[-1.954,38.679],[-1.955,38.685],[-1.96,38.684],[-1.964,38.69],[-1.969,38.69],[-1.971,38.688],[-1.98,38.687],[-1.998,38.687],[-2.006,38.688],[-2.014,38.688],[-2.016,38.686],[-2.022,38.685],[-2.039,38.685],[-2.037,38.681],[-2.038,38.677],[-2.041,38.676],[-2.04,38.672],[-2.048,38.672],[-2.05,38.67],[-2.066,38.67],[-2.073,38.669],[-2.084,38.669],[-2.091,38.67],[-2.094,38.666],[-2.094,38.662],[-2.098,38.662],[-2.107,38.665],[-2.111,38.668],[-2.116,38.676],[-2.12,38.678],[-2.132,38.679],[-2.133,38.686],[-2.137,38.688],[-2.151,38.686],[-2.151,38.683],[-2.155,38.685],[-2.163,38.685],[-2.166,38.681],[-2.169,38.682],[-2.18,38.682],[-2.181,38.68],[-2.187,38.68],[-2.191,38.684],[-2.186,38.688],[-2.186,38.695],[-2.194,38.698],[-2.194,38.704],[-2.185,38.705],[-2.183,38.707],[-2.174,38.708],[-2.173,38.706],[-2.167,38.709],[-2.161,38.709],[-2.156,38.707],[-2.155,38.71],[-2.139,38.71],[-2.134,38.713],[-2.132,38.718],[-2.119,38.719],[-2.116,38.721],[-2.109,38.721],[-2.104,38.723],[-2.091,38.723],[-2.088,38.727],[-2.079,38.727],[-2.077,38.729],[-2.063,38.728],[-2.062,38.731],[-2.053,38.731],[-2.051,38.733],[-2.039,38.734],[-2.033,38.73],[-2.026,38.731],[-2.024,38.728],[-2.018,38.724],[-2.012,38.723],[-2.008,38.72],[-2.001,38.719],[-1.997,38.713],[-1.99,38.714],[-1.984,38.709],[-1.984,38.704],[-1.974,38.704],[-1.971,38.706],[-1.957,38.705],[-1.953,38.701],[-1.949,38.701],[-1.945,38.698],[-1.943,38.707],[-1.936,38.71]]]}},{"type":"Feature","properties":{"id":"JG2002902","idx":311,"name":"Cuenca sin nombre (Sisante)","river":null,"town":"Sisante","kind":"gap_river","area_km2":45.1,"up_area_km2":45.1,"next":null,"terminal_unit":"JG2002902","terminal":"endo","drains_to_sea":false,"n_upstream":0,"outlet":[-2.186,39.4155],"outlet_how":"cedex river x unit boundary","label":[-2.2128,39.4065],"source":"CEDEX/DGA subcuencas 1:25.000 (río 2002902)"},"geometry":{"type":"Polygon","coordinates":[[[-2.204,39.375],[-2.211,39.376],[-2.221,39.382],[-2.229,39.382],[-2.231,39.386],[-2.241,39.386],[-2.246,39.39],[-2.256,39.391],[-2.257,39.397],[-2.261,39.4],[-2.274,39.402],[-2.276,39.404],[-2.283,39.405],[-2.287,39.408],[-2.285,39.413],[-2.28,39.413],[-2.283,39.416],[-2.283,39.421],[-2.276,39.424],[-2.273,39.428],[-2.264,39.43],[-2.253,39.43],[-2.253,39.428],[-2.246,39.428],[-2.244,39.426],[-2.24,39.428],[-2.232,39.428],[-2.226,39.424],[-2.218,39.426],[-2.209,39.435],[-2.205,39.435],[-2.193,39.427],[-2.193,39.424],[-2.189,39.422],[-2.186,39.415],[-2.184,39.416],[-2.174,39.416],[-2.171,39.413],[-2.158,39.412],[-2.157,39.41],[-2.149,39.41],[-2.148,39.408],[-2.142,39.408],[-2.139,39.405],[-2.139,39.401],[-2.14,39.402],[-2.152,39.402],[-2.154,39.398],[-2.158,39.396],[-2.158,39.391],[-2.172,39.387],[-2.184,39.387],[-2.187,39.388],[-2.192,39.383],[-2.202,39.38],[-2.204,39.375]]]}},{"type":"Feature","properties":{"id":"JG2002904","idx":312,"name":"Rambla de la Hoz (cerca de Sisante)","river":"Rambla de la Hoz","town":null,"kind":"gap_river","area_km2":36.4,"up_area_km2":36.4,"next":null,"terminal_unit":"JG2002904","terminal":"endo","drains_to_sea":false,"n_upstream":0,"outlet":[-2.1859,39.4155],"outlet_how":"cedex river","label":[-2.1616,39.4295],"source":"CEDEX/DGA subcuencas 1:25.000 (río 2002904)"},"geometry":{"type":"Polygon","coordinates":[[[-2.164,39.462],[-2.159,39.461],[-2.154,39.457],[-2.149,39.458],[-2.134,39.457],[-2.132,39.45],[-2.127,39.449],[-2.124,39.445],[-2.124,39.441],[-2.127,39.439],[-2.129,39.431],[-2.124,39.428],[-2.118,39.428],[-2.117,39.415],[-2.123,39.411],[-2.123,39.404],[-2.125,39.401],[-2.13,39.401],[-2.133,39.399],[-2.138,39.4],[-2.139,39.401],[-2.139,39.405],[-2.142,39.408],[-2.148,39.408],[-2.149,39.41],[-2.157,39.41],[-2.158,39.412],[-2.171,39.413],[-2.174,39.416],[-2.184,39.416],[-2.186,39.415],[-2.189,39.422],[-2.193,39.424],[-2.193,39.427],[-2.205,39.435],[-2.209,39.435],[-2.207,39.442],[-2.212,39.447],[-2.217,39.448],[-2.217,39.454],[-2.215,39.456],[-2.208,39.456],[-2.199,39.459],[-2.189,39.459],[-2.185,39.46],[-2.181,39.458],[-2.174,39.458],[-2.171,39.462],[-2.164,39.462]]]}},{"type":"Feature","properties":{"id":"JG2002906","idx":313,"name":"Rambla del Verduzal","river":"Rambla del Verduzal","town":null,"kind":"gap_river","area_km2":168.5,"up_area_km2":168.5,"next":null,"terminal_unit":"JG2002906","terminal":"endo","drains_to_sea":false,"n_upstream":0,"outlet":[-2.3737,39.1369],"outlet_how":"cedex river","label":[-2.4006,39.11],"source":"CEDEX/DGA subcuencas 1:25.000 (río 2002906)"},"geometry":{"type":"Polygon","coordinates":[[[-2.357,39.007],[-2.357,39.003],[-2.354,39.001],[-2.353,38.996],[-2.355,38.995],[-2.351,38.991],[-2.348,38.991],[-2.349,38.984],[-2.347,38.979],[-2.352,38.978],[-2.356,38.973],[-2.36,38.972],[-2.368,38.973],[-2.369,38.975],[-2.374,38.974],[-2.381,38.975],[-2.382,38.972],[-2.39,38.97],[-2.396,38.964],[-2.402,38.964],[-2.41,38.969],[-2.409,38.975],[-2.416,38.978],[-2.416,38.981],[-2.421,38.98],[-2.424,38.989],[-2.424,38.994],[-2.426,38.996],[-2.427,39.01],[-2.426,39.013],[-2.432,39.017],[-2.433,39.021],[-2.436,39.023],[-2.448,39.024],[-2.454,39.028],[-2.456,39.033],[-2.456,39.039],[-2.451,39.042],[-2.452,39.047],[-2.447,39.051],[-2.447,39.056],[-2.442,39.061],[-2.44,39.065],[-2.443,39.065],[-2.451,39.073],[-2.451,39.079],[-2.448,39.08],[-2.445,39.085],[-2.444,39.094],[-2.44,39.099],[-2.434,39.1],[-2.434,39.106],[-2.425,39.106],[-2.422,39.112],[-2.423,39.12],[-2.418,39.123],[-2.415,39.127],[-2.416,39.137],[-2.409,39.14],[-2.41,39.15],[-2.406,39.156],[-2.406,39.16],[-2.402,39.161],[-2.398,39.166],[-2.396,39.166],[-2.397,39.171],[-2.393,39.17],[-2.385,39.165],[-2.376,39.166],[-2.373,39.17],[-2.368,39.17],[-2.365,39.167],[-2.354,39.167],[-2.349,39.171],[-2.349,39.179],[-2.347,39.184],[-2.347,39.19],[-2.343,39.193],[-2.339,39.202],[-2.335,39.205],[-2.331,39.204],[-2.334,39.208],[-2.333,39.218],[-2.328,39.219],[-2.328,39.224],[-2.33,39.226],[-2.34,39.225],[-2.343,39.228],[-2.34,39.231],[-2.336,39.231],[-2.333,39.237],[-2.321,39.237],[-2.318,39.238],[-2.319,39.244],[-2.311,39.25],[-2.306,39.25],[-2.303,39.254],[-2.29,39.257],[-2.29,39.253],[-2.285,39.254],[-2.285,39.245],[-2.282,39.239],[-2.273,39.239],[-2.271,39.237],[-2.263,39.237],[-2.258,39.232],[-2.26,39.228],[-2.269,39.225],[-2.273,39.22],[-2.273,39.215],[-2.275,39.213],[-2.274,39.209],[-2.281,39.21],[-2.288,39.216],[-2.29,39.213],[-2.296,39.213],[-2.293,39.195],[-2.299,39.188],[-2.31,39.179],[-2.316,39.178],[-2.321,39.167],[-2.325,39.165],[-2.33,39.165],[-2.335,39.163],[-2.337,39.157],[-2.341,39.157],[-2.341,39.154],[-2.347,39.153],[-2.351,39.149],[-2.354,39.149],[-2.356,39.142],[-2.362,39.142],[-2.366,39.139],[-2.365,39.132],[-2.368,39.126],[-2.365,39.125],[-2.368,39.12],[-2.372,39.117],[-2.38,39.108],[-2.38,39.103],[-2.384,39.1],[-2.384,39.096],[-2.389,39.095],[-2.385,39.092],[-2.384,39.088],[-2.381,39.088],[-2.376,39.082],[-2.374,39.076],[-2.371,39.076],[-2.367,39.072],[-2.365,39.055],[-2.361,39.053],[-2.362,39.038],[-2.357,39.033],[-2.352,39.03],[-2.349,39.025],[-2.354,39.025],[-2.36,39.021],[-2.363,39.015],[-2.36,39.008],[-2.357,39.007]]]}},{"type":"Feature","properties":{"id":"JG2002908","idx":314,"name":"Cañada del Cornudillo o del Moral","river":"Cañada del Cornudillo o del Moral","town":"La Roda","kind":"gap_river","area_km2":396.4,"up_area_km2":396.4,"next":null,"terminal_unit":"JG2002908","terminal":"endo","drains_to_sea":false,"n_upstream":0,"outlet":[-2.2009,39.1466],"outlet_how":"cedex river","label":[-2.242,39.1555],"source":"CEDEX/DGA subcuencas 1:25.000 (río 2002908)"},"geometry":{"type":"Polygon","coordinates":[[[-2.236,39.054],[-2.241,39.053],[-2.239,39.045],[-2.248,39.043],[-2.249,39.041],[-2.259,39.04],[-2.261,39.038],[-2.268,39.038],[-2.27,39.025],[-2.267,39.023],[-2.269,39.019],[-2.277,39.019],[-2.28,39.016],[-2.295,39.016],[-2.296,39.018],[-2.302,39.016],[-2.314,39.016],[-2.314,39.017],[-2.326,39.017],[-2.326,39.018],[-2.339,39.018],[-2.341,39.013],[-2.351,39.013],[-2.352,39.009],[-2.357,39.007],[-2.36,39.008],[-2.363,39.015],[-2.36,39.021],[-2.354,39.025],[-2.349,39.025],[-2.352,39.03],[-2.357,39.033],[-2.362,39.038],[-2.361,39.053],[-2.365,39.055],[-2.367,39.072],[-2.371,39.076],[-2.374,39.076],[-2.376,39.082],[-2.381,39.088],[-2.384,39.088],[-2.385,39.092],[-2.389,39.095],[-2.384,39.096],[-2.384,39.1],[-2.38,39.103],[-2.38,39.108],[-2.372,39.117],[-2.368,39.12],[-2.365,39.125],[-2.368,39.126],[-2.365,39.132],[-2.366,39.139],[-2.362,39.142],[-2.356,39.142],[-2.354,39.149],[-2.351,39.149],[-2.347,39.153],[-2.341,39.154],[-2.341,39.157],[-2.337,39.157],[-2.335,39.163],[-2.33,39.165],[-2.325,39.165],[-2.321,39.167],[-2.316,39.178],[-2.31,39.179],[-2.299,39.188],[-2.293,39.195],[-2.296,39.213],[-2.29,39.213],[-2.288,39.216],[-2.281,39.21],[-2.274,39.209],[-2.275,39.213],[-2.273,39.215],[-2.273,39.22],[-2.269,39.225],[-2.26,39.228],[-2.258,39.232],[-2.263,39.237],[-2.271,39.237],[-2.273,39.239],[-2.282,39.239],[-2.285,39.245],[-2.285,39.254],[-2.281,39.254],[-2.272,39.257],[-2.267,39.251],[-2.259,39.25],[-2.249,39.25],[-2.244,39.253],[-2.24,39.258],[-2.236,39.258],[-2.233,39.261],[-2.227,39.261],[-2.221,39.264],[-2.219,39.261],[-2.207,39.263],[-2.201,39.266],[-2.194,39.266],[-2.192,39.261],[-2.194,39.261],[-2.195,39.256],[-2.193,39.254],[-2.187,39.254],[-2.184,39.256],[-2.177,39.255],[-2.175,39.257],[-2.174,39.263],[-2.167,39.261],[-2.159,39.261],[-2.155,39.264],[-2.155,39.274],[-2.152,39.277],[-2.151,39.283],[-2.149,39.283],[-2.15,39.29],[-2.15,39.303],[-2.146,39.305],[-2.139,39.306],[-2.138,39.301],[-2.133,39.298],[-2.134,39.293],[-2.131,39.292],[-2.128,39.287],[-2.128,39.283],[-2.124,39.278],[-2.124,39.273],[-2.121,39.267],[-2.117,39.266],[-2.115,39.262],[-2.109,39.256],[-2.11,39.248],[-2.105,39.246],[-2.103,39.242],[-2.106,39.236],[-2.097,39.234],[-2.097,39.23],[-2.092,39.226],[-2.091,39.221],[-2.089,39.221],[-2.091,39.214],[-2.094,39.213],[-2.097,39.207],[-2.102,39.206],[-2.106,39.201],[-2.107,39.196],[-2.11,39.196],[-2.11,39.189],[-2.115,39.186],[-2.119,39.176],[-2.12,39.168],[-2.123,39.163],[-2.131,39.158],[-2.14,39.158],[-2.146,39.153],[-2.147,39.15],[-2.151,39.152],[-2.164,39.153],[-2.163,39.146],[-2.159,39.142],[-2.163,39.142],[-2.164,39.138],[-2.171,39.135],[-2.174,39.128],[-2.176,39.127],[-2.179,39.116],[-2.185,39.116],[-2.194,39.107],[-2.206,39.107],[-2.209,39.103],[-2.213,39.101],[-2.213,39.098],[-2.224,39.093],[-2.225,39.085],[-2.229,39.078],[-2.232,39.064],[-2.236,39.063],[-2.236,39.054]]]}},{"type":"Feature","properties":{"id":"JG200312","idx":315,"name":"Cuencas litorales (Alginet)","river":null,"town":"Alginet","kind":"gap_river","area_km2":220.6,"up_area_km2":220.6,"next":null,"terminal_unit":"JG200312","terminal":"sea","drains_to_sea":true,"n_upstream":0,"outlet":[-0.3683,39.2463],"outlet_how":"cedex river","label":[-0.3965,39.263],"source":"CEDEX/DGA subcuencas 1:25.000 (río 200312)"},"geometry":{"type":"Polygon","coordinates":[[[-0.53,39.264],[-0.535,39.266],[-0.537,39.27],[-0.536,39.28],[-0.533,39.282],[-0.521,39.283],[-0.519,39.294],[-0.516,39.296],[-0.519,39.306],[-0.524,39.31],[-0.529,39.31],[-0.529,39.314],[-0.518,39.315],[-0.514,39.313],[-0.503,39.312],[-0.5,39.314],[-0.497,39.32],[-0.498,39.327],[-0.487,39.33],[-0.482,39.333],[-0.478,39.333],[-0.475,39.337],[-0.468,39.338],[-0.462,39.332],[-0.46,39.325],[-0.455,39.325],[-0.45,39.319],[-0.44,39.316],[-0.44,39.313],[-0.434,39.314],[-0.432,39.309],[-0.429,39.309],[-0.423,39.303],[-0.42,39.303],[-0.415,39.298],[-0.407,39.298],[-0.405,39.29],[-0.402,39.288],[-0.387,39.288],[-0.386,39.285],[-0.38,39.28],[-0.369,39.281],[-0.361,39.277],[-0.359,39.274],[-0.352,39.27],[-0.345,39.269],[-0.345,39.273],[-0.342,39.28],[-0.344,39.281],[-0.344,39.288],[-0.332,39.295],[-0.326,39.295],[-0.317,39.299],[-0.311,39.299],[-0.305,39.289],[-0.3,39.289],[-0.297,39.292],[-0.297,39.299],[-0.299,39.305],[-0.292,39.311],[-0.287,39.301],[-0.285,39.3],[-0.283,39.294],[-0.278,39.288],[-0.276,39.282],[-0.273,39.28],[-0.269,39.271],[-0.265,39.266],[-0.264,39.262],[-0.26,39.257],[-0.256,39.247],[-0.254,39.246],[-0.251,39.238],[-0.249,39.237],[-0.246,39.229],[-0.241,39.223],[-0.234,39.209],[-0.229,39.202],[-0.234,39.202],[-0.243,39.199],[-0.254,39.197],[-0.262,39.196],[-0.27,39.192],[-0.281,39.187],[-0.287,39.187],[-0.29,39.189],[-0.295,39.196],[-0.297,39.203],[-0.304,39.209],[-0.306,39.208],[-0.319,39.211],[-0.323,39.205],[-0.326,39.206],[-0.337,39.206],[-0.34,39.208],[-0.342,39.209],[-0.344,39.211],[-0.355,39.208],[-0.359,39.204],[-0.37,39.204],[-0.377,39.209],[-0.388,39.209],[-0.39,39.205],[-0.396,39.206],[-0.398,39.21],[-0.405,39.21],[-0.406,39.208],[-0.411,39.208],[-0.412,39.21],[-0.42,39.21],[-0.425,39.214],[-0.425,39.217],[-0.43,39.219],[-0.432,39.227],[-0.437,39.227],[-0.441,39.229],[-0.441,39.232],[-0.445,39.235],[-0.458,39.235],[-0.459,39.236],[-0.464,39.237],[-0.469,39.241],[-0.475,39.245],[-0.482,39.245],[-0.484,39.242],[-0.498,39.242],[-0.5,39.244],[-0.509,39.243],[-0.514,39.248],[-0.516,39.253],[-0.521,39.253],[-0.524,39.259],[-0.53,39.264]]]}},{"type":"Feature","properties":{"id":"JG200352","idx":316,"name":"Barranc de l'Endolça","river":"Barranc de l'Endolça","town":"València","kind":"gap_river","area_km2":38.6,"up_area_km2":38.6,"next":null,"terminal_unit":"JG200352","terminal":"sea","drains_to_sea":true,"n_upstream":0,"outlet":[-0.3207,39.4411],"outlet_how":"cedex river","label":[-0.417,39.4975],"source":"CEDEX/DGA subcuencas 1:25.000 (río 200352)"},"geometry":{"type":"MultiPolygon","coordinates":[[[[-0.468,39.561],[-0.465,39.558],[-0.46,39.56],[-0.457,39.555],[-0.453,39.552],[-0.453,39.547],[-0.448,39.545],[-0.448,39.542],[-0.44,39.54],[-0.439,39.535],[-0.441,39.534],[-0.439,39.528],[-0.435,39.524],[-0.435,39.517],[-0.432,39.514],[-0.433,39.51],[-0.429,39.509],[-0.425,39.505],[-0.414,39.505],[-0.404,39.498],[-0.398,39.497],[-0.397,39.494],[-0.392,39.49],[-0.388,39.489],[-0.377,39.489],[-0.369,39.484],[-0.364,39.478],[-0.359,39.477],[-0.348,39.478],[-0.342,39.482],[-0.335,39.483],[-0.322,39.483],[-0.321,39.475],[-0.321,39.463],[-0.316,39.459],[-0.312,39.451],[-0.314,39.447],[-0.32,39.453],[-0.322,39.458],[-0.325,39.458],[-0.325,39.462],[-0.329,39.462],[-0.329,39.458],[-0.326,39.455],[-0.322,39.455],[-0.324,39.452],[-0.32,39.449],[-0.324,39.449],[-0.323,39.445],[-0.32,39.445],[-0.322,39.439],[-0.328,39.441],[-0.331,39.435],[-0.33,39.433],[-0.334,39.433],[-0.338,39.436],[-0.338,39.441],[-0.341,39.444],[-0.341,39.453],[-0.352,39.453],[-0.355,39.457],[-0.363,39.46],[-0.365,39.464],[-0.373,39.464],[-0.378,39.466],[-0.381,39.464],[-0.382,39.467],[-0.388,39.469],[-0.391,39.468],[-0.405,39.469],[-0.405,39.467],[-0.412,39.469],[-0.415,39.476],[-0.418,39.476],[-0.425,39.483],[-0.431,39.484],[-0.432,39.496],[-0.437,39.504],[-0.439,39.504],[-0.442,39.512],[-0.448,39.517],[-0.451,39.524],[-0.456,39.527],[-0.457,39.537],[-0.455,39.539],[-0.462,39.541],[-0.467,39.544],[-0.47,39.548],[-0.471,39.557],[-0.468,39.561]]],[[[-0.33,39.433],[-0.32,39.427],[-0.318,39.424],[-0.313,39.423],[-0.309,39.429],[-0.311,39.433],[-0.314,39.431],[-0.323,39.432],[-0.326,39.434],[-0.33,39.433]]]]}},{"type":"Feature","properties":{"id":"JG2003554","idx":317,"name":"Barranco de Bords","river":"Barranco de Bords","town":"Rafelbunyol","kind":"gap_river","area_km2":28.7,"up_area_km2":28.7,"next":null,"terminal_unit":"JG2003554","terminal":"sea","drains_to_sea":true,"n_upstream":0,"outlet":[-0.3497,39.6004],"outlet_how":"cedex river","label":[-0.3726,39.6145],"source":"CEDEX/DGA subcuencas 1:25.000 (río 2003554)"},"geometry":{"type":"Polygon","coordinates":[[[-0.404,39.641],[-0.401,39.645],[-0.397,39.647],[-0.4,39.651],[-0.401,39.656],[-0.399,39.66],[-0.392,39.661],[-0.389,39.657],[-0.389,39.652],[-0.381,39.651],[-0.379,39.649],[-0.379,39.644],[-0.381,39.644],[-0.381,39.633],[-0.379,39.625],[-0.371,39.625],[-0.363,39.623],[-0.356,39.617],[-0.356,39.613],[-0.351,39.612],[-0.344,39.607],[-0.332,39.605],[-0.326,39.601],[-0.313,39.601],[-0.311,39.597],[-0.304,39.591],[-0.292,39.591],[-0.285,39.589],[-0.277,39.589],[-0.27,39.587],[-0.272,39.579],[-0.276,39.571],[-0.28,39.566],[-0.284,39.566],[-0.289,39.57],[-0.293,39.57],[-0.297,39.573],[-0.304,39.574],[-0.308,39.579],[-0.312,39.579],[-0.313,39.582],[-0.317,39.581],[-0.319,39.578],[-0.324,39.581],[-0.324,39.584],[-0.332,39.585],[-0.332,39.587],[-0.338,39.585],[-0.346,39.585],[-0.35,39.583],[-0.352,39.587],[-0.356,39.588],[-0.36,39.593],[-0.365,39.594],[-0.365,39.6],[-0.374,39.601],[-0.376,39.604],[-0.382,39.608],[-0.383,39.612],[-0.393,39.616],[-0.394,39.621],[-0.397,39.623],[-0.395,39.625],[-0.394,39.634],[-0.401,39.637],[-0.404,39.641]]]}},{"type":"Feature","properties":{"id":"JG200356","idx":318,"name":"Barranc del Puig","river":"Barranc del Puig","town":null,"kind":"gap_river","area_km2":39.4,"up_area_km2":39.4,"next":null,"terminal_unit":"JG200356","terminal":"sea","drains_to_sea":true,"n_upstream":0,"outlet":[-0.277,39.5991],"outlet_how":"cedex river x unit boundary","label":[-0.3515,39.642],"source":"CEDEX/DGA subcuencas 1:25.000 (río 200356)"},"geometry":{"type":"Polygon","coordinates":[[[-0.397,39.695],[-0.392,39.698],[-0.386,39.696],[-0.384,39.693],[-0.388,39.69],[-0.386,39.687],[-0.39,39.682],[-0.388,39.682],[-0.387,39.676],[-0.382,39.672],[-0.372,39.671],[-0.366,39.669],[-0.363,39.666],[-0.357,39.664],[-0.357,39.656],[-0.352,39.656],[-0.346,39.65],[-0.34,39.65],[-0.338,39.652],[-0.332,39.652],[-0.331,39.65],[-0.326,39.65],[-0.322,39.647],[-0.322,39.64],[-0.325,39.639],[-0.325,39.633],[-0.328,39.633],[-0.329,39.628],[-0.327,39.625],[-0.322,39.624],[-0.32,39.626],[-0.315,39.626],[-0.314,39.624],[-0.308,39.623],[-0.307,39.62],[-0.3,39.62],[-0.305,39.618],[-0.307,39.613],[-0.298,39.611],[-0.294,39.609],[-0.294,39.605],[-0.288,39.605],[-0.287,39.603],[-0.281,39.603],[-0.277,39.599],[-0.271,39.599],[-0.268,39.596],[-0.27,39.587],[-0.277,39.589],[-0.285,39.589],[-0.292,39.591],[-0.304,39.591],[-0.311,39.597],[-0.313,39.601],[-0.326,39.601],[-0.332,39.605],[-0.344,39.607],[-0.351,39.612],[-0.356,39.613],[-0.356,39.617],[-0.363,39.623],[-0.371,39.625],[-0.379,39.625],[-0.381,39.633],[-0.381,39.644],[-0.379,39.644],[-0.379,39.649],[-0.381,39.651],[-0.389,39.652],[-0.389,39.657],[-0.392,39.661],[-0.393,39.665],[-0.397,39.667],[-0.396,39.67],[-0.4,39.674],[-0.404,39.673],[-0.404,39.678],[-0.406,39.681],[-0.397,39.685],[-0.399,39.693],[-0.397,39.695]]]}},{"type":"Feature","properties":{"id":"JG2003932","idx":319,"name":"Rambla d'Estopet","river":"Rambla d'Estopet","town":null,"kind":"gap_river","area_km2":31.1,"up_area_km2":31.1,"next":null,"terminal_unit":"JG2003932","terminal":"sea","drains_to_sea":true,"n_upstream":0,"outlet":[0.2697,40.2216],"outlet_how":"cedex river","label":[0.2502,40.2705],"source":"CEDEX/DGA subcuencas 1:25.000 (río 2003932)"},"geometry":{"type":"Polygon","coordinates":[[[0.268,40.215],[0.259,40.219],[0.258,40.225],[0.247,40.227],[0.243,40.235],[0.24,40.236],[0.24,40.242],[0.234,40.244],[0.234,40.248],[0.23,40.251],[0.232,40.257],[0.235,40.261],[0.232,40.264],[0.227,40.263],[0.227,40.27],[0.224,40.271],[0.222,40.277],[0.218,40.277],[0.216,40.282],[0.209,40.284],[0.209,40.288],[0.214,40.289],[0.226,40.288],[0.231,40.282],[0.238,40.282],[0.238,40.28],[0.244,40.28],[0.247,40.278],[0.249,40.28],[0.25,40.287],[0.254,40.289],[0.258,40.297],[0.255,40.3],[0.255,40.307],[0.261,40.309],[0.263,40.313],[0.27,40.316],[0.272,40.32],[0.28,40.32],[0.28,40.323],[0.284,40.325],[0.293,40.325],[0.295,40.323],[0.303,40.324],[0.303,40.32],[0.298,40.314],[0.298,40.309],[0.29,40.305],[0.283,40.294],[0.288,40.293],[0.285,40.284],[0.282,40.282],[0.283,40.279],[0.28,40.275],[0.271,40.267],[0.271,40.265],[0.266,40.261],[0.266,40.256],[0.259,40.254],[0.258,40.252],[0.247,40.251],[0.247,40.245],[0.252,40.238],[0.256,40.235],[0.262,40.235],[0.263,40.229],[0.267,40.228],[0.268,40.223],[0.271,40.222],[0.268,40.215]]]}},{"type":"Feature","properties":{"id":"J18-15-01-02~2002788884","idx":320,"name":"Arroyo del Rubies","river":"Arroyo del Rubies","town":"Iniesta","kind":"split","area_km2":391.8,"up_area_km2":391.8,"next":"J18-15-01-02","terminal_unit":"J18-36","terminal":"sea","drains_to_sea":true,"n_upstream":0,"outlet":[-1.735,39.3725],"outlet_how":"cedex river x unit boundary","label":[-1.7267,39.5465],"source":"CEDEX/DGA subcuencas 1:25.000 (río 2002788884) inside CHJ water-body catchment 18-15-01-02","within":"Arroyo de Ledaña"},"geometry":{"type":"Polygon","coordinates":[[[-1.857,39.659],[-1.859,39.664],[-1.862,39.665],[-1.867,39.671],[-1.872,39.674],[-1.878,39.674],[-1.877,39.68],[-1.872,39.68],[-1.872,39.682],[-1.864,39.686],[-1.861,39.69],[-1.853,39.69],[-1.853,39.696],[-1.855,39.701],[-1.847,39.702],[-1.843,39.707],[-1.844,39.717],[-1.83,39.716],[-1.827,39.712],[-1.822,39.709],[-1.817,39.709],[-1.817,39.707],[-1.809,39.704],[-1.807,39.701],[-1.802,39.701],[-1.799,39.694],[-1.79,39.692],[-1.787,39.689],[-1.789,39.683],[-1.786,39.678],[-1.782,39.678],[-1.78,39.673],[-1.776,39.672],[-1.776,39.669],[-1.767,39.669],[-1.762,39.662],[-1.758,39.662],[-1.754,39.659],[-1.748,39.657],[-1.738,39.658],[-1.739,39.665],[-1.741,39.668],[-1.731,39.669],[-1.729,39.673],[-1.725,39.671],[-1.715,39.677],[-1.711,39.675],[-1.705,39.675],[-1.701,39.669],[-1.698,39.668],[-1.698,39.664],[-1.685,39.659],[-1.685,39.654],[-1.679,39.653],[-1.672,39.648],[-1.672,39.645],[-1.666,39.644],[-1.665,39.64],[-1.656,39.637],[-1.645,39.637],[-1.642,39.636],[-1.646,39.633],[-1.649,39.628],[-1.649,39.622],[-1.653,39.622],[-1.653,39.615],[-1.656,39.611],[-1.655,39.603],[-1.65,39.598],[-1.638,39.598],[-1.64,39.595],[-1.64,39.59],[-1.633,39.585],[-1.626,39.585],[-1.623,39.582],[-1.617,39.582],[-1.616,39.577],[-1.619,39.577],[-1.621,39.572],[-1.625,39.568],[-1.627,39.562],[-1.634,39.56],[-1.636,39.557],[-1.635,39.551],[-1.636,39.54],[-1.638,39.538],[-1.643,39.538],[-1.647,39.531],[-1.652,39.53],[-1.652,39.517],[-1.66,39.513],[-1.662,39.51],[-1.661,39.501],[-1.662,39.498],[-1.667,39.495],[-1.669,39.491],[-1.673,39.488],[-1.673,39.481],[-1.683,39.475],[-1.685,39.472],[-1.691,39.472],[-1.691,39.465],[-1.698,39.461],[-1.698,39.459],[-1.704,39.46],[-1.71,39.455],[-1.711,39.451],[-1.709,39.449],[-1.712,39.439],[-1.715,39.439],[-1.716,39.434],[-1.721,39.434],[-1.722,39.424],[-1.725,39.418],[-1.73,39.414],[-1.729,39.406],[-1.726,39.405],[-1.726,39.398],[-1.73,39.396],[-1.728,39.393],[-1.724,39.393],[-1.723,39.383],[-1.721,39.382],[-1.726,39.377],[-1.73,39.377],[-1.73,39.372],[-1.735,39.372],[-1.739,39.384],[-1.744,39.385],[-1.744,39.387],[-1.755,39.391],[-1.758,39.397],[-1.757,39.411],[-1.76,39.415],[-1.76,39.423],[-1.757,39.424],[-1.766,39.433],[-1.767,39.44],[-1.777,39.449],[-1.789,39.449],[-1.787,39.461],[-1.79,39.463],[-1.795,39.474],[-1.8,39.474],[-1.8,39.477],[-1.808,39.482],[-1.81,39.496],[-1.809,39.498],[-1.815,39.5],[-1.822,39.509],[-1.827,39.51],[-1.828,39.523],[-1.837,39.528],[-1.835,39.534],[-1.831,39.535],[-1.827,39.539],[-1.82,39.543],[-1.816,39.55],[-1.822,39.552],[-1.825,39.556],[-1.833,39.56],[-1.836,39.563],[-1.841,39.563],[-1.842,39.568],[-1.836,39.568],[-1.83,39.57],[-1.826,39.576],[-1.819,39.576],[-1.815,39.579],[-1.815,39.585],[-1.82,39.59],[-1.816,39.591],[-1.81,39.596],[-1.809,39.608],[-1.813,39.611],[-1.814,39.62],[-1.812,39.625],[-1.822,39.625],[-1.827,39.627],[-1.827,39.63],[-1.831,39.633],[-1.839,39.633],[-1.838,39.64],[-1.84,39.641],[-1.839,39.647],[-1.843,39.649],[-1.843,39.653],[-1.849,39.654],[-1.853,39.659],[-1.857,39.659]]]}},{"type":"Feature","properties":{"id":"J18-15-01-02~2002788886","idx":321,"name":"Arroyo de la Calera o Cañada del Lavajo Nuevo","river":"Arroyo de la Calera o Cañada del Lavajo Nuevo","town":null,"kind":"split","area_km2":133.1,"up_area_km2":133.1,"next":"J18-15-01-02","terminal_unit":"J18-36","terminal":"sea","drains_to_sea":true,"n_upstream":0,"outlet":[-1.7351,39.372],"outlet_how":"cedex river x unit boundary","label":[-1.8422,39.512],"source":"CEDEX/DGA subcuencas 1:25.000 (río 2002788886) inside CHJ water-body catchment 18-15-01-02","within":"Arroyo de Ledaña"},"geometry":{"type":"Polygon","coordinates":[[[-1.897,39.551],[-1.894,39.554],[-1.88,39.553],[-1.877,39.556],[-1.878,39.568],[-1.875,39.57],[-1.874,39.578],[-1.871,39.58],[-1.873,39.584],[-1.877,39.587],[-1.87,39.602],[-1.875,39.608],[-1.879,39.61],[-1.886,39.618],[-1.89,39.62],[-1.89,39.625],[-1.892,39.628],[-1.894,39.641],[-1.89,39.642],[-1.888,39.645],[-1.873,39.645],[-1.872,39.648],[-1.863,39.649],[-1.863,39.657],[-1.857,39.659],[-1.853,39.659],[-1.849,39.654],[-1.843,39.653],[-1.843,39.649],[-1.839,39.647],[-1.84,39.641],[-1.838,39.64],[-1.839,39.633],[-1.831,39.633],[-1.827,39.63],[-1.827,39.627],[-1.822,39.625],[-1.812,39.625],[-1.814,39.62],[-1.813,39.611],[-1.809,39.608],[-1.81,39.596],[-1.816,39.591],[-1.82,39.59],[-1.815,39.585],[-1.815,39.579],[-1.819,39.576],[-1.826,39.576],[-1.83,39.57],[-1.836,39.568],[-1.842,39.568],[-1.841,39.563],[-1.836,39.563],[-1.833,39.56],[-1.825,39.556],[-1.822,39.552],[-1.816,39.55],[-1.82,39.543],[-1.827,39.539],[-1.831,39.535],[-1.835,39.534],[-1.837,39.528],[-1.828,39.523],[-1.827,39.51],[-1.822,39.509],[-1.815,39.5],[-1.809,39.498],[-1.81,39.496],[-1.808,39.482],[-1.8,39.477],[-1.8,39.474],[-1.795,39.474],[-1.79,39.463],[-1.787,39.461],[-1.789,39.449],[-1.777,39.449],[-1.767,39.44],[-1.766,39.433],[-1.757,39.424],[-1.76,39.423],[-1.76,39.415],[-1.757,39.411],[-1.758,39.397],[-1.755,39.391],[-1.744,39.387],[-1.744,39.385],[-1.739,39.384],[-1.735,39.372],[-1.744,39.37],[-1.749,39.363],[-1.764,39.367],[-1.767,39.376],[-1.777,39.378],[-1.779,39.38],[-1.779,39.385],[-1.781,39.388],[-1.789,39.39],[-1.789,39.396],[-1.795,39.398],[-1.797,39.404],[-1.806,39.41],[-1.809,39.418],[-1.813,39.419],[-1.813,39.422],[-1.818,39.427],[-1.822,39.427],[-1.819,39.435],[-1.823,39.437],[-1.826,39.441],[-1.832,39.443],[-1.832,39.447],[-1.839,39.45],[-1.837,39.455],[-1.83,39.455],[-1.829,39.46],[-1.836,39.466],[-1.839,39.47],[-1.84,39.481],[-1.843,39.483],[-1.844,39.487],[-1.849,39.487],[-1.849,39.491],[-1.852,39.493],[-1.854,39.498],[-1.852,39.501],[-1.855,39.503],[-1.854,39.508],[-1.859,39.514],[-1.858,39.527],[-1.864,39.527],[-1.87,39.529],[-1.874,39.533],[-1.883,39.533],[-1.886,39.535],[-1.89,39.537],[-1.891,39.541],[-1.897,39.545],[-1.897,39.551]]]}},{"type":"Feature","properties":{"id":"J18-14-01-05~20028462","idx":322,"name":"Río de la Estacadilla","river":"Río de la Estacadilla","town":"Pozuelo","kind":"split","area_km2":273.9,"up_area_km2":273.9,"next":"J18-14-01-05","terminal_unit":"J18-36","terminal":"sea","drains_to_sea":true,"n_upstream":0,"outlet":[-1.917,38.9801],"outlet_how":"cedex river x unit boundary","label":[-2.0527,38.866],"source":"CEDEX/DGA subcuencas 1:25.000 (río 20028462) inside CHJ water-body catchment 18-14-01-05","within":"Río Arquillo: azud de Volada La Choriza - Albacete"},"geometry":{"type":"Polygon","coordinates":[[[-2.135,38.844],[-2.137,38.841],[-2.135,38.838],[-2.137,38.836],[-2.138,38.83],[-2.144,38.825],[-2.147,38.82],[-2.152,38.819],[-2.154,38.811],[-2.156,38.809],[-2.156,38.799],[-2.154,38.795],[-2.153,38.785],[-2.156,38.781],[-2.155,38.775],[-2.155,38.765],[-2.148,38.754],[-2.142,38.752],[-2.134,38.745],[-2.131,38.745],[-2.119,38.744],[-2.119,38.745],[-2.105,38.745],[-2.094,38.747],[-2.093,38.749],[-2.088,38.749],[-2.08,38.753],[-2.075,38.753],[-2.07,38.755],[-2.067,38.759],[-2.057,38.759],[-2.057,38.76],[-2.046,38.76],[-2.045,38.769],[-2.04,38.769],[-2.039,38.773],[-2.045,38.777],[-2.045,38.781],[-2.04,38.781],[-2.038,38.783],[-2.039,38.794],[-2.049,38.794],[-2.05,38.802],[-2.041,38.802],[-2.038,38.805],[-2.028,38.806],[-2.028,38.811],[-2.022,38.815],[-2.021,38.823],[-2.019,38.823],[-2.019,38.831],[-2.016,38.833],[-2.016,38.839],[-2.014,38.841],[-2.008,38.841],[-2.005,38.846],[-1.999,38.846],[-1.995,38.849],[-1.995,38.855],[-1.991,38.859],[-1.986,38.86],[-1.976,38.869],[-1.971,38.878],[-1.963,38.886],[-1.956,38.889],[-1.964,38.9],[-1.959,38.905],[-1.956,38.906],[-1.956,38.913],[-1.96,38.917],[-1.957,38.919],[-1.951,38.919],[-1.95,38.923],[-1.941,38.924],[-1.941,38.947],[-1.933,38.951],[-1.934,38.963],[-1.93,38.967],[-1.926,38.967],[-1.922,38.976],[-1.917,38.981],[-1.923,38.98],[-1.933,38.98],[-1.939,38.979],[-1.944,38.982],[-1.957,38.982],[-1.958,38.984],[-1.969,38.984],[-1.974,38.988],[-1.98,38.988],[-1.988,38.98],[-1.994,38.978],[-2.007,38.978],[-2.012,38.96],[-2.016,38.955],[-2.027,38.955],[-2.031,38.956],[-2.034,38.951],[-2.04,38.951],[-2.041,38.949],[-2.049,38.947],[-2.05,38.945],[-2.064,38.936],[-2.066,38.933],[-2.073,38.933],[-2.077,38.928],[-2.081,38.928],[-2.09,38.918],[-2.094,38.916],[-2.105,38.916],[-2.105,38.911],[-2.103,38.909],[-2.108,38.908],[-2.108,38.899],[-2.112,38.897],[-2.113,38.887],[-2.118,38.884],[-2.125,38.875],[-2.125,38.87],[-2.127,38.863],[-2.13,38.861],[-2.131,38.852],[-2.128,38.85],[-2.135,38.844]]]}},{"type":"Feature","properties":{"id":"J18-14-01-05~200284668","idx":323,"name":"Vallejo del Agua","river":"Vallejo del Agua","town":"Higueruela","kind":"split","area_km2":138.7,"up_area_km2":138.7,"next":"J18-14-01-05","terminal_unit":"J18-36","terminal":"sea","drains_to_sea":true,"n_upstream":0,"outlet":[-1.63,38.9123],"outlet_how":"cedex river x unit boundary","label":[-1.5414,38.9375],"source":"CEDEX/DGA subcuencas 1:25.000 (río 200284668) inside CHJ water-body catchment 18-14-01-05","within":"Río Arquillo: azud de Volada La Choriza - Albacete"},"geometry":{"type":"Polygon","coordinates":[[[-1.641,38.946],[-1.639,38.95],[-1.631,38.952],[-1.623,38.954],[-1.615,38.964],[-1.606,38.964],[-1.601,38.968],[-1.591,38.969],[-1.585,38.974],[-1.578,38.974],[-1.572,38.972],[-1.57,38.967],[-1.559,38.968],[-1.555,38.972],[-1.551,38.971],[-1.549,38.973],[-1.54,38.973],[-1.539,38.975],[-1.534,38.975],[-1.528,38.972],[-1.507,38.972],[-1.502,38.975],[-1.491,38.976],[-1.483,38.97],[-1.476,38.971],[-1.474,38.969],[-1.47,38.97],[-1.453,38.97],[-1.454,38.973],[-1.45,38.973],[-1.448,38.975],[-1.442,38.976],[-1.441,38.979],[-1.435,38.981],[-1.428,38.981],[-1.423,38.986],[-1.417,38.987],[-1.416,38.99],[-1.407,38.991],[-1.408,38.981],[-1.414,38.979],[-1.414,38.976],[-1.419,38.973],[-1.423,38.964],[-1.426,38.964],[-1.426,38.954],[-1.434,38.953],[-1.44,38.95],[-1.44,38.948],[-1.445,38.947],[-1.449,38.943],[-1.452,38.934],[-1.459,38.93],[-1.456,38.927],[-1.457,38.922],[-1.453,38.924],[-1.446,38.924],[-1.445,38.922],[-1.439,38.922],[-1.438,38.919],[-1.441,38.917],[-1.441,38.912],[-1.444,38.91],[-1.444,38.905],[-1.451,38.903],[-1.457,38.896],[-1.457,38.888],[-1.468,38.889],[-1.473,38.894],[-1.492,38.894],[-1.497,38.889],[-1.498,38.886],[-1.505,38.886],[-1.515,38.889],[-1.528,38.889],[-1.528,38.888],[-1.54,38.888],[-1.542,38.89],[-1.546,38.889],[-1.552,38.889],[-1.56,38.896],[-1.561,38.899],[-1.572,38.902],[-1.574,38.905],[-1.578,38.906],[-1.58,38.909],[-1.588,38.909],[-1.591,38.904],[-1.603,38.904],[-1.605,38.898],[-1.612,38.897],[-1.615,38.902],[-1.614,38.906],[-1.623,38.912],[-1.63,38.912],[-1.629,38.917],[-1.629,38.927],[-1.632,38.93],[-1.632,38.941],[-1.637,38.945],[-1.641,38.946]]]}},{"type":"Feature","properties":{"id":"J18-14-01-06~2002842","idx":324,"name":"Rambla de la Boticaria o Vallejo del Pleito","river":"Rambla de la Boticaria o Vallejo del Pleito","town":null,"kind":"split","area_km2":92.6,"up_area_km2":92.6,"next":"J18-14-01-06","terminal_unit":"J18-36","terminal":"sea","drains_to_sea":true,"n_upstream":0,"outlet":[-1.6709,39.081],"outlet_how":"cedex river x unit boundary","label":[-1.6988,39.0155],"source":"CEDEX/DGA subcuencas 1:25.000 (río 2002842) inside CHJ water-body catchment 18-14-01-06","within":"Canal María Cristina: Albacete - carretera de Casas de Juan Núñez"},"geometry":{"type":"Polygon","coordinates":[[[-1.631,38.952],[-1.632,38.956],[-1.636,38.959],[-1.636,38.972],[-1.633,38.974],[-1.628,38.982],[-1.628,38.986],[-1.625,38.987],[-1.622,38.996],[-1.624,38.999],[-1.632,38.997],[-1.64,39.005],[-1.645,39.008],[-1.646,39.021],[-1.65,39.021],[-1.651,39.028],[-1.653,39.029],[-1.653,39.034],[-1.65,39.037],[-1.652,39.043],[-1.656,39.045],[-1.656,39.048],[-1.662,39.049],[-1.667,39.054],[-1.667,39.058],[-1.67,39.059],[-1.67,39.065],[-1.673,39.067],[-1.672,39.07],[-1.668,39.071],[-1.668,39.08],[-1.675,39.075],[-1.685,39.074],[-1.688,39.075],[-1.691,39.072],[-1.697,39.072],[-1.704,39.065],[-1.704,39.059],[-1.726,39.059],[-1.728,39.062],[-1.736,39.059],[-1.738,39.055],[-1.741,39.054],[-1.743,39.047],[-1.749,39.044],[-1.751,39.036],[-1.755,39.032],[-1.756,39.026],[-1.752,39.018],[-1.752,39.013],[-1.748,39.01],[-1.748,39.003],[-1.745,38.991],[-1.741,38.99],[-1.737,38.986],[-1.729,38.986],[-1.721,38.982],[-1.717,38.983],[-1.715,38.98],[-1.709,38.98],[-1.702,38.975],[-1.694,38.975],[-1.689,38.973],[-1.684,38.968],[-1.677,38.966],[-1.676,38.963],[-1.669,38.96],[-1.656,38.961],[-1.653,38.958],[-1.649,38.958],[-1.639,38.95],[-1.631,38.952]]]}},{"type":"Feature","properties":{"id":"J18-12-01-03~2002922","idx":325,"name":"Rambla de Mahora","river":"Rambla de Mahora","town":"Mahora","kind":"split","area_km2":299.8,"up_area_km2":299.8,"next":"J18-12-01-03","terminal_unit":"J18-36","terminal":"sea","drains_to_sea":true,"n_upstream":0,"outlet":[-1.7209,39.182],"outlet_how":"cedex river x unit boundary","label":[-1.8442,39.354],"source":"CEDEX/DGA subcuencas 1:25.000 (río 2002922) inside CHJ water-body catchment 18-12-01-03","within":"Río Valdemembra: Quintanar del Rey - río Júcar"},"geometry":{"type":"Polygon","coordinates":[[[-1.647,39.228],[-1.648,39.22],[-1.658,39.219],[-1.664,39.206],[-1.673,39.207],[-1.678,39.201],[-1.68,39.198],[-1.686,39.198],[-1.692,39.191],[-1.7,39.19],[-1.702,39.188],[-1.711,39.188],[-1.712,39.182],[-1.72,39.181],[-1.721,39.188],[-1.724,39.191],[-1.728,39.191],[-1.731,39.195],[-1.731,39.202],[-1.737,39.204],[-1.745,39.204],[-1.749,39.214],[-1.757,39.217],[-1.758,39.222],[-1.764,39.224],[-1.766,39.228],[-1.764,39.235],[-1.772,39.239],[-1.775,39.244],[-1.782,39.243],[-1.786,39.247],[-1.791,39.249],[-1.791,39.254],[-1.797,39.259],[-1.797,39.261],[-1.803,39.261],[-1.806,39.265],[-1.817,39.265],[-1.817,39.269],[-1.825,39.277],[-1.832,39.282],[-1.828,39.282],[-1.821,39.288],[-1.812,39.288],[-1.813,39.291],[-1.817,39.291],[-1.822,39.297],[-1.83,39.297],[-1.837,39.301],[-1.838,39.305],[-1.843,39.309],[-1.843,39.313],[-1.846,39.314],[-1.851,39.325],[-1.855,39.327],[-1.855,39.33],[-1.865,39.331],[-1.866,39.333],[-1.874,39.335],[-1.877,39.339],[-1.882,39.34],[-1.886,39.343],[-1.892,39.35],[-1.896,39.349],[-1.897,39.352],[-1.903,39.356],[-1.902,39.36],[-1.906,39.36],[-1.907,39.367],[-1.905,39.368],[-1.907,39.372],[-1.907,39.377],[-1.912,39.38],[-1.916,39.386],[-1.916,39.392],[-1.914,39.406],[-1.911,39.408],[-1.908,39.415],[-1.904,39.415],[-1.901,39.422],[-1.897,39.422],[-1.898,39.431],[-1.903,39.434],[-1.901,39.44],[-1.901,39.445],[-1.904,39.446],[-1.904,39.454],[-1.899,39.455],[-1.896,39.455],[-1.893,39.459],[-1.892,39.467],[-1.888,39.467],[-1.888,39.472],[-1.885,39.475],[-1.885,39.479],[-1.887,39.484],[-1.883,39.486],[-1.883,39.491],[-1.886,39.494],[-1.885,39.498],[-1.882,39.499],[-1.877,39.499],[-1.873,39.505],[-1.873,39.51],[-1.877,39.513],[-1.877,39.519],[-1.875,39.521],[-1.876,39.526],[-1.864,39.527],[-1.858,39.527],[-1.859,39.514],[-1.854,39.508],[-1.855,39.503],[-1.852,39.501],[-1.854,39.498],[-1.852,39.493],[-1.849,39.491],[-1.849,39.487],[-1.844,39.487],[-1.843,39.483],[-1.84,39.481],[-1.839,39.47],[-1.836,39.466],[-1.829,39.46],[-1.83,39.455],[-1.837,39.455],[-1.839,39.45],[-1.832,39.447],[-1.832,39.443],[-1.826,39.441],[-1.823,39.437],[-1.819,39.435],[-1.822,39.427],[-1.818,39.427],[-1.813,39.422],[-1.813,39.419],[-1.809,39.418],[-1.806,39.41],[-1.797,39.404],[-1.795,39.398],[-1.793,39.397],[-1.791,39.391],[-1.797,39.38],[-1.797,39.375],[-1.792,39.375],[-1.788,39.372],[-1.785,39.365],[-1.789,39.364],[-1.789,39.355],[-1.787,39.351],[-1.781,39.353],[-1.777,39.357],[-1.777,39.363],[-1.773,39.359],[-1.767,39.359],[-1.765,39.355],[-1.762,39.355],[-1.762,39.351],[-1.766,39.353],[-1.768,39.351],[-1.769,39.345],[-1.764,39.346],[-1.753,39.346],[-1.745,39.345],[-1.744,39.343],[-1.738,39.341],[-1.736,39.337],[-1.731,39.335],[-1.729,39.326],[-1.724,39.326],[-1.725,39.323],[-1.72,39.32],[-1.718,39.311],[-1.715,39.311],[-1.71,39.305],[-1.704,39.304],[-1.701,39.3],[-1.696,39.299],[-1.692,39.295],[-1.692,39.29],[-1.697,39.286],[-1.697,39.275],[-1.694,39.273],[-1.694,39.269],[-1.689,39.265],[-1.685,39.259],[-1.685,39.252],[-1.681,39.25],[-1.679,39.244],[-1.674,39.243],[-1.669,39.238],[-1.658,39.229],[-1.653,39.227],[-1.647,39.228]]]}},{"type":"Feature","properties":{"id":"J18-20-02-01~20027266","idx":326,"name":"Río Zarra — tramo 1 de 2","river":"Río Zarra","town":"Teresa de Cofrentes","kind":"split","area_km2":318.3,"up_area_km2":318.3,"next":"J18-20-02-01","terminal_unit":"J18-36","terminal":"sea","drains_to_sea":true,"n_upstream":0,"outlet":[-1.0462,39.118],"outlet_how":"cedex river x unit boundary","label":[-1.2647,39.0315],"source":"CEDEX/DGA subcuencas 1:25.000 (río 20027266) inside CHJ water-body catchment 18-20-02-01","within":"Río Zarra"},"geometry":{"type":"Polygon","coordinates":[[[-1.396,39.033],[-1.386,39.033],[-1.385,39.035],[-1.377,39.035],[-1.373,39.033],[-1.368,39.038],[-1.362,39.038],[-1.36,39.043],[-1.355,39.046],[-1.348,39.046],[-1.345,39.05],[-1.328,39.058],[-1.318,39.058],[-1.317,39.065],[-1.312,39.059],[-1.305,39.058],[-1.309,39.051],[-1.295,39.049],[-1.292,39.047],[-1.289,39.053],[-1.289,39.061],[-1.284,39.065],[-1.282,39.069],[-1.279,39.069],[-1.277,39.073],[-1.268,39.073],[-1.271,39.08],[-1.253,39.08],[-1.253,39.078],[-1.245,39.076],[-1.243,39.078],[-1.228,39.078],[-1.221,39.073],[-1.218,39.073],[-1.212,39.069],[-1.213,39.076],[-1.209,39.079],[-1.207,39.086],[-1.204,39.086],[-1.202,39.092],[-1.193,39.093],[-1.189,39.096],[-1.182,39.098],[-1.18,39.094],[-1.172,39.096],[-1.17,39.102],[-1.163,39.104],[-1.151,39.104],[-1.151,39.105],[-1.14,39.105],[-1.14,39.106],[-1.119,39.106],[-1.111,39.105],[-1.108,39.109],[-1.104,39.109],[-1.102,39.112],[-1.094,39.117],[-1.093,39.127],[-1.091,39.132],[-1.094,39.135],[-1.09,39.136],[-1.079,39.131],[-1.074,39.131],[-1.067,39.124],[-1.054,39.124],[-1.049,39.118],[-1.046,39.118],[-1.05,39.115],[-1.052,39.102],[-1.052,39.093],[-1.057,39.09],[-1.056,39.079],[-1.057,39.071],[-1.06,39.07],[-1.062,39.073],[-1.08,39.071],[-1.085,39.074],[-1.091,39.075],[-1.092,39.078],[-1.096,39.078],[-1.1,39.081],[-1.104,39.08],[-1.106,39.072],[-1.109,39.071],[-1.111,39.067],[-1.108,39.065],[-1.102,39.065],[-1.105,39.058],[-1.104,39.052],[-1.108,39.047],[-1.125,39.047],[-1.132,39.044],[-1.132,39.034],[-1.133,39.03],[-1.13,39.024],[-1.13,39.014],[-1.128,39.013],[-1.128,39.006],[-1.126,39.004],[-1.125,38.995],[-1.125,38.992],[-1.137,38.992],[-1.137,38.988],[-1.14,38.987],[-1.144,38.979],[-1.144,38.971],[-1.147,38.968],[-1.147,38.958],[-1.138,38.955],[-1.139,38.948],[-1.139,38.938],[-1.141,38.933],[-1.147,38.93],[-1.149,38.926],[-1.161,38.924],[-1.164,38.926],[-1.169,38.926],[-1.177,38.935],[-1.177,38.939],[-1.188,38.947],[-1.195,38.947],[-1.196,38.95],[-1.202,38.955],[-1.211,38.955],[-1.213,38.952],[-1.219,38.952],[-1.221,38.956],[-1.229,38.96],[-1.236,38.96],[-1.242,38.962],[-1.244,38.965],[-1.249,38.965],[-1.25,38.962],[-1.259,38.962],[-1.262,38.964],[-1.267,38.963],[-1.27,38.967],[-1.276,38.968],[-1.278,38.971],[-1.283,38.972],[-1.283,38.974],[-1.29,38.976],[-1.294,38.981],[-1.299,38.981],[-1.303,38.984],[-1.305,38.988],[-1.309,38.989],[-1.311,38.987],[-1.317,38.989],[-1.323,38.996],[-1.337,38.996],[-1.339,38.994],[-1.344,38.994],[-1.347,38.996],[-1.352,38.996],[-1.354,38.998],[-1.365,38.999],[-1.367,38.995],[-1.371,38.995],[-1.377,38.992],[-1.403,38.992],[-1.407,38.991],[-1.416,38.99],[-1.417,38.987],[-1.423,38.986],[-1.428,38.981],[-1.435,38.981],[-1.441,38.979],[-1.442,38.976],[-1.448,38.975],[-1.45,38.973],[-1.456,38.974],[-1.452,38.984],[-1.449,38.986],[-1.451,38.991],[-1.46,38.989],[-1.47,38.99],[-1.471,38.995],[-1.463,39.002],[-1.453,39.001],[-1.451,39.007],[-1.446,39.009],[-1.441,39.009],[-1.44,39.011],[-1.43,39.015],[-1.423,39.015],[-1.422,39.017],[-1.412,39.019],[-1.409,39.023],[-1.403,39.023],[-1.399,39.027],[-1.396,39.033]]]}},{"type":"Feature","properties":{"id":"J18-20-02-01~20027268","idx":327,"name":"Río o Rambla de Argongeña","river":"Río o Rambla de Argongeña","town":"Ayora","kind":"split","area_km2":205.4,"up_area_km2":205.4,"next":"J18-20-02-01","terminal_unit":"J18-36","terminal":"sea","drains_to_sea":true,"n_upstream":0,"outlet":[-1.046,39.1175],"outlet_how":"cedex river x unit boundary","label":[-1.059,39.032],"source":"CEDEX/DGA subcuencas 1:25.000 (río 20027268) inside CHJ water-body catchment 18-20-02-01","within":"Río Zarra"},"geometry":{"type":"Polygon","coordinates":[[[-1.046,39.118],[-1.041,39.116],[-1.04,39.111],[-1.027,39.112],[-1.024,39.114],[-1.007,39.114],[-1.002,39.119],[-0.997,39.119],[-0.993,39.123],[-0.993,39.128],[-0.983,39.129],[-0.976,39.126],[-0.97,39.126],[-0.967,39.121],[-0.956,39.12],[-0.952,39.116],[-0.949,39.116],[-0.935,39.107],[-0.935,39.104],[-0.922,39.097],[-0.922,39.094],[-0.917,39.091],[-0.919,39.088],[-0.927,39.086],[-0.931,39.082],[-0.935,39.081],[-0.936,39.073],[-0.95,39.073],[-0.955,39.067],[-0.96,39.067],[-0.963,39.065],[-0.978,39.065],[-0.981,39.066],[-0.981,39.058],[-0.983,39.056],[-0.983,39.051],[-0.986,39.05],[-0.987,39.045],[-0.984,39.039],[-0.989,39.039],[-0.982,39.025],[-0.978,39.025],[-0.967,39.016],[-0.961,39.013],[-0.96,39.008],[-0.956,39.005],[-0.956,38.997],[-0.954,38.998],[-0.946,38.995],[-0.944,38.991],[-0.938,38.989],[-0.939,38.987],[-0.947,38.986],[-0.948,38.984],[-0.954,38.984],[-0.961,38.98],[-0.967,38.979],[-0.97,38.975],[-0.98,38.974],[-0.981,38.972],[-0.987,38.97],[-0.987,38.968],[-0.997,38.965],[-0.998,38.954],[-1.0,38.95],[-1.007,38.946],[-1.008,38.943],[-1.013,38.94],[-1.016,38.936],[-1.026,38.935],[-1.026,38.938],[-1.03,38.938],[-1.032,38.941],[-1.039,38.942],[-1.04,38.945],[-1.047,38.944],[-1.052,38.947],[-1.051,38.949],[-1.044,38.949],[-1.041,38.952],[-1.045,38.958],[-1.048,38.958],[-1.048,38.977],[-1.054,38.98],[-1.063,38.98],[-1.067,38.983],[-1.071,38.983],[-1.073,38.988],[-1.087,38.988],[-1.095,38.99],[-1.097,38.992],[-1.104,38.993],[-1.108,38.996],[-1.112,38.996],[-1.117,39.0],[-1.121,39.001],[-1.121,38.997],[-1.125,38.995],[-1.126,39.004],[-1.128,39.006],[-1.128,39.013],[-1.13,39.014],[-1.13,39.024],[-1.133,39.03],[-1.132,39.034],[-1.132,39.044],[-1.125,39.047],[-1.108,39.047],[-1.104,39.052],[-1.105,39.058],[-1.102,39.065],[-1.108,39.065],[-1.111,39.067],[-1.109,39.071],[-1.106,39.072],[-1.104,39.08],[-1.1,39.081],[-1.096,39.078],[-1.092,39.078],[-1.091,39.075],[-1.085,39.074],[-1.08,39.071],[-1.062,39.073],[-1.06,39.07],[-1.057,39.071],[-1.056,39.079],[-1.057,39.09],[-1.052,39.093],[-1.052,39.102],[-1.05,39.115],[-1.046,39.118]]]}},{"type":"Feature","properties":{"id":"J18-29-01-03-01-01~2001802","idx":328,"name":"Zanja del Saladar","river":"Zanja del Saladar","town":"Almansa","kind":"split","area_km2":186.5,"up_area_km2":186.5,"next":null,"terminal_unit":"J18-29-01-03-01-01~2001802","terminal":"endo","drains_to_sea":false,"n_upstream":0,"outlet":[-0.9637,38.8216],"outlet_how":"cedex river","label":[-1.0344,38.86],"source":"CEDEX/DGA subcuencas 1:25.000 (río 2001802) inside CHJ water-body catchment 18-29-01-03-01-01","within":"Río Cànyoles: cabecera - Canals"},"geometry":{"type":"Polygon","coordinates":[[[-1.0,38.95],[-0.994,38.947],[-0.987,38.948],[-0.983,38.946],[-0.983,38.941],[-0.98,38.94],[-0.973,38.941],[-0.971,38.939],[-0.966,38.939],[-0.963,38.944],[-0.96,38.944],[-0.96,38.939],[-0.957,38.937],[-0.957,38.931],[-0.959,38.927],[-0.957,38.926],[-0.957,38.918],[-0.954,38.914],[-0.958,38.906],[-0.965,38.904],[-0.968,38.899],[-0.975,38.899],[-0.98,38.89],[-0.993,38.891],[-0.989,38.881],[-0.989,38.876],[-0.985,38.873],[-0.984,38.869],[-0.978,38.869],[-0.977,38.865],[-0.971,38.865],[-0.966,38.863],[-0.962,38.858],[-0.959,38.85],[-0.954,38.845],[-0.95,38.844],[-0.945,38.84],[-0.945,38.836],[-0.937,38.836],[-0.93,38.831],[-0.931,38.827],[-0.93,38.816],[-0.932,38.811],[-0.939,38.814],[-0.943,38.814],[-0.946,38.811],[-0.95,38.811],[-0.954,38.814],[-0.958,38.814],[-0.962,38.817],[-0.963,38.821],[-0.968,38.821],[-0.969,38.823],[-0.975,38.823],[-0.983,38.819],[-0.984,38.822],[-0.995,38.822],[-1.001,38.811],[-1.006,38.81],[-1.006,38.808],[-0.996,38.803],[-1.005,38.8],[-1.008,38.797],[-1.021,38.797],[-1.025,38.801],[-1.03,38.801],[-1.033,38.796],[-1.034,38.791],[-1.039,38.79],[-1.04,38.784],[-1.038,38.783],[-1.038,38.778],[-1.047,38.773],[-1.063,38.773],[-1.069,38.772],[-1.075,38.775],[-1.08,38.775],[-1.083,38.778],[-1.087,38.778],[-1.092,38.783],[-1.099,38.783],[-1.103,38.779],[-1.111,38.779],[-1.11,38.784],[-1.117,38.783],[-1.119,38.787],[-1.127,38.787],[-1.131,38.789],[-1.136,38.789],[-1.14,38.791],[-1.141,38.8],[-1.138,38.8],[-1.138,38.804],[-1.135,38.806],[-1.135,38.821],[-1.122,38.821],[-1.119,38.823],[-1.118,38.828],[-1.119,38.839],[-1.112,38.838],[-1.105,38.84],[-1.105,38.846],[-1.107,38.85],[-1.104,38.851],[-1.103,38.855],[-1.106,38.862],[-1.106,38.873],[-1.104,38.876],[-1.099,38.878],[-1.098,38.883],[-1.092,38.883],[-1.083,38.885],[-1.081,38.891],[-1.076,38.891],[-1.072,38.893],[-1.073,38.896],[-1.065,38.897],[-1.064,38.9],[-1.06,38.899],[-1.05,38.899],[-1.049,38.903],[-1.044,38.905],[-1.044,38.907],[-1.039,38.911],[-1.038,38.918],[-1.033,38.92],[-1.029,38.924],[-1.034,38.926],[-1.034,38.931],[-1.029,38.931],[-1.026,38.935],[-1.016,38.936],[-1.013,38.94],[-1.008,38.943],[-1.007,38.946],[-1.0,38.95]]]}},{"type":"Feature","properties":{"id":"J18-21-01-06-01-01B~2002664","idx":329,"name":"Arroyo del Cañizar","river":"Arroyo del Cañizar","town":"Monteagudo de las Salinas","kind":"split","area_km2":111.8,"up_area_km2":111.8,"next":"J18-21-01-06-01-01B","terminal_unit":"J18-36","terminal":"sea","drains_to_sea":true,"n_upstream":0,"outlet":[-1.8702,39.805],"outlet_how":"cedex river x unit boundary","label":[-1.9735,39.849],"source":"CEDEX/DGA subcuencas 1:25.000 (río 2002664) inside CHJ water-body catchment 18-21-01-06-01-01B","within":"Río Guadazaón: azud de la Dehesa de Don Juan - arroyo del Sargal"},"geometry":{"type":"Polygon","coordinates":[[[-1.834,39.787],[-1.836,39.785],[-1.842,39.784],[-1.844,39.781],[-1.852,39.782],[-1.867,39.782],[-1.873,39.787],[-1.878,39.788],[-1.881,39.791],[-1.888,39.791],[-1.895,39.793],[-1.896,39.795],[-1.903,39.795],[-1.908,39.799],[-1.911,39.797],[-1.916,39.799],[-1.926,39.8],[-1.926,39.798],[-1.934,39.801],[-1.934,39.803],[-1.939,39.805],[-1.946,39.805],[-1.948,39.808],[-1.961,39.811],[-1.965,39.816],[-1.975,39.817],[-1.989,39.823],[-2.0,39.823],[-2.005,39.827],[-2.019,39.832],[-2.018,39.837],[-2.023,39.839],[-2.029,39.847],[-2.035,39.847],[-2.037,39.851],[-2.042,39.853],[-2.046,39.857],[-2.046,39.861],[-2.05,39.864],[-2.047,39.866],[-2.047,39.871],[-2.042,39.873],[-2.041,39.876],[-2.033,39.875],[-2.031,39.876],[-2.027,39.871],[-2.024,39.872],[-2.011,39.872],[-2.004,39.871],[-2.004,39.866],[-1.997,39.864],[-1.996,39.862],[-1.991,39.862],[-1.99,39.875],[-2.011,39.883],[-2.009,39.887],[-2.001,39.889],[-1.997,39.884],[-1.992,39.883],[-1.98,39.883],[-1.978,39.881],[-1.969,39.883],[-1.969,39.892],[-1.977,39.894],[-1.977,39.902],[-1.98,39.902],[-1.984,39.911],[-1.982,39.916],[-1.98,39.917],[-1.97,39.917],[-1.968,39.914],[-1.967,39.907],[-1.953,39.907],[-1.951,39.905],[-1.946,39.906],[-1.941,39.909],[-1.936,39.909],[-1.93,39.913],[-1.923,39.914],[-1.919,39.91],[-1.907,39.91],[-1.906,39.903],[-1.904,39.904],[-1.892,39.904],[-1.889,39.907],[-1.887,39.905],[-1.889,39.899],[-1.901,39.894],[-1.905,39.887],[-1.911,39.887],[-1.916,39.884],[-1.915,39.876],[-1.917,39.875],[-1.915,39.867],[-1.918,39.865],[-1.916,39.861],[-1.916,39.856],[-1.914,39.852],[-1.911,39.852],[-1.911,39.845],[-1.903,39.842],[-1.9,39.838],[-1.895,39.837],[-1.891,39.833],[-1.892,39.83],[-1.884,39.821],[-1.875,39.815],[-1.876,39.812],[-1.87,39.806],[-1.873,39.8],[-1.869,39.798],[-1.86,39.798],[-1.854,39.794],[-1.846,39.795],[-1.842,39.797],[-1.841,39.79],[-1.834,39.787]]]}},{"type":"Feature","properties":{"id":"J18-21-01-06-01-01B~2002666","idx":330,"name":"Arroyo de Prado Cerrado","river":"Arroyo de Prado Cerrado","town":"Cañada del Hoyo","kind":"split","area_km2":100.2,"up_area_km2":100.2,"next":"J18-21-01-06-01-01B","terminal_unit":"J18-36","terminal":"sea","drains_to_sea":true,"n_upstream":0,"outlet":[-1.857,39.931],"outlet_how":"cedex river x unit boundary","label":[-1.9352,39.9825],"source":"CEDEX/DGA subcuencas 1:25.000 (río 2002666) inside CHJ water-body catchment 18-21-01-06-01-01B","within":"Río Guadazaón: azud de la Dehesa de Don Juan - arroyo del Sargal"},"geometry":{"type":"Polygon","coordinates":[[[-1.944,40.055],[-1.938,40.049],[-1.93,40.048],[-1.927,40.042],[-1.923,40.041],[-1.919,40.033],[-1.916,40.032],[-1.909,40.033],[-1.909,40.03],[-1.899,40.026],[-1.897,40.015],[-1.902,40.01],[-1.905,40.005],[-1.909,40.003],[-1.902,39.991],[-1.899,39.989],[-1.89,39.99],[-1.884,39.986],[-1.879,39.978],[-1.882,39.973],[-1.874,39.972],[-1.868,39.968],[-1.865,39.968],[-1.864,39.954],[-1.862,39.954],[-1.861,39.939],[-1.857,39.931],[-1.864,39.93],[-1.868,39.934],[-1.877,39.933],[-1.883,39.928],[-1.886,39.938],[-1.892,39.94],[-1.892,39.945],[-1.896,39.944],[-1.905,39.953],[-1.913,39.955],[-1.916,39.959],[-1.924,39.962],[-1.924,39.951],[-1.93,39.949],[-1.93,39.947],[-1.939,39.945],[-1.939,39.938],[-1.945,39.932],[-1.945,39.927],[-1.941,39.925],[-1.941,39.909],[-1.946,39.906],[-1.951,39.905],[-1.953,39.907],[-1.967,39.907],[-1.968,39.914],[-1.97,39.917],[-1.98,39.917],[-1.982,39.916],[-1.983,39.916],[-1.983,39.928],[-1.991,39.929],[-1.989,39.938],[-1.986,39.938],[-1.986,39.944],[-1.988,39.947],[-1.995,39.949],[-1.991,39.952],[-1.993,39.962],[-1.992,39.967],[-1.998,39.97],[-1.995,39.975],[-1.989,39.979],[-1.988,39.989],[-1.986,39.991],[-1.987,39.998],[-1.984,39.998],[-1.978,40.002],[-1.98,40.009],[-1.969,40.009],[-1.965,40.005],[-1.95,40.005],[-1.946,40.011],[-1.953,40.015],[-1.958,40.021],[-1.971,40.023],[-1.969,40.028],[-1.969,40.034],[-1.964,40.038],[-1.964,40.046],[-1.96,40.049],[-1.958,40.053],[-1.955,40.058],[-1.951,40.058],[-1.948,40.055],[-1.944,40.055]]]}},{"type":"Feature","properties":{"id":"J15-04-01-01B~2003486","idx":331,"name":"Rambla de la Hoz (cerca de Visiedo)","river":"Rambla de la Hoz","town":"Perales del Alfambra","kind":"split","area_km2":369.5,"up_area_km2":369.5,"next":"J15-04-01-02","terminal_unit":"J15-19","terminal":"sea","drains_to_sea":true,"n_upstream":0,"outlet":[-1.0166,40.557],"outlet_how":"cedex river x unit boundary","label":[-1.0743,40.6555],"source":"CEDEX/DGA subcuencas 1:25.000 (río 2003486) inside CHJ water-body catchment 15-04-01-01B","within":"Río Alfambra: río de Sollavientos - rambla de la Hoz"},"geometry":{"type":"Polygon","coordinates":[[[-0.883,40.7],[-0.889,40.692],[-0.883,40.688],[-0.887,40.682],[-0.894,40.682],[-0.896,40.679],[-0.912,40.678],[-0.917,40.677],[-0.919,40.68],[-0.933,40.68],[-0.928,40.675],[-0.927,40.668],[-0.925,40.666],[-0.926,40.656],[-0.946,40.656],[-0.95,40.651],[-0.958,40.653],[-0.959,40.647],[-0.962,40.642],[-0.967,40.642],[-0.97,40.64],[-0.978,40.639],[-0.98,40.637],[-0.987,40.637],[-0.992,40.631],[-0.998,40.628],[-0.999,40.616],[-1.001,40.615],[-1.0,40.608],[-0.996,40.602],[-1.002,40.601],[-1.01,40.598],[-1.01,40.591],[-1.005,40.588],[-1.006,40.58],[-1.003,40.58],[-1.007,40.575],[-1.004,40.571],[-1.009,40.569],[-1.011,40.564],[-1.014,40.563],[-1.015,40.557],[-1.017,40.557],[-1.017,40.569],[-1.027,40.569],[-1.03,40.572],[-1.037,40.57],[-1.047,40.57],[-1.048,40.572],[-1.054,40.572],[-1.055,40.574],[-1.072,40.574],[-1.075,40.573],[-1.078,40.576],[-1.082,40.576],[-1.085,40.579],[-1.094,40.579],[-1.1,40.582],[-1.109,40.582],[-1.111,40.584],[-1.118,40.585],[-1.123,40.585],[-1.127,40.588],[-1.13,40.598],[-1.139,40.603],[-1.137,40.61],[-1.14,40.614],[-1.145,40.614],[-1.149,40.618],[-1.155,40.619],[-1.157,40.621],[-1.165,40.621],[-1.17,40.623],[-1.171,40.627],[-1.18,40.627],[-1.181,40.633],[-1.186,40.632],[-1.183,40.638],[-1.186,40.641],[-1.191,40.641],[-1.195,40.646],[-1.194,40.651],[-1.198,40.655],[-1.202,40.655],[-1.206,40.662],[-1.21,40.666],[-1.214,40.667],[-1.214,40.685],[-1.221,40.693],[-1.226,40.701],[-1.225,40.707],[-1.215,40.714],[-1.215,40.717],[-1.211,40.72],[-1.211,40.723],[-1.207,40.724],[-1.204,40.73],[-1.2,40.733],[-1.196,40.733],[-1.191,40.74],[-1.188,40.741],[-1.187,40.75],[-1.184,40.747],[-1.178,40.747],[-1.169,40.744],[-1.167,40.749],[-1.158,40.744],[-1.155,40.744],[-1.152,40.749],[-1.146,40.751],[-1.128,40.751],[-1.125,40.749],[-1.12,40.749],[-1.119,40.746],[-1.113,40.751],[-1.103,40.751],[-1.097,40.746],[-1.092,40.748],[-1.086,40.747],[-1.086,40.74],[-1.082,40.738],[-1.075,40.73],[-1.067,40.73],[-1.062,40.737],[-1.056,40.74],[-1.052,40.745],[-1.045,40.744],[-1.044,40.742],[-1.035,40.743],[-1.02,40.736],[-1.013,40.731],[-1.003,40.732],[-1.003,40.735],[-0.999,40.738],[-0.99,40.742],[-0.984,40.743],[-0.979,40.748],[-0.982,40.754],[-0.973,40.752],[-0.971,40.749],[-0.964,40.744],[-0.962,40.736],[-0.957,40.736],[-0.953,40.733],[-0.953,40.729],[-0.947,40.728],[-0.943,40.725],[-0.938,40.725],[-0.937,40.727],[-0.931,40.726],[-0.923,40.728],[-0.92,40.725],[-0.913,40.724],[-0.912,40.721],[-0.905,40.72],[-0.902,40.715],[-0.893,40.715],[-0.892,40.713],[-0.885,40.711],[-0.888,40.701],[-0.883,40.7]]]}},{"type":"Feature","properties":{"id":"J15-04-01-01B~2003488","idx":332,"name":"Río Seco","river":"Río Seco","town":"El Pobo","kind":"split","area_km2":119.6,"up_area_km2":119.6,"next":"J15-04-01-01B","terminal_unit":"J15-19","terminal":"sea","drains_to_sea":true,"n_upstream":0,"outlet":[-0.7888,40.568],"outlet_how":"cedex river x unit boundary","label":[-0.848,40.5085],"source":"CEDEX/DGA subcuencas 1:25.000 (río 2003488) inside CHJ water-body catchment 15-04-01-01B","within":"Río Alfambra: río de Sollavientos - rambla de la Hoz"},"geometry":{"type":"Polygon","coordinates":[[[-0.922,40.459],[-0.924,40.46],[-0.923,40.465],[-0.92,40.466],[-0.92,40.471],[-0.917,40.478],[-0.914,40.479],[-0.913,40.486],[-0.908,40.488],[-0.908,40.492],[-0.913,40.496],[-0.912,40.502],[-0.914,40.504],[-0.914,40.509],[-0.918,40.513],[-0.916,40.519],[-0.913,40.519],[-0.913,40.529],[-0.915,40.529],[-0.915,40.534],[-0.907,40.533],[-0.901,40.539],[-0.896,40.542],[-0.891,40.542],[-0.892,40.549],[-0.885,40.549],[-0.88,40.552],[-0.874,40.55],[-0.872,40.554],[-0.868,40.557],[-0.859,40.556],[-0.856,40.554],[-0.857,40.55],[-0.85,40.551],[-0.835,40.55],[-0.833,40.548],[-0.826,40.546],[-0.814,40.546],[-0.805,40.55],[-0.807,40.555],[-0.805,40.562],[-0.8,40.564],[-0.798,40.567],[-0.788,40.568],[-0.789,40.561],[-0.791,40.557],[-0.785,40.554],[-0.785,40.55],[-0.788,40.55],[-0.788,40.544],[-0.79,40.539],[-0.787,40.536],[-0.787,40.53],[-0.783,40.524],[-0.784,40.509],[-0.78,40.508],[-0.78,40.503],[-0.777,40.5],[-0.775,40.492],[-0.768,40.486],[-0.771,40.484],[-0.769,40.481],[-0.772,40.475],[-0.777,40.472],[-0.778,40.466],[-0.783,40.465],[-0.785,40.467],[-0.79,40.464],[-0.792,40.458],[-0.798,40.459],[-0.804,40.458],[-0.814,40.458],[-0.816,40.46],[-0.823,40.461],[-0.825,40.459],[-0.836,40.459],[-0.839,40.46],[-0.843,40.456],[-0.844,40.451],[-0.86,40.451],[-0.866,40.45],[-0.866,40.452],[-0.874,40.451],[-0.889,40.451],[-0.889,40.449],[-0.894,40.451],[-0.899,40.45],[-0.91,40.46],[-0.911,40.458],[-0.922,40.459]]]}},{"type":"Feature","properties":{"id":"J15-05~20034798","idx":333,"name":"Rambla de Valdelobos","river":"Rambla de Valdelobos","town":null,"kind":"split","area_km2":95.2,"up_area_km2":95.2,"next":"J15-05","terminal_unit":"J15-19","terminal":"sea","drains_to_sea":true,"n_upstream":0,"outlet":[-1.1207,40.316],"outlet_how":"cedex river x unit boundary","label":[-1.0303,40.306],"source":"CEDEX/DGA subcuencas 1:25.000 (río 20034798) inside CHJ water-body catchment 15-05","within":"Río Turia: río Alfambra - rambla de la Matanza"},"geometry":{"type":"Polygon","coordinates":[[[-0.951,40.334],[-0.952,40.326],[-0.955,40.321],[-0.961,40.317],[-0.962,40.311],[-0.956,40.307],[-0.954,40.304],[-0.954,40.298],[-0.958,40.296],[-0.958,40.293],[-0.97,40.285],[-0.973,40.279],[-0.985,40.279],[-0.992,40.274],[-0.998,40.267],[-0.994,40.266],[-0.994,40.253],[-1.004,40.252],[-1.007,40.257],[-1.014,40.258],[-1.013,40.268],[-1.017,40.272],[-1.018,40.28],[-1.022,40.282],[-1.029,40.28],[-1.041,40.28],[-1.041,40.279],[-1.053,40.279],[-1.055,40.278],[-1.062,40.283],[-1.067,40.282],[-1.074,40.283],[-1.078,40.287],[-1.086,40.287],[-1.091,40.289],[-1.092,40.296],[-1.096,40.302],[-1.105,40.305],[-1.106,40.308],[-1.112,40.31],[-1.117,40.316],[-1.121,40.316],[-1.118,40.319],[-1.118,40.323],[-1.112,40.321],[-1.111,40.319],[-1.1,40.318],[-1.1,40.322],[-1.097,40.32],[-1.092,40.32],[-1.091,40.322],[-1.077,40.323],[-1.073,40.325],[-1.07,40.329],[-1.068,40.336],[-1.068,40.341],[-1.07,40.344],[-1.066,40.348],[-1.063,40.348],[-1.06,40.352],[-1.052,40.352],[-1.05,40.354],[-1.045,40.352],[-1.044,40.357],[-1.041,40.359],[-1.034,40.359],[-1.026,40.356],[-1.018,40.355],[-1.008,40.355],[-1.008,40.356],[-0.998,40.357],[-0.997,40.353],[-0.99,40.353],[-0.985,40.355],[-0.972,40.355],[-0.967,40.358],[-0.965,40.354],[-0.958,40.351],[-0.956,40.343],[-0.95,40.339],[-0.951,40.334]]]}},{"type":"Feature","properties":{"id":"J31-04~2001888","idx":334,"name":"Rambla del Angosto o Barranco del Infierno","river":"Rambla del Angosto o Barranco del Infierno","town":"Caudete","kind":"split","area_km2":354.4,"up_area_km2":354.4,"next":"J31-04","terminal_unit":"JT0302","terminal":"sea","drains_to_sea":true,"n_upstream":0,"outlet":[-0.936,38.6604],"outlet_how":"cedex river x unit boundary","label":[-0.9961,38.726],"source":"CEDEX/DGA subcuencas 1:25.000 (río 2001888) inside CHJ water-body catchment 31-04","within":"Río Vinalopó: acequia del Rey - Sax"},"geometry":{"type":"Polygon","coordinates":[[[-0.773,38.756],[-0.774,38.753],[-0.781,38.749],[-0.788,38.749],[-0.789,38.751],[-0.796,38.747],[-0.799,38.743],[-0.803,38.743],[-0.806,38.74],[-0.818,38.739],[-0.819,38.741],[-0.826,38.741],[-0.833,38.737],[-0.833,38.728],[-0.836,38.727],[-0.837,38.723],[-0.84,38.721],[-0.855,38.721],[-0.864,38.716],[-0.869,38.716],[-0.873,38.71],[-0.876,38.709],[-0.889,38.709],[-0.893,38.707],[-0.901,38.706],[-0.908,38.701],[-0.909,38.697],[-0.914,38.697],[-0.915,38.694],[-0.92,38.69],[-0.92,38.685],[-0.924,38.684],[-0.926,38.669],[-0.933,38.669],[-0.936,38.665],[-0.936,38.66],[-0.94,38.66],[-0.942,38.657],[-0.95,38.653],[-0.958,38.653],[-0.962,38.649],[-0.969,38.649],[-0.971,38.651],[-0.982,38.651],[-0.988,38.655],[-0.999,38.655],[-1.006,38.659],[-1.008,38.663],[-1.013,38.664],[-1.023,38.664],[-1.027,38.66],[-1.031,38.66],[-1.033,38.663],[-1.042,38.663],[-1.047,38.656],[-1.057,38.653],[-1.058,38.651],[-1.063,38.655],[-1.071,38.656],[-1.077,38.651],[-1.081,38.651],[-1.086,38.647],[-1.092,38.654],[-1.099,38.656],[-1.099,38.661],[-1.11,38.666],[-1.117,38.672],[-1.118,38.675],[-1.128,38.679],[-1.136,38.687],[-1.138,38.687],[-1.144,38.694],[-1.158,38.704],[-1.16,38.711],[-1.16,38.72],[-1.156,38.725],[-1.156,38.728],[-1.15,38.73],[-1.152,38.738],[-1.14,38.741],[-1.137,38.745],[-1.137,38.751],[-1.142,38.752],[-1.146,38.758],[-1.152,38.759],[-1.153,38.768],[-1.152,38.775],[-1.148,38.781],[-1.149,38.786],[-1.145,38.79],[-1.14,38.791],[-1.136,38.789],[-1.131,38.789],[-1.127,38.787],[-1.119,38.787],[-1.117,38.783],[-1.11,38.784],[-1.111,38.779],[-1.103,38.779],[-1.099,38.783],[-1.092,38.783],[-1.087,38.778],[-1.083,38.778],[-1.08,38.775],[-1.075,38.775],[-1.069,38.772],[-1.063,38.773],[-1.047,38.773],[-1.038,38.778],[-1.038,38.783],[-1.04,38.784],[-1.039,38.79],[-1.034,38.791],[-1.033,38.796],[-1.03,38.801],[-1.025,38.801],[-1.021,38.797],[-1.008,38.797],[-1.005,38.8],[-0.996,38.803],[-0.991,38.8],[-0.988,38.796],[-0.976,38.795],[-0.975,38.797],[-0.969,38.798],[-0.967,38.8],[-0.962,38.804],[-0.956,38.805],[-0.954,38.802],[-0.949,38.801],[-0.947,38.798],[-0.94,38.795],[-0.937,38.788],[-0.938,38.78],[-0.929,38.784],[-0.918,38.778],[-0.918,38.772],[-0.915,38.769],[-0.91,38.769],[-0.909,38.767],[-0.888,38.769],[-0.883,38.773],[-0.876,38.774],[-0.876,38.776],[-0.861,38.776],[-0.861,38.779],[-0.853,38.779],[-0.853,38.783],[-0.848,38.779],[-0.836,38.778],[-0.832,38.774],[-0.824,38.777],[-0.824,38.78],[-0.819,38.781],[-0.818,38.778],[-0.815,38.78],[-0.805,38.78],[-0.799,38.782],[-0.794,38.787],[-0.792,38.784],[-0.785,38.782],[-0.781,38.778],[-0.78,38.773],[-0.777,38.772],[-0.775,38.767],[-0.772,38.766],[-0.773,38.756]]]}},{"type":"Feature","properties":{"id":"JP01","idx":335,"name":"Cuencas litorales (cerca de Santa Magdalena de Pulpis)","river":null,"town":null,"kind":"patch","area_km2":75.2,"up_area_km2":75.2,"next":null,"terminal_unit":"JP01","terminal":"sea","drains_to_sea":true,"n_upstream":0,"outlet":[0.346,40.2964],"outlet_how":"cedex river","label":[0.3263,40.311],"source":"CEDEX/DGA subcuencas 1:25.000 (franja sin masa de agua)"},"geometry":{"type":"Polygon","coordinates":[[[0.303,40.324],[0.304,40.33],[0.313,40.337],[0.314,40.34],[0.32,40.341],[0.325,40.348],[0.33,40.348],[0.33,40.35],[0.341,40.351],[0.349,40.357],[0.344,40.361],[0.345,40.366],[0.349,40.369],[0.349,40.372],[0.354,40.377],[0.355,40.382],[0.36,40.382],[0.365,40.388],[0.368,40.389],[0.368,40.394],[0.371,40.399],[0.382,40.4],[0.39,40.397],[0.404,40.397],[0.409,40.398],[0.412,40.401],[0.42,40.402],[0.41,40.384],[0.409,40.378],[0.405,40.38],[0.396,40.382],[0.39,40.379],[0.383,40.379],[0.38,40.375],[0.381,40.362],[0.384,40.357],[0.389,40.354],[0.39,40.346],[0.388,40.34],[0.384,40.339],[0.377,40.332],[0.37,40.327],[0.368,40.327],[0.365,40.321],[0.358,40.314],[0.355,40.313],[0.352,40.3],[0.346,40.295],[0.338,40.293],[0.336,40.291],[0.335,40.284],[0.329,40.28],[0.325,40.275],[0.317,40.27],[0.313,40.27],[0.309,40.266],[0.306,40.26],[0.297,40.259],[0.289,40.25],[0.284,40.246],[0.28,40.245],[0.278,40.237],[0.274,40.236],[0.274,40.227],[0.271,40.222],[0.268,40.223],[0.267,40.228],[0.263,40.229],[0.262,40.235],[0.256,40.235],[0.252,40.238],[0.247,40.245],[0.247,40.251],[0.258,40.252],[0.259,40.254],[0.266,40.256],[0.266,40.261],[0.271,40.265],[0.271,40.267],[0.28,40.275],[0.283,40.279],[0.282,40.282],[0.285,40.284],[0.288,40.293],[0.283,40.294],[0.29,40.305],[0.298,40.309],[0.298,40.314],[0.303,40.32],[0.303,40.324]]]}},{"type":"Feature","properties":{"id":"JP02","idx":336,"name":"Cuencas litorales (Benicàssim)","river":null,"town":"Benicàssim","kind":"patch","area_km2":30.6,"up_area_km2":30.6,"next":null,"terminal_unit":"JP02","terminal":"sea","drains_to_sea":true,"n_upstream":0,"outlet":[0.0453,40.059],"outlet_how":"cedex river x unit boundary","label":[0.0952,40.069],"source":"CEDEX/DGA subcuencas 1:25.000 (franja sin masa de agua)"},"geometry":{"type":"Polygon","coordinates":[[[0.059,40.079],[0.064,40.082],[0.073,40.083],[0.086,40.083],[0.091,40.087],[0.106,40.09],[0.106,40.097],[0.11,40.098],[0.112,40.101],[0.125,40.102],[0.129,40.107],[0.139,40.105],[0.143,40.102],[0.144,40.104],[0.151,40.103],[0.148,40.095],[0.147,40.082],[0.143,40.081],[0.14,40.083],[0.134,40.077],[0.133,40.071],[0.126,40.067],[0.121,40.062],[0.115,40.062],[0.108,40.057],[0.101,40.056],[0.088,40.056],[0.084,40.057],[0.078,40.052],[0.072,40.049],[0.072,40.046],[0.065,40.046],[0.062,40.042],[0.052,40.038],[0.049,40.034],[0.045,40.038],[0.046,40.046],[0.05,40.047],[0.05,40.05],[0.044,40.053],[0.044,40.059],[0.049,40.058],[0.054,40.062],[0.054,40.064],[0.061,40.066],[0.061,40.078],[0.059,40.079]]]}},{"type":"Feature","properties":{"id":"JP03","idx":337,"name":"Cuencas litorales (Castelló de la Plana)","river":null,"town":"Castelló de la Plana","kind":"patch","area_km2":65.6,"up_area_km2":65.6,"next":null,"terminal_unit":"JP03","terminal":"sea","drains_to_sea":true,"n_upstream":0,"outlet":[-0.0538,39.9694],"outlet_how":"approx","label":[-0.0443,39.9705],"source":"CEDEX/DGA subcuencas 1:25.000 (franja sin masa de agua)","merged_names":["Río Mijares: rambla de la Viuda - delta del Mijares"]},"geometry":{"type":"Polygon","coordinates":[[[-0.126,39.985],[-0.126,39.987],[-0.134,39.99],[-0.131,39.995],[-0.132,40.0],[-0.135,40.002],[-0.134,40.011],[-0.131,40.014],[-0.131,40.019],[-0.122,40.023],[-0.12,40.03],[-0.113,40.03],[-0.105,40.025],[-0.105,40.023],[-0.11,40.021],[-0.104,40.011],[-0.101,40.011],[-0.102,40.007],[-0.097,40.005],[-0.097,39.998],[-0.093,39.998],[-0.09,39.991],[-0.085,39.991],[-0.082,39.987],[-0.079,39.989],[-0.074,39.985],[-0.063,39.985],[-0.062,39.987],[-0.034,39.987],[-0.028,39.984],[-0.018,39.983],[-0.01,39.981],[-0.008,39.984],[0.003,39.984],[0.013,39.98],[0.015,39.976],[0.024,39.977],[0.02,39.979],[0.02,39.983],[0.027,39.994],[0.028,39.998],[0.031,39.999],[0.028,39.993],[0.025,39.983],[0.025,39.975],[0.029,39.972],[0.029,39.966],[0.023,39.972],[0.021,39.969],[0.025,39.968],[0.011,39.968],[0.008,39.955],[0.007,39.955],[0.004,39.943],[0.003,39.943],[0.002,39.933],[0.0,39.933],[-0.002,39.923],[-0.005,39.915],[-0.011,39.91],[-0.011,39.918],[-0.014,39.922],[-0.022,39.923],[-0.023,39.925],[-0.033,39.932],[-0.039,39.933],[-0.05,39.933],[-0.053,39.934],[-0.06,39.94],[-0.06,39.942],[-0.067,39.948],[-0.075,39.957],[-0.079,39.957],[-0.08,39.952],[-0.078,39.948],[-0.086,39.949],[-0.09,39.948],[-0.095,39.951],[-0.088,39.952],[-0.086,39.958],[-0.092,39.961],[-0.099,39.967],[-0.108,39.969],[-0.113,39.972],[-0.107,39.978],[-0.115,39.979],[-0.118,39.984],[-0.126,39.985]]]}},{"type":"Feature","properties":{"id":"JP04","idx":338,"name":"Zona endorreica (Casas de Guijarro)","river":null,"town":"Casas de Guijarro","kind":"patch","area_km2":95.3,"up_area_km2":95.3,"next":null,"terminal_unit":"JP04","terminal":"endo","drains_to_sea":false,"n_upstream":0,"outlet":[-2.1875,39.3127],"outlet_how":"approx","label":[-2.1742,39.328],"source":"CEDEX/DGA subcuencas 1:25.000 (franja sin masa de agua)"},"geometry":{"type":"Polygon","coordinates":[[[-2.138,39.4],[-2.141,39.396],[-2.141,39.391],[-2.145,39.387],[-2.145,39.374],[-2.146,39.369],[-2.14,39.365],[-2.139,39.352],[-2.144,39.351],[-2.142,39.347],[-2.137,39.344],[-2.139,39.342],[-2.138,39.333],[-2.142,39.333],[-2.142,39.33],[-2.138,39.325],[-2.135,39.325],[-2.135,39.308],[-2.132,39.307],[-2.133,39.298],[-2.138,39.301],[-2.139,39.306],[-2.146,39.305],[-2.15,39.303],[-2.15,39.29],[-2.149,39.283],[-2.151,39.283],[-2.152,39.277],[-2.155,39.274],[-2.155,39.264],[-2.159,39.261],[-2.167,39.261],[-2.174,39.263],[-2.175,39.257],[-2.177,39.255],[-2.184,39.256],[-2.187,39.254],[-2.193,39.254],[-2.195,39.256],[-2.194,39.261],[-2.192,39.261],[-2.194,39.266],[-2.201,39.266],[-2.207,39.263],[-2.219,39.261],[-2.221,39.264],[-2.227,39.261],[-2.233,39.261],[-2.236,39.258],[-2.24,39.258],[-2.244,39.253],[-2.249,39.25],[-2.259,39.25],[-2.267,39.251],[-2.272,39.257],[-2.271,39.26],[-2.267,39.26],[-2.265,39.264],[-2.262,39.265],[-2.262,39.276],[-2.267,39.276],[-2.266,39.285],[-2.257,39.285],[-2.251,39.287],[-2.237,39.288],[-2.233,39.287],[-2.233,39.293],[-2.238,39.295],[-2.243,39.294],[-2.242,39.299],[-2.238,39.303],[-2.233,39.305],[-2.235,39.308],[-2.234,39.312],[-2.226,39.314],[-2.225,39.316],[-2.217,39.317],[-2.218,39.32],[-2.213,39.32],[-2.212,39.326],[-2.21,39.326],[-2.205,39.331],[-2.201,39.331],[-2.2,39.334],[-2.196,39.334],[-2.194,39.339],[-2.189,39.341],[-2.189,39.351],[-2.183,39.356],[-2.18,39.361],[-2.18,39.369],[-2.188,39.368],[-2.189,39.372],[-2.2,39.373],[-2.204,39.375],[-2.202,39.38],[-2.192,39.383],[-2.187,39.388],[-2.184,39.387],[-2.172,39.387],[-2.158,39.391],[-2.158,39.396],[-2.154,39.398],[-2.152,39.402],[-2.14,39.402],[-2.139,39.401],[-2.138,39.4]]]}},{"type":"Feature","properties":{"id":"JP05","idx":339,"name":"Cuencas litorales (Dénia)","river":null,"town":"Dénia","kind":"patch","area_km2":49.0,"up_area_km2":49.0,"next":null,"terminal_unit":"JP05","terminal":"sea","drains_to_sea":true,"n_upstream":0,"outlet":[0.0972,38.8528],"outlet_how":"cedex river","label":[0.1024,38.827],"source":"CEDEX/DGA subcuencas 1:25.000 (franja sin masa de agua)"},"geometry":{"type":"Polygon","coordinates":[[[0.078,38.795],[0.076,38.793],[0.071,38.793],[0.065,38.796],[0.063,38.803],[0.06,38.803],[0.061,38.815],[0.059,38.823],[0.048,38.826],[0.048,38.831],[0.043,38.831],[0.044,38.837],[0.05,38.838],[0.055,38.844],[0.055,38.853],[0.058,38.853],[0.053,38.861],[0.045,38.86],[0.045,38.862],[0.048,38.863],[0.06,38.863],[0.07,38.859],[0.078,38.858],[0.083,38.856],[0.095,38.855],[0.103,38.849],[0.116,38.847],[0.116,38.844],[0.122,38.841],[0.122,38.836],[0.127,38.833],[0.132,38.835],[0.138,38.835],[0.142,38.833],[0.149,38.832],[0.152,38.828],[0.156,38.828],[0.163,38.82],[0.171,38.817],[0.174,38.814],[0.182,38.813],[0.19,38.81],[0.191,38.808],[0.199,38.805],[0.198,38.8],[0.186,38.799],[0.184,38.792],[0.18,38.792],[0.176,38.797],[0.176,38.801],[0.163,38.8],[0.162,38.804],[0.153,38.803],[0.153,38.801],[0.147,38.8],[0.146,38.802],[0.136,38.802],[0.133,38.801],[0.125,38.807],[0.118,38.808],[0.116,38.811],[0.111,38.811],[0.108,38.813],[0.096,38.813],[0.096,38.807],[0.091,38.806],[0.088,38.803],[0.084,38.803],[0.078,38.795]]]}},{"type":"Feature","properties":{"id":"JP06","idx":340,"name":"Cuencas litorales (cerca de el Poble Nou de Benitatxell)","river":null,"town":null,"kind":"patch","area_km2":51.9,"up_area_km2":51.9,"next":null,"terminal_unit":"JP06","terminal":"sea","drains_to_sea":true,"n_upstream":0,"outlet":[0.168,38.7338],"outlet_how":"approx","label":[0.1955,38.738],"source":"CEDEX/DGA subcuencas 1:25.000 (franja sin masa de agua)"},"geometry":{"type":"Polygon","coordinates":[[[0.099,38.699],[0.099,38.704],[0.097,38.707],[0.097,38.713],[0.099,38.721],[0.105,38.723],[0.11,38.729],[0.11,38.733],[0.121,38.734],[0.124,38.728],[0.135,38.727],[0.138,38.73],[0.151,38.729],[0.157,38.724],[0.157,38.719],[0.161,38.721],[0.16,38.725],[0.161,38.733],[0.159,38.734],[0.156,38.742],[0.162,38.745],[0.163,38.749],[0.163,38.759],[0.16,38.759],[0.159,38.764],[0.161,38.764],[0.161,38.77],[0.163,38.774],[0.166,38.774],[0.167,38.778],[0.174,38.778],[0.175,38.784],[0.178,38.784],[0.18,38.79],[0.184,38.791],[0.185,38.786],[0.188,38.784],[0.192,38.778],[0.192,38.773],[0.196,38.773],[0.21,38.761],[0.221,38.761],[0.224,38.764],[0.223,38.757],[0.227,38.755],[0.225,38.753],[0.226,38.746],[0.234,38.746],[0.233,38.732],[0.219,38.731],[0.214,38.728],[0.213,38.732],[0.204,38.732],[0.199,38.729],[0.2,38.726],[0.196,38.724],[0.188,38.723],[0.182,38.72],[0.181,38.717],[0.175,38.712],[0.168,38.711],[0.166,38.704],[0.161,38.699],[0.157,38.698],[0.156,38.686],[0.149,38.679],[0.147,38.68],[0.147,38.687],[0.133,38.687],[0.132,38.696],[0.135,38.702],[0.135,38.706],[0.13,38.707],[0.117,38.706],[0.114,38.702],[0.099,38.699]]]}},{"type":"Feature","properties":{"id":"JP07","idx":341,"name":"Cuencas litorales (Finestrat)","river":null,"town":"Finestrat","kind":"patch","area_km2":31.5,"up_area_km2":31.5,"next":null,"terminal_unit":"JP07","terminal":"sea","drains_to_sea":true,"n_upstream":0,"outlet":[-0.1666,38.5245],"outlet_how":"cedex river","label":[-0.1605,38.545],"source":"CEDEX/DGA subcuencas 1:25.000 (franja sin masa de agua)"},"geometry":{"type":"Polygon","coordinates":[[[-0.199,38.515],[-0.199,38.52],[-0.202,38.524],[-0.205,38.524],[-0.205,38.53],[-0.207,38.54],[-0.202,38.541],[-0.202,38.548],[-0.197,38.551],[-0.197,38.553],[-0.182,38.564],[-0.164,38.567],[-0.167,38.571],[-0.168,38.577],[-0.153,38.577],[-0.147,38.573],[-0.143,38.573],[-0.132,38.564],[-0.132,38.56],[-0.126,38.553],[-0.125,38.549],[-0.121,38.548],[-0.117,38.542],[-0.117,38.537],[-0.11,38.534],[-0.117,38.535],[-0.127,38.535],[-0.132,38.534],[-0.134,38.536],[-0.149,38.536],[-0.159,38.531],[-0.161,38.527],[-0.159,38.525],[-0.166,38.524],[-0.172,38.516],[-0.183,38.516],[-0.188,38.515],[-0.199,38.515]]]}},{"type":"Feature","properties":{"id":"JP08","idx":342,"name":"Cuencas litorales (cerca de Aigües)","river":null,"town":null,"kind":"patch","area_km2":34.5,"up_area_km2":34.5,"next":null,"terminal_unit":"JP08","terminal":"sea","drains_to_sea":true,"n_upstream":0,"outlet":[-0.3055,38.4932],"outlet_how":"cedex river","label":[-0.3023,38.494],"source":"CEDEX/DGA subcuencas 1:25.000 (franja sin masa de agua)"},"geometry":{"type":"Polygon","coordinates":[[[-0.352,38.529],[-0.344,38.53],[-0.342,38.528],[-0.336,38.527],[-0.33,38.523],[-0.328,38.52],[-0.323,38.52],[-0.32,38.523],[-0.307,38.526],[-0.304,38.528],[-0.287,38.529],[-0.286,38.522],[-0.283,38.518],[-0.278,38.517],[-0.273,38.512],[-0.274,38.51],[-0.269,38.51],[-0.271,38.506],[-0.268,38.506],[-0.259,38.511],[-0.242,38.51],[-0.238,38.508],[-0.238,38.505],[-0.234,38.502],[-0.238,38.499],[-0.244,38.499],[-0.249,38.497],[-0.255,38.497],[-0.26,38.495],[-0.271,38.493],[-0.273,38.491],[-0.28,38.49],[-0.282,38.488],[-0.3,38.483],[-0.31,38.477],[-0.314,38.476],[-0.318,38.471],[-0.334,38.463],[-0.34,38.458],[-0.34,38.464],[-0.335,38.465],[-0.339,38.47],[-0.336,38.478],[-0.339,38.479],[-0.337,38.482],[-0.336,38.489],[-0.339,38.491],[-0.339,38.504],[-0.343,38.511],[-0.34,38.519],[-0.34,38.523],[-0.347,38.524],[-0.348,38.528],[-0.352,38.529]]]}},{"type":"Feature","properties":{"id":"JP09","idx":343,"name":"Cuencas litorales (cerca de Santa Pola)","river":null,"town":null,"kind":"patch","area_km2":46.5,"up_area_km2":46.5,"next":null,"terminal_unit":"JP09","terminal":"sea","drains_to_sea":true,"n_upstream":0,"outlet":[-0.5473,38.268],"outlet_how":"approx","label":[-0.542,38.257],"source":"CEDEX/DGA subcuencas 1:25.000 (franja sin masa de agua)"},"geometry":{"type":"Polygon","coordinates":[[[-0.526,38.212],[-0.521,38.212],[-0.519,38.215],[-0.521,38.219],[-0.522,38.226],[-0.525,38.228],[-0.523,38.233],[-0.518,38.235],[-0.515,38.239],[-0.52,38.241],[-0.52,38.251],[-0.521,38.255],[-0.525,38.254],[-0.527,38.258],[-0.531,38.258],[-0.536,38.254],[-0.544,38.256],[-0.551,38.255],[-0.552,38.258],[-0.556,38.258],[-0.558,38.263],[-0.567,38.265],[-0.578,38.265],[-0.577,38.269],[-0.581,38.271],[-0.581,38.275],[-0.584,38.277],[-0.584,38.281],[-0.59,38.285],[-0.593,38.3],[-0.599,38.304],[-0.604,38.304],[-0.603,38.308],[-0.606,38.309],[-0.608,38.317],[-0.612,38.318],[-0.612,38.323],[-0.596,38.326],[-0.595,38.324],[-0.589,38.324],[-0.589,38.32],[-0.583,38.319],[-0.582,38.315],[-0.59,38.315],[-0.593,38.313],[-0.593,38.308],[-0.587,38.306],[-0.584,38.303],[-0.577,38.301],[-0.567,38.301],[-0.567,38.302],[-0.554,38.302],[-0.549,38.303],[-0.545,38.306],[-0.54,38.306],[-0.538,38.31],[-0.534,38.312],[-0.526,38.312],[-0.522,38.315],[-0.514,38.314],[-0.519,38.299],[-0.519,38.287],[-0.518,38.287],[-0.518,38.27],[-0.515,38.254],[-0.515,38.246],[-0.513,38.24],[-0.51,38.226],[-0.507,38.219],[-0.506,38.211],[-0.508,38.203],[-0.517,38.194],[-0.52,38.194],[-0.526,38.19],[-0.531,38.189],[-0.556,38.189],[-0.563,38.191],[-0.563,38.193],[-0.556,38.193],[-0.55,38.197],[-0.547,38.204],[-0.538,38.206],[-0.535,38.21],[-0.527,38.21],[-0.526,38.212]]]}},{"type":"Feature","properties":{"id":"HG216080508","idx":344,"name":"Rambla del Judío (Jumilla)","river":"Rambla del Judío","town":"Jumilla","kind":"hybas_group","area_km2":644.6,"up_area_km2":644.6,"next":"H2120681620","terminal_unit":"H2120684020","terminal":"sea","drains_to_sea":true,"n_upstream":0,"outlet":[-1.4479,38.2437],"outlet_how":"hydrorivers","label":[-1.3625,38.427],"source":"HydroBASINS v1c level 12, grouped at Pfafstetter level 9"},"geometry":{"type":"Polygon","coordinates":[[[-1.296,38.6],[-1.296,38.587],[-1.289,38.587],[-1.282,38.579],[-1.273,38.579],[-1.265,38.588],[-1.247,38.587],[-1.244,38.583],[-1.24,38.583],[-1.229,38.592],[-1.229,38.576],[-1.224,38.571],[-1.221,38.571],[-1.22,38.567],[-1.216,38.563],[-1.209,38.562],[-1.204,38.556],[-1.204,38.546],[-1.183,38.546],[-1.183,38.531],[-1.18,38.528],[-1.172,38.515],[-1.17,38.509],[-1.167,38.507],[-1.162,38.5],[-1.162,38.496],[-1.152,38.496],[-1.151,38.498],[-1.145,38.498],[-1.144,38.496],[-1.134,38.495],[-1.132,38.492],[-1.127,38.496],[-1.12,38.496],[-1.113,38.489],[-1.116,38.487],[-1.117,38.476],[-1.121,38.473],[-1.121,38.46],[-1.117,38.457],[-1.117,38.454],[-1.128,38.454],[-1.129,38.445],[-1.133,38.438],[-1.141,38.437],[-1.142,38.433],[-1.159,38.433],[-1.164,38.437],[-1.181,38.437],[-1.181,38.438],[-1.198,38.438],[-1.201,38.434],[-1.207,38.433],[-1.223,38.433],[-1.232,38.442],[-1.236,38.442],[-1.239,38.445],[-1.243,38.442],[-1.247,38.442],[-1.258,38.432],[-1.258,38.422],[-1.259,38.418],[-1.262,38.416],[-1.263,38.409],[-1.269,38.404],[-1.282,38.404],[-1.287,38.401],[-1.289,38.404],[-1.3,38.404],[-1.3,38.395],[-1.304,38.39],[-1.305,38.384],[-1.311,38.383],[-1.313,38.38],[-1.318,38.379],[-1.331,38.379],[-1.339,38.371],[-1.343,38.371],[-1.347,38.367],[-1.35,38.367],[-1.35,38.339],[-1.342,38.332],[-1.342,38.329],[-1.342,38.326],[-1.346,38.323],[-1.346,38.318],[-1.354,38.311],[-1.354,38.306],[-1.362,38.299],[-1.363,38.284],[-1.366,38.282],[-1.367,38.276],[-1.372,38.271],[-1.379,38.271],[-1.385,38.271],[-1.389,38.267],[-1.399,38.267],[-1.403,38.266],[-1.405,38.263],[-1.419,38.263],[-1.419,38.262],[-1.432,38.262],[-1.446,38.246],[-1.45,38.246],[-1.454,38.246],[-1.456,38.25],[-1.462,38.251],[-1.462,38.274],[-1.459,38.276],[-1.458,38.29],[-1.455,38.293],[-1.454,38.3],[-1.454,38.327],[-1.463,38.335],[-1.466,38.34],[-1.475,38.348],[-1.475,38.352],[-1.48,38.356],[-1.48,38.358],[-1.487,38.364],[-1.487,38.367],[-1.492,38.374],[-1.484,38.376],[-1.478,38.383],[-1.472,38.384],[-1.467,38.388],[-1.467,38.403],[-1.466,38.411],[-1.463,38.414],[-1.463,38.42],[-1.467,38.421],[-1.467,38.442],[-1.466,38.449],[-1.463,38.451],[-1.462,38.461],[-1.459,38.463],[-1.458,38.474],[-1.454,38.477],[-1.454,38.488],[-1.458,38.488],[-1.459,38.493],[-1.459,38.507],[-1.466,38.514],[-1.467,38.519],[-1.471,38.524],[-1.463,38.526],[-1.461,38.529],[-1.454,38.529],[-1.448,38.533],[-1.442,38.533],[-1.436,38.537],[-1.429,38.539],[-1.426,38.542],[-1.422,38.542],[-1.418,38.546],[-1.412,38.547],[-1.413,38.553],[-1.417,38.557],[-1.416,38.566],[-1.406,38.575],[-1.402,38.575],[-1.398,38.579],[-1.391,38.581],[-1.39,38.583],[-1.38,38.584],[-1.378,38.587],[-1.368,38.588],[-1.365,38.591],[-1.352,38.592],[-1.344,38.6],[-1.34,38.6],[-1.334,38.605],[-1.329,38.604],[-1.31,38.604],[-1.305,38.6],[-1.296,38.6]]]}},{"type":"Feature","properties":{"id":"HG216080704","idx":345,"name":"Río Alhárabe (Moratalla)","river":"Río Alhárabe","town":"Moratalla","kind":"hybas_group","area_km2":345.1,"up_area_km2":345.1,"next":"H2120681380","terminal_unit":"H2120684020","terminal":"sea","drains_to_sea":true,"n_upstream":0,"outlet":[-1.7229,38.2646],"outlet_how":"hydrorivers","label":[-1.9687,38.2015],"source":"HydroBASINS v1c level 12, grouped at Pfafstetter level 9"},"geometry":{"type":"Polygon","coordinates":[[[-1.742,38.262],[-1.741,38.258],[-1.736,38.262],[-1.722,38.262],[-1.72,38.255],[-1.717,38.253],[-1.717,38.233],[-1.728,38.233],[-1.731,38.229],[-1.736,38.229],[-1.741,38.224],[-1.742,38.218],[-1.747,38.213],[-1.757,38.212],[-1.764,38.204],[-1.775,38.194],[-1.775,38.189],[-1.78,38.184],[-1.786,38.183],[-1.789,38.179],[-1.794,38.179],[-1.808,38.165],[-1.808,38.161],[-1.818,38.15],[-1.828,38.15],[-1.831,38.146],[-1.836,38.146],[-1.839,38.142],[-1.849,38.141],[-1.851,38.138],[-1.864,38.138],[-1.864,38.137],[-1.877,38.137],[-1.882,38.142],[-1.89,38.142],[-1.893,38.146],[-1.899,38.15],[-1.91,38.15],[-1.912,38.151],[-1.913,38.138],[-1.925,38.138],[-1.926,38.141],[-1.936,38.142],[-1.938,38.145],[-1.948,38.146],[-1.952,38.15],[-1.959,38.152],[-1.964,38.158],[-1.967,38.158],[-1.967,38.17],[-1.973,38.171],[-1.975,38.177],[-1.981,38.184],[-1.986,38.184],[-1.989,38.187],[-1.999,38.188],[-2.001,38.191],[-2.014,38.192],[-2.018,38.188],[-2.024,38.187],[-2.025,38.183],[-2.025,38.163],[-2.026,38.159],[-2.036,38.158],[-2.041,38.154],[-2.045,38.154],[-2.046,38.165],[-2.05,38.17],[-2.06,38.171],[-2.064,38.167],[-2.078,38.166],[-2.08,38.159],[-2.089,38.158],[-2.102,38.158],[-2.109,38.151],[-2.115,38.15],[-2.133,38.15],[-2.136,38.154],[-2.135,38.163],[-2.137,38.164],[-2.138,38.173],[-2.138,38.183],[-2.153,38.183],[-2.161,38.184],[-2.166,38.188],[-2.167,38.198],[-2.169,38.199],[-2.175,38.208],[-2.176,38.22],[-2.183,38.221],[-2.183,38.224],[-2.179,38.225],[-2.169,38.225],[-2.165,38.229],[-2.148,38.229],[-2.143,38.23],[-2.14,38.233],[-2.129,38.233],[-2.122,38.234],[-2.121,38.236],[-2.113,38.238],[-2.113,38.242],[-2.1,38.242],[-2.1,38.241],[-2.084,38.241],[-2.078,38.234],[-2.069,38.233],[-2.066,38.237],[-2.054,38.237],[-2.054,38.238],[-2.043,38.238],[-2.038,38.243],[-2.038,38.25],[-2.035,38.25],[-2.032,38.246],[-2.026,38.246],[-2.023,38.25],[-1.997,38.25],[-1.994,38.246],[-1.981,38.246],[-1.978,38.25],[-1.975,38.25],[-1.962,38.25],[-1.955,38.254],[-1.954,38.247],[-1.947,38.241],[-1.937,38.241],[-1.937,38.242],[-1.918,38.242],[-1.916,38.245],[-1.904,38.246],[-1.902,38.25],[-1.898,38.25],[-1.894,38.254],[-1.88,38.254],[-1.873,38.258],[-1.86,38.259],[-1.852,38.267],[-1.839,38.266],[-1.836,38.263],[-1.826,38.262],[-1.822,38.258],[-1.82,38.25],[-1.813,38.245],[-1.81,38.241],[-1.792,38.241],[-1.792,38.242],[-1.759,38.242],[-1.758,38.249],[-1.748,38.259],[-1.742,38.262]]]}},{"type":"Feature","properties":{"id":"H2120680670","idx":346,"name":"Arroyo de las Murtas","river":"Arroyo de las Murtas","town":null,"kind":"hybas","area_km2":157.7,"up_area_km2":157.7,"next":"H2120681380","terminal_unit":"H2120684020","terminal":"sea","drains_to_sea":true,"n_upstream":0,"outlet":[-1.7313,38.2729],"outlet_how":"hydrorivers","label":[-1.8502,38.302],"source":"HydroBASINS v1c level 12"},"geometry":{"type":"Polygon","coordinates":[[[-1.975,38.25],[-1.975,38.264],[-1.971,38.269],[-1.975,38.275],[-1.975,38.281],[-1.971,38.286],[-1.964,38.288],[-1.963,38.29],[-1.956,38.292],[-1.951,38.296],[-1.947,38.296],[-1.937,38.308],[-1.937,38.312],[-1.926,38.313],[-1.924,38.316],[-1.914,38.316],[-1.914,38.317],[-1.897,38.317],[-1.891,38.324],[-1.888,38.324],[-1.884,38.32],[-1.88,38.321],[-1.863,38.321],[-1.862,38.329],[-1.844,38.329],[-1.839,38.33],[-1.836,38.333],[-1.82,38.333],[-1.82,38.334],[-1.809,38.334],[-1.806,38.337],[-1.806,38.342],[-1.812,38.347],[-1.81,38.35],[-1.803,38.35],[-1.798,38.354],[-1.783,38.354],[-1.783,38.334],[-1.776,38.333],[-1.773,38.329],[-1.766,38.323],[-1.763,38.319],[-1.762,38.31],[-1.759,38.307],[-1.758,38.297],[-1.75,38.29],[-1.745,38.284],[-1.738,38.283],[-1.738,38.275],[-1.733,38.275],[-1.734,38.272],[-1.741,38.266],[-1.742,38.262],[-1.748,38.259],[-1.758,38.249],[-1.759,38.242],[-1.792,38.242],[-1.792,38.241],[-1.81,38.241],[-1.813,38.245],[-1.82,38.25],[-1.822,38.258],[-1.826,38.262],[-1.836,38.263],[-1.839,38.266],[-1.852,38.267],[-1.86,38.259],[-1.873,38.258],[-1.88,38.254],[-1.894,38.254],[-1.898,38.25],[-1.902,38.25],[-1.904,38.246],[-1.916,38.245],[-1.918,38.242],[-1.937,38.242],[-1.937,38.241],[-1.947,38.241],[-1.954,38.247],[-1.955,38.254],[-1.962,38.25],[-1.975,38.25]]]}},{"type":"Feature","properties":{"id":"H2120680610","idx":347,"name":"Río Segura — tramo 3 de 6","river":"Río Segura","town":null,"kind":"hybas","area_km2":62.8,"up_area_km2":5220.0,"next":"H2120681380","terminal_unit":"H2120684020","terminal":"sea","drains_to_sea":true,"n_upstream":14,"outlet":[-1.7313,38.2729],"outlet_how":"hydrorivers","label":[-1.6321,38.3125],"source":"HydroBASINS v1c level 12"},"geometry":{"type":"Polygon","coordinates":[[[-1.733,38.275],[-1.738,38.275],[-1.738,38.283],[-1.745,38.284],[-1.75,38.29],[-1.758,38.297],[-1.759,38.307],[-1.762,38.31],[-1.763,38.319],[-1.766,38.323],[-1.773,38.329],[-1.776,38.333],[-1.783,38.334],[-1.783,38.354],[-1.773,38.35],[-1.769,38.346],[-1.752,38.346],[-1.747,38.345],[-1.742,38.339],[-1.74,38.339],[-1.736,38.334],[-1.73,38.333],[-1.729,38.327],[-1.723,38.321],[-1.718,38.32],[-1.713,38.316],[-1.706,38.308],[-1.695,38.308],[-1.689,38.309],[-1.686,38.312],[-1.676,38.313],[-1.671,38.316],[-1.671,38.322],[-1.667,38.325],[-1.666,38.317],[-1.662,38.317],[-1.662,38.313],[-1.656,38.316],[-1.653,38.32],[-1.643,38.321],[-1.639,38.325],[-1.624,38.325],[-1.619,38.329],[-1.612,38.329],[-1.607,38.333],[-1.596,38.333],[-1.596,38.327],[-1.584,38.316],[-1.583,38.312],[-1.611,38.312],[-1.616,38.307],[-1.617,38.304],[-1.624,38.304],[-1.627,38.3],[-1.64,38.3],[-1.643,38.296],[-1.648,38.296],[-1.651,38.292],[-1.657,38.291],[-1.659,38.288],[-1.67,38.287],[-1.675,38.282],[-1.675,38.277],[-1.681,38.271],[-1.694,38.271],[-1.697,38.275],[-1.733,38.275]]]}},{"type":"Feature","properties":{"id":"H2120691570","idx":348,"name":"Río Luchena — tramo 2 de 2","river":"Río Luchena","town":null,"kind":"hybas","area_km2":45.4,"up_area_km2":873.3,"next":"H2120692730","terminal_unit":"H2120684020","terminal":"sea","drains_to_sea":true,"n_upstream":4,"outlet":[-1.8354,37.7437],"outlet_how":"hydrorivers","label":[-1.8497,37.7765],"source":"HydroBASINS v1c level 12"},"geometry":{"type":"Polygon","coordinates":[[[-1.812,37.817],[-1.812,37.812],[-1.812,37.793],[-1.808,37.789],[-1.813,37.78],[-1.816,37.778],[-1.817,37.773],[-1.817,37.763],[-1.821,37.761],[-1.831,37.75],[-1.837,37.749],[-1.837,37.742],[-1.838,37.739],[-1.843,37.734],[-1.851,37.741],[-1.857,37.742],[-1.868,37.742],[-1.872,37.738],[-1.876,37.737],[-1.88,37.741],[-1.89,37.742],[-1.897,37.746],[-1.91,37.746],[-1.914,37.742],[-1.926,37.742],[-1.932,37.741],[-1.933,37.746],[-1.93,37.75],[-1.92,37.75],[-1.913,37.755],[-1.903,37.766],[-1.888,37.767],[-1.888,37.775],[-1.883,37.775],[-1.883,37.779],[-1.877,37.779],[-1.874,37.783],[-1.864,37.783],[-1.859,37.784],[-1.854,37.789],[-1.854,37.799],[-1.847,37.805],[-1.841,37.812],[-1.83,37.813],[-1.828,37.816],[-1.812,37.817]]]}},{"type":"Feature","properties":{"id":"HG216080490","idx":349,"name":"Rambla de Chirivel","river":"Rambla de Chirivel","town":null,"kind":"hybas_group","area_km2":561.0,"up_area_km2":561.0,"next":"H2120692730","terminal_unit":"H2120684020","terminal":"sea","drains_to_sea":true,"n_upstream":0,"outlet":[-1.8354,37.7437],"outlet_how":"hydrorivers","label":[-2.0665,37.6585],"source":"HydroBASINS v1c level 12, grouped at Pfafstetter level 9"},"geometry":{"type":"Polygon","coordinates":[[[-1.933,37.746],[-1.932,37.741],[-1.926,37.742],[-1.914,37.742],[-1.91,37.746],[-1.897,37.746],[-1.89,37.742],[-1.88,37.741],[-1.876,37.737],[-1.872,37.738],[-1.868,37.742],[-1.857,37.742],[-1.851,37.741],[-1.843,37.734],[-1.838,37.739],[-1.837,37.742],[-1.833,37.741],[-1.834,37.726],[-1.841,37.724],[-1.844,37.721],[-1.85,37.72],[-1.853,37.715],[-1.858,37.711],[-1.859,37.705],[-1.862,37.703],[-1.863,37.692],[-1.868,37.688],[-1.883,37.687],[-1.884,37.676],[-1.887,37.674],[-1.888,37.668],[-1.891,37.663],[-1.898,37.65],[-1.902,37.65],[-1.906,37.645],[-1.912,37.641],[-1.914,37.638],[-1.918,37.641],[-1.923,37.642],[-1.93,37.649],[-1.935,37.646],[-1.945,37.645],[-1.947,37.642],[-1.961,37.642],[-1.97,37.641],[-1.971,37.637],[-1.986,37.637],[-1.988,37.634],[-1.993,37.633],[-2.003,37.633],[-2.006,37.629],[-2.011,37.629],[-2.017,37.621],[-2.017,37.614],[-2.025,37.607],[-2.025,37.597],[-2.033,37.59],[-2.033,37.588],[-2.041,37.587],[-2.042,37.583],[-2.05,37.584],[-2.062,37.584],[-2.063,37.587],[-2.078,37.587],[-2.08,37.584],[-2.087,37.583],[-2.098,37.583],[-2.103,37.579],[-2.107,37.579],[-2.108,37.575],[-2.119,37.575],[-2.122,37.571],[-2.127,37.571],[-2.133,37.564],[-2.137,37.561],[-2.137,37.558],[-2.145,37.555],[-2.155,37.566],[-2.162,37.567],[-2.163,37.574],[-2.166,37.576],[-2.168,37.583],[-2.179,37.583],[-2.18,37.58],[-2.186,37.579],[-2.189,37.571],[-2.2,37.57],[-2.204,37.565],[-2.204,37.558],[-2.209,37.551],[-2.214,37.554],[-2.235,37.554],[-2.241,37.555],[-2.243,37.558],[-2.248,37.558],[-2.252,37.554],[-2.262,37.554],[-2.266,37.555],[-2.27,37.559],[-2.282,37.558],[-2.287,37.555],[-2.29,37.559],[-2.301,37.559],[-2.301,37.558],[-2.319,37.558],[-2.322,37.555],[-2.333,37.551],[-2.335,37.554],[-2.34,37.55],[-2.351,37.55],[-2.356,37.546],[-2.365,37.55],[-2.371,37.556],[-2.371,37.561],[-2.367,37.564],[-2.366,37.573],[-2.371,37.579],[-2.371,37.625],[-2.356,37.625],[-2.351,37.629],[-2.339,37.629],[-2.336,37.625],[-2.314,37.625],[-2.307,37.633],[-2.3,37.633],[-2.292,37.639],[-2.292,37.643],[-2.286,37.65],[-2.252,37.65],[-2.249,37.654],[-2.244,37.654],[-2.232,37.666],[-2.228,37.667],[-2.218,37.667],[-2.214,37.671],[-2.202,37.671],[-2.2,37.675],[-2.182,37.675],[-2.177,37.679],[-2.17,37.679],[-2.165,37.683],[-2.159,37.684],[-2.158,37.687],[-2.158,37.703],[-2.154,37.707],[-2.154,37.711],[-2.151,37.713],[-2.15,37.719],[-2.147,37.721],[-2.146,37.726],[-2.137,37.737],[-2.132,37.738],[-2.128,37.734],[-2.115,37.733],[-2.111,37.737],[-2.103,37.738],[-2.099,37.734],[-2.09,37.733],[-2.086,37.737],[-2.083,37.737],[-2.076,37.742],[-2.071,37.743],[-2.069,37.75],[-2.063,37.751],[-2.063,37.754],[-2.051,37.755],[-2.048,37.758],[-2.037,37.758],[-2.03,37.759],[-2.026,37.762],[-2.024,37.755],[-2.019,37.754],[-2.014,37.75],[-2.011,37.75],[-2.005,37.754],[-2.004,37.749],[-2.004,37.739],[-1.999,37.734],[-1.995,37.737],[-1.989,37.738],[-1.988,37.74],[-1.983,37.74],[-1.981,37.737],[-1.964,37.738],[-1.961,37.741],[-1.955,37.742],[-1.943,37.742],[-1.941,37.745],[-1.933,37.746]]]}},{"type":"Feature","properties":{"id":"H2121245520","idx":350,"name":"Río Quípar — tramo 3 de 3","river":"Río Quípar","town":null,"kind":"hybas","area_km2":137.9,"up_area_km2":567.3,"next":"H2121244650","terminal_unit":"H2120684020","terminal":"sea","drains_to_sea":true,"n_upstream":3,"outlet":[-1.7354,38.0937],"outlet_how":"hydrorivers","label":[-1.8306,38.0495],"source":"HydroBASINS v1c level 12"},"geometry":{"type":"Polygon","coordinates":[[[-1.746,38.112],[-1.743,38.112],[-1.733,38.101],[-1.733,38.096],[-1.729,38.095],[-1.73,38.084],[-1.737,38.078],[-1.737,38.065],[-1.738,38.065],[-1.738,38.051],[-1.741,38.049],[-1.738,38.042],[-1.743,38.039],[-1.756,38.025],[-1.758,38.025],[-1.773,38.025],[-1.776,38.021],[-1.781,38.021],[-1.789,38.013],[-1.799,38.012],[-1.81,38.0],[-1.819,38.0],[-1.822,37.996],[-1.825,37.996],[-1.835,37.996],[-1.839,37.992],[-1.843,37.992],[-1.847,37.988],[-1.852,37.987],[-1.855,37.991],[-1.871,37.992],[-1.886,37.992],[-1.889,37.996],[-1.899,37.996],[-1.908,38.005],[-1.909,38.012],[-1.912,38.017],[-1.924,38.017],[-1.932,38.016],[-1.938,38.009],[-1.944,38.004],[-1.948,38.004],[-1.951,38.008],[-1.965,38.008],[-1.97,38.009],[-1.972,38.012],[-1.978,38.013],[-1.983,38.018],[-1.983,38.021],[-1.969,38.021],[-1.96,38.029],[-1.955,38.03],[-1.953,38.037],[-1.95,38.041],[-1.943,38.042],[-1.941,38.045],[-1.937,38.046],[-1.927,38.046],[-1.92,38.05],[-1.901,38.05],[-1.896,38.052],[-1.896,38.062],[-1.872,38.062],[-1.868,38.058],[-1.864,38.058],[-1.861,38.054],[-1.856,38.054],[-1.849,38.062],[-1.843,38.063],[-1.838,38.067],[-1.83,38.067],[-1.823,38.075],[-1.806,38.075],[-1.791,38.091],[-1.78,38.092],[-1.777,38.096],[-1.772,38.096],[-1.767,38.101],[-1.767,38.104],[-1.757,38.104],[-1.749,38.112],[-1.746,38.112]]]}},{"type":"Feature","properties":{"id":"H2120690990","idx":351,"name":"Río Luchena — tramo 1 de 2","river":"Río Luchena","town":null,"kind":"hybas","area_km2":127.2,"up_area_km2":484.4,"next":"H2120691570","terminal_unit":"H2120684020","terminal":"sea","drains_to_sea":true,"n_upstream":2,"outlet":[-1.8854,37.7729],"outlet_how":"hydrorivers","label":[-1.9653,37.806],"source":"HydroBASINS v1c level 12"},"geometry":{"type":"Polygon","coordinates":[[[-1.888,37.775],[-1.888,37.767],[-1.903,37.766],[-1.913,37.755],[-1.92,37.75],[-1.93,37.75],[-1.933,37.746],[-1.941,37.745],[-1.943,37.742],[-1.955,37.742],[-1.961,37.741],[-1.964,37.738],[-1.981,37.737],[-1.983,37.74],[-1.988,37.74],[-1.989,37.738],[-1.995,37.737],[-1.999,37.734],[-2.004,37.739],[-2.004,37.749],[-2.005,37.754],[-2.011,37.75],[-2.014,37.75],[-2.019,37.754],[-2.024,37.755],[-2.026,37.762],[-2.03,37.759],[-2.037,37.758],[-2.048,37.758],[-2.051,37.755],[-2.063,37.754],[-2.063,37.765],[-2.066,37.768],[-2.067,37.773],[-2.059,37.78],[-2.059,37.782],[-2.051,37.784],[-2.045,37.791],[-2.039,37.792],[-2.035,37.796],[-2.031,37.796],[-2.023,37.804],[-2.017,37.805],[-2.02,37.809],[-2.021,37.814],[-2.017,37.818],[-2.017,37.821],[-2.017,37.83],[-2.012,37.835],[-2.013,37.845],[-2.017,37.848],[-2.016,37.857],[-2.013,37.859],[-2.012,37.874],[-2.004,37.879],[-1.994,37.879],[-1.983,37.872],[-1.975,37.87],[-1.971,37.865],[-1.971,37.861],[-1.968,37.858],[-1.971,37.852],[-1.97,37.842],[-1.962,37.84],[-1.96,37.837],[-1.947,37.838],[-1.942,37.842],[-1.942,37.832],[-1.941,37.828],[-1.946,37.823],[-1.945,37.817],[-1.939,37.821],[-1.933,37.821],[-1.927,37.817],[-1.921,37.816],[-1.918,37.811],[-1.913,37.807],[-1.912,37.792],[-1.905,37.787],[-1.903,37.784],[-1.896,37.782],[-1.893,37.779],[-1.889,37.779],[-1.888,37.775]]]}},{"type":"Feature","properties":{"id":"HG216080482","idx":352,"name":"Río Turilla","river":"Río Turilla","town":null,"kind":"hybas_group","area_km2":343.5,"up_area_km2":343.5,"next":"H2120691570","terminal_unit":"H2120684020","terminal":"sea","drains_to_sea":true,"n_upstream":0,"outlet":[-1.8854,37.7729],"outlet_how":"hydrorivers","label":[-1.8925,37.8845],"source":"HydroBASINS v1c level 12, grouped at Pfafstetter level 9"},"geometry":{"type":"Polygon","coordinates":[[[-1.888,37.775],[-1.889,37.779],[-1.893,37.779],[-1.896,37.782],[-1.903,37.784],[-1.905,37.787],[-1.912,37.792],[-1.913,37.807],[-1.918,37.811],[-1.921,37.816],[-1.927,37.817],[-1.933,37.821],[-1.939,37.821],[-1.945,37.817],[-1.946,37.823],[-1.941,37.828],[-1.942,37.832],[-1.942,37.842],[-1.947,37.838],[-1.96,37.837],[-1.962,37.84],[-1.97,37.842],[-1.971,37.852],[-1.968,37.858],[-1.971,37.861],[-1.971,37.865],[-1.975,37.87],[-1.983,37.872],[-1.994,37.879],[-2.004,37.879],[-2.004,37.889],[-2.008,37.894],[-2.016,37.901],[-2.017,37.911],[-2.013,37.914],[-2.013,37.917],[-2.012,37.92],[-2.002,37.921],[-1.997,37.925],[-1.982,37.925],[-1.977,37.929],[-1.954,37.929],[-1.954,37.936],[-1.946,37.944],[-1.945,37.953],[-1.933,37.958],[-1.926,37.963],[-1.924,37.966],[-1.918,37.967],[-1.916,37.97],[-1.91,37.971],[-1.908,37.974],[-1.904,37.975],[-1.88,37.975],[-1.876,37.976],[-1.875,37.985],[-1.871,37.989],[-1.871,37.992],[-1.855,37.991],[-1.852,37.987],[-1.847,37.988],[-1.843,37.992],[-1.839,37.992],[-1.835,37.996],[-1.825,37.996],[-1.82,37.988],[-1.817,37.986],[-1.816,37.98],[-1.81,37.979],[-1.802,37.97],[-1.798,37.967],[-1.785,37.966],[-1.782,37.963],[-1.776,37.962],[-1.774,37.954],[-1.76,37.954],[-1.755,37.955],[-1.753,37.958],[-1.749,37.958],[-1.742,37.962],[-1.741,37.955],[-1.733,37.947],[-1.725,37.945],[-1.721,37.94],[-1.72,37.934],[-1.714,37.933],[-1.712,37.93],[-1.706,37.929],[-1.7,37.925],[-1.7,37.913],[-1.712,37.912],[-1.713,37.901],[-1.717,37.9],[-1.718,37.904],[-1.722,37.908],[-1.734,37.909],[-1.741,37.904],[-1.748,37.904],[-1.752,37.9],[-1.756,37.9],[-1.76,37.896],[-1.773,37.896],[-1.779,37.894],[-1.779,37.887],[-1.783,37.882],[-1.784,37.876],[-1.792,37.867],[-1.792,37.864],[-1.799,37.862],[-1.8,37.857],[-1.804,37.851],[-1.808,37.85],[-1.808,37.847],[-1.804,37.844],[-1.804,37.839],[-1.808,37.836],[-1.808,37.826],[-1.812,37.817],[-1.828,37.816],[-1.83,37.813],[-1.841,37.812],[-1.847,37.805],[-1.854,37.799],[-1.854,37.789],[-1.859,37.784],[-1.864,37.783],[-1.874,37.783],[-1.877,37.779],[-1.883,37.779],[-1.883,37.775],[-1.888,37.775]]]}},{"type":"Feature","properties":{"id":"HG216080901","idx":353,"name":"Río Segura (Socovos)","river":"Río Segura","town":"Socovos","kind":"hybas_group","area_km2":467.9,"up_area_km2":2677.3,"next":"H2120680610","terminal_unit":"H2120684020","terminal":"sea","drains_to_sea":true,"n_upstream":8,"outlet":[-1.6688,38.3146],"outlet_how":"hydrorivers","label":[-1.857,38.3675],"source":"HydroBASINS v1c level 12, grouped at Pfafstetter level 9"},"geometry":{"type":"Polygon","coordinates":[[[-1.975,38.25],[-1.978,38.25],[-1.981,38.246],[-1.994,38.246],[-1.997,38.25],[-2.023,38.25],[-2.026,38.246],[-2.032,38.246],[-2.035,38.25],[-2.038,38.25],[-2.039,38.254],[-2.046,38.254],[-2.05,38.256],[-2.051,38.262],[-2.065,38.275],[-2.076,38.275],[-2.079,38.278],[-2.075,38.279],[-2.075,38.285],[-2.071,38.29],[-2.063,38.297],[-2.062,38.303],[-2.059,38.307],[-2.051,38.309],[-2.05,38.313],[-2.054,38.314],[-2.054,38.321],[-2.057,38.325],[-2.059,38.332],[-2.066,38.338],[-2.07,38.343],[-2.071,38.349],[-2.063,38.351],[-2.062,38.357],[-2.053,38.365],[-2.05,38.37],[-2.05,38.379],[-2.046,38.38],[-2.038,38.389],[-2.036,38.396],[-2.034,38.397],[-2.033,38.407],[-2.029,38.408],[-2.025,38.408],[-2.025,38.411],[-2.021,38.414],[-2.021,38.417],[-2.014,38.421],[-2.01,38.421],[-2.007,38.429],[-1.996,38.429],[-1.992,38.43],[-1.991,38.437],[-1.984,38.438],[-1.983,38.445],[-1.979,38.446],[-1.969,38.446],[-1.963,38.451],[-1.963,38.462],[-1.962,38.462],[-1.962,38.474],[-1.955,38.48],[-1.954,38.487],[-1.949,38.484],[-1.939,38.483],[-1.935,38.479],[-1.931,38.479],[-1.927,38.475],[-1.923,38.475],[-1.919,38.471],[-1.914,38.471],[-1.912,38.478],[-1.907,38.483],[-1.885,38.483],[-1.884,38.481],[-1.877,38.479],[-1.869,38.471],[-1.863,38.47],[-1.862,38.464],[-1.859,38.461],[-1.858,38.454],[-1.858,38.442],[-1.855,38.441],[-1.849,38.434],[-1.834,38.433],[-1.834,38.427],[-1.832,38.424],[-1.821,38.419],[-1.821,38.415],[-1.817,38.41],[-1.81,38.408],[-1.807,38.404],[-1.801,38.4],[-1.8,38.41],[-1.804,38.416],[-1.799,38.419],[-1.79,38.429],[-1.783,38.423],[-1.778,38.417],[-1.772,38.416],[-1.77,38.413],[-1.764,38.412],[-1.758,38.405],[-1.752,38.408],[-1.747,38.408],[-1.744,38.404],[-1.739,38.404],[-1.732,38.396],[-1.722,38.396],[-1.719,38.4],[-1.697,38.4],[-1.694,38.396],[-1.689,38.396],[-1.686,38.392],[-1.667,38.392],[-1.666,38.387],[-1.666,38.376],[-1.663,38.374],[-1.662,38.36],[-1.658,38.356],[-1.658,38.35],[-1.66,38.346],[-1.666,38.345],[-1.666,38.331],[-1.667,38.325],[-1.671,38.322],[-1.671,38.316],[-1.676,38.313],[-1.686,38.312],[-1.689,38.309],[-1.695,38.308],[-1.706,38.308],[-1.713,38.316],[-1.718,38.32],[-1.723,38.321],[-1.729,38.327],[-1.73,38.333],[-1.736,38.334],[-1.74,38.339],[-1.742,38.339],[-1.747,38.345],[-1.752,38.346],[-1.769,38.346],[-1.773,38.35],[-1.783,38.354],[-1.798,38.354],[-1.803,38.35],[-1.81,38.35],[-1.812,38.347],[-1.806,38.342],[-1.806,38.337],[-1.809,38.334],[-1.82,38.334],[-1.82,38.333],[-1.836,38.333],[-1.839,38.33],[-1.844,38.329],[-1.862,38.329],[-1.863,38.321],[-1.88,38.321],[-1.884,38.32],[-1.888,38.324],[-1.891,38.324],[-1.897,38.317],[-1.914,38.317],[-1.914,38.316],[-1.924,38.316],[-1.926,38.313],[-1.937,38.312],[-1.937,38.308],[-1.947,38.296],[-1.951,38.296],[-1.956,38.292],[-1.963,38.29],[-1.964,38.288],[-1.971,38.286],[-1.975,38.281],[-1.975,38.275],[-1.971,38.269],[-1.975,38.264],[-1.975,38.25]]]}},{"type":"Feature","properties":{"id":"H2120679670","idx":354,"name":"Río Mundo","river":"Río Mundo","town":null,"kind":"hybas","area_km2":125.5,"up_area_km2":2480.0,"next":"H2120680610","terminal_unit":"H2120684020","terminal":"sea","drains_to_sea":true,"n_upstream":4,"outlet":[-1.6688,38.3146],"outlet_how":"hydrorivers","label":[-1.5773,38.4015],"source":"HydroBASINS v1c level 12"},"geometry":{"type":"Polygon","coordinates":[[[-1.458,38.488],[-1.454,38.488],[-1.454,38.477],[-1.458,38.474],[-1.459,38.463],[-1.462,38.461],[-1.463,38.451],[-1.466,38.449],[-1.467,38.442],[-1.478,38.441],[-1.481,38.438],[-1.494,38.437],[-1.499,38.433],[-1.503,38.433],[-1.505,38.43],[-1.509,38.429],[-1.52,38.429],[-1.521,38.422],[-1.526,38.421],[-1.531,38.417],[-1.538,38.415],[-1.541,38.412],[-1.541,38.405],[-1.538,38.403],[-1.537,38.398],[-1.546,38.39],[-1.546,38.388],[-1.558,38.387],[-1.56,38.379],[-1.582,38.358],[-1.585,38.354],[-1.595,38.345],[-1.596,38.333],[-1.607,38.333],[-1.612,38.329],[-1.619,38.329],[-1.624,38.325],[-1.639,38.325],[-1.643,38.321],[-1.653,38.32],[-1.656,38.316],[-1.662,38.313],[-1.662,38.317],[-1.666,38.317],[-1.667,38.325],[-1.666,38.331],[-1.666,38.345],[-1.66,38.346],[-1.658,38.35],[-1.658,38.356],[-1.662,38.36],[-1.663,38.374],[-1.666,38.376],[-1.666,38.387],[-1.667,38.392],[-1.66,38.391],[-1.653,38.387],[-1.65,38.39],[-1.65,38.397],[-1.647,38.4],[-1.642,38.4],[-1.637,38.4],[-1.636,38.395],[-1.633,38.396],[-1.623,38.396],[-1.612,38.406],[-1.609,38.41],[-1.607,38.416],[-1.602,38.417],[-1.592,38.417],[-1.59,38.421],[-1.584,38.426],[-1.583,38.441],[-1.575,38.442],[-1.563,38.442],[-1.558,38.449],[-1.555,38.451],[-1.553,38.458],[-1.549,38.458],[-1.546,38.461],[-1.539,38.463],[-1.538,38.465],[-1.533,38.465],[-1.532,38.463],[-1.528,38.466],[-1.518,38.467],[-1.516,38.47],[-1.51,38.471],[-1.505,38.476],[-1.503,38.483],[-1.499,38.483],[-1.494,38.487],[-1.481,38.488],[-1.476,38.492],[-1.468,38.491],[-1.465,38.488],[-1.458,38.488]]]}},{"type":"Feature","properties":{"id":"HG216080702","idx":355,"name":"Río Argos (Caravaca de la Cruz)","river":"Río Argos","town":"Caravaca de la Cruz","kind":"hybas_group","area_km2":505.7,"up_area_km2":505.7,"next":"H2120681380","terminal_unit":"H2120684020","terminal":"sea","drains_to_sea":true,"n_upstream":0,"outlet":[-1.6771,38.2479],"outlet_how":"hydrorivers","label":[-1.952,38.13],"source":"HydroBASINS v1c level 12, grouped at Pfafstetter level 9"},"geometry":{"type":"Polygon","coordinates":[[[-2.133,38.15],[-2.115,38.15],[-2.109,38.151],[-2.102,38.158],[-2.089,38.158],[-2.08,38.159],[-2.078,38.166],[-2.064,38.167],[-2.06,38.171],[-2.05,38.17],[-2.046,38.165],[-2.045,38.154],[-2.041,38.154],[-2.036,38.158],[-2.026,38.159],[-2.025,38.163],[-2.025,38.183],[-2.024,38.187],[-2.018,38.188],[-2.014,38.192],[-2.001,38.191],[-1.999,38.188],[-1.989,38.187],[-1.986,38.184],[-1.981,38.184],[-1.975,38.177],[-1.973,38.171],[-1.967,38.17],[-1.967,38.158],[-1.964,38.158],[-1.959,38.152],[-1.952,38.15],[-1.948,38.146],[-1.938,38.145],[-1.936,38.142],[-1.926,38.141],[-1.925,38.138],[-1.913,38.138],[-1.912,38.151],[-1.91,38.15],[-1.899,38.15],[-1.893,38.146],[-1.89,38.142],[-1.882,38.142],[-1.877,38.137],[-1.864,38.137],[-1.864,38.138],[-1.851,38.138],[-1.849,38.141],[-1.839,38.142],[-1.836,38.146],[-1.831,38.146],[-1.828,38.15],[-1.818,38.15],[-1.808,38.161],[-1.808,38.165],[-1.794,38.179],[-1.789,38.179],[-1.786,38.183],[-1.78,38.184],[-1.775,38.189],[-1.775,38.194],[-1.764,38.204],[-1.757,38.212],[-1.747,38.213],[-1.742,38.218],[-1.741,38.224],[-1.736,38.229],[-1.731,38.229],[-1.728,38.233],[-1.717,38.233],[-1.714,38.233],[-1.711,38.229],[-1.706,38.229],[-1.703,38.233],[-1.699,38.233],[-1.691,38.241],[-1.683,38.242],[-1.683,38.245],[-1.675,38.245],[-1.671,38.24],[-1.67,38.23],[-1.656,38.23],[-1.656,38.229],[-1.642,38.229],[-1.642,38.209],[-1.65,38.208],[-1.657,38.208],[-1.661,38.204],[-1.665,38.204],[-1.67,38.198],[-1.676,38.196],[-1.688,38.188],[-1.697,38.181],[-1.7,38.177],[-1.7,38.173],[-1.705,38.167],[-1.712,38.166],[-1.713,38.16],[-1.716,38.157],[-1.717,38.152],[-1.721,38.146],[-1.721,38.139],[-1.725,38.135],[-1.725,38.128],[-1.728,38.125],[-1.735,38.125],[-1.745,38.117],[-1.746,38.112],[-1.749,38.112],[-1.757,38.104],[-1.767,38.104],[-1.767,38.101],[-1.772,38.096],[-1.777,38.096],[-1.78,38.092],[-1.791,38.091],[-1.806,38.075],[-1.823,38.075],[-1.83,38.067],[-1.838,38.067],[-1.843,38.063],[-1.849,38.062],[-1.856,38.054],[-1.861,38.054],[-1.864,38.058],[-1.868,38.058],[-1.872,38.062],[-1.896,38.062],[-1.896,38.052],[-1.901,38.05],[-1.92,38.05],[-1.927,38.046],[-1.937,38.046],[-1.941,38.045],[-1.943,38.042],[-1.95,38.041],[-1.953,38.037],[-1.955,38.03],[-1.96,38.029],[-1.969,38.021],[-1.983,38.021],[-1.986,38.025],[-2.0,38.025],[-2.006,38.021],[-2.013,38.019],[-2.018,38.013],[-2.026,38.012],[-2.03,38.016],[-2.036,38.017],[-2.041,38.023],[-2.043,38.023],[-2.046,38.028],[-2.047,38.033],[-2.06,38.033],[-2.065,38.029],[-2.069,38.029],[-2.073,38.025],[-2.081,38.025],[-2.085,38.021],[-2.096,38.021],[-2.104,38.026],[-2.104,38.037],[-2.105,38.041],[-2.111,38.042],[-2.116,38.048],[-2.12,38.05],[-2.122,38.058],[-2.129,38.064],[-2.13,38.068],[-2.125,38.074],[-2.125,38.079],[-2.141,38.08],[-2.142,38.091],[-2.15,38.093],[-2.156,38.096],[-2.16,38.092],[-2.164,38.091],[-2.176,38.104],[-2.187,38.112],[-2.183,38.123],[-2.179,38.128],[-2.179,38.132],[-2.176,38.134],[-2.174,38.142],[-2.168,38.137],[-2.16,38.138],[-2.157,38.141],[-2.143,38.142],[-2.136,38.15],[-2.133,38.15]]]}},{"type":"Feature","properties":{"id":"HG216080803","idx":356,"name":"Río Mundo (Hellín)","river":"Río Mundo","town":"Hellín","kind":"hybas_group","area_km2":665.0,"up_area_km2":1090.2,"next":"H2120679670","terminal_unit":"H2120684020","terminal":"sea","drains_to_sea":true,"n_upstream":2,"outlet":[-1.6438,38.3979],"outlet_how":"hydrorivers","label":[-1.8957,38.5225],"source":"HydroBASINS v1c level 12, grouped at Pfafstetter level 9"},"geometry":{"type":"Polygon","coordinates":[[[-2.216,38.629],[-2.216,38.633],[-2.219,38.637],[-2.212,38.636],[-2.209,38.642],[-2.204,38.647],[-2.198,38.647],[-2.198,38.65],[-2.19,38.65],[-2.186,38.646],[-2.181,38.646],[-2.178,38.655],[-2.173,38.654],[-2.152,38.654],[-2.146,38.65],[-2.113,38.65],[-2.109,38.649],[-2.101,38.641],[-2.099,38.634],[-2.096,38.632],[-2.096,38.628],[-2.092,38.623],[-2.091,38.618],[-2.087,38.613],[-2.087,38.609],[-2.08,38.605],[-2.078,38.608],[-2.068,38.609],[-2.063,38.613],[-2.039,38.613],[-2.031,38.621],[-2.014,38.621],[-2.007,38.629],[-2.001,38.629],[-1.998,38.625],[-1.989,38.625],[-1.986,38.621],[-1.965,38.621],[-1.957,38.613],[-1.95,38.613],[-1.949,38.609],[-1.946,38.607],[-1.946,38.603],[-1.942,38.598],[-1.941,38.592],[-1.936,38.588],[-1.929,38.586],[-1.926,38.583],[-1.922,38.583],[-1.92,38.58],[-1.916,38.581],[-1.914,38.584],[-1.908,38.583],[-1.897,38.583],[-1.895,38.58],[-1.891,38.581],[-1.889,38.584],[-1.883,38.582],[-1.88,38.577],[-1.875,38.573],[-1.874,38.567],[-1.871,38.567],[-1.87,38.575],[-1.863,38.58],[-1.857,38.579],[-1.835,38.579],[-1.83,38.573],[-1.824,38.571],[-1.813,38.563],[-1.812,38.57],[-1.806,38.571],[-1.798,38.579],[-1.791,38.581],[-1.789,38.584],[-1.781,38.583],[-1.768,38.583],[-1.76,38.575],[-1.75,38.574],[-1.746,38.569],[-1.745,38.558],[-1.734,38.559],[-1.733,38.57],[-1.725,38.575],[-1.715,38.575],[-1.707,38.567],[-1.701,38.566],[-1.7,38.556],[-1.692,38.553],[-1.689,38.549],[-1.682,38.543],[-1.678,38.538],[-1.671,38.537],[-1.671,38.531],[-1.676,38.527],[-1.681,38.521],[-1.688,38.52],[-1.683,38.513],[-1.683,38.51],[-1.675,38.502],[-1.675,38.498],[-1.662,38.484],[-1.66,38.484],[-1.651,38.475],[-1.636,38.475],[-1.632,38.471],[-1.629,38.471],[-1.629,38.464],[-1.625,38.461],[-1.625,38.456],[-1.633,38.451],[-1.635,38.454],[-1.64,38.454],[-1.643,38.45],[-1.648,38.45],[-1.654,38.443],[-1.649,38.438],[-1.643,38.437],[-1.637,38.431],[-1.637,38.42],[-1.638,38.42],[-1.638,38.409],[-1.642,38.405],[-1.642,38.4],[-1.647,38.4],[-1.65,38.397],[-1.65,38.39],[-1.653,38.387],[-1.66,38.391],[-1.667,38.392],[-1.686,38.392],[-1.689,38.396],[-1.694,38.396],[-1.697,38.4],[-1.719,38.4],[-1.722,38.396],[-1.732,38.396],[-1.739,38.404],[-1.744,38.404],[-1.747,38.408],[-1.752,38.408],[-1.758,38.405],[-1.764,38.412],[-1.77,38.413],[-1.772,38.416],[-1.778,38.417],[-1.783,38.423],[-1.79,38.429],[-1.799,38.419],[-1.804,38.416],[-1.8,38.41],[-1.801,38.4],[-1.807,38.404],[-1.81,38.408],[-1.817,38.41],[-1.821,38.415],[-1.821,38.419],[-1.832,38.424],[-1.834,38.427],[-1.834,38.433],[-1.849,38.434],[-1.855,38.441],[-1.858,38.442],[-1.858,38.454],[-1.859,38.461],[-1.862,38.464],[-1.863,38.47],[-1.869,38.471],[-1.877,38.479],[-1.884,38.481],[-1.885,38.483],[-1.907,38.483],[-1.912,38.478],[-1.914,38.471],[-1.919,38.471],[-1.923,38.475],[-1.927,38.475],[-1.931,38.479],[-1.935,38.479],[-1.939,38.483],[-1.949,38.484],[-1.954,38.487],[-1.961,38.488],[-1.967,38.492],[-1.973,38.492],[-1.976,38.495],[-1.981,38.496],[-1.998,38.496],[-2.002,38.492],[-2.013,38.492],[-2.02,38.491],[-2.021,38.498],[-2.026,38.504],[-2.05,38.504],[-2.057,38.505],[-2.06,38.508],[-2.071,38.508],[-2.078,38.509],[-2.081,38.512],[-2.09,38.513],[-2.093,38.516],[-2.103,38.517],[-2.105,38.52],[-2.111,38.521],[-2.114,38.529],[-2.156,38.529],[-2.161,38.525],[-2.168,38.517],[-2.178,38.516],[-2.179,38.521],[-2.179,38.524],[-2.175,38.527],[-2.175,38.54],[-2.179,38.543],[-2.179,38.55],[-2.175,38.55],[-2.175,38.554],[-2.169,38.558],[-2.163,38.559],[-2.162,38.566],[-2.153,38.567],[-2.139,38.567],[-2.134,38.571],[-2.133,38.579],[-2.133,38.591],[-2.14,38.592],[-2.143,38.595],[-2.149,38.596],[-2.165,38.596],[-2.17,38.6],[-2.171,38.605],[-2.171,38.615],[-2.176,38.617],[-2.182,38.617],[-2.184,38.62],[-2.194,38.621],[-2.202,38.629],[-2.216,38.629]]]}},{"type":"Feature","properties":{"id":"HG216080802","idx":357,"name":"Arroyo de Tobarra (Tobarra)","river":"Arroyo de Tobarra","town":"Tobarra","kind":"hybas_group","area_km2":1264.3,"up_area_km2":1264.3,"next":"H2120679670","terminal_unit":"H2120684020","terminal":"sea","drains_to_sea":true,"n_upstream":0,"outlet":[-1.6438,38.3979],"outlet_how":"hydrorivers","label":[-1.6452,38.595],"source":"HydroBASINS v1c level 12, grouped at Pfafstetter level 9"},"geometry":{"type":"Polygon","coordinates":[[[-1.56,38.775],[-1.553,38.775],[-1.55,38.771],[-1.528,38.771],[-1.524,38.767],[-1.518,38.766],[-1.516,38.763],[-1.509,38.763],[-1.508,38.769],[-1.504,38.775],[-1.495,38.779],[-1.49,38.783],[-1.483,38.785],[-1.476,38.792],[-1.472,38.792],[-1.471,38.796],[-1.468,38.796],[-1.465,38.8],[-1.462,38.8],[-1.462,38.792],[-1.458,38.792],[-1.458,38.789],[-1.453,38.784],[-1.447,38.783],[-1.444,38.779],[-1.437,38.779],[-1.437,38.776],[-1.433,38.775],[-1.417,38.775],[-1.416,38.771],[-1.411,38.767],[-1.405,38.766],[-1.403,38.763],[-1.396,38.761],[-1.395,38.754],[-1.391,38.751],[-1.384,38.749],[-1.378,38.742],[-1.367,38.741],[-1.363,38.735],[-1.368,38.731],[-1.371,38.726],[-1.375,38.723],[-1.375,38.719],[-1.378,38.717],[-1.383,38.71],[-1.387,38.707],[-1.387,38.704],[-1.376,38.704],[-1.369,38.696],[-1.364,38.696],[-1.358,38.689],[-1.358,38.685],[-1.352,38.679],[-1.347,38.679],[-1.344,38.675],[-1.339,38.675],[-1.336,38.671],[-1.331,38.671],[-1.325,38.665],[-1.325,38.656],[-1.316,38.648],[-1.317,38.643],[-1.321,38.64],[-1.321,38.635],[-1.317,38.632],[-1.311,38.625],[-1.306,38.625],[-1.296,38.615],[-1.296,38.6],[-1.305,38.6],[-1.31,38.604],[-1.329,38.604],[-1.334,38.605],[-1.34,38.6],[-1.344,38.6],[-1.352,38.592],[-1.365,38.591],[-1.368,38.588],[-1.378,38.587],[-1.38,38.584],[-1.39,38.583],[-1.391,38.581],[-1.398,38.579],[-1.402,38.575],[-1.406,38.575],[-1.416,38.566],[-1.417,38.557],[-1.413,38.553],[-1.412,38.547],[-1.418,38.546],[-1.422,38.542],[-1.426,38.542],[-1.429,38.539],[-1.436,38.537],[-1.442,38.533],[-1.448,38.533],[-1.454,38.529],[-1.461,38.529],[-1.463,38.526],[-1.471,38.524],[-1.467,38.519],[-1.466,38.514],[-1.459,38.507],[-1.459,38.493],[-1.458,38.488],[-1.465,38.488],[-1.468,38.491],[-1.476,38.492],[-1.481,38.488],[-1.494,38.487],[-1.499,38.483],[-1.503,38.483],[-1.505,38.476],[-1.51,38.471],[-1.516,38.47],[-1.518,38.467],[-1.528,38.466],[-1.532,38.463],[-1.533,38.465],[-1.538,38.465],[-1.539,38.463],[-1.546,38.461],[-1.549,38.458],[-1.553,38.458],[-1.555,38.451],[-1.558,38.449],[-1.563,38.442],[-1.575,38.442],[-1.583,38.441],[-1.584,38.426],[-1.59,38.421],[-1.592,38.417],[-1.602,38.417],[-1.607,38.416],[-1.609,38.41],[-1.612,38.406],[-1.623,38.396],[-1.633,38.396],[-1.636,38.395],[-1.637,38.4],[-1.642,38.4],[-1.642,38.405],[-1.638,38.409],[-1.638,38.42],[-1.637,38.42],[-1.637,38.431],[-1.643,38.437],[-1.649,38.438],[-1.654,38.443],[-1.648,38.45],[-1.643,38.45],[-1.64,38.454],[-1.635,38.454],[-1.633,38.451],[-1.625,38.456],[-1.625,38.461],[-1.629,38.464],[-1.629,38.471],[-1.632,38.471],[-1.636,38.475],[-1.651,38.475],[-1.66,38.484],[-1.662,38.484],[-1.675,38.498],[-1.675,38.502],[-1.683,38.51],[-1.683,38.513],[-1.688,38.52],[-1.681,38.521],[-1.676,38.527],[-1.671,38.531],[-1.671,38.537],[-1.678,38.538],[-1.682,38.543],[-1.689,38.549],[-1.692,38.553],[-1.7,38.556],[-1.701,38.566],[-1.707,38.567],[-1.715,38.575],[-1.725,38.575],[-1.733,38.57],[-1.734,38.559],[-1.745,38.558],[-1.746,38.569],[-1.75,38.574],[-1.76,38.575],[-1.768,38.583],[-1.781,38.583],[-1.789,38.584],[-1.791,38.581],[-1.798,38.579],[-1.806,38.571],[-1.812,38.57],[-1.813,38.563],[-1.824,38.571],[-1.83,38.573],[-1.835,38.579],[-1.857,38.579],[-1.863,38.58],[-1.87,38.575],[-1.871,38.567],[-1.874,38.567],[-1.875,38.573],[-1.88,38.577],[-1.883,38.582],[-1.889,38.584],[-1.891,38.581],[-1.895,38.58],[-1.897,38.583],[-1.908,38.583],[-1.914,38.584],[-1.916,38.581],[-1.92,38.58],[-1.922,38.583],[-1.926,38.583],[-1.929,38.586],[-1.936,38.588],[-1.941,38.592],[-1.942,38.598],[-1.946,38.603],[-1.946,38.607],[-1.949,38.609],[-1.95,38.613],[-1.957,38.613],[-1.965,38.621],[-1.986,38.621],[-1.989,38.625],[-1.998,38.625],[-2.001,38.629],[-2.007,38.629],[-2.014,38.621],[-2.031,38.621],[-2.039,38.613],[-2.063,38.613],[-2.068,38.609],[-2.078,38.608],[-2.08,38.605],[-2.087,38.609],[-2.087,38.613],[-2.091,38.618],[-2.092,38.623],[-2.096,38.628],[-2.096,38.632],[-2.099,38.634],[-2.101,38.641],[-2.109,38.649],[-2.113,38.65],[-2.146,38.65],[-2.152,38.654],[-2.173,38.654],[-2.178,38.655],[-2.181,38.646],[-2.186,38.646],[-2.19,38.65],[-2.198,38.65],[-2.196,38.653],[-2.195,38.662],[-2.188,38.663],[-2.187,38.673],[-2.187,38.68],[-2.181,38.68],[-2.18,38.682],[-2.169,38.682],[-2.166,38.681],[-2.163,38.685],[-2.155,38.685],[-2.151,38.683],[-2.151,38.686],[-2.137,38.688],[-2.133,38.686],[-2.132,38.679],[-2.12,38.678],[-2.116,38.676],[-2.111,38.668],[-2.107,38.665],[-2.098,38.662],[-2.094,38.662],[-2.094,38.666],[-2.092,38.667],[-2.068,38.667],[-2.066,38.67],[-2.05,38.67],[-2.048,38.672],[-2.04,38.672],[-2.041,38.676],[-2.038,38.677],[-2.032,38.683],[-2.018,38.683],[-2.01,38.684],[-2.006,38.688],[-1.998,38.687],[-1.98,38.687],[-1.971,38.688],[-1.969,38.69],[-1.964,38.69],[-1.96,38.684],[-1.955,38.685],[-1.954,38.679],[-1.947,38.675],[-1.943,38.671],[-1.933,38.671],[-1.932,38.669],[-1.925,38.669],[-1.919,38.666],[-1.912,38.667],[-1.905,38.666],[-1.901,38.662],[-1.899,38.654],[-1.893,38.65],[-1.886,38.65],[-1.882,38.646],[-1.873,38.645],[-1.871,38.644],[-1.87,38.638],[-1.864,38.637],[-1.858,38.633],[-1.851,38.633],[-1.85,38.629],[-1.842,38.63],[-1.841,38.635],[-1.845,38.638],[-1.846,38.648],[-1.842,38.65],[-1.839,38.648],[-1.833,38.648],[-1.83,38.643],[-1.824,38.643],[-1.819,38.645],[-1.817,38.641],[-1.807,38.642],[-1.805,38.644],[-1.799,38.644],[-1.796,38.648],[-1.788,38.647],[-1.78,38.657],[-1.785,38.66],[-1.785,38.666],[-1.787,38.67],[-1.786,38.68],[-1.78,38.683],[-1.776,38.692],[-1.776,38.697],[-1.773,38.7],[-1.767,38.7],[-1.761,38.7],[-1.757,38.704],[-1.75,38.706],[-1.749,38.712],[-1.746,38.714],[-1.744,38.721],[-1.738,38.725],[-1.737,38.728],[-1.732,38.73],[-1.722,38.734],[-1.721,38.736],[-1.716,38.736],[-1.713,38.733],[-1.71,38.734],[-1.711,38.739],[-1.708,38.74],[-1.701,38.746],[-1.7,38.754],[-1.685,38.757],[-1.673,38.758],[-1.673,38.755],[-1.665,38.752],[-1.655,38.752],[-1.652,38.753],[-1.637,38.752],[-1.632,38.748],[-1.627,38.748],[-1.62,38.745],[-1.62,38.743],[-1.615,38.743],[-1.613,38.748],[-1.607,38.752],[-1.599,38.754],[-1.596,38.752],[-1.595,38.756],[-1.587,38.762],[-1.583,38.763],[-1.576,38.771],[-1.572,38.773],[-1.563,38.773],[-1.56,38.775]]]}},{"type":"Feature","properties":{"id":"H2120689970","idx":358,"name":"Río Caramel o del Alcaide","river":"Río Caramel o del Alcaide","town":null,"kind":"hybas","area_km2":214.8,"up_area_km2":214.8,"next":"H2120690990","terminal_unit":"H2120684020","terminal":"sea","drains_to_sea":true,"n_upstream":0,"outlet":[-2.0146,37.8229],"outlet_how":"hydrorivers","label":[-2.152,37.761],"source":"HydroBASINS v1c level 12"},"geometry":{"type":"Polygon","coordinates":[[[-2.063,37.754],[-2.063,37.751],[-2.069,37.75],[-2.071,37.743],[-2.076,37.742],[-2.083,37.737],[-2.086,37.737],[-2.09,37.733],[-2.099,37.734],[-2.103,37.738],[-2.111,37.737],[-2.115,37.733],[-2.128,37.734],[-2.132,37.738],[-2.137,37.737],[-2.146,37.726],[-2.147,37.721],[-2.15,37.719],[-2.151,37.713],[-2.154,37.711],[-2.154,37.707],[-2.158,37.703],[-2.158,37.687],[-2.159,37.684],[-2.165,37.683],[-2.17,37.679],[-2.177,37.679],[-2.182,37.675],[-2.2,37.675],[-2.205,37.677],[-2.209,37.685],[-2.205,37.688],[-2.204,37.692],[-2.204,37.703],[-2.21,37.704],[-2.215,37.708],[-2.223,37.717],[-2.229,37.722],[-2.229,37.726],[-2.232,37.729],[-2.233,37.734],[-2.237,37.739],[-2.238,37.745],[-2.242,37.746],[-2.242,37.757],[-2.241,37.757],[-2.241,37.77],[-2.238,37.772],[-2.237,37.777],[-2.241,37.78],[-2.242,37.786],[-2.242,37.802],[-2.236,37.808],[-2.226,37.809],[-2.22,37.816],[-2.216,37.817],[-2.205,37.817],[-2.198,37.825],[-2.193,37.825],[-2.189,37.83],[-2.179,37.839],[-2.179,37.842],[-2.174,37.841],[-2.159,37.841],[-2.154,37.835],[-2.153,37.829],[-2.142,37.83],[-2.138,37.835],[-2.137,37.841],[-2.129,37.843],[-2.127,37.846],[-2.12,37.846],[-2.114,37.841],[-2.102,37.842],[-2.098,37.846],[-2.094,37.846],[-2.088,37.841],[-2.082,37.834],[-2.075,37.833],[-2.064,37.833],[-2.06,37.829],[-2.056,37.829],[-2.052,37.825],[-2.044,37.825],[-2.04,37.821],[-2.033,37.821],[-2.027,37.817],[-2.022,37.821],[-2.017,37.821],[-2.017,37.818],[-2.021,37.814],[-2.02,37.809],[-2.017,37.805],[-2.023,37.804],[-2.031,37.796],[-2.035,37.796],[-2.039,37.792],[-2.045,37.791],[-2.051,37.784],[-2.059,37.782],[-2.059,37.78],[-2.067,37.773],[-2.066,37.768],[-2.063,37.765],[-2.063,37.754]]]}},{"type":"Feature","properties":{"id":"H2120689810","idx":359,"name":"Rambla Mayor","river":"Rambla Mayor","town":null,"kind":"hybas","area_km2":142.5,"up_area_km2":142.5,"next":"H2120690990","terminal_unit":"H2120684020","terminal":"sea","drains_to_sea":true,"n_upstream":0,"outlet":[-2.0146,37.8229],"outlet_how":"hydrorivers","label":[-2.1043,37.8765],"source":"HydroBASINS v1c level 12"},"geometry":{"type":"Polygon","coordinates":[[[-2.017,37.821],[-2.022,37.821],[-2.027,37.817],[-2.033,37.821],[-2.04,37.821],[-2.044,37.825],[-2.052,37.825],[-2.056,37.829],[-2.06,37.829],[-2.064,37.833],[-2.075,37.833],[-2.082,37.834],[-2.088,37.841],[-2.094,37.846],[-2.098,37.846],[-2.102,37.842],[-2.114,37.841],[-2.12,37.846],[-2.127,37.846],[-2.129,37.843],[-2.137,37.841],[-2.138,37.835],[-2.142,37.83],[-2.153,37.829],[-2.154,37.835],[-2.159,37.841],[-2.174,37.841],[-2.179,37.842],[-2.179,37.847],[-2.182,37.85],[-2.193,37.85],[-2.198,37.854],[-2.205,37.854],[-2.21,37.858],[-2.217,37.858],[-2.216,37.862],[-2.212,37.863],[-2.212,37.866],[-2.206,37.867],[-2.201,37.871],[-2.2,37.883],[-2.199,37.891],[-2.193,37.892],[-2.191,37.895],[-2.183,37.896],[-2.156,37.896],[-2.147,37.905],[-2.141,37.904],[-2.118,37.904],[-2.115,37.9],[-2.107,37.9],[-2.099,37.906],[-2.098,37.908],[-2.092,37.909],[-2.084,37.918],[-2.083,37.928],[-2.078,37.933],[-2.064,37.933],[-2.055,37.934],[-2.053,37.937],[-2.047,37.938],[-2.04,37.934],[-2.029,37.934],[-2.025,37.933],[-2.022,37.933],[-2.017,37.928],[-2.016,37.917],[-2.013,37.917],[-2.013,37.914],[-2.017,37.911],[-2.016,37.901],[-2.008,37.894],[-2.004,37.889],[-2.004,37.879],[-2.012,37.874],[-2.013,37.859],[-2.016,37.857],[-2.017,37.848],[-2.013,37.845],[-2.012,37.835],[-2.017,37.83],[-2.017,37.821]]]}},{"type":"Feature","properties":{"id":"H2121246190","idx":360,"name":"Río Quípar — tramo 2 de 3","river":"Río Quípar","town":null,"kind":"hybas","area_km2":128.1,"up_area_km2":429.4,"next":"H2121245520","terminal_unit":"H2120684020","terminal":"sea","drains_to_sea":true,"n_upstream":2,"outlet":[-1.9646,37.9854],"outlet_how":"hydrorivers","label":[-1.9693,37.9755],"source":"HydroBASINS v1c level 12"},"geometry":{"type":"Polygon","coordinates":[[[-1.983,38.021],[-1.983,38.018],[-1.978,38.013],[-1.972,38.012],[-1.97,38.009],[-1.965,38.008],[-1.951,38.008],[-1.948,38.004],[-1.944,38.004],[-1.938,38.009],[-1.932,38.016],[-1.924,38.017],[-1.912,38.017],[-1.909,38.012],[-1.908,38.005],[-1.899,37.996],[-1.889,37.996],[-1.886,37.992],[-1.871,37.992],[-1.871,37.989],[-1.875,37.985],[-1.876,37.976],[-1.88,37.975],[-1.904,37.975],[-1.908,37.974],[-1.91,37.971],[-1.916,37.97],[-1.918,37.967],[-1.924,37.966],[-1.926,37.963],[-1.933,37.958],[-1.945,37.953],[-1.946,37.944],[-1.954,37.936],[-1.954,37.929],[-1.977,37.929],[-1.982,37.925],[-1.997,37.925],[-2.002,37.921],[-2.012,37.92],[-2.013,37.917],[-2.016,37.917],[-2.017,37.928],[-2.022,37.933],[-2.025,37.933],[-2.025,37.936],[-2.029,37.939],[-2.029,37.944],[-2.033,37.947],[-2.034,37.953],[-2.037,37.955],[-2.038,37.97],[-2.044,37.971],[-2.049,37.975],[-2.06,37.975],[-2.064,37.979],[-2.074,37.98],[-2.078,37.985],[-2.083,37.987],[-2.085,37.992],[-2.09,37.996],[-2.095,37.997],[-2.095,38.007],[-2.096,38.007],[-2.096,38.021],[-2.085,38.021],[-2.081,38.025],[-2.073,38.025],[-2.069,38.029],[-2.065,38.029],[-2.06,38.033],[-2.047,38.033],[-2.046,38.028],[-2.043,38.023],[-2.041,38.023],[-2.036,38.017],[-2.03,38.016],[-2.026,38.012],[-2.018,38.013],[-2.013,38.019],[-2.006,38.021],[-2.0,38.025],[-1.986,38.025],[-1.983,38.021]]]}},{"type":"Feature","properties":{"id":"H2121246570","idx":361,"name":"Río Quípar — tramo 1 de 3","river":"Río Quípar","town":null,"kind":"hybas","area_km2":105.9,"up_area_km2":301.3,"next":"H2121246190","terminal_unit":"H2120684020","terminal":"sea","drains_to_sea":true,"n_upstream":1,"outlet":[-2.0396,37.9604],"outlet_how":"hydrorivers","label":[-2.1439,37.935],"source":"HydroBASINS v1c level 12"},"geometry":{"type":"Polygon","coordinates":[[[-2.2,37.883],[-2.211,37.884],[-2.218,37.888],[-2.222,37.884],[-2.228,37.887],[-2.23,37.895],[-2.241,37.897],[-2.241,37.909],[-2.242,37.913],[-2.239,37.913],[-2.23,37.922],[-2.237,37.932],[-2.235,37.933],[-2.229,37.941],[-2.229,37.962],[-2.218,37.962],[-2.217,37.96],[-2.209,37.954],[-2.199,37.95],[-2.184,37.95],[-2.18,37.949],[-2.173,37.942],[-2.166,37.941],[-2.163,37.944],[-2.156,37.946],[-2.151,37.949],[-2.148,37.946],[-2.139,37.949],[-2.137,37.957],[-2.131,37.962],[-2.129,37.966],[-2.123,37.963],[-2.106,37.963],[-2.106,37.962],[-2.088,37.962],[-2.088,37.979],[-2.083,37.987],[-2.078,37.985],[-2.074,37.98],[-2.064,37.979],[-2.06,37.975],[-2.049,37.975],[-2.044,37.971],[-2.038,37.97],[-2.037,37.955],[-2.034,37.953],[-2.033,37.947],[-2.029,37.944],[-2.029,37.939],[-2.025,37.936],[-2.025,37.933],[-2.029,37.934],[-2.04,37.934],[-2.047,37.938],[-2.053,37.937],[-2.055,37.934],[-2.064,37.933],[-2.078,37.933],[-2.083,37.928],[-2.084,37.918],[-2.092,37.909],[-2.098,37.908],[-2.099,37.906],[-2.107,37.9],[-2.115,37.9],[-2.118,37.904],[-2.141,37.904],[-2.147,37.905],[-2.156,37.896],[-2.183,37.896],[-2.191,37.895],[-2.193,37.892],[-2.199,37.891],[-2.2,37.883]]]}},{"type":"Feature","properties":{"id":"H2120625840","idx":362,"name":"Río Tastavins (Monroyo)","river":"Río Tastavins","town":"Monroyo","kind":"hybas","area_km2":153.1,"up_area_km2":357.4,"next":null,"terminal_unit":"H2120625840","terminal":"outside","drains_to_sea":false,"n_upstream":1,"outlet":[0.1104,40.8937],"outlet_how":"hydrorivers","label":[-0.0128,40.78],"source":"HydroBASINS v1c level 12"},"geometry":{"type":"Polygon","coordinates":[[[-0.065,40.669],[-0.069,40.671],[-0.071,40.675],[-0.071,40.686],[-0.074,40.688],[-0.075,40.694],[-0.079,40.698],[-0.079,40.715],[-0.08,40.72],[-0.073,40.721],[-0.065,40.729],[-0.059,40.73],[-0.058,40.74],[-0.054,40.745],[-0.054,40.752],[-0.057,40.754],[-0.059,40.76],[-0.055,40.763],[-0.054,40.767],[-0.054,40.777],[-0.046,40.785],[-0.046,40.789],[-0.038,40.797],[-0.037,40.815],[-0.033,40.82],[-0.033,40.824],[-0.025,40.826],[-0.028,40.831],[-0.033,40.835],[-0.033,40.838],[-0.033,40.85],[-0.028,40.85],[-0.023,40.854],[-0.016,40.856],[-0.015,40.858],[-0.001,40.859],[0.001,40.862],[0.007,40.863],[0.011,40.867],[0.024,40.867],[0.032,40.866],[0.036,40.862],[0.045,40.863],[0.046,40.869],[0.052,40.871],[0.056,40.875],[0.06,40.875],[0.068,40.883],[0.082,40.884],[0.093,40.891],[0.108,40.892],[0.109,40.884],[0.112,40.884],[0.112,40.872],[0.108,40.868],[0.108,40.863],[0.111,40.858],[0.108,40.846],[0.108,40.834],[0.099,40.827],[0.098,40.825],[0.092,40.824],[0.092,40.815],[0.09,40.808],[0.084,40.803],[0.083,40.8],[0.078,40.797],[0.074,40.792],[0.068,40.791],[0.066,40.788],[0.054,40.788],[0.054,40.787],[0.043,40.787],[0.041,40.784],[0.036,40.783],[0.026,40.783],[0.025,40.777],[0.015,40.768],[0.015,40.766],[0.008,40.759],[0.002,40.758],[-0.004,40.754],[-0.011,40.754],[-0.015,40.75],[-0.019,40.75],[-0.025,40.743],[-0.029,40.741],[-0.029,40.73],[-0.033,40.723],[-0.034,40.718],[-0.037,40.715],[-0.037,40.7],[-0.038,40.7],[-0.038,40.685],[-0.043,40.681],[-0.05,40.67],[-0.062,40.671],[-0.065,40.669]]]}},{"type":"Feature","properties":{"id":"H2121220230","idx":363,"name":"Riu Escalona (Peñarroya de Tastavins)","river":"Riu Escalona","town":"Peñarroya de Tastavins","kind":"hybas","area_km2":204.3,"up_area_km2":204.3,"next":"H2120625840","terminal_unit":"H2120625840","terminal":"outside","drains_to_sea":false,"n_upstream":0,"outlet":[0.0354,40.7812],"outlet_how":"hydrorivers","label":[0.0705,40.724],"source":"HydroBASINS v1c level 12"},"geometry":{"type":"Polygon","coordinates":[[[0.088,40.652],[0.075,40.652],[0.066,40.651],[0.06,40.647],[0.048,40.648],[0.04,40.652],[0.031,40.652],[0.029,40.649],[0.013,40.649],[0.011,40.652],[0.001,40.655],[0.0,40.658],[-0.019,40.658],[-0.023,40.657],[-0.026,40.659],[-0.031,40.659],[-0.037,40.661],[-0.039,40.664],[-0.048,40.666],[-0.05,40.67],[-0.043,40.681],[-0.038,40.685],[-0.038,40.7],[-0.037,40.7],[-0.037,40.715],[-0.034,40.718],[-0.033,40.723],[-0.029,40.73],[-0.029,40.741],[-0.025,40.743],[-0.019,40.75],[-0.015,40.75],[-0.011,40.754],[-0.004,40.754],[0.002,40.758],[0.008,40.759],[0.015,40.766],[0.015,40.768],[0.025,40.777],[0.026,40.783],[0.036,40.783],[0.041,40.784],[0.043,40.787],[0.054,40.787],[0.054,40.788],[0.066,40.788],[0.068,40.791],[0.074,40.792],[0.078,40.797],[0.083,40.8],[0.087,40.799],[0.088,40.792],[0.095,40.791],[0.099,40.788],[0.102,40.792],[0.108,40.791],[0.114,40.785],[0.114,40.783],[0.12,40.778],[0.122,40.771],[0.125,40.768],[0.126,40.759],[0.132,40.754],[0.136,40.754],[0.138,40.747],[0.141,40.745],[0.142,40.738],[0.157,40.725],[0.165,40.725],[0.17,40.73],[0.171,40.733],[0.175,40.732],[0.174,40.725],[0.172,40.721],[0.167,40.717],[0.165,40.708],[0.161,40.702],[0.161,40.697],[0.159,40.697],[0.157,40.688],[0.15,40.682],[0.141,40.681],[0.137,40.677],[0.132,40.677],[0.13,40.673],[0.123,40.672],[0.119,40.669],[0.111,40.669],[0.11,40.666],[0.104,40.664],[0.098,40.664],[0.097,40.656],[0.092,40.656],[0.088,40.652]]]}},{"type":"Feature","properties":{"id":"H2121246430","idx":364,"name":"Barranco del Rey","river":"Barranco del Rey","town":null,"kind":"hybas","area_km2":195.4,"up_area_km2":195.4,"next":"H2121246570","terminal_unit":"H2120684020","terminal":"sea","drains_to_sea":true,"n_upstream":0,"outlet":[-2.0896,37.9771],"outlet_how":"hydrorivers","label":[-2.181,38.0315],"source":"HydroBASINS v1c level 12"},"geometry":{"type":"Polygon","coordinates":[[[-2.187,38.112],[-2.176,38.104],[-2.164,38.091],[-2.16,38.092],[-2.156,38.096],[-2.15,38.093],[-2.142,38.091],[-2.141,38.08],[-2.125,38.079],[-2.125,38.074],[-2.13,38.068],[-2.129,38.064],[-2.122,38.058],[-2.12,38.05],[-2.116,38.048],[-2.111,38.042],[-2.105,38.041],[-2.104,38.037],[-2.104,38.026],[-2.096,38.021],[-2.096,38.007],[-2.095,38.007],[-2.095,37.997],[-2.09,37.996],[-2.085,37.992],[-2.083,37.987],[-2.088,37.979],[-2.088,37.962],[-2.106,37.962],[-2.106,37.963],[-2.123,37.963],[-2.129,37.966],[-2.131,37.962],[-2.137,37.957],[-2.139,37.949],[-2.148,37.946],[-2.151,37.949],[-2.156,37.946],[-2.163,37.944],[-2.166,37.941],[-2.173,37.942],[-2.18,37.949],[-2.184,37.95],[-2.199,37.95],[-2.209,37.954],[-2.217,37.96],[-2.218,37.962],[-2.229,37.962],[-2.234,37.966],[-2.239,37.967],[-2.249,37.967],[-2.254,37.972],[-2.254,38.01],[-2.258,38.014],[-2.258,38.042],[-2.259,38.042],[-2.259,38.053],[-2.266,38.059],[-2.267,38.063],[-2.264,38.063],[-2.259,38.067],[-2.239,38.067],[-2.231,38.075],[-2.227,38.075],[-2.225,38.081],[-2.216,38.091],[-2.202,38.092],[-2.192,38.101],[-2.192,38.105],[-2.187,38.112]]]}},{"type":"Feature","properties":{"id":"H2120678020","idx":365,"name":"Arroyo de la Anchura (Elche de la Sierra)","river":"Arroyo de la Anchura","town":"Elche de la Sierra","kind":"hybas","area_km2":172.9,"up_area_km2":172.9,"next":"HG216080901","terminal_unit":"H2120684020","terminal":"sea","drains_to_sea":true,"n_upstream":0,"outlet":[-2.0271,38.4062],"outlet_how":"hydrorivers","label":[-2.0895,38.471],"source":"HydroBASINS v1c level 12"},"geometry":{"type":"Polygon","coordinates":[[[-1.954,38.487],[-1.955,38.48],[-1.962,38.474],[-1.962,38.462],[-1.963,38.462],[-1.963,38.451],[-1.969,38.446],[-1.979,38.446],[-1.983,38.445],[-1.984,38.438],[-1.991,38.437],[-1.992,38.43],[-1.996,38.429],[-2.007,38.429],[-2.01,38.421],[-2.014,38.421],[-2.021,38.417],[-2.021,38.414],[-2.025,38.411],[-2.025,38.408],[-2.029,38.408],[-2.03,38.416],[-2.036,38.417],[-2.041,38.421],[-2.049,38.421],[-2.051,38.429],[-2.065,38.429],[-2.07,38.43],[-2.072,38.433],[-2.084,38.433],[-2.092,38.435],[-2.097,38.441],[-2.103,38.442],[-2.108,38.446],[-2.115,38.446],[-2.117,38.449],[-2.123,38.45],[-2.127,38.454],[-2.132,38.455],[-2.139,38.462],[-2.156,38.463],[-2.158,38.46],[-2.166,38.458],[-2.167,38.454],[-2.177,38.454],[-2.18,38.458],[-2.213,38.458],[-2.22,38.463],[-2.217,38.468],[-2.217,38.479],[-2.216,38.485],[-2.223,38.491],[-2.225,38.498],[-2.229,38.5],[-2.229,38.503],[-2.225,38.507],[-2.221,38.507],[-2.221,38.504],[-2.217,38.505],[-2.215,38.508],[-2.211,38.508],[-2.197,38.521],[-2.179,38.521],[-2.178,38.516],[-2.168,38.517],[-2.161,38.525],[-2.156,38.529],[-2.114,38.529],[-2.111,38.521],[-2.105,38.52],[-2.103,38.517],[-2.093,38.516],[-2.09,38.513],[-2.081,38.512],[-2.078,38.509],[-2.071,38.508],[-2.06,38.508],[-2.057,38.505],[-2.05,38.504],[-2.026,38.504],[-2.021,38.498],[-2.02,38.491],[-2.013,38.492],[-2.002,38.492],[-1.998,38.496],[-1.981,38.496],[-1.976,38.495],[-1.973,38.492],[-1.967,38.492],[-1.961,38.488],[-1.954,38.487]]]}},{"type":"Feature","properties":{"id":"HG216080903","idx":366,"name":"Río Segura (Letur)","river":"Río Segura","town":"Letur","kind":"hybas_group","area_km2":201.3,"up_area_km2":2036.5,"next":"HG216080901","terminal_unit":"H2120684020","terminal":"sea","drains_to_sea":true,"n_upstream":6,"outlet":[-2.0271,38.4062],"outlet_how":"hydrorivers","label":[-2.0952,38.344],"source":"HydroBASINS v1c level 12, grouped at Pfafstetter level 9"},"geometry":{"type":"Polygon","coordinates":[[[-2.038,38.25],[-2.038,38.243],[-2.043,38.238],[-2.054,38.238],[-2.054,38.237],[-2.066,38.237],[-2.069,38.233],[-2.078,38.234],[-2.084,38.241],[-2.1,38.241],[-2.1,38.242],[-2.113,38.242],[-2.113,38.238],[-2.121,38.236],[-2.122,38.234],[-2.129,38.233],[-2.14,38.233],[-2.143,38.23],[-2.148,38.229],[-2.165,38.229],[-2.169,38.225],[-2.179,38.225],[-2.179,38.243],[-2.18,38.243],[-2.18,38.258],[-2.184,38.258],[-2.191,38.263],[-2.191,38.27],[-2.183,38.277],[-2.178,38.279],[-2.17,38.285],[-2.169,38.287],[-2.16,38.288],[-2.153,38.295],[-2.144,38.296],[-2.14,38.299],[-2.134,38.306],[-2.13,38.309],[-2.129,38.32],[-2.121,38.322],[-2.121,38.33],[-2.117,38.335],[-2.116,38.339],[-2.121,38.345],[-2.121,38.352],[-2.13,38.362],[-2.137,38.363],[-2.138,38.372],[-2.134,38.376],[-2.133,38.387],[-2.149,38.387],[-2.151,38.384],[-2.156,38.383],[-2.162,38.392],[-2.162,38.396],[-2.158,38.396],[-2.158,38.407],[-2.154,38.411],[-2.154,38.431],[-2.158,38.435],[-2.158,38.439],[-2.166,38.447],[-2.167,38.454],[-2.166,38.458],[-2.158,38.46],[-2.156,38.463],[-2.139,38.462],[-2.132,38.455],[-2.127,38.454],[-2.123,38.45],[-2.117,38.449],[-2.115,38.446],[-2.108,38.446],[-2.103,38.442],[-2.097,38.441],[-2.092,38.435],[-2.084,38.433],[-2.072,38.433],[-2.07,38.43],[-2.065,38.429],[-2.051,38.429],[-2.049,38.421],[-2.041,38.421],[-2.036,38.417],[-2.03,38.416],[-2.029,38.408],[-2.033,38.407],[-2.034,38.397],[-2.036,38.396],[-2.038,38.389],[-2.046,38.38],[-2.05,38.379],[-2.05,38.37],[-2.053,38.365],[-2.062,38.357],[-2.063,38.351],[-2.071,38.349],[-2.07,38.343],[-2.066,38.338],[-2.059,38.332],[-2.057,38.325],[-2.054,38.321],[-2.054,38.314],[-2.05,38.313],[-2.051,38.309],[-2.059,38.307],[-2.062,38.303],[-2.063,38.297],[-2.071,38.29],[-2.075,38.285],[-2.075,38.279],[-2.079,38.278],[-2.076,38.275],[-2.065,38.275],[-2.051,38.262],[-2.05,38.256],[-2.046,38.254],[-2.039,38.254],[-2.038,38.25]]]}},{"type":"Feature","properties":{"id":"H2120678270","idx":367,"name":"Río Segura — tramo 2 de 6","river":"Río Segura","town":null,"kind":"hybas","area_km2":49.8,"up_area_km2":1241.6,"next":"HG216080903","terminal_unit":"H2120684020","terminal":"sea","drains_to_sea":true,"n_upstream":4,"outlet":[-2.1604,38.3937],"outlet_how":"hydrorivers","label":[-2.1919,38.4125],"source":"HydroBASINS v1c level 12"},"geometry":{"type":"Polygon","coordinates":[[[-2.213,38.458],[-2.18,38.458],[-2.177,38.454],[-2.167,38.454],[-2.166,38.447],[-2.158,38.439],[-2.158,38.435],[-2.154,38.431],[-2.154,38.411],[-2.158,38.407],[-2.158,38.396],[-2.162,38.396],[-2.162,38.392],[-2.171,38.391],[-2.182,38.391],[-2.183,38.389],[-2.19,38.387],[-2.197,38.38],[-2.204,38.378],[-2.206,38.375],[-2.212,38.374],[-2.212,38.371],[-2.223,38.371],[-2.228,38.367],[-2.233,38.372],[-2.233,38.379],[-2.237,38.379],[-2.237,38.383],[-2.237,38.387],[-2.233,38.387],[-2.233,38.395],[-2.227,38.396],[-2.225,38.402],[-2.229,38.406],[-2.23,38.414],[-2.226,38.417],[-2.225,38.423],[-2.221,38.427],[-2.222,38.433],[-2.229,38.439],[-2.229,38.444],[-2.223,38.446],[-2.213,38.455],[-2.213,38.458]]]}},{"type":"Feature","properties":{"id":"HG216080904","idx":368,"name":"Río Taibilla (Nerpio)","river":"Río Taibilla","town":"Nerpio","kind":"hybas_group","area_km2":593.6,"up_area_km2":593.6,"next":"HG216080903","terminal_unit":"H2120684020","terminal":"sea","drains_to_sea":true,"n_upstream":0,"outlet":[-2.1604,38.3937],"outlet_how":"hydrorivers","label":[-2.277,38.2275],"source":"HydroBASINS v1c level 12, grouped at Pfafstetter level 9"},"geometry":{"type":"Polygon","coordinates":[[[-2.179,38.225],[-2.183,38.224],[-2.183,38.221],[-2.176,38.22],[-2.175,38.208],[-2.169,38.199],[-2.167,38.198],[-2.166,38.188],[-2.161,38.184],[-2.153,38.183],[-2.138,38.183],[-2.138,38.173],[-2.137,38.164],[-2.135,38.163],[-2.136,38.154],[-2.133,38.15],[-2.136,38.15],[-2.143,38.142],[-2.157,38.141],[-2.16,38.138],[-2.168,38.137],[-2.174,38.142],[-2.176,38.134],[-2.179,38.132],[-2.179,38.128],[-2.183,38.123],[-2.187,38.112],[-2.192,38.105],[-2.192,38.101],[-2.202,38.092],[-2.216,38.091],[-2.225,38.081],[-2.227,38.075],[-2.231,38.075],[-2.239,38.067],[-2.259,38.067],[-2.264,38.063],[-2.267,38.063],[-2.267,38.065],[-2.275,38.072],[-2.275,38.075],[-2.283,38.08],[-2.284,38.087],[-2.299,38.087],[-2.301,38.084],[-2.307,38.083],[-2.31,38.079],[-2.315,38.079],[-2.322,38.071],[-2.332,38.071],[-2.335,38.075],[-2.363,38.075],[-2.365,38.079],[-2.37,38.075],[-2.371,38.067],[-2.38,38.066],[-2.391,38.066],[-2.395,38.063],[-2.402,38.071],[-2.419,38.071],[-2.422,38.067],[-2.431,38.066],[-2.435,38.071],[-2.44,38.071],[-2.447,38.079],[-2.454,38.079],[-2.465,38.079],[-2.468,38.075],[-2.478,38.075],[-2.481,38.071],[-2.494,38.071],[-2.501,38.079],[-2.506,38.075],[-2.511,38.075],[-2.521,38.085],[-2.52,38.091],[-2.509,38.101],[-2.503,38.108],[-2.497,38.109],[-2.49,38.117],[-2.484,38.121],[-2.481,38.125],[-2.473,38.125],[-2.469,38.129],[-2.463,38.13],[-2.461,38.133],[-2.455,38.134],[-2.453,38.137],[-2.444,38.138],[-2.442,38.135],[-2.437,38.135],[-2.431,38.138],[-2.428,38.142],[-2.422,38.146],[-2.411,38.158],[-2.405,38.159],[-2.403,38.162],[-2.393,38.163],[-2.388,38.167],[-2.387,38.174],[-2.377,38.175],[-2.375,38.177],[-2.375,38.188],[-2.371,38.194],[-2.37,38.203],[-2.363,38.21],[-2.362,38.216],[-2.374,38.217],[-2.375,38.22],[-2.375,38.23],[-2.38,38.237],[-2.387,38.238],[-2.387,38.245],[-2.38,38.246],[-2.364,38.246],[-2.363,38.25],[-2.36,38.25],[-2.353,38.258],[-2.347,38.259],[-2.345,38.262],[-2.339,38.263],[-2.334,38.266],[-2.333,38.269],[-2.325,38.276],[-2.325,38.278],[-2.319,38.283],[-2.312,38.291],[-2.305,38.292],[-2.304,38.298],[-2.298,38.304],[-2.293,38.304],[-2.289,38.3],[-2.274,38.3],[-2.267,38.305],[-2.266,38.312],[-2.258,38.314],[-2.247,38.321],[-2.242,38.322],[-2.234,38.33],[-2.233,38.336],[-2.23,38.338],[-2.225,38.345],[-2.218,38.346],[-2.216,38.349],[-2.209,38.351],[-2.208,38.356],[-2.212,38.36],[-2.212,38.371],[-2.212,38.374],[-2.206,38.375],[-2.204,38.378],[-2.197,38.38],[-2.19,38.387],[-2.183,38.389],[-2.182,38.391],[-2.171,38.391],[-2.162,38.392],[-2.156,38.383],[-2.151,38.384],[-2.149,38.387],[-2.133,38.387],[-2.134,38.376],[-2.138,38.372],[-2.137,38.363],[-2.13,38.362],[-2.121,38.352],[-2.121,38.345],[-2.116,38.339],[-2.117,38.335],[-2.121,38.33],[-2.121,38.322],[-2.129,38.32],[-2.13,38.309],[-2.134,38.306],[-2.14,38.299],[-2.144,38.296],[-2.153,38.295],[-2.16,38.288],[-2.169,38.287],[-2.17,38.285],[-2.178,38.279],[-2.183,38.277],[-2.191,38.27],[-2.191,38.263],[-2.184,38.258],[-2.18,38.258],[-2.18,38.243],[-2.179,38.243],[-2.179,38.225]]]}},{"type":"Feature","properties":{"id":"HG216080906","idx":369,"name":"Río Tús (Molinicos)","river":"Río Tús","town":"Molinicos","kind":"hybas_group","area_km2":296.5,"up_area_km2":296.5,"next":"H2120678270","terminal_unit":"H2120684020","terminal":"sea","drains_to_sea":true,"n_upstream":0,"outlet":[-2.2313,38.3812],"outlet_how":"hydrorivers","label":[-2.363,38.385],"source":"HydroBASINS v1c level 12, grouped at Pfafstetter level 9"},"geometry":{"type":"Polygon","coordinates":[[[-2.229,38.5],[-2.225,38.498],[-2.223,38.491],[-2.216,38.485],[-2.217,38.479],[-2.217,38.468],[-2.22,38.463],[-2.213,38.458],[-2.213,38.455],[-2.223,38.446],[-2.229,38.444],[-2.229,38.439],[-2.222,38.433],[-2.221,38.427],[-2.225,38.423],[-2.226,38.417],[-2.23,38.414],[-2.229,38.406],[-2.225,38.402],[-2.227,38.396],[-2.233,38.395],[-2.233,38.387],[-2.237,38.387],[-2.237,38.383],[-2.24,38.383],[-2.244,38.379],[-2.261,38.379],[-2.264,38.375],[-2.273,38.375],[-2.276,38.371],[-2.286,38.371],[-2.289,38.375],[-2.294,38.375],[-2.297,38.371],[-2.303,38.371],[-2.306,38.375],[-2.335,38.375],[-2.344,38.367],[-2.347,38.363],[-2.361,38.362],[-2.364,38.359],[-2.378,38.358],[-2.382,38.354],[-2.386,38.354],[-2.387,38.35],[-2.403,38.35],[-2.408,38.349],[-2.411,38.346],[-2.419,38.354],[-2.437,38.354],[-2.443,38.355],[-2.448,38.35],[-2.452,38.35],[-2.456,38.346],[-2.46,38.346],[-2.463,38.342],[-2.468,38.339],[-2.472,38.334],[-2.479,38.332],[-2.479,38.325],[-2.483,38.319],[-2.484,38.309],[-2.493,38.308],[-2.497,38.312],[-2.51,38.313],[-2.512,38.31],[-2.524,38.308],[-2.525,38.302],[-2.529,38.298],[-2.529,38.295],[-2.533,38.29],[-2.533,38.275],[-2.534,38.272],[-2.539,38.267],[-2.542,38.267],[-2.542,38.271],[-2.546,38.274],[-2.547,38.279],[-2.55,38.281],[-2.551,38.287],[-2.554,38.291],[-2.561,38.292],[-2.569,38.3],[-2.573,38.3],[-2.577,38.296],[-2.583,38.297],[-2.583,38.3],[-2.583,38.303],[-2.579,38.308],[-2.579,38.316],[-2.583,38.316],[-2.587,38.324],[-2.583,38.329],[-2.572,38.33],[-2.569,38.333],[-2.564,38.333],[-2.563,38.331],[-2.558,38.331],[-2.549,38.341],[-2.543,38.342],[-2.539,38.345],[-2.537,38.353],[-2.534,38.355],[-2.533,38.37],[-2.523,38.371],[-2.517,38.375],[-2.5,38.375],[-2.496,38.377],[-2.495,38.383],[-2.491,38.383],[-2.484,38.39],[-2.479,38.393],[-2.472,38.4],[-2.471,38.404],[-2.465,38.404],[-2.461,38.408],[-2.457,38.408],[-2.446,38.418],[-2.446,38.421],[-2.435,38.421],[-2.429,38.428],[-2.423,38.433],[-2.417,38.433],[-2.411,38.437],[-2.406,38.438],[-2.399,38.445],[-2.389,38.446],[-2.384,38.45],[-2.384,38.446],[-2.376,38.446],[-2.369,38.454],[-2.356,38.454],[-2.353,38.458],[-2.349,38.458],[-2.343,38.463],[-2.336,38.471],[-2.326,38.471],[-2.319,38.479],[-2.306,38.479],[-2.303,38.483],[-2.293,38.483],[-2.288,38.484],[-2.286,38.487],[-2.28,38.488],[-2.273,38.496],[-2.268,38.496],[-2.265,38.5],[-2.229,38.5]]]}},{"type":"Feature","properties":{"id":"HG216080907","idx":370,"name":"Río Segura (Yeste)","river":"Río Segura","town":"Yeste","kind":"hybas_group","area_km2":263.8,"up_area_km2":895.3,"next":"H2120678270","terminal_unit":"H2120684020","terminal":"sea","drains_to_sea":true,"n_upstream":2,"outlet":[-2.2313,38.3812],"outlet_how":"hydrorivers","label":[-2.4166,38.2965],"source":"HydroBASINS v1c level 12, grouped at Pfafstetter level 9"},"geometry":{"type":"Polygon","coordinates":[[[-2.237,38.383],[-2.237,38.379],[-2.233,38.379],[-2.233,38.372],[-2.228,38.367],[-2.223,38.371],[-2.212,38.371],[-2.212,38.36],[-2.208,38.356],[-2.209,38.351],[-2.216,38.349],[-2.218,38.346],[-2.225,38.345],[-2.23,38.338],[-2.233,38.336],[-2.234,38.33],[-2.242,38.322],[-2.247,38.321],[-2.258,38.314],[-2.266,38.312],[-2.267,38.305],[-2.274,38.3],[-2.289,38.3],[-2.293,38.304],[-2.298,38.304],[-2.304,38.298],[-2.305,38.292],[-2.312,38.291],[-2.319,38.283],[-2.325,38.278],[-2.325,38.276],[-2.333,38.269],[-2.334,38.266],[-2.339,38.263],[-2.345,38.262],[-2.347,38.259],[-2.353,38.258],[-2.36,38.25],[-2.363,38.25],[-2.364,38.246],[-2.38,38.246],[-2.387,38.245],[-2.387,38.238],[-2.39,38.237],[-2.394,38.232],[-2.396,38.232],[-2.402,38.225],[-2.408,38.224],[-2.409,38.217],[-2.419,38.217],[-2.424,38.216],[-2.426,38.213],[-2.435,38.212],[-2.439,38.216],[-2.45,38.216],[-2.454,38.217],[-2.454,38.227],[-2.455,38.232],[-2.463,38.241],[-2.47,38.242],[-2.471,38.248],[-2.473,38.25],[-2.481,38.25],[-2.488,38.256],[-2.493,38.262],[-2.499,38.263],[-2.5,38.269],[-2.507,38.275],[-2.51,38.279],[-2.518,38.28],[-2.524,38.275],[-2.533,38.275],[-2.533,38.29],[-2.529,38.295],[-2.529,38.298],[-2.525,38.302],[-2.524,38.308],[-2.512,38.31],[-2.51,38.313],[-2.497,38.312],[-2.493,38.308],[-2.484,38.309],[-2.483,38.319],[-2.479,38.325],[-2.479,38.332],[-2.472,38.334],[-2.468,38.339],[-2.463,38.342],[-2.46,38.346],[-2.456,38.346],[-2.452,38.35],[-2.448,38.35],[-2.443,38.355],[-2.437,38.354],[-2.419,38.354],[-2.411,38.346],[-2.408,38.349],[-2.403,38.35],[-2.387,38.35],[-2.386,38.354],[-2.382,38.354],[-2.378,38.358],[-2.364,38.359],[-2.361,38.362],[-2.347,38.363],[-2.344,38.367],[-2.335,38.375],[-2.306,38.375],[-2.303,38.371],[-2.297,38.371],[-2.294,38.375],[-2.289,38.375],[-2.286,38.371],[-2.276,38.371],[-2.273,38.375],[-2.264,38.375],[-2.261,38.379],[-2.244,38.379],[-2.24,38.383],[-2.237,38.383]]]}},{"type":"Feature","properties":{"id":"H2120675060","idx":371,"name":"Río Mundo (Riópar)","river":"Río Mundo","town":"Riópar","kind":"hybas","area_km2":234.1,"up_area_km2":234.1,"next":"HG216080803","terminal_unit":"H2120684020","terminal":"sea","drains_to_sea":true,"n_upstream":0,"outlet":[-2.1771,38.5479],"outlet_how":"hydrorivers","label":[-2.3852,38.494],"source":"HydroBASINS v1c level 12"},"geometry":{"type":"Polygon","coordinates":[[[-2.179,38.55],[-2.179,38.543],[-2.175,38.54],[-2.175,38.527],[-2.179,38.524],[-2.179,38.521],[-2.197,38.521],[-2.211,38.508],[-2.215,38.508],[-2.217,38.505],[-2.221,38.504],[-2.221,38.507],[-2.225,38.507],[-2.229,38.503],[-2.229,38.5],[-2.265,38.5],[-2.268,38.496],[-2.273,38.496],[-2.28,38.488],[-2.286,38.487],[-2.288,38.484],[-2.293,38.483],[-2.303,38.483],[-2.306,38.479],[-2.319,38.479],[-2.326,38.471],[-2.336,38.471],[-2.343,38.463],[-2.349,38.458],[-2.353,38.458],[-2.356,38.454],[-2.369,38.454],[-2.376,38.446],[-2.384,38.446],[-2.384,38.45],[-2.389,38.446],[-2.399,38.445],[-2.406,38.438],[-2.411,38.437],[-2.417,38.433],[-2.423,38.433],[-2.429,38.428],[-2.435,38.421],[-2.446,38.421],[-2.448,38.425],[-2.452,38.425],[-2.454,38.43],[-2.458,38.435],[-2.459,38.443],[-2.455,38.447],[-2.454,38.452],[-2.454,38.469],[-2.461,38.475],[-2.472,38.475],[-2.477,38.479],[-2.482,38.485],[-2.484,38.485],[-2.491,38.492],[-2.505,38.498],[-2.51,38.504],[-2.525,38.504],[-2.525,38.513],[-2.52,38.516],[-2.508,38.517],[-2.508,38.52],[-2.502,38.521],[-2.485,38.521],[-2.477,38.53],[-2.473,38.533],[-2.46,38.534],[-2.457,38.537],[-2.451,38.538],[-2.445,38.545],[-2.442,38.546],[-2.437,38.545],[-2.433,38.537],[-2.432,38.529],[-2.406,38.529],[-2.397,38.53],[-2.394,38.533],[-2.381,38.533],[-2.372,38.534],[-2.361,38.541],[-2.352,38.542],[-2.343,38.55],[-2.338,38.551],[-2.336,38.554],[-2.332,38.554],[-2.329,38.557],[-2.322,38.559],[-2.314,38.567],[-2.311,38.567],[-2.302,38.558],[-2.296,38.558],[-2.29,38.562],[-2.276,38.563],[-2.272,38.567],[-2.246,38.567],[-2.246,38.566],[-2.23,38.566],[-2.228,38.563],[-2.222,38.563],[-2.218,38.567],[-2.205,38.567],[-2.196,38.566],[-2.183,38.55],[-2.179,38.55]]]}},{"type":"Feature","properties":{"id":"H2120674940","idx":372,"name":"Río Bogarra (Bogarra)","river":"Río Bogarra","town":"Bogarra","kind":"hybas","area_km2":191.1,"up_area_km2":191.1,"next":"HG216080803","terminal_unit":"H2120684020","terminal":"sea","drains_to_sea":true,"n_upstream":0,"outlet":[-2.1771,38.5479],"outlet_how":"hydrorivers","label":[-2.2645,38.5895],"source":"HydroBASINS v1c level 12"},"geometry":{"type":"Polygon","coordinates":[[[-2.337,38.637],[-2.336,38.636],[-2.318,38.636],[-2.315,38.641],[-2.31,38.641],[-2.31,38.639],[-2.302,38.639],[-2.296,38.642],[-2.287,38.642],[-2.285,38.645],[-2.28,38.644],[-2.282,38.65],[-2.273,38.652],[-2.273,38.649],[-2.268,38.646],[-2.263,38.646],[-2.262,38.64],[-2.257,38.639],[-2.248,38.64],[-2.239,38.631],[-2.23,38.63],[-2.229,38.624],[-2.221,38.623],[-2.214,38.628],[-2.216,38.629],[-2.202,38.629],[-2.194,38.621],[-2.184,38.62],[-2.182,38.617],[-2.176,38.617],[-2.171,38.615],[-2.171,38.605],[-2.17,38.6],[-2.165,38.596],[-2.149,38.596],[-2.143,38.595],[-2.14,38.592],[-2.133,38.591],[-2.133,38.579],[-2.134,38.571],[-2.139,38.567],[-2.153,38.567],[-2.162,38.566],[-2.163,38.559],[-2.169,38.558],[-2.175,38.554],[-2.175,38.55],[-2.179,38.55],[-2.183,38.55],[-2.196,38.566],[-2.205,38.567],[-2.218,38.567],[-2.222,38.563],[-2.228,38.563],[-2.23,38.566],[-2.246,38.566],[-2.246,38.567],[-2.272,38.567],[-2.276,38.563],[-2.29,38.562],[-2.296,38.558],[-2.302,38.558],[-2.311,38.567],[-2.314,38.567],[-2.322,38.559],[-2.329,38.557],[-2.332,38.554],[-2.336,38.554],[-2.338,38.551],[-2.343,38.55],[-2.352,38.542],[-2.361,38.541],[-2.372,38.534],[-2.381,38.533],[-2.394,38.533],[-2.397,38.53],[-2.406,38.529],[-2.432,38.529],[-2.433,38.537],[-2.437,38.545],[-2.442,38.546],[-2.442,38.558],[-2.434,38.559],[-2.433,38.565],[-2.429,38.57],[-2.417,38.572],[-2.403,38.587],[-2.397,38.588],[-2.395,38.591],[-2.388,38.592],[-2.387,38.607],[-2.385,38.608],[-2.383,38.615],[-2.379,38.621],[-2.368,38.621],[-2.359,38.631],[-2.354,38.631],[-2.347,38.637],[-2.344,38.635],[-2.337,38.637]]]}},{"type":"Feature","properties":{"id":"H2121220110","idx":373,"name":"Riu Bergantes (Zorita del Maestrazgo)","river":"Riu Bergantes","town":"Zorita del Maestrazgo","kind":"hybas","area_km2":191.0,"up_area_km2":1119.7,"next":null,"terminal_unit":"H2121220110","terminal":"outside","drains_to_sea":false,"n_upstream":7,"outlet":[-0.1479,40.7896],"outlet_how":"hydrorivers","label":[-0.1348,40.7615],"source":"HydroBASINS v1c level 12"},"geometry":{"type":"Polygon","coordinates":[[[-0.033,40.838],[-0.033,40.835],[-0.028,40.831],[-0.025,40.826],[-0.033,40.824],[-0.033,40.82],[-0.037,40.815],[-0.038,40.797],[-0.046,40.789],[-0.046,40.785],[-0.054,40.777],[-0.054,40.767],[-0.055,40.763],[-0.059,40.76],[-0.057,40.754],[-0.054,40.752],[-0.054,40.745],[-0.058,40.74],[-0.059,40.73],[-0.065,40.729],[-0.073,40.721],[-0.08,40.72],[-0.079,40.715],[-0.079,40.698],[-0.075,40.694],[-0.074,40.688],[-0.071,40.686],[-0.071,40.675],[-0.082,40.675],[-0.085,40.671],[-0.094,40.671],[-0.097,40.675],[-0.111,40.675],[-0.114,40.679],[-0.124,40.679],[-0.127,40.675],[-0.14,40.675],[-0.146,40.681],[-0.146,40.686],[-0.151,40.691],[-0.155,40.692],[-0.165,40.692],[-0.176,40.704],[-0.179,40.704],[-0.179,40.708],[-0.19,40.708],[-0.194,40.704],[-0.199,40.704],[-0.206,40.696],[-0.227,40.696],[-0.23,40.692],[-0.237,40.692],[-0.237,40.725],[-0.234,40.73],[-0.233,40.74],[-0.225,40.748],[-0.224,40.754],[-0.219,40.758],[-0.213,40.759],[-0.212,40.765],[-0.208,40.77],[-0.208,40.774],[-0.199,40.781],[-0.193,40.782],[-0.196,40.785],[-0.18,40.785],[-0.178,40.787],[-0.165,40.787],[-0.161,40.788],[-0.151,40.788],[-0.15,40.792],[-0.143,40.792],[-0.141,40.799],[-0.134,40.801],[-0.132,40.804],[-0.126,40.805],[-0.119,40.812],[-0.114,40.813],[-0.107,40.82],[-0.102,40.821],[-0.098,40.825],[-0.094,40.825],[-0.086,40.833],[-0.08,40.834],[-0.071,40.843],[-0.071,40.85],[-0.06,40.85],[-0.053,40.842],[-0.046,40.842],[-0.041,40.838],[-0.033,40.838]]]}},{"type":"Feature","properties":{"id":"H2121221080","idx":374,"name":"Riu Bergantes (Morella)","river":"Riu Bergantes","town":"Morella","kind":"hybas","area_km2":135.2,"up_area_km2":928.7,"next":"H2121220110","terminal_unit":"H2121220110","terminal":"outside","drains_to_sea":false,"n_upstream":6,"outlet":[-0.1771,40.7062],"outlet_how":"hydrorivers","label":[-0.1079,40.624],"source":"HydroBASINS v1c level 12"},"geometry":{"type":"Polygon","coordinates":[[[-0.065,40.669],[-0.066,40.665],[-0.07,40.66],[-0.07,40.655],[-0.067,40.651],[-0.067,40.646],[-0.065,40.645],[-0.061,40.637],[-0.059,40.637],[-0.055,40.632],[-0.055,40.627],[-0.049,40.625],[-0.048,40.623],[-0.039,40.621],[-0.037,40.618],[-0.029,40.616],[-0.029,40.612],[-0.032,40.611],[-0.032,40.607],[-0.018,40.6],[-0.015,40.594],[-0.009,40.589],[-0.005,40.588],[-0.001,40.584],[-0.002,40.58],[-0.007,40.58],[-0.008,40.578],[-0.015,40.577],[-0.031,40.577],[-0.033,40.568],[-0.035,40.567],[-0.035,40.554],[-0.038,40.549],[-0.044,40.545],[-0.045,40.541],[-0.053,40.539],[-0.054,40.54],[-0.054,40.55],[-0.054,40.573],[-0.05,40.577],[-0.05,40.581],[-0.046,40.586],[-0.051,40.591],[-0.067,40.591],[-0.067,40.592],[-0.094,40.592],[-0.097,40.595],[-0.105,40.596],[-0.132,40.596],[-0.134,40.599],[-0.141,40.601],[-0.143,40.604],[-0.15,40.604],[-0.154,40.606],[-0.154,40.61],[-0.16,40.615],[-0.169,40.626],[-0.172,40.628],[-0.18,40.637],[-0.186,40.638],[-0.189,40.641],[-0.195,40.641],[-0.199,40.638],[-0.2,40.642],[-0.204,40.642],[-0.2,40.647],[-0.201,40.658],[-0.213,40.658],[-0.22,40.659],[-0.222,40.662],[-0.228,40.663],[-0.236,40.671],[-0.24,40.671],[-0.245,40.675],[-0.246,40.681],[-0.25,40.687],[-0.245,40.691],[-0.237,40.692],[-0.23,40.692],[-0.227,40.696],[-0.206,40.696],[-0.199,40.704],[-0.194,40.704],[-0.19,40.708],[-0.179,40.708],[-0.179,40.704],[-0.176,40.704],[-0.165,40.692],[-0.155,40.692],[-0.151,40.691],[-0.146,40.686],[-0.146,40.681],[-0.14,40.675],[-0.127,40.675],[-0.124,40.679],[-0.114,40.679],[-0.111,40.675],[-0.097,40.675],[-0.094,40.671],[-0.085,40.671],[-0.082,40.675],[-0.071,40.675],[-0.069,40.671],[-0.065,40.669]]]}},{"type":"Feature","properties":{"id":"HG216080908","idx":375,"name":"Río Segura — tramo 1 de 6","river":"Río Segura","town":null,"kind":"hybas_group","area_km2":278.2,"up_area_km2":278.2,"next":"HG216080907","terminal_unit":"H2120684020","terminal":"sea","drains_to_sea":true,"n_upstream":0,"outlet":[-2.4521,38.2187],"outlet_how":"hydrorivers","label":[-2.6094,38.1575],"source":"HydroBASINS v1c level 12, grouped at Pfafstetter level 9"},"geometry":{"type":"Polygon","coordinates":[[[-2.583,38.3],[-2.583,38.297],[-2.577,38.296],[-2.573,38.3],[-2.569,38.3],[-2.561,38.292],[-2.554,38.291],[-2.551,38.287],[-2.55,38.281],[-2.547,38.279],[-2.546,38.274],[-2.542,38.271],[-2.542,38.267],[-2.539,38.267],[-2.534,38.272],[-2.533,38.275],[-2.524,38.275],[-2.518,38.28],[-2.51,38.279],[-2.507,38.275],[-2.5,38.269],[-2.499,38.263],[-2.493,38.262],[-2.488,38.256],[-2.481,38.25],[-2.473,38.25],[-2.471,38.248],[-2.47,38.242],[-2.463,38.241],[-2.455,38.232],[-2.454,38.227],[-2.454,38.217],[-2.454,38.212],[-2.458,38.212],[-2.459,38.205],[-2.463,38.201],[-2.467,38.2],[-2.504,38.2],[-2.508,38.199],[-2.51,38.196],[-2.52,38.195],[-2.521,38.189],[-2.525,38.184],[-2.532,38.183],[-2.537,38.178],[-2.538,38.164],[-2.548,38.155],[-2.548,38.153],[-2.555,38.146],[-2.57,38.146],[-2.581,38.138],[-2.59,38.137],[-2.593,38.134],[-2.598,38.133],[-2.601,38.137],[-2.608,38.137],[-2.609,38.13],[-2.615,38.125],[-2.623,38.125],[-2.629,38.118],[-2.625,38.114],[-2.625,38.103],[-2.627,38.1],[-2.633,38.099],[-2.635,38.096],[-2.646,38.095],[-2.65,38.089],[-2.65,38.082],[-2.655,38.079],[-2.665,38.079],[-2.667,38.074],[-2.667,38.068],[-2.674,38.062],[-2.676,38.054],[-2.686,38.046],[-2.689,38.042],[-2.695,38.041],[-2.697,38.038],[-2.707,38.037],[-2.717,38.026],[-2.723,38.022],[-2.733,38.017],[-2.733,38.037],[-2.726,38.038],[-2.725,38.04],[-2.725,38.051],[-2.723,38.054],[-2.718,38.055],[-2.709,38.063],[-2.708,38.073],[-2.712,38.076],[-2.713,38.085],[-2.71,38.087],[-2.704,38.102],[-2.7,38.107],[-2.7,38.122],[-2.698,38.126],[-2.694,38.129],[-2.69,38.129],[-2.684,38.134],[-2.683,38.14],[-2.679,38.145],[-2.679,38.152],[-2.671,38.16],[-2.671,38.171],[-2.667,38.172],[-2.666,38.183],[-2.658,38.184],[-2.662,38.188],[-2.666,38.195],[-2.663,38.197],[-2.662,38.207],[-2.658,38.212],[-2.651,38.213],[-2.65,38.216],[-2.65,38.234],[-2.654,38.239],[-2.655,38.245],[-2.658,38.246],[-2.656,38.25],[-2.644,38.25],[-2.636,38.258],[-2.629,38.259],[-2.625,38.265],[-2.625,38.269],[-2.622,38.273],[-2.611,38.279],[-2.6,38.289],[-2.594,38.296],[-2.589,38.3],[-2.583,38.3]]]}},{"type":"Feature","properties":{"id":"HG216080909","idx":376,"name":"Río Zumeta","river":"Río Zumeta","town":null,"kind":"hybas_group","area_km2":353.2,"up_area_km2":353.2,"next":"HG216080907","terminal_unit":"H2120684020","terminal":"sea","drains_to_sea":true,"n_upstream":0,"outlet":[-2.4521,38.2187],"outlet_how":"hydrorivers","label":[-2.5734,38.0975],"source":"HydroBASINS v1c level 12, grouped at Pfafstetter level 9"},"geometry":{"type":"Polygon","coordinates":[[[-2.387,38.238],[-2.38,38.237],[-2.375,38.23],[-2.375,38.22],[-2.374,38.217],[-2.362,38.216],[-2.363,38.21],[-2.37,38.203],[-2.371,38.194],[-2.375,38.188],[-2.375,38.177],[-2.377,38.175],[-2.387,38.174],[-2.388,38.167],[-2.393,38.163],[-2.403,38.162],[-2.405,38.159],[-2.411,38.158],[-2.422,38.146],[-2.428,38.142],[-2.431,38.138],[-2.437,38.135],[-2.442,38.135],[-2.444,38.138],[-2.453,38.137],[-2.455,38.134],[-2.461,38.133],[-2.463,38.13],[-2.469,38.129],[-2.473,38.125],[-2.481,38.125],[-2.484,38.121],[-2.49,38.117],[-2.497,38.109],[-2.503,38.108],[-2.509,38.101],[-2.52,38.091],[-2.521,38.085],[-2.511,38.075],[-2.506,38.075],[-2.501,38.079],[-2.494,38.071],[-2.481,38.071],[-2.478,38.075],[-2.468,38.075],[-2.465,38.079],[-2.454,38.079],[-2.458,38.073],[-2.459,38.063],[-2.465,38.062],[-2.467,38.059],[-2.474,38.054],[-2.479,38.053],[-2.479,38.049],[-2.488,38.037],[-2.495,38.037],[-2.496,38.033],[-2.511,38.033],[-2.514,38.029],[-2.519,38.029],[-2.522,38.025],[-2.532,38.025],[-2.539,38.017],[-2.55,38.017],[-2.55,38.019],[-2.556,38.021],[-2.56,38.017],[-2.566,38.016],[-2.568,38.013],[-2.578,38.013],[-2.58,38.016],[-2.589,38.017],[-2.593,38.013],[-2.599,38.012],[-2.608,38.003],[-2.61,37.996],[-2.616,37.995],[-2.617,37.988],[-2.628,37.987],[-2.63,37.984],[-2.64,37.983],[-2.648,37.974],[-2.654,37.97],[-2.656,37.967],[-2.662,37.967],[-2.668,37.963],[-2.674,37.962],[-2.679,37.959],[-2.683,37.964],[-2.684,37.97],[-2.688,37.971],[-2.688,37.974],[-2.694,37.975],[-2.697,37.979],[-2.706,37.979],[-2.71,37.983],[-2.719,37.984],[-2.729,37.993],[-2.729,38.003],[-2.73,38.008],[-2.742,38.009],[-2.738,38.017],[-2.733,38.017],[-2.723,38.022],[-2.717,38.026],[-2.707,38.037],[-2.697,38.038],[-2.695,38.041],[-2.689,38.042],[-2.686,38.046],[-2.676,38.054],[-2.674,38.062],[-2.667,38.068],[-2.667,38.074],[-2.665,38.079],[-2.655,38.079],[-2.65,38.082],[-2.65,38.089],[-2.646,38.095],[-2.635,38.096],[-2.633,38.099],[-2.627,38.1],[-2.625,38.103],[-2.625,38.114],[-2.629,38.118],[-2.623,38.125],[-2.615,38.125],[-2.609,38.13],[-2.608,38.137],[-2.601,38.137],[-2.598,38.133],[-2.593,38.134],[-2.59,38.137],[-2.581,38.138],[-2.57,38.146],[-2.555,38.146],[-2.548,38.153],[-2.548,38.155],[-2.538,38.164],[-2.537,38.178],[-2.532,38.183],[-2.525,38.184],[-2.521,38.189],[-2.52,38.195],[-2.51,38.196],[-2.508,38.199],[-2.504,38.2],[-2.467,38.2],[-2.463,38.201],[-2.459,38.205],[-2.458,38.212],[-2.454,38.212],[-2.454,38.217],[-2.45,38.216],[-2.439,38.216],[-2.435,38.212],[-2.426,38.213],[-2.424,38.216],[-2.419,38.217],[-2.409,38.217],[-2.408,38.224],[-2.402,38.225],[-2.396,38.232],[-2.394,38.232],[-2.39,38.237],[-2.387,38.238]]]}},{"type":"Feature","properties":{"id":"H2120017700","idx":377,"name":"Cuenca sin nombre (Torrevieja)","river":null,"town":"Torrevieja","kind":"hybas","area_km2":55.3,"up_area_km2":55.3,"next":null,"terminal_unit":"H2120017700","terminal":"sea","drains_to_sea":true,"n_upstream":0,"outlet":[-0.6521,38.0271],"outlet_how":"hydrorivers","label":[-0.6945,38.04],"source":"HydroBASINS v1c level 12"},"geometry":{"type":"Polygon","coordinates":[[[-0.642,38.108],[-0.642,38.093],[-0.645,38.091],[-0.646,38.085],[-0.646,38.064],[-0.648,38.063],[-0.649,38.054],[-0.649,38.044],[-0.65,38.044],[-0.65,38.013],[-0.649,38.009],[-0.646,38.007],[-0.646,37.998],[-0.65,37.994],[-0.651,37.988],[-0.654,37.986],[-0.654,37.982],[-0.657,37.979],[-0.661,37.979],[-0.663,37.976],[-0.669,37.975],[-0.673,37.971],[-0.687,37.971],[-0.687,37.982],[-0.683,37.987],[-0.672,37.988],[-0.671,37.993],[-0.666,37.999],[-0.667,38.008],[-0.677,38.008],[-0.682,38.009],[-0.687,38.015],[-0.693,38.02],[-0.698,38.021],[-0.702,38.025],[-0.708,38.026],[-0.71,38.029],[-0.717,38.029],[-0.723,38.033],[-0.725,38.036],[-0.731,38.038],[-0.736,38.038],[-0.742,38.042],[-0.741,38.045],[-0.729,38.056],[-0.729,38.061],[-0.718,38.071],[-0.697,38.071],[-0.694,38.075],[-0.678,38.075],[-0.671,38.072],[-0.668,38.075],[-0.658,38.076],[-0.654,38.084],[-0.654,38.094],[-0.65,38.099],[-0.649,38.108],[-0.642,38.108]]]}},{"type":"Feature","properties":{"id":"H2120017710","idx":378,"name":"Barranco Fayona (San Miguel de Salinas)","river":"Barranco Fayona","town":"San Miguel de Salinas","kind":"hybas","area_km2":123.0,"up_area_km2":123.0,"next":null,"terminal_unit":"H2120017710","terminal":"sea","drains_to_sea":true,"n_upstream":0,"outlet":[-0.6896,37.9729],"outlet_how":"hydrorivers","label":[-0.7488,37.996],"source":"HydroBASINS v1c level 12"},"geometry":{"type":"Polygon","coordinates":[[[-0.742,38.042],[-0.736,38.038],[-0.731,38.038],[-0.725,38.036],[-0.723,38.033],[-0.717,38.029],[-0.71,38.029],[-0.708,38.026],[-0.702,38.025],[-0.698,38.021],[-0.693,38.02],[-0.687,38.015],[-0.682,38.009],[-0.677,38.008],[-0.667,38.008],[-0.666,37.999],[-0.671,37.993],[-0.672,37.988],[-0.683,37.987],[-0.687,37.982],[-0.687,37.971],[-0.688,37.971],[-0.694,37.975],[-0.702,37.975],[-0.704,37.97],[-0.708,37.965],[-0.709,37.955],[-0.715,37.954],[-0.719,37.95],[-0.727,37.95],[-0.733,37.953],[-0.739,37.946],[-0.743,37.946],[-0.747,37.942],[-0.76,37.941],[-0.763,37.945],[-0.767,37.946],[-0.777,37.946],[-0.782,37.943],[-0.786,37.946],[-0.79,37.946],[-0.798,37.954],[-0.805,37.954],[-0.811,37.958],[-0.814,37.962],[-0.817,37.962],[-0.822,37.966],[-0.833,37.967],[-0.833,37.971],[-0.838,37.972],[-0.837,37.978],[-0.833,37.979],[-0.833,37.986],[-0.829,37.99],[-0.829,38.003],[-0.83,38.007],[-0.838,38.015],[-0.837,38.024],[-0.83,38.03],[-0.829,38.036],[-0.822,38.038],[-0.816,38.045],[-0.813,38.045],[-0.81,38.041],[-0.802,38.042],[-0.798,38.046],[-0.771,38.046],[-0.763,38.045],[-0.761,38.042],[-0.742,38.042]]]}},{"type":"Feature","properties":{"id":"H2120017720","idx":379,"name":"Río Seco (San Javier)","river":"Río Seco","town":"San Javier","kind":"hybas","area_km2":323.2,"up_area_km2":323.2,"next":null,"terminal_unit":"H2120017720","terminal":"sea","drains_to_sea":true,"n_upstream":0,"outlet":[-0.8021,37.7937],"outlet_how":"hydrorivers","label":[-0.844,37.8535],"source":"HydroBASINS v1c level 12"},"geometry":{"type":"Polygon","coordinates":[[[-0.833,37.967],[-0.822,37.966],[-0.817,37.962],[-0.814,37.962],[-0.811,37.958],[-0.805,37.954],[-0.798,37.954],[-0.79,37.946],[-0.786,37.946],[-0.782,37.943],[-0.777,37.946],[-0.767,37.946],[-0.763,37.945],[-0.76,37.941],[-0.747,37.942],[-0.743,37.946],[-0.739,37.946],[-0.733,37.953],[-0.727,37.95],[-0.719,37.95],[-0.715,37.954],[-0.709,37.955],[-0.708,37.965],[-0.704,37.97],[-0.702,37.975],[-0.694,37.975],[-0.688,37.971],[-0.688,37.968],[-0.697,37.965],[-0.7,37.958],[-0.7,37.946],[-0.701,37.942],[-0.705,37.942],[-0.708,37.939],[-0.716,37.937],[-0.716,37.926],[-0.717,37.926],[-0.717,37.909],[-0.725,37.908],[-0.737,37.908],[-0.741,37.902],[-0.749,37.895],[-0.75,37.891],[-0.75,37.875],[-0.754,37.869],[-0.754,37.866],[-0.759,37.859],[-0.759,37.848],[-0.758,37.848],[-0.758,37.831],[-0.749,37.821],[-0.754,37.815],[-0.754,37.81],[-0.75,37.805],[-0.75,37.799],[-0.746,37.794],[-0.748,37.787],[-0.758,37.788],[-0.762,37.793],[-0.762,37.799],[-0.758,37.8],[-0.759,37.807],[-0.766,37.818],[-0.767,37.831],[-0.77,37.834],[-0.771,37.828],[-0.771,37.818],[-0.776,37.817],[-0.781,37.813],[-0.79,37.812],[-0.795,37.808],[-0.796,37.802],[-0.8,37.797],[-0.8,37.79],[-0.796,37.786],[-0.797,37.78],[-0.8,37.778],[-0.808,37.768],[-0.817,37.76],[-0.831,37.754],[-0.836,37.75],[-0.841,37.749],[-0.845,37.746],[-0.846,37.742],[-0.854,37.742],[-0.855,37.749],[-0.86,37.75],[-0.867,37.756],[-0.872,37.762],[-0.878,37.763],[-0.88,37.766],[-0.886,37.767],[-0.894,37.775],[-0.901,37.775],[-0.904,37.777],[-0.904,37.787],[-0.905,37.791],[-0.908,37.793],[-0.909,37.803],[-0.916,37.805],[-0.917,37.819],[-0.925,37.827],[-0.926,37.833],[-0.929,37.835],[-0.929,37.861],[-0.93,37.87],[-0.936,37.875],[-0.938,37.882],[-0.945,37.889],[-0.945,37.904],[-0.946,37.904],[-0.946,37.921],[-0.946,37.923],[-0.935,37.933],[-0.932,37.937],[-0.926,37.938],[-0.924,37.941],[-0.914,37.942],[-0.911,37.946],[-0.901,37.946],[-0.898,37.95],[-0.893,37.95],[-0.89,37.954],[-0.887,37.954],[-0.862,37.954],[-0.857,37.958],[-0.847,37.958],[-0.843,37.959],[-0.837,37.966],[-0.833,37.967]]]}},{"type":"Feature","properties":{"id":"H2120628600","idx":380,"name":"Río Bordón (Bordón)","river":"Río Bordón","town":"Bordón","kind":"hybas","area_km2":177.1,"up_area_km2":177.1,"next":null,"terminal_unit":"H2120628600","terminal":"outside","drains_to_sea":false,"n_upstream":0,"outlet":[-0.3229,40.7604],"outlet_how":"hydrorivers","label":[-0.3503,40.674],"source":"HydroBASINS v1c level 12"},"geometry":{"type":"Polygon","coordinates":[[[-0.237,40.725],[-0.237,40.692],[-0.245,40.691],[-0.25,40.687],[-0.257,40.687],[-0.263,40.683],[-0.269,40.683],[-0.274,40.679],[-0.279,40.678],[-0.281,40.671],[-0.285,40.671],[-0.289,40.667],[-0.295,40.666],[-0.297,40.663],[-0.304,40.661],[-0.305,40.655],[-0.315,40.654],[-0.323,40.646],[-0.329,40.644],[-0.329,40.642],[-0.333,40.641],[-0.345,40.641],[-0.351,40.634],[-0.357,40.633],[-0.359,40.626],[-0.362,40.622],[-0.368,40.621],[-0.372,40.617],[-0.38,40.616],[-0.384,40.62],[-0.391,40.616],[-0.392,40.609],[-0.403,40.608],[-0.407,40.604],[-0.411,40.604],[-0.419,40.596],[-0.425,40.596],[-0.429,40.593],[-0.434,40.592],[-0.439,40.588],[-0.445,40.587],[-0.446,40.584],[-0.449,40.584],[-0.459,40.595],[-0.462,40.596],[-0.464,40.604],[-0.47,40.605],[-0.472,40.608],[-0.476,40.608],[-0.487,40.617],[-0.495,40.617],[-0.496,40.622],[-0.496,40.635],[-0.492,40.64],[-0.495,40.643],[-0.486,40.654],[-0.482,40.654],[-0.474,40.662],[-0.464,40.663],[-0.459,40.667],[-0.458,40.659],[-0.452,40.658],[-0.449,40.662],[-0.439,40.663],[-0.438,40.665],[-0.431,40.667],[-0.428,40.67],[-0.423,40.671],[-0.418,40.677],[-0.413,40.68],[-0.399,40.695],[-0.393,40.696],[-0.389,40.7],[-0.384,40.701],[-0.382,40.704],[-0.368,40.704],[-0.363,40.705],[-0.361,40.708],[-0.348,40.708],[-0.34,40.709],[-0.337,40.705],[-0.331,40.704],[-0.321,40.715],[-0.325,40.719],[-0.325,40.727],[-0.317,40.735],[-0.316,40.743],[-0.32,40.747],[-0.321,40.754],[-0.325,40.756],[-0.323,40.759],[-0.318,40.759],[-0.307,40.766],[-0.303,40.763],[-0.285,40.762],[-0.281,40.757],[-0.276,40.754],[-0.273,40.75],[-0.265,40.75],[-0.261,40.746],[-0.257,40.746],[-0.254,40.743],[-0.254,40.739],[-0.251,40.737],[-0.248,40.728],[-0.243,40.725],[-0.237,40.725]]]}},{"type":"Feature","properties":{"id":"H2120630990","idx":381,"name":"Riu de Calders (Cinctorres)","river":"Riu de Calders","town":"Cinctorres","kind":"hybas","area_km2":80.4,"up_area_km2":502.4,"next":"H2121221080","terminal_unit":"H2121220110","terminal":"outside","drains_to_sea":false,"n_upstream":3,"outlet":[-0.1979,40.6437],"outlet_how":"hydrorivers","label":[-0.1875,40.5965],"source":"HydroBASINS v1c level 12"},"geometry":{"type":"Polygon","coordinates":[[[-0.204,40.642],[-0.2,40.642],[-0.199,40.638],[-0.195,40.641],[-0.189,40.641],[-0.186,40.638],[-0.18,40.637],[-0.172,40.628],[-0.169,40.626],[-0.16,40.615],[-0.154,40.61],[-0.154,40.606],[-0.15,40.604],[-0.143,40.604],[-0.141,40.601],[-0.134,40.599],[-0.132,40.596],[-0.105,40.596],[-0.097,40.595],[-0.094,40.592],[-0.067,40.592],[-0.067,40.591],[-0.051,40.591],[-0.046,40.586],[-0.05,40.581],[-0.05,40.577],[-0.054,40.573],[-0.054,40.55],[-0.058,40.551],[-0.059,40.566],[-0.069,40.567],[-0.078,40.575],[-0.085,40.575],[-0.089,40.571],[-0.106,40.571],[-0.111,40.57],[-0.114,40.567],[-0.12,40.566],[-0.122,40.563],[-0.128,40.562],[-0.132,40.558],[-0.14,40.562],[-0.143,40.566],[-0.157,40.567],[-0.159,40.57],[-0.164,40.567],[-0.178,40.566],[-0.182,40.563],[-0.183,40.558],[-0.189,40.558],[-0.197,40.566],[-0.202,40.567],[-0.215,40.567],[-0.219,40.571],[-0.227,40.571],[-0.234,40.563],[-0.25,40.563],[-0.25,40.572],[-0.246,40.577],[-0.246,40.59],[-0.245,40.595],[-0.242,40.597],[-0.241,40.604],[-0.236,40.608],[-0.23,40.609],[-0.229,40.615],[-0.225,40.619],[-0.225,40.623],[-0.221,40.627],[-0.22,40.633],[-0.213,40.638],[-0.208,40.639],[-0.204,40.642]]]}},{"type":"Feature","properties":{"id":"H2120630860","idx":382,"name":"Riu de Cantavella (la Mata de Morella)","river":"Riu de Cantavella","town":"la Mata de Morella","kind":"hybas","area_km2":72.6,"up_area_km2":291.1,"next":"H2121221080","terminal_unit":"H2121220110","terminal":"outside","drains_to_sea":false,"n_upstream":1,"outlet":[-0.1979,40.6437],"outlet_how":"hydrorivers","label":[-0.2552,40.617],"source":"HydroBASINS v1c level 12"},"geometry":{"type":"Polygon","coordinates":[[[-0.25,40.687],[-0.246,40.681],[-0.245,40.675],[-0.24,40.671],[-0.236,40.671],[-0.228,40.663],[-0.222,40.662],[-0.22,40.659],[-0.213,40.658],[-0.201,40.658],[-0.2,40.647],[-0.204,40.642],[-0.208,40.639],[-0.213,40.638],[-0.22,40.633],[-0.221,40.627],[-0.225,40.623],[-0.225,40.619],[-0.229,40.615],[-0.23,40.609],[-0.236,40.608],[-0.241,40.604],[-0.242,40.597],[-0.245,40.595],[-0.246,40.59],[-0.246,40.577],[-0.25,40.572],[-0.25,40.563],[-0.25,40.557],[-0.253,40.554],[-0.255,40.546],[-0.271,40.546],[-0.271,40.553],[-0.275,40.556],[-0.275,40.565],[-0.279,40.568],[-0.279,40.606],[-0.283,40.61],[-0.284,40.624],[-0.287,40.625],[-0.3,40.625],[-0.306,40.629],[-0.316,40.63],[-0.318,40.633],[-0.324,40.634],[-0.328,40.637],[-0.329,40.642],[-0.329,40.644],[-0.323,40.646],[-0.315,40.654],[-0.305,40.655],[-0.304,40.661],[-0.297,40.663],[-0.295,40.666],[-0.289,40.667],[-0.285,40.671],[-0.281,40.671],[-0.279,40.678],[-0.274,40.679],[-0.269,40.683],[-0.263,40.683],[-0.257,40.687],[-0.25,40.687]]]}},{"type":"Feature","properties":{"id":"H2121222060","idx":383,"name":"Río Cantavieja (Cantavieja)","river":"Río Cantavieja","town":"Cantavieja","kind":"hybas","area_km2":218.5,"up_area_km2":218.5,"next":"H2120630860","terminal_unit":"H2121220110","terminal":"outside","drains_to_sea":false,"n_upstream":0,"outlet":[-0.2854,40.6146],"outlet_how":"hydrorivers","label":[-0.3748,40.557],"source":"HydroBASINS v1c level 12"},"geometry":{"type":"Polygon","coordinates":[[[-0.446,40.584],[-0.445,40.587],[-0.439,40.588],[-0.434,40.592],[-0.429,40.593],[-0.425,40.596],[-0.419,40.596],[-0.411,40.604],[-0.407,40.604],[-0.403,40.608],[-0.392,40.609],[-0.391,40.616],[-0.384,40.62],[-0.38,40.616],[-0.372,40.617],[-0.368,40.621],[-0.362,40.622],[-0.359,40.626],[-0.357,40.633],[-0.351,40.634],[-0.345,40.641],[-0.333,40.641],[-0.329,40.642],[-0.328,40.637],[-0.324,40.634],[-0.318,40.633],[-0.316,40.63],[-0.306,40.629],[-0.3,40.625],[-0.287,40.625],[-0.284,40.624],[-0.283,40.61],[-0.279,40.606],[-0.279,40.568],[-0.275,40.565],[-0.275,40.556],[-0.271,40.553],[-0.271,40.546],[-0.275,40.544],[-0.275,40.54],[-0.283,40.532],[-0.279,40.527],[-0.279,40.523],[-0.283,40.519],[-0.283,40.513],[-0.285,40.508],[-0.29,40.504],[-0.294,40.504],[-0.299,40.5],[-0.318,40.5],[-0.326,40.494],[-0.329,40.49],[-0.33,40.484],[-0.333,40.482],[-0.334,40.476],[-0.34,40.471],[-0.344,40.475],[-0.352,40.475],[-0.356,40.479],[-0.378,40.479],[-0.384,40.48],[-0.388,40.476],[-0.392,40.475],[-0.396,40.478],[-0.397,40.483],[-0.405,40.491],[-0.414,40.492],[-0.42,40.487],[-0.424,40.488],[-0.427,40.492],[-0.433,40.496],[-0.44,40.496],[-0.442,40.499],[-0.446,40.5],[-0.448,40.5],[-0.455,40.508],[-0.459,40.508],[-0.466,40.513],[-0.467,40.52],[-0.487,40.539],[-0.487,40.545],[-0.479,40.552],[-0.476,40.556],[-0.467,40.562],[-0.467,40.558],[-0.455,40.559],[-0.453,40.562],[-0.441,40.563],[-0.445,40.568],[-0.446,40.584]]]}},{"type":"Feature","properties":{"id":"H2120632160","idx":384,"name":"Rambla de la Canada d'Ares","river":"Rambla de la Canada d'Ares","town":null,"kind":"hybas","area_km2":131.0,"up_area_km2":131.0,"next":"H2120630990","terminal_unit":"H2121220110","terminal":"outside","drains_to_sea":false,"n_upstream":0,"outlet":[-0.1854,40.5604],"outlet_how":"hydrorivers","label":[-0.1136,40.5115],"source":"HydroBASINS v1c level 12"},"geometry":{"type":"Polygon","coordinates":[[[-0.053,40.539],[-0.054,40.537],[-0.061,40.534],[-0.068,40.534],[-0.068,40.529],[-0.07,40.529],[-0.071,40.52],[-0.066,40.52],[-0.065,40.515],[-0.059,40.513],[-0.054,40.513],[-0.052,40.505],[-0.047,40.499],[-0.048,40.491],[-0.053,40.485],[-0.054,40.479],[-0.06,40.476],[-0.061,40.469],[-0.065,40.465],[-0.065,40.459],[-0.069,40.452],[-0.072,40.452],[-0.076,40.446],[-0.082,40.446],[-0.082,40.449],[-0.087,40.454],[-0.09,40.454],[-0.092,40.458],[-0.103,40.466],[-0.118,40.465],[-0.126,40.469],[-0.13,40.468],[-0.132,40.464],[-0.141,40.456],[-0.145,40.456],[-0.152,40.451],[-0.154,40.449],[-0.167,40.449],[-0.172,40.454],[-0.176,40.455],[-0.182,40.46],[-0.19,40.46],[-0.194,40.458],[-0.203,40.459],[-0.204,40.469],[-0.2,40.473],[-0.2,40.477],[-0.196,40.481],[-0.195,40.487],[-0.189,40.488],[-0.188,40.49],[-0.181,40.492],[-0.176,40.496],[-0.175,40.499],[-0.175,40.51],[-0.171,40.514],[-0.171,40.519],[-0.174,40.521],[-0.178,40.527],[-0.183,40.531],[-0.184,40.535],[-0.18,40.538],[-0.179,40.547],[-0.179,40.558],[-0.183,40.558],[-0.182,40.563],[-0.178,40.566],[-0.164,40.567],[-0.159,40.57],[-0.157,40.567],[-0.143,40.566],[-0.14,40.562],[-0.132,40.558],[-0.128,40.562],[-0.122,40.563],[-0.12,40.566],[-0.114,40.567],[-0.111,40.57],[-0.106,40.571],[-0.089,40.571],[-0.085,40.575],[-0.078,40.575],[-0.069,40.567],[-0.059,40.566],[-0.058,40.551],[-0.054,40.55],[-0.054,40.54],[-0.053,40.539]]]}},{"type":"Feature","properties":{"id":"H2120632280","idx":385,"name":"Rambla de Sellumbres (La Iglesuela del Cid)","river":"Rambla de Sellumbres","town":"La Iglesuela del Cid","kind":"hybas","area_km2":144.2,"up_area_km2":291.0,"next":"H2120630990","terminal_unit":"H2121220110","terminal":"outside","drains_to_sea":false,"n_upstream":1,"outlet":[-0.1854,40.5604],"outlet_how":"hydrorivers","label":[-0.251,40.495],"source":"HydroBASINS v1c level 12"},"geometry":{"type":"Polygon","coordinates":[[[-0.333,40.421],[-0.333,40.424],[-0.325,40.431],[-0.325,40.436],[-0.321,40.44],[-0.324,40.442],[-0.331,40.45],[-0.343,40.45],[-0.348,40.454],[-0.361,40.454],[-0.366,40.455],[-0.368,40.458],[-0.372,40.459],[-0.377,40.454],[-0.387,40.455],[-0.388,40.465],[-0.391,40.468],[-0.392,40.475],[-0.388,40.476],[-0.384,40.48],[-0.378,40.479],[-0.356,40.479],[-0.352,40.475],[-0.344,40.475],[-0.34,40.471],[-0.334,40.476],[-0.333,40.482],[-0.33,40.484],[-0.329,40.49],[-0.326,40.494],[-0.318,40.5],[-0.299,40.5],[-0.294,40.504],[-0.29,40.504],[-0.285,40.508],[-0.283,40.513],[-0.283,40.519],[-0.279,40.523],[-0.279,40.527],[-0.283,40.532],[-0.275,40.54],[-0.275,40.544],[-0.271,40.546],[-0.255,40.546],[-0.253,40.554],[-0.25,40.557],[-0.25,40.563],[-0.234,40.563],[-0.227,40.571],[-0.219,40.571],[-0.215,40.567],[-0.202,40.567],[-0.197,40.566],[-0.189,40.558],[-0.183,40.558],[-0.179,40.558],[-0.179,40.547],[-0.18,40.538],[-0.184,40.535],[-0.183,40.531],[-0.178,40.527],[-0.174,40.521],[-0.171,40.519],[-0.171,40.514],[-0.175,40.51],[-0.175,40.499],[-0.176,40.496],[-0.181,40.492],[-0.188,40.49],[-0.189,40.488],[-0.195,40.487],[-0.196,40.481],[-0.2,40.477],[-0.2,40.473],[-0.204,40.469],[-0.203,40.459],[-0.207,40.461],[-0.216,40.462],[-0.216,40.465],[-0.223,40.466],[-0.232,40.462],[-0.233,40.46],[-0.24,40.459],[-0.243,40.454],[-0.243,40.45],[-0.246,40.445],[-0.25,40.443],[-0.251,40.44],[-0.262,40.439],[-0.267,40.443],[-0.271,40.443],[-0.273,40.447],[-0.28,40.446],[-0.279,40.438],[-0.282,40.432],[-0.28,40.427],[-0.283,40.425],[-0.299,40.423],[-0.3,40.421],[-0.306,40.42],[-0.316,40.42],[-0.316,40.421],[-0.328,40.421],[-0.331,40.423],[-0.333,40.421]]]}},{"type":"Feature","properties":{"id":"H2121223530","idx":386,"name":"Arroyo de los Pellejeros","river":"Arroyo de los Pellejeros","town":null,"kind":"hybas","area_km2":146.8,"up_area_km2":146.8,"next":"H2120632280","terminal_unit":"H2121220110","terminal":"outside","drains_to_sea":false,"n_upstream":0,"outlet":[-0.3979,40.4229],"outlet_how":"hydrorivers","label":[-0.41,40.4225],"source":"HydroBASINS v1c level 12"},"geometry":{"type":"Polygon","coordinates":[[[-0.333,40.421],[-0.337,40.42],[-0.337,40.417],[-0.345,40.416],[-0.348,40.413],[-0.353,40.412],[-0.359,40.405],[-0.365,40.4],[-0.369,40.4],[-0.374,40.394],[-0.376,40.388],[-0.39,40.387],[-0.393,40.384],[-0.402,40.383],[-0.404,40.386],[-0.408,40.387],[-0.409,40.382],[-0.415,40.375],[-0.427,40.375],[-0.431,40.371],[-0.444,40.371],[-0.452,40.379],[-0.465,40.378],[-0.467,40.374],[-0.467,40.368],[-0.472,40.363],[-0.481,40.365],[-0.486,40.365],[-0.487,40.36],[-0.495,40.358],[-0.496,40.352],[-0.498,40.35],[-0.501,40.346],[-0.509,40.346],[-0.514,40.342],[-0.529,40.342],[-0.529,40.363],[-0.533,40.363],[-0.533,40.388],[-0.518,40.388],[-0.51,40.397],[-0.505,40.4],[-0.502,40.404],[-0.495,40.404],[-0.488,40.409],[-0.488,40.421],[-0.487,40.421],[-0.487,40.432],[-0.475,40.443],[-0.472,40.447],[-0.475,40.453],[-0.475,40.469],[-0.468,40.471],[-0.463,40.475],[-0.462,40.482],[-0.45,40.493],[-0.446,40.5],[-0.442,40.499],[-0.44,40.496],[-0.433,40.496],[-0.427,40.492],[-0.424,40.488],[-0.42,40.487],[-0.414,40.492],[-0.405,40.491],[-0.397,40.483],[-0.396,40.478],[-0.392,40.475],[-0.391,40.468],[-0.388,40.465],[-0.387,40.455],[-0.377,40.454],[-0.372,40.459],[-0.368,40.458],[-0.366,40.455],[-0.361,40.454],[-0.348,40.454],[-0.343,40.45],[-0.331,40.45],[-0.324,40.442],[-0.321,40.44],[-0.325,40.436],[-0.325,40.431],[-0.333,40.424],[-0.333,40.421]]]}},{"type":"Feature","properties":{"id":"H2120674850","idx":387,"name":"Cuenca sin nombre (cerca de Yecla)","river":null,"town":null,"kind":"hybas","area_km2":85.1,"up_area_km2":85.1,"next":null,"terminal_unit":"H2120674850","terminal":"endo","drains_to_sea":false,"n_upstream":0,"outlet":[-1.0729,38.5604],"outlet_how":"hydrorivers","label":[-1.028,38.577],"source":"HydroBASINS v1c level 12"},"geometry":{"type":"Polygon","coordinates":[[[-1.01,38.5],[-1.013,38.499],[-1.015,38.5],[-1.028,38.5],[-1.04,38.513],[-1.046,38.518],[-1.056,38.529],[-1.065,38.529],[-1.068,38.525],[-1.078,38.525],[-1.081,38.521],[-1.086,38.521],[-1.089,38.517],[-1.092,38.517],[-1.091,38.523],[-1.091,38.541],[-1.085,38.542],[-1.084,38.544],[-1.077,38.546],[-1.071,38.552],[-1.071,38.556],[-1.067,38.56],[-1.067,38.582],[-1.071,38.585],[-1.071,38.594],[-1.075,38.597],[-1.075,38.603],[-1.079,38.606],[-1.079,38.611],[-1.083,38.614],[-1.083,38.626],[-1.084,38.631],[-1.078,38.637],[-1.064,38.638],[-1.055,38.647],[-1.053,38.643],[-1.059,38.638],[-1.064,38.637],[-1.063,38.632],[-1.066,38.629],[-1.066,38.613],[-1.064,38.61],[-1.053,38.61],[-1.05,38.608],[-1.044,38.608],[-1.041,38.606],[-1.033,38.606],[-1.028,38.6],[-1.018,38.6],[-1.015,38.604],[-1.01,38.604],[-1.001,38.606],[-0.995,38.61],[-0.992,38.609],[-0.991,38.605],[-0.985,38.6],[-0.973,38.603],[-0.963,38.603],[-0.961,38.601],[-0.961,38.596],[-0.969,38.592],[-0.971,38.586],[-0.986,38.585],[-0.986,38.581],[-0.989,38.581],[-0.989,38.573],[-0.987,38.568],[-0.99,38.564],[-0.99,38.552],[-0.986,38.548],[-0.986,38.542],[-0.983,38.536],[-0.989,38.53],[-0.996,38.529],[-0.999,38.525],[-1.002,38.525],[-1.005,38.521],[-1.009,38.521],[-1.013,38.516],[-1.006,38.51],[-1.005,38.506],[-1.01,38.502],[-1.01,38.5]]]}},{"type":"Feature","properties":{"id":"H2120684020","idx":388,"name":"Río Segura (Almoradí)","river":"Río Segura","town":"Almoradí","kind":"hybas","area_km2":269.5,"up_area_km2":14294.0,"next":null,"terminal_unit":"H2120684020","terminal":"sea","drains_to_sea":true,"n_upstream":57,"outlet":[-0.6438,38.1104],"outlet_how":"hydrorivers","label":[-0.831,38.0505],"source":"HydroBASINS v1c level 12","merged_names":[null]},"geometry":{"type":"Polygon","coordinates":[[[-0.707,38.132],[-0.704,38.13],[-0.694,38.128],[-0.685,38.138],[-0.684,38.141],[-0.676,38.142],[-0.675,38.144],[-0.66,38.142],[-0.658,38.14],[-0.656,38.128],[-0.65,38.126],[-0.649,38.115],[-0.641,38.113],[-0.642,38.108],[-0.649,38.108],[-0.65,38.099],[-0.654,38.094],[-0.654,38.084],[-0.658,38.076],[-0.668,38.075],[-0.671,38.072],[-0.678,38.075],[-0.694,38.075],[-0.697,38.071],[-0.718,38.071],[-0.729,38.061],[-0.729,38.056],[-0.741,38.045],[-0.742,38.042],[-0.761,38.042],[-0.763,38.045],[-0.771,38.046],[-0.798,38.046],[-0.802,38.042],[-0.81,38.041],[-0.813,38.045],[-0.816,38.045],[-0.822,38.038],[-0.829,38.036],[-0.83,38.03],[-0.837,38.024],[-0.838,38.015],[-0.83,38.007],[-0.829,38.003],[-0.829,37.99],[-0.833,37.986],[-0.833,37.979],[-0.837,37.978],[-0.838,37.972],[-0.833,37.971],[-0.833,37.967],[-0.837,37.966],[-0.843,37.959],[-0.847,37.958],[-0.857,37.958],[-0.862,37.954],[-0.887,37.954],[-0.885,37.958],[-0.885,37.963],[-0.887,37.964],[-0.888,37.973],[-0.888,37.983],[-0.908,37.983],[-0.908,37.984],[-0.919,37.984],[-0.924,37.988],[-0.925,37.996],[-0.925,38.017],[-0.922,38.022],[-0.917,38.026],[-0.923,38.034],[-0.929,38.039],[-0.929,38.049],[-0.925,38.052],[-0.925,38.069],[-0.929,38.072],[-0.925,38.077],[-0.925,38.083],[-0.921,38.083],[-0.921,38.088],[-0.913,38.093],[-0.912,38.106],[-0.917,38.111],[-0.917,38.115],[-0.925,38.122],[-0.925,38.128],[-0.921,38.133],[-0.918,38.133],[-0.915,38.129],[-0.91,38.129],[-0.907,38.125],[-0.896,38.125],[-0.895,38.121],[-0.884,38.121],[-0.88,38.12],[-0.876,38.116],[-0.866,38.116],[-0.866,38.117],[-0.847,38.117],[-0.839,38.125],[-0.832,38.125],[-0.826,38.13],[-0.817,38.129],[-0.781,38.129],[-0.777,38.125],[-0.774,38.125],[-0.77,38.129],[-0.755,38.129],[-0.749,38.13],[-0.747,38.132],[-0.738,38.134],[-0.734,38.137],[-0.724,38.136],[-0.72,38.134],[-0.707,38.132]]]}},{"type":"Feature","properties":{"id":"H2120682940","idx":389,"name":"Barranc de Barbàsena (Callosa de Segura)","river":"Barranc de Barbàsena","town":"Callosa de Segura","kind":"hybas","area_km2":151.2,"up_area_km2":409.6,"next":"JT0302","terminal_unit":"JT0302","terminal":"sea","drains_to_sea":true,"n_upstream":2,"outlet":[-0.7063,38.1604],"outlet_how":"hydrorivers","label":[-0.7538,38.216],"source":"HydroBASINS v1c level 12"},"geometry":{"type":"Polygon","coordinates":[[[-0.825,38.29],[-0.819,38.288],[-0.818,38.29],[-0.812,38.291],[-0.808,38.296],[-0.805,38.296],[-0.792,38.304],[-0.788,38.304],[-0.781,38.308],[-0.78,38.31],[-0.768,38.314],[-0.762,38.313],[-0.754,38.305],[-0.749,38.304],[-0.74,38.295],[-0.735,38.286],[-0.735,38.28],[-0.73,38.272],[-0.728,38.264],[-0.728,38.257],[-0.726,38.252],[-0.721,38.249],[-0.72,38.24],[-0.719,38.232],[-0.719,38.217],[-0.718,38.214],[-0.714,38.212],[-0.711,38.204],[-0.711,38.193],[-0.709,38.186],[-0.709,38.174],[-0.706,38.166],[-0.705,38.158],[-0.705,38.144],[-0.706,38.144],[-0.706,38.133],[-0.707,38.132],[-0.72,38.134],[-0.724,38.136],[-0.734,38.137],[-0.738,38.134],[-0.747,38.132],[-0.749,38.13],[-0.755,38.129],[-0.77,38.129],[-0.774,38.125],[-0.777,38.125],[-0.781,38.129],[-0.817,38.129],[-0.826,38.13],[-0.832,38.125],[-0.839,38.125],[-0.847,38.117],[-0.866,38.117],[-0.866,38.116],[-0.876,38.116],[-0.88,38.12],[-0.884,38.121],[-0.895,38.121],[-0.896,38.125],[-0.892,38.126],[-0.892,38.129],[-0.889,38.129],[-0.884,38.125],[-0.869,38.125],[-0.867,38.126],[-0.866,38.133],[-0.858,38.135],[-0.853,38.141],[-0.847,38.142],[-0.841,38.149],[-0.838,38.15],[-0.816,38.15],[-0.811,38.154],[-0.807,38.154],[-0.799,38.162],[-0.789,38.163],[-0.784,38.167],[-0.78,38.167],[-0.779,38.173],[-0.775,38.178],[-0.775,38.189],[-0.779,38.195],[-0.787,38.197],[-0.788,38.215],[-0.791,38.218],[-0.792,38.223],[-0.796,38.229],[-0.796,38.236],[-0.799,38.238],[-0.8,38.244],[-0.808,38.252],[-0.808,38.258],[-0.812,38.264],[-0.813,38.274],[-0.819,38.275],[-0.821,38.282],[-0.825,38.286],[-0.825,38.29]]]}},{"type":"Feature","properties":{"id":"H2121244660","idx":390,"name":"Barranco de San Cayetano (Crevillent)","river":"Barranco de San Cayetano","town":"Crevillent","kind":"hybas","area_km2":110.9,"up_area_km2":258.5,"next":"H2120682940","terminal_unit":"JT0302","terminal":"sea","drains_to_sea":true,"n_upstream":1,"outlet":[-0.7896,38.1854],"outlet_how":"hydrorivers","label":[-0.8314,38.2105],"source":"HydroBASINS v1c level 12"},"geometry":{"type":"Polygon","coordinates":[[[-0.887,38.269],[-0.881,38.274],[-0.873,38.276],[-0.868,38.28],[-0.861,38.28],[-0.855,38.283],[-0.846,38.283],[-0.839,38.285],[-0.835,38.289],[-0.83,38.288],[-0.825,38.29],[-0.825,38.286],[-0.821,38.282],[-0.819,38.275],[-0.813,38.274],[-0.812,38.264],[-0.808,38.258],[-0.808,38.252],[-0.8,38.244],[-0.799,38.238],[-0.796,38.236],[-0.796,38.229],[-0.792,38.223],[-0.791,38.218],[-0.788,38.215],[-0.787,38.197],[-0.779,38.195],[-0.775,38.189],[-0.775,38.178],[-0.779,38.173],[-0.78,38.167],[-0.784,38.167],[-0.789,38.163],[-0.799,38.162],[-0.807,38.154],[-0.811,38.154],[-0.816,38.15],[-0.838,38.15],[-0.841,38.149],[-0.847,38.142],[-0.853,38.141],[-0.858,38.135],[-0.866,38.133],[-0.867,38.126],[-0.869,38.125],[-0.884,38.125],[-0.889,38.129],[-0.892,38.129],[-0.891,38.135],[-0.891,38.149],[-0.883,38.156],[-0.883,38.158],[-0.878,38.155],[-0.875,38.157],[-0.867,38.159],[-0.867,38.171],[-0.864,38.171],[-0.859,38.176],[-0.858,38.186],[-0.862,38.189],[-0.863,38.195],[-0.871,38.202],[-0.871,38.207],[-0.879,38.214],[-0.879,38.231],[-0.883,38.235],[-0.883,38.25],[-0.884,38.256],[-0.88,38.259],[-0.881,38.263],[-0.887,38.269]]]}},{"type":"Feature","properties":{"id":"H2121244790","idx":391,"name":"Rambla Salada (Albatera)","river":"Rambla Salada","town":"Albatera","kind":"hybas","area_km2":147.6,"up_area_km2":147.6,"next":"H2121244660","terminal_unit":"JT0302","terminal":"sea","drains_to_sea":true,"n_upstream":0,"outlet":[-0.8688,38.1687],"outlet_how":"hydrorivers","label":[-0.9441,38.1995],"source":"HydroBASINS v1c level 12"},"geometry":{"type":"Polygon","coordinates":[[[-0.947,38.262],[-0.947,38.257],[-0.944,38.255],[-0.931,38.254],[-0.93,38.25],[-0.927,38.249],[-0.925,38.254],[-0.915,38.258],[-0.909,38.264],[-0.898,38.267],[-0.897,38.265],[-0.887,38.269],[-0.881,38.263],[-0.88,38.259],[-0.884,38.256],[-0.883,38.25],[-0.883,38.235],[-0.879,38.231],[-0.879,38.214],[-0.871,38.207],[-0.871,38.202],[-0.863,38.195],[-0.862,38.189],[-0.858,38.186],[-0.859,38.176],[-0.864,38.171],[-0.867,38.171],[-0.867,38.159],[-0.875,38.157],[-0.878,38.155],[-0.883,38.158],[-0.883,38.156],[-0.891,38.149],[-0.891,38.135],[-0.892,38.129],[-0.892,38.126],[-0.896,38.125],[-0.907,38.125],[-0.91,38.129],[-0.915,38.129],[-0.918,38.133],[-0.921,38.133],[-0.926,38.137],[-0.936,38.138],[-0.939,38.141],[-0.948,38.142],[-0.951,38.145],[-0.959,38.146],[-0.986,38.146],[-1.0,38.161],[-1.0,38.168],[-1.006,38.171],[-1.012,38.176],[-1.013,38.19],[-1.02,38.197],[-1.02,38.207],[-1.021,38.207],[-1.021,38.221],[-1.01,38.221],[-1.007,38.225],[-1.002,38.225],[-0.999,38.229],[-0.994,38.229],[-0.986,38.237],[-0.98,38.238],[-0.971,38.247],[-0.971,38.252],[-0.963,38.259],[-0.96,38.263],[-0.947,38.262]]]}},{"type":"Feature","properties":{"id":"H2120684410","idx":392,"name":"Río Segura (Orihuela)","river":"Río Segura","town":"Orihuela","kind":"hybas","area_km2":59.9,"up_area_km2":13588.1,"next":"H2120684020","terminal_unit":"H2120684020","terminal":"sea","drains_to_sea":true,"n_upstream":53,"outlet":[-0.9229,38.0812],"outlet_how":"hydrorivers","label":[-0.9625,38.0595],"source":"HydroBASINS v1c level 12"},"geometry":{"type":"Polygon","coordinates":[[[-0.925,38.083],[-0.925,38.077],[-0.929,38.072],[-0.925,38.069],[-0.925,38.052],[-0.929,38.049],[-0.929,38.039],[-0.923,38.034],[-0.917,38.026],[-0.922,38.022],[-0.925,38.017],[-0.931,38.016],[-0.949,38.016],[-0.951,38.013],[-0.969,38.013],[-0.969,38.012],[-0.986,38.012],[-0.991,38.008],[-0.992,38.019],[-0.999,38.026],[-1.0,38.038],[-0.996,38.039],[-0.995,38.049],[-1.0,38.05],[-1.0,38.054],[-1.0,38.065],[-0.996,38.068],[-0.996,38.093],[-0.992,38.097],[-0.992,38.1],[-0.988,38.101],[-0.981,38.109],[-0.975,38.108],[-0.964,38.108],[-0.959,38.104],[-0.951,38.104],[-0.95,38.098],[-0.946,38.094],[-0.945,38.088],[-0.935,38.088],[-0.926,38.087],[-0.925,38.083]]]}},{"type":"Feature","properties":{"id":"H2120684310","idx":393,"name":"Río Chícamo (Abanilla)","river":"Río Chícamo","town":"Abanilla","kind":"hybas","area_km2":136.7,"up_area_km2":436.4,"next":"H2120684020","terminal_unit":"H2120684020","terminal":"sea","drains_to_sea":true,"n_upstream":2,"outlet":[-0.9229,38.0812],"outlet_how":"hydrorivers","label":[-1.0365,38.163],"source":"HydroBASINS v1c level 12"},"geometry":{"type":"Polygon","coordinates":[[[-0.921,38.133],[-0.925,38.128],[-0.925,38.122],[-0.917,38.115],[-0.917,38.111],[-0.912,38.106],[-0.913,38.093],[-0.921,38.088],[-0.921,38.083],[-0.925,38.083],[-0.926,38.087],[-0.935,38.088],[-0.945,38.088],[-0.946,38.094],[-0.95,38.098],[-0.951,38.104],[-0.959,38.104],[-0.964,38.108],[-0.975,38.108],[-0.981,38.109],[-0.988,38.101],[-0.992,38.1],[-1.0,38.1],[-1.006,38.096],[-1.016,38.096],[-1.023,38.092],[-1.033,38.092],[-1.039,38.091],[-1.043,38.096],[-1.049,38.1],[-1.056,38.1],[-1.06,38.104],[-1.071,38.105],[-1.063,38.114],[-1.063,38.124],[-1.062,38.124],[-1.062,38.135],[-1.066,38.139],[-1.067,38.152],[-1.071,38.157],[-1.071,38.161],[-1.075,38.165],[-1.075,38.173],[-1.071,38.177],[-1.07,38.184],[-1.075,38.191],[-1.086,38.192],[-1.091,38.198],[-1.098,38.204],[-1.105,38.206],[-1.106,38.208],[-1.112,38.208],[-1.118,38.211],[-1.122,38.216],[-1.132,38.217],[-1.134,38.22],[-1.139,38.217],[-1.145,38.216],[-1.146,38.227],[-1.15,38.232],[-1.15,38.241],[-1.146,38.242],[-1.137,38.241],[-1.126,38.241],[-1.123,38.237],[-1.105,38.238],[-1.102,38.242],[-1.093,38.241],[-1.091,38.238],[-1.08,38.237],[-1.075,38.232],[-1.075,38.227],[-1.066,38.218],[-1.06,38.221],[-1.05,38.221],[-1.048,38.225],[-1.04,38.225],[-1.036,38.229],[-1.031,38.225],[-1.027,38.225],[-1.021,38.221],[-1.021,38.207],[-1.02,38.207],[-1.02,38.197],[-1.013,38.19],[-1.012,38.176],[-1.006,38.171],[-1.0,38.168],[-1.0,38.161],[-0.986,38.146],[-0.959,38.146],[-0.951,38.145],[-0.948,38.142],[-0.939,38.141],[-0.936,38.138],[-0.926,38.137],[-0.921,38.133]]]}},{"type":"Feature","properties":{"id":"H2121244270","idx":394,"name":"Río Chícamo","river":"Río Chícamo","town":null,"kind":"hybas","area_km2":152.8,"up_area_km2":299.7,"next":"H2120684310","terminal_unit":"H2120684020","terminal":"sea","drains_to_sea":true,"n_upstream":1,"outlet":[-1.0563,38.2229],"outlet_how":"hydrorivers","label":[-1.0541,38.2735],"source":"HydroBASINS v1c level 12"},"geometry":{"type":"Polygon","coordinates":[[[-0.972,38.329],[-0.964,38.328],[-0.951,38.328],[-0.95,38.325],[-0.951,38.318],[-0.949,38.314],[-0.954,38.308],[-0.954,38.305],[-0.95,38.303],[-0.949,38.298],[-0.946,38.296],[-0.946,38.292],[-0.949,38.286],[-0.946,38.285],[-0.945,38.28],[-0.941,38.278],[-0.941,38.272],[-0.944,38.269],[-0.944,38.265],[-0.947,38.262],[-0.96,38.263],[-0.963,38.259],[-0.971,38.252],[-0.971,38.247],[-0.98,38.238],[-0.986,38.237],[-0.994,38.229],[-0.999,38.229],[-1.002,38.225],[-1.007,38.225],[-1.01,38.221],[-1.021,38.221],[-1.027,38.225],[-1.031,38.225],[-1.036,38.229],[-1.04,38.225],[-1.048,38.225],[-1.05,38.221],[-1.06,38.221],[-1.066,38.218],[-1.075,38.227],[-1.075,38.232],[-1.08,38.237],[-1.091,38.238],[-1.093,38.241],[-1.102,38.242],[-1.105,38.238],[-1.123,38.237],[-1.126,38.241],[-1.137,38.241],[-1.146,38.242],[-1.147,38.245],[-1.154,38.247],[-1.154,38.255],[-1.162,38.264],[-1.164,38.271],[-1.169,38.275],[-1.179,38.275],[-1.173,38.283],[-1.167,38.289],[-1.166,38.295],[-1.156,38.296],[-1.152,38.3],[-1.144,38.3],[-1.139,38.304],[-1.137,38.301],[-1.133,38.3],[-1.123,38.3],[-1.115,38.308],[-1.105,38.309],[-1.1,38.313],[-1.097,38.313],[-1.094,38.317],[-1.084,38.317],[-1.08,38.316],[-1.078,38.313],[-1.068,38.312],[-1.063,38.308],[-1.055,38.308],[-1.048,38.3],[-1.043,38.3],[-1.04,38.296],[-1.032,38.304],[-1.022,38.304],[-1.019,38.3],[-1.006,38.3],[-0.999,38.308],[-0.995,38.308],[-0.991,38.312],[-0.976,38.313],[-0.975,38.316],[-0.975,38.326],[-0.972,38.329]]]}},{"type":"Feature","properties":{"id":"H2121243550","idx":395,"name":"Rambla de les Tres Fonts (el Pinós)","river":"Rambla de les Tres Fonts","town":"el Pinós","kind":"hybas","area_km2":146.9,"up_area_km2":146.9,"next":"H2121244270","terminal_unit":"H2120684020","terminal":"sea","drains_to_sea":true,"n_upstream":0,"outlet":[-1.0021,38.3271],"outlet_how":"hydrorivers","label":[-1.025,38.378],"source":"HydroBASINS v1c level 12"},"geometry":{"type":"Polygon","coordinates":[[[-1.054,38.459],[-1.055,38.455],[-1.055,38.444],[-1.039,38.442],[-1.039,38.439],[-1.034,38.434],[-1.025,38.432],[-1.025,38.429],[-1.021,38.426],[-1.02,38.421],[-1.016,38.419],[-1.015,38.416],[-1.005,38.412],[-1.0,38.407],[-0.994,38.407],[-0.988,38.405],[-0.988,38.398],[-0.984,38.397],[-0.977,38.385],[-0.971,38.385],[-0.969,38.383],[-0.962,38.383],[-0.961,38.379],[-0.956,38.377],[-0.958,38.373],[-0.964,38.372],[-0.968,38.369],[-0.97,38.36],[-0.972,38.359],[-0.972,38.353],[-0.97,38.351],[-0.97,38.341],[-0.974,38.333],[-0.972,38.329],[-0.975,38.326],[-0.975,38.316],[-0.976,38.313],[-0.991,38.312],[-0.995,38.308],[-0.999,38.308],[-1.006,38.3],[-1.019,38.3],[-1.022,38.304],[-1.032,38.304],[-1.04,38.296],[-1.043,38.3],[-1.048,38.3],[-1.055,38.308],[-1.063,38.308],[-1.068,38.312],[-1.078,38.313],[-1.08,38.316],[-1.084,38.317],[-1.094,38.317],[-1.097,38.313],[-1.1,38.313],[-1.1,38.318],[-1.092,38.327],[-1.087,38.331],[-1.083,38.338],[-1.083,38.345],[-1.077,38.346],[-1.075,38.349],[-1.075,38.366],[-1.082,38.367],[-1.084,38.37],[-1.091,38.372],[-1.092,38.385],[-1.088,38.389],[-1.087,38.401],[-1.091,38.405],[-1.092,38.415],[-1.1,38.423],[-1.101,38.429],[-1.112,38.429],[-1.112,38.425],[-1.115,38.425],[-1.126,38.437],[-1.133,38.438],[-1.129,38.445],[-1.128,38.454],[-1.117,38.454],[-1.114,38.454],[-1.111,38.45],[-1.102,38.45],[-1.098,38.446],[-1.093,38.446],[-1.086,38.454],[-1.065,38.454],[-1.061,38.458],[-1.056,38.457],[-1.054,38.459]]]}},{"type":"Feature","properties":{"id":"H2120685060","idx":396,"name":"Rambla de Churra (Santomera)","river":"Rambla de Churra","town":"Santomera","kind":"hybas","area_km2":95.4,"up_area_km2":13338.6,"next":"H2120684410","terminal_unit":"H2120684020","terminal":"sea","drains_to_sea":true,"n_upstream":51,"outlet":[-0.9979,38.0521],"outlet_how":"hydrorivers","label":[-1.1008,38.0355],"source":"HydroBASINS v1c level 12"},"geometry":{"type":"Polygon","coordinates":[[[-1.0,38.054],[-1.0,38.05],[-0.995,38.049],[-0.996,38.039],[-1.0,38.038],[-1.012,38.038],[-1.012,38.042],[-1.02,38.041],[-1.022,38.038],[-1.028,38.037],[-1.03,38.034],[-1.036,38.033],[-1.038,38.03],[-1.044,38.029],[-1.048,38.02],[-1.054,38.015],[-1.055,38.009],[-1.061,38.008],[-1.062,38.006],[-1.079,37.996],[-1.09,37.996],[-1.099,37.995],[-1.102,37.992],[-1.115,37.991],[-1.118,37.988],[-1.126,37.987],[-1.13,37.991],[-1.137,37.988],[-1.137,37.992],[-1.141,37.997],[-1.143,38.004],[-1.158,38.018],[-1.159,38.024],[-1.162,38.026],[-1.163,38.033],[-1.17,38.034],[-1.175,38.037],[-1.175,38.043],[-1.172,38.046],[-1.167,38.047],[-1.167,38.051],[-1.163,38.056],[-1.162,38.065],[-1.159,38.068],[-1.158,38.075],[-1.152,38.075],[-1.145,38.083],[-1.138,38.083],[-1.118,38.083],[-1.111,38.075],[-1.106,38.075],[-1.103,38.071],[-1.098,38.071],[-1.095,38.067],[-1.09,38.071],[-1.081,38.071],[-1.078,38.067],[-1.068,38.066],[-1.066,38.063],[-1.046,38.063],[-1.046,38.062],[-1.026,38.062],[-1.024,38.059],[-1.019,38.058],[-1.005,38.058],[-1.0,38.054]]]}},{"type":"Feature","properties":{"id":"H2120684910","idx":397,"name":"Rambla Salada (Fortuna)","river":"Rambla Salada","town":"Fortuna","kind":"hybas","area_km2":189.5,"up_area_km2":189.5,"next":"H2120684410","terminal_unit":"H2120684020","terminal":"sea","drains_to_sea":true,"n_upstream":0,"outlet":[-0.9979,38.0521],"outlet_how":"hydrorivers","label":[-1.1392,38.1645],"source":"HydroBASINS v1c level 12"},"geometry":{"type":"Polygon","coordinates":[[[-0.992,38.1],[-0.992,38.097],[-0.996,38.093],[-0.996,38.068],[-1.0,38.065],[-1.0,38.054],[-1.005,38.058],[-1.019,38.058],[-1.024,38.059],[-1.026,38.062],[-1.046,38.062],[-1.046,38.063],[-1.066,38.063],[-1.068,38.066],[-1.078,38.067],[-1.081,38.071],[-1.09,38.071],[-1.095,38.067],[-1.098,38.071],[-1.103,38.071],[-1.106,38.075],[-1.111,38.075],[-1.118,38.083],[-1.138,38.083],[-1.138,38.086],[-1.15,38.103],[-1.157,38.105],[-1.164,38.112],[-1.17,38.113],[-1.171,38.123],[-1.177,38.129],[-1.187,38.13],[-1.187,38.14],[-1.188,38.148],[-1.19,38.151],[-1.204,38.164],[-1.204,38.171],[-1.208,38.177],[-1.208,38.183],[-1.201,38.187],[-1.2,38.194],[-1.192,38.202],[-1.191,38.208],[-1.184,38.209],[-1.184,38.22],[-1.183,38.22],[-1.183,38.239],[-1.191,38.247],[-1.191,38.261],[-1.192,38.267],[-1.185,38.267],[-1.179,38.273],[-1.179,38.275],[-1.169,38.275],[-1.164,38.271],[-1.162,38.264],[-1.154,38.255],[-1.154,38.247],[-1.147,38.245],[-1.146,38.242],[-1.15,38.241],[-1.15,38.232],[-1.146,38.227],[-1.145,38.216],[-1.139,38.217],[-1.134,38.22],[-1.132,38.217],[-1.122,38.216],[-1.118,38.211],[-1.112,38.208],[-1.106,38.208],[-1.105,38.206],[-1.098,38.204],[-1.091,38.198],[-1.086,38.192],[-1.075,38.191],[-1.07,38.184],[-1.071,38.177],[-1.075,38.173],[-1.075,38.165],[-1.071,38.161],[-1.071,38.157],[-1.067,38.152],[-1.066,38.139],[-1.062,38.135],[-1.062,38.124],[-1.063,38.124],[-1.063,38.114],[-1.071,38.105],[-1.06,38.104],[-1.056,38.1],[-1.049,38.1],[-1.043,38.096],[-1.039,38.091],[-1.033,38.092],[-1.023,38.092],[-1.016,38.096],[-1.006,38.096],[-1.0,38.1],[-0.992,38.1]]]}},{"type":"Feature","properties":{"id":"H2120685350","idx":398,"name":"Rambla de los Romos","river":"Rambla de los Romos","town":null,"kind":"hybas","area_km2":104.1,"up_area_km2":104.1,"next":"H2120685060","terminal_unit":"H2120684020","terminal":"sea","drains_to_sea":true,"n_upstream":0,"outlet":[-1.0104,38.0396],"outlet_how":"hydrorivers","label":[-0.9624,37.976],"source":"HydroBASINS v1c level 12"},"geometry":{"type":"Polygon","coordinates":[[[-0.887,37.954],[-0.89,37.954],[-0.893,37.95],[-0.898,37.95],[-0.901,37.946],[-0.911,37.946],[-0.914,37.942],[-0.924,37.941],[-0.926,37.938],[-0.932,37.937],[-0.935,37.933],[-0.946,37.923],[-0.946,37.921],[-0.956,37.921],[-0.96,37.917],[-0.965,37.917],[-0.971,37.925],[-0.976,37.929],[-0.994,37.929],[-1.001,37.921],[-1.015,37.921],[-1.018,37.925],[-1.021,37.925],[-1.021,37.944],[-1.025,37.949],[-1.026,37.958],[-1.03,37.958],[-1.035,37.962],[-1.041,37.963],[-1.042,37.968],[-1.038,37.972],[-1.036,37.979],[-1.023,37.979],[-1.017,37.98],[-1.016,37.993],[-1.019,37.995],[-1.021,38.0],[-1.021,38.01],[-1.017,38.014],[-1.016,38.024],[-1.013,38.027],[-1.012,38.038],[-1.0,38.038],[-0.999,38.026],[-0.992,38.019],[-0.991,38.008],[-0.986,38.012],[-0.969,38.012],[-0.969,38.013],[-0.951,38.013],[-0.949,38.016],[-0.931,38.016],[-0.925,38.017],[-0.925,37.996],[-0.924,37.988],[-0.919,37.984],[-0.908,37.984],[-0.908,37.983],[-0.888,37.983],[-0.888,37.973],[-0.887,37.964],[-0.885,37.963],[-0.885,37.958],[-0.887,37.954]]]}},{"type":"Feature","properties":{"id":"H2120685340","idx":399,"name":"Río Segura — tramo 6 de 6","river":"Río Segura","town":null,"kind":"hybas","area_km2":70.5,"up_area_km2":13139.2,"next":"H2120685060","terminal_unit":"H2120684020","terminal":"sea","drains_to_sea":true,"n_upstream":49,"outlet":[-1.0104,38.0396],"outlet_how":"hydrorivers","label":[-1.0575,37.97],"source":"HydroBASINS v1c level 12"},"geometry":{"type":"Polygon","coordinates":[[[-1.079,37.996],[-1.062,38.006],[-1.061,38.008],[-1.055,38.009],[-1.054,38.015],[-1.048,38.02],[-1.044,38.029],[-1.038,38.03],[-1.036,38.033],[-1.03,38.034],[-1.028,38.037],[-1.022,38.038],[-1.02,38.041],[-1.012,38.042],[-1.012,38.038],[-1.013,38.027],[-1.016,38.024],[-1.017,38.014],[-1.021,38.01],[-1.021,38.0],[-1.019,37.995],[-1.016,37.993],[-1.017,37.98],[-1.023,37.979],[-1.036,37.979],[-1.038,37.972],[-1.042,37.968],[-1.041,37.963],[-1.035,37.962],[-1.03,37.958],[-1.026,37.958],[-1.025,37.949],[-1.021,37.944],[-1.021,37.925],[-1.029,37.919],[-1.029,37.914],[-1.034,37.909],[-1.04,37.908],[-1.044,37.904],[-1.065,37.904],[-1.067,37.9],[-1.082,37.9],[-1.085,37.896],[-1.095,37.905],[-1.096,37.911],[-1.099,37.912],[-1.101,37.909],[-1.115,37.909],[-1.121,37.908],[-1.104,37.928],[-1.104,37.932],[-1.1,37.937],[-1.093,37.938],[-1.092,37.94],[-1.085,37.942],[-1.081,37.947],[-1.076,37.95],[-1.075,37.953],[-1.075,37.972],[-1.072,37.979],[-1.075,37.981],[-1.076,37.987],[-1.079,37.987],[-1.079,37.996]]]}},{"type":"Feature","properties":{"id":"HG216080501","idx":400,"name":"Río Segura (Murcia)","river":"Río Segura","town":"Murcia","kind":"hybas_group","area_km2":247.8,"up_area_km2":9874.9,"next":"H2120685340","terminal_unit":"H2120684020","terminal":"sea","drains_to_sea":true,"n_upstream":35,"outlet":[-1.0771,37.9896],"outlet_how":"hydrorivers","label":[-1.2686,37.9965],"source":"HydroBASINS v1c level 12, grouped at Pfafstetter level 9"},"geometry":{"type":"Polygon","coordinates":[[[-1.158,38.075],[-1.159,38.068],[-1.162,38.065],[-1.163,38.056],[-1.167,38.051],[-1.167,38.047],[-1.172,38.046],[-1.175,38.043],[-1.175,38.037],[-1.17,38.034],[-1.163,38.033],[-1.162,38.026],[-1.159,38.024],[-1.158,38.018],[-1.143,38.004],[-1.141,37.997],[-1.137,37.992],[-1.137,37.988],[-1.13,37.991],[-1.126,37.987],[-1.118,37.988],[-1.115,37.991],[-1.102,37.992],[-1.099,37.995],[-1.09,37.996],[-1.079,37.996],[-1.079,37.987],[-1.08,37.984],[-1.086,37.983],[-1.087,37.981],[-1.094,37.979],[-1.098,37.975],[-1.102,37.975],[-1.109,37.968],[-1.126,37.976],[-1.131,37.971],[-1.144,37.971],[-1.149,37.97],[-1.15,37.961],[-1.154,37.955],[-1.161,37.954],[-1.163,37.951],[-1.167,37.95],[-1.186,37.95],[-1.188,37.949],[-1.198,37.958],[-1.211,37.958],[-1.22,37.959],[-1.221,37.965],[-1.225,37.967],[-1.231,37.967],[-1.235,37.963],[-1.243,37.962],[-1.249,37.967],[-1.254,37.968],[-1.265,37.979],[-1.276,37.967],[-1.28,37.967],[-1.284,37.963],[-1.291,37.962],[-1.295,37.958],[-1.296,37.954],[-1.319,37.954],[-1.322,37.95],[-1.34,37.95],[-1.343,37.946],[-1.352,37.946],[-1.358,37.94],[-1.358,37.936],[-1.362,37.932],[-1.362,37.929],[-1.37,37.93],[-1.373,37.934],[-1.378,37.937],[-1.38,37.945],[-1.383,37.946],[-1.394,37.946],[-1.397,37.942],[-1.406,37.941],[-1.415,37.95],[-1.423,37.95],[-1.427,37.954],[-1.434,37.954],[-1.44,37.958],[-1.445,37.954],[-1.452,37.954],[-1.457,37.95],[-1.472,37.95],[-1.481,37.943],[-1.487,37.937],[-1.489,37.929],[-1.494,37.925],[-1.502,37.925],[-1.506,37.92],[-1.508,37.92],[-1.514,37.913],[-1.525,37.913],[-1.525,37.922],[-1.521,37.927],[-1.52,37.933],[-1.517,37.933],[-1.516,37.937],[-1.513,37.939],[-1.512,37.945],[-1.509,37.947],[-1.508,37.959],[-1.505,37.959],[-1.497,37.967],[-1.495,37.974],[-1.492,37.977],[-1.491,37.987],[-1.476,37.987],[-1.473,37.983],[-1.442,37.983],[-1.442,37.984],[-1.43,37.984],[-1.428,37.987],[-1.419,37.988],[-1.409,37.988],[-1.402,37.996],[-1.397,37.996],[-1.394,38.0],[-1.389,38.0],[-1.382,38.008],[-1.378,38.008],[-1.374,38.012],[-1.368,38.013],[-1.365,38.017],[-1.355,38.016],[-1.348,38.008],[-1.338,38.008],[-1.334,38.009],[-1.332,38.012],[-1.322,38.013],[-1.311,38.025],[-1.297,38.025],[-1.292,38.028],[-1.29,38.025],[-1.277,38.025],[-1.274,38.021],[-1.27,38.024],[-1.263,38.026],[-1.261,38.029],[-1.254,38.029],[-1.247,38.033],[-1.245,38.041],[-1.234,38.042],[-1.233,38.05],[-1.233,38.054],[-1.229,38.054],[-1.229,38.057],[-1.214,38.071],[-1.208,38.071],[-1.204,38.068],[-1.2,38.068],[-1.195,38.071],[-1.185,38.071],[-1.18,38.075],[-1.165,38.075],[-1.159,38.079],[-1.158,38.075]]]}},{"type":"Feature","properties":{"id":"HG216080410","idx":401,"name":"Río Guadalentín (Librilla)","river":"Río Guadalentín","town":"Librilla","kind":"hybas_group","area_km2":383.3,"up_area_km2":3193.8,"next":"H2120685340","terminal_unit":"H2120684020","terminal":"sea","drains_to_sea":true,"n_upstream":12,"outlet":[-1.0771,37.9896],"outlet_how":"hydrorivers","label":[-1.3291,37.9045],"source":"HydroBASINS v1c level 12, grouped at Pfafstetter level 9"},"geometry":{"type":"Polygon","coordinates":[[[-1.079,37.987],[-1.076,37.987],[-1.075,37.981],[-1.072,37.979],[-1.075,37.972],[-1.075,37.953],[-1.076,37.95],[-1.081,37.947],[-1.085,37.942],[-1.092,37.94],[-1.093,37.938],[-1.1,37.937],[-1.104,37.932],[-1.104,37.928],[-1.121,37.908],[-1.128,37.898],[-1.133,37.894],[-1.134,37.888],[-1.146,37.886],[-1.148,37.883],[-1.154,37.883],[-1.162,37.888],[-1.165,37.892],[-1.17,37.891],[-1.171,37.887],[-1.174,37.887],[-1.181,37.879],[-1.19,37.879],[-1.193,37.875],[-1.198,37.875],[-1.201,37.871],[-1.216,37.871],[-1.22,37.87],[-1.223,37.866],[-1.228,37.866],[-1.233,37.862],[-1.236,37.862],[-1.242,37.855],[-1.248,37.85],[-1.258,37.853],[-1.258,37.85],[-1.268,37.85],[-1.271,37.847],[-1.271,37.843],[-1.274,37.841],[-1.275,37.837],[-1.291,37.837],[-1.293,37.834],[-1.3,37.833],[-1.304,37.833],[-1.305,37.83],[-1.315,37.829],[-1.319,37.825],[-1.331,37.825],[-1.333,37.824],[-1.334,37.816],[-1.348,37.817],[-1.353,37.821],[-1.358,37.822],[-1.372,37.837],[-1.379,37.837],[-1.38,37.845],[-1.386,37.846],[-1.402,37.846],[-1.41,37.854],[-1.412,37.854],[-1.413,37.87],[-1.419,37.871],[-1.435,37.871],[-1.439,37.867],[-1.445,37.866],[-1.446,37.873],[-1.455,37.883],[-1.462,37.883],[-1.468,37.887],[-1.472,37.888],[-1.476,37.884],[-1.482,37.883],[-1.484,37.88],[-1.49,37.879],[-1.495,37.875],[-1.505,37.874],[-1.51,37.879],[-1.52,37.88],[-1.521,37.886],[-1.53,37.888],[-1.535,37.884],[-1.552,37.884],[-1.558,37.883],[-1.558,37.895],[-1.552,37.896],[-1.548,37.9],[-1.538,37.901],[-1.528,37.912],[-1.525,37.913],[-1.514,37.913],[-1.508,37.92],[-1.506,37.92],[-1.502,37.925],[-1.494,37.925],[-1.489,37.929],[-1.487,37.937],[-1.481,37.943],[-1.472,37.95],[-1.457,37.95],[-1.452,37.954],[-1.445,37.954],[-1.44,37.958],[-1.434,37.954],[-1.427,37.954],[-1.423,37.95],[-1.415,37.95],[-1.406,37.941],[-1.397,37.942],[-1.394,37.946],[-1.383,37.946],[-1.38,37.945],[-1.378,37.937],[-1.373,37.934],[-1.37,37.93],[-1.362,37.929],[-1.362,37.932],[-1.358,37.936],[-1.358,37.94],[-1.352,37.946],[-1.343,37.946],[-1.34,37.95],[-1.322,37.95],[-1.319,37.954],[-1.296,37.954],[-1.295,37.958],[-1.291,37.962],[-1.284,37.963],[-1.28,37.967],[-1.276,37.967],[-1.265,37.979],[-1.254,37.968],[-1.249,37.967],[-1.243,37.962],[-1.235,37.963],[-1.231,37.967],[-1.225,37.967],[-1.221,37.965],[-1.22,37.959],[-1.211,37.958],[-1.198,37.958],[-1.188,37.949],[-1.186,37.95],[-1.167,37.95],[-1.163,37.951],[-1.161,37.954],[-1.154,37.955],[-1.15,37.961],[-1.149,37.97],[-1.144,37.971],[-1.131,37.971],[-1.126,37.976],[-1.109,37.968],[-1.102,37.975],[-1.098,37.975],[-1.094,37.979],[-1.087,37.981],[-1.086,37.983],[-1.08,37.984],[-1.079,37.987]]]}},{"type":"Feature","properties":{"id":"H2120684900","idx":402,"name":"Río Segura (Archena)","river":"Río Segura","town":"Archena","kind":"hybas","area_km2":140.3,"up_area_km2":8959.2,"next":"HG216080501","terminal_unit":"H2120684020","terminal":"sea","drains_to_sea":true,"n_upstream":33,"outlet":[-1.2313,38.0521],"outlet_how":"hydrorivers","label":[-1.2427,38.1165],"source":"HydroBASINS v1c level 12"},"geometry":{"type":"Polygon","coordinates":[[[-1.158,38.075],[-1.159,38.079],[-1.165,38.075],[-1.18,38.075],[-1.185,38.071],[-1.195,38.071],[-1.2,38.068],[-1.204,38.068],[-1.208,38.071],[-1.214,38.071],[-1.229,38.057],[-1.229,38.054],[-1.233,38.054],[-1.233,38.05],[-1.238,38.05],[-1.238,38.054],[-1.25,38.054],[-1.256,38.058],[-1.264,38.059],[-1.269,38.053],[-1.274,38.05],[-1.291,38.05],[-1.293,38.058],[-1.312,38.058],[-1.312,38.059],[-1.322,38.059],[-1.328,38.055],[-1.335,38.062],[-1.341,38.063],[-1.342,38.07],[-1.346,38.071],[-1.356,38.071],[-1.362,38.076],[-1.376,38.091],[-1.383,38.093],[-1.383,38.096],[-1.377,38.096],[-1.372,38.1],[-1.361,38.1],[-1.359,38.101],[-1.357,38.108],[-1.345,38.108],[-1.339,38.109],[-1.336,38.112],[-1.322,38.113],[-1.32,38.116],[-1.31,38.117],[-1.305,38.121],[-1.297,38.121],[-1.296,38.125],[-1.292,38.125],[-1.287,38.125],[-1.287,38.122],[-1.282,38.12],[-1.28,38.123],[-1.275,38.125],[-1.257,38.125],[-1.25,38.118],[-1.243,38.117],[-1.241,38.128],[-1.238,38.131],[-1.237,38.14],[-1.234,38.143],[-1.233,38.149],[-1.233,38.161],[-1.23,38.163],[-1.228,38.171],[-1.222,38.175],[-1.215,38.183],[-1.208,38.183],[-1.208,38.177],[-1.204,38.171],[-1.204,38.164],[-1.19,38.151],[-1.188,38.148],[-1.187,38.14],[-1.187,38.13],[-1.177,38.129],[-1.171,38.123],[-1.17,38.113],[-1.164,38.112],[-1.157,38.105],[-1.15,38.103],[-1.138,38.086],[-1.138,38.083],[-1.145,38.083],[-1.152,38.075],[-1.158,38.075]]]}},{"type":"Feature","properties":{"id":"HG216080502","idx":403,"name":"Río Mula (Mula)","river":"Río Mula","town":"Mula","kind":"hybas_group","area_km2":667.8,"up_area_km2":667.8,"next":"HG216080501","terminal_unit":"H2120684020","terminal":"sea","drains_to_sea":true,"n_upstream":0,"outlet":[-1.2313,38.0521],"outlet_how":"hydrorivers","label":[-1.608,37.998],"source":"HydroBASINS v1c level 12, grouped at Pfafstetter level 9"},"geometry":{"type":"Polygon","coordinates":[[[-1.825,37.996],[-1.822,37.996],[-1.819,38.0],[-1.81,38.0],[-1.799,38.012],[-1.789,38.013],[-1.781,38.021],[-1.776,38.021],[-1.773,38.025],[-1.758,38.025],[-1.757,38.02],[-1.754,38.021],[-1.744,38.021],[-1.734,38.03],[-1.732,38.033],[-1.727,38.029],[-1.72,38.029],[-1.713,38.032],[-1.71,38.029],[-1.703,38.029],[-1.698,38.033],[-1.685,38.034],[-1.682,38.037],[-1.672,38.038],[-1.667,38.043],[-1.666,38.049],[-1.659,38.051],[-1.657,38.054],[-1.646,38.055],[-1.642,38.06],[-1.641,38.07],[-1.631,38.079],[-1.625,38.086],[-1.621,38.088],[-1.61,38.088],[-1.605,38.092],[-1.6,38.093],[-1.595,38.096],[-1.584,38.096],[-1.582,38.104],[-1.568,38.104],[-1.563,38.105],[-1.56,38.109],[-1.554,38.108],[-1.543,38.108],[-1.539,38.104],[-1.523,38.104],[-1.518,38.105],[-1.515,38.108],[-1.501,38.109],[-1.499,38.112],[-1.489,38.113],[-1.483,38.117],[-1.477,38.117],[-1.47,38.121],[-1.456,38.121],[-1.452,38.125],[-1.448,38.125],[-1.444,38.129],[-1.438,38.13],[-1.435,38.134],[-1.43,38.133],[-1.429,38.127],[-1.425,38.123],[-1.425,38.115],[-1.421,38.111],[-1.42,38.105],[-1.416,38.102],[-1.41,38.095],[-1.406,38.096],[-1.402,38.1],[-1.398,38.1],[-1.394,38.096],[-1.383,38.096],[-1.383,38.093],[-1.376,38.091],[-1.362,38.076],[-1.356,38.071],[-1.346,38.071],[-1.342,38.07],[-1.341,38.063],[-1.335,38.062],[-1.328,38.055],[-1.322,38.059],[-1.312,38.059],[-1.312,38.058],[-1.293,38.058],[-1.291,38.05],[-1.274,38.05],[-1.269,38.053],[-1.264,38.059],[-1.256,38.058],[-1.25,38.054],[-1.238,38.054],[-1.238,38.05],[-1.233,38.05],[-1.234,38.042],[-1.245,38.041],[-1.247,38.033],[-1.254,38.029],[-1.261,38.029],[-1.263,38.026],[-1.27,38.024],[-1.274,38.021],[-1.277,38.025],[-1.29,38.025],[-1.292,38.028],[-1.297,38.025],[-1.311,38.025],[-1.322,38.013],[-1.332,38.012],[-1.334,38.009],[-1.338,38.008],[-1.348,38.008],[-1.355,38.016],[-1.365,38.017],[-1.368,38.013],[-1.374,38.012],[-1.378,38.008],[-1.382,38.008],[-1.389,38.0],[-1.394,38.0],[-1.397,37.996],[-1.402,37.996],[-1.409,37.988],[-1.419,37.988],[-1.428,37.987],[-1.43,37.984],[-1.442,37.984],[-1.442,37.983],[-1.473,37.983],[-1.476,37.987],[-1.491,37.987],[-1.492,37.977],[-1.495,37.974],[-1.497,37.967],[-1.505,37.959],[-1.508,37.959],[-1.509,37.947],[-1.512,37.945],[-1.513,37.939],[-1.516,37.937],[-1.517,37.933],[-1.52,37.933],[-1.521,37.927],[-1.525,37.922],[-1.525,37.913],[-1.528,37.912],[-1.538,37.901],[-1.548,37.9],[-1.552,37.896],[-1.558,37.895],[-1.558,37.883],[-1.559,37.876],[-1.564,37.871],[-1.57,37.87],[-1.571,37.867],[-1.574,37.867],[-1.577,37.871],[-1.59,37.871],[-1.593,37.867],[-1.597,37.867],[-1.601,37.863],[-1.616,37.862],[-1.621,37.858],[-1.635,37.858],[-1.635,37.859],[-1.67,37.859],[-1.671,37.865],[-1.679,37.868],[-1.686,37.876],[-1.691,37.88],[-1.691,37.882],[-1.684,37.889],[-1.683,37.894],[-1.679,37.899],[-1.679,37.903],[-1.687,37.905],[-1.689,37.908],[-1.699,37.909],[-1.7,37.913],[-1.7,37.925],[-1.706,37.929],[-1.712,37.93],[-1.714,37.933],[-1.72,37.934],[-1.721,37.94],[-1.725,37.945],[-1.733,37.947],[-1.741,37.955],[-1.742,37.962],[-1.749,37.958],[-1.753,37.958],[-1.755,37.955],[-1.76,37.954],[-1.774,37.954],[-1.776,37.962],[-1.782,37.963],[-1.785,37.966],[-1.798,37.967],[-1.802,37.97],[-1.81,37.979],[-1.816,37.98],[-1.817,37.986],[-1.82,37.988],[-1.825,37.996]]]}},{"type":"Feature","properties":{"id":"H2120683590","idx":404,"name":"Río Segura (Abarán)","river":"Río Segura","town":"Abarán","kind":"hybas","area_km2":170.8,"up_area_km2":8670.5,"next":"H2120684900","terminal_unit":"H2120684020","terminal":"sea","drains_to_sea":true,"n_upstream":31,"outlet":[-1.2938,38.1229],"outlet_how":"hydrorivers","label":[-1.4,38.152],"source":"HydroBASINS v1c level 12"},"geometry":{"type":"Polygon","coordinates":[[[-1.292,38.125],[-1.296,38.125],[-1.297,38.121],[-1.305,38.121],[-1.31,38.117],[-1.32,38.116],[-1.322,38.113],[-1.336,38.112],[-1.339,38.109],[-1.345,38.108],[-1.357,38.108],[-1.359,38.101],[-1.361,38.1],[-1.372,38.1],[-1.377,38.096],[-1.383,38.096],[-1.394,38.096],[-1.398,38.1],[-1.402,38.1],[-1.406,38.096],[-1.41,38.095],[-1.416,38.102],[-1.42,38.105],[-1.421,38.111],[-1.425,38.115],[-1.425,38.123],[-1.429,38.127],[-1.43,38.133],[-1.435,38.134],[-1.438,38.13],[-1.444,38.129],[-1.448,38.125],[-1.452,38.125],[-1.456,38.121],[-1.47,38.121],[-1.477,38.117],[-1.483,38.117],[-1.484,38.12],[-1.489,38.125],[-1.494,38.125],[-1.5,38.132],[-1.504,38.135],[-1.504,38.142],[-1.504,38.162],[-1.497,38.163],[-1.492,38.167],[-1.491,38.178],[-1.485,38.183],[-1.483,38.191],[-1.477,38.192],[-1.47,38.196],[-1.455,38.196],[-1.454,38.2],[-1.449,38.2],[-1.442,38.205],[-1.441,38.212],[-1.425,38.212],[-1.425,38.213],[-1.409,38.213],[-1.408,38.217],[-1.396,38.217],[-1.395,38.213],[-1.385,38.213],[-1.376,38.212],[-1.371,38.207],[-1.371,38.203],[-1.365,38.196],[-1.361,38.196],[-1.356,38.192],[-1.354,38.195],[-1.347,38.2],[-1.346,38.204],[-1.338,38.2],[-1.328,38.2],[-1.325,38.199],[-1.322,38.194],[-1.317,38.19],[-1.316,38.176],[-1.307,38.175],[-1.302,38.172],[-1.302,38.17],[-1.296,38.165],[-1.296,38.139],[-1.295,38.13],[-1.292,38.125]]]}},{"type":"Feature","properties":{"id":"H2120683600","idx":405,"name":"Barranco del Mulo","river":"Barranco del Mulo","town":null,"kind":"hybas","area_km2":148.5,"up_area_km2":148.5,"next":"H2120684900","terminal_unit":"H2120684020","terminal":"sea","drains_to_sea":true,"n_upstream":0,"outlet":[-1.2938,38.1229],"outlet_how":"hydrorivers","label":[-1.2605,38.1965],"source":"HydroBASINS v1c level 12"},"geometry":{"type":"Polygon","coordinates":[[[-1.192,38.267],[-1.191,38.261],[-1.191,38.247],[-1.183,38.239],[-1.183,38.22],[-1.184,38.22],[-1.184,38.209],[-1.191,38.208],[-1.192,38.202],[-1.2,38.194],[-1.201,38.187],[-1.208,38.183],[-1.215,38.183],[-1.222,38.175],[-1.228,38.171],[-1.23,38.163],[-1.233,38.161],[-1.233,38.149],[-1.234,38.143],[-1.237,38.14],[-1.238,38.131],[-1.241,38.128],[-1.243,38.117],[-1.25,38.118],[-1.257,38.125],[-1.275,38.125],[-1.28,38.123],[-1.282,38.12],[-1.287,38.122],[-1.287,38.125],[-1.292,38.125],[-1.295,38.13],[-1.296,38.139],[-1.296,38.165],[-1.302,38.17],[-1.302,38.172],[-1.307,38.175],[-1.316,38.176],[-1.317,38.19],[-1.322,38.194],[-1.325,38.199],[-1.328,38.2],[-1.338,38.2],[-1.346,38.204],[-1.345,38.208],[-1.341,38.211],[-1.342,38.214],[-1.342,38.224],[-1.346,38.227],[-1.346,38.24],[-1.341,38.244],[-1.327,38.259],[-1.321,38.258],[-1.305,38.258],[-1.302,38.254],[-1.294,38.254],[-1.289,38.259],[-1.285,38.258],[-1.28,38.254],[-1.25,38.254],[-1.239,38.255],[-1.232,38.262],[-1.226,38.263],[-1.224,38.271],[-1.21,38.271],[-1.2,38.268],[-1.197,38.271],[-1.196,38.267],[-1.192,38.267]]]}},{"type":"Feature","properties":{"id":"H2120689400","idx":406,"name":"Río Espuña (Alhama de Murcia)","river":"Río Espuña","town":"Alhama de Murcia","kind":"hybas","area_km2":149.7,"up_area_km2":149.7,"next":"HG216080410","terminal_unit":"H2120684020","terminal":"sea","drains_to_sea":true,"n_upstream":0,"outlet":[-1.3771,37.8396],"outlet_how":"hydrorivers","label":[-1.4648,37.824],"source":"HydroBASINS v1c level 12"},"geometry":{"type":"Polygon","coordinates":[[[-1.558,37.883],[-1.552,37.884],[-1.535,37.884],[-1.53,37.888],[-1.521,37.886],[-1.52,37.88],[-1.51,37.879],[-1.505,37.874],[-1.495,37.875],[-1.49,37.879],[-1.484,37.88],[-1.482,37.883],[-1.476,37.884],[-1.472,37.888],[-1.468,37.887],[-1.462,37.883],[-1.455,37.883],[-1.446,37.873],[-1.445,37.866],[-1.439,37.867],[-1.435,37.871],[-1.419,37.871],[-1.413,37.87],[-1.412,37.854],[-1.41,37.854],[-1.402,37.846],[-1.386,37.846],[-1.38,37.845],[-1.379,37.837],[-1.39,37.833],[-1.392,37.827],[-1.392,37.818],[-1.395,37.816],[-1.396,37.81],[-1.4,37.806],[-1.4,37.799],[-1.404,37.793],[-1.409,37.788],[-1.415,37.787],[-1.422,37.78],[-1.431,37.779],[-1.433,37.776],[-1.439,37.772],[-1.451,37.759],[-1.462,37.759],[-1.462,37.758],[-1.481,37.758],[-1.488,37.766],[-1.494,37.77],[-1.502,37.779],[-1.505,37.779],[-1.51,37.783],[-1.52,37.787],[-1.521,37.794],[-1.527,37.799],[-1.53,37.804],[-1.537,37.81],[-1.538,37.814],[-1.535,37.817],[-1.535,37.821],[-1.541,37.828],[-1.547,37.829],[-1.55,37.832],[-1.551,37.837],[-1.554,37.839],[-1.554,37.846],[-1.557,37.85],[-1.564,37.85],[-1.57,37.854],[-1.571,37.867],[-1.57,37.87],[-1.564,37.871],[-1.559,37.876],[-1.558,37.883]]]}},{"type":"Feature","properties":{"id":"HG216080430","idx":407,"name":"Río Guadalentín (Totana)","river":"Río Guadalentín","town":"Totana","kind":"hybas_group","area_km2":362.4,"up_area_km2":2660.8,"next":"HG216080410","terminal_unit":"H2120684020","terminal":"sea","drains_to_sea":true,"n_upstream":10,"outlet":[-1.3771,37.8396],"outlet_how":"hydrorivers","label":[-1.4715,37.7415],"source":"HydroBASINS v1c level 12, grouped at Pfafstetter level 9"},"geometry":{"type":"Polygon","coordinates":[[[-1.379,37.837],[-1.372,37.837],[-1.358,37.822],[-1.353,37.821],[-1.348,37.817],[-1.334,37.816],[-1.333,37.824],[-1.331,37.825],[-1.319,37.825],[-1.315,37.829],[-1.305,37.83],[-1.304,37.833],[-1.3,37.833],[-1.3,37.828],[-1.305,37.821],[-1.3,37.815],[-1.3,37.807],[-1.308,37.798],[-1.308,37.782],[-1.309,37.782],[-1.309,37.772],[-1.317,37.763],[-1.317,37.759],[-1.324,37.758],[-1.325,37.748],[-1.329,37.744],[-1.33,37.734],[-1.333,37.732],[-1.333,37.721],[-1.341,37.718],[-1.344,37.721],[-1.349,37.721],[-1.352,37.725],[-1.369,37.725],[-1.372,37.721],[-1.389,37.721],[-1.397,37.713],[-1.417,37.713],[-1.417,37.709],[-1.423,37.708],[-1.427,37.703],[-1.433,37.699],[-1.447,37.684],[-1.461,37.683],[-1.463,37.68],[-1.468,37.679],[-1.482,37.679],[-1.486,37.675],[-1.493,37.675],[-1.496,37.672],[-1.501,37.671],[-1.506,37.667],[-1.512,37.666],[-1.515,37.663],[-1.515,37.658],[-1.513,37.657],[-1.513,37.646],[-1.515,37.646],[-1.52,37.64],[-1.525,37.636],[-1.525,37.627],[-1.517,37.621],[-1.517,37.613],[-1.525,37.613],[-1.532,37.616],[-1.534,37.624],[-1.549,37.638],[-1.55,37.641],[-1.557,37.642],[-1.558,37.644],[-1.554,37.648],[-1.554,37.652],[-1.558,37.656],[-1.559,37.664],[-1.554,37.669],[-1.554,37.673],[-1.558,37.677],[-1.559,37.686],[-1.567,37.695],[-1.571,37.696],[-1.572,37.704],[-1.586,37.704],[-1.591,37.705],[-1.595,37.709],[-1.596,37.713],[-1.596,37.723],[-1.606,37.732],[-1.611,37.739],[-1.62,37.747],[-1.621,37.75],[-1.617,37.751],[-1.62,37.755],[-1.621,37.761],[-1.626,37.765],[-1.633,37.773],[-1.633,37.786],[-1.634,37.795],[-1.637,37.797],[-1.637,37.816],[-1.638,37.816],[-1.638,37.835],[-1.631,37.841],[-1.628,37.846],[-1.621,37.852],[-1.621,37.858],[-1.616,37.862],[-1.601,37.863],[-1.597,37.867],[-1.593,37.867],[-1.59,37.871],[-1.577,37.871],[-1.574,37.867],[-1.571,37.867],[-1.57,37.854],[-1.564,37.85],[-1.557,37.85],[-1.554,37.846],[-1.554,37.839],[-1.551,37.837],[-1.55,37.832],[-1.547,37.829],[-1.541,37.828],[-1.535,37.821],[-1.535,37.817],[-1.538,37.814],[-1.537,37.81],[-1.53,37.804],[-1.527,37.799],[-1.521,37.794],[-1.52,37.787],[-1.51,37.783],[-1.505,37.779],[-1.502,37.779],[-1.494,37.77],[-1.488,37.766],[-1.481,37.758],[-1.462,37.758],[-1.462,37.759],[-1.451,37.759],[-1.439,37.772],[-1.433,37.776],[-1.431,37.779],[-1.422,37.78],[-1.415,37.787],[-1.409,37.788],[-1.404,37.793],[-1.4,37.799],[-1.4,37.806],[-1.396,37.81],[-1.395,37.816],[-1.392,37.818],[-1.392,37.827],[-1.39,37.833],[-1.379,37.837]]]}},{"type":"Feature","properties":{"id":"H2120681630","idx":408,"name":"Rambla del Moro","river":"Rambla del Moro","town":null,"kind":"hybas","area_km2":76.1,"up_area_km2":400.5,"next":"H2120683590","terminal_unit":"H2120684020","terminal":"sea","drains_to_sea":true,"n_upstream":2,"outlet":[-1.4063,38.2146],"outlet_how":"hydrorivers","label":[-1.3177,38.2625],"source":"HydroBASINS v1c level 12"},"geometry":{"type":"Polygon","coordinates":[[[-1.379,38.271],[-1.372,38.271],[-1.367,38.276],[-1.366,38.282],[-1.363,38.284],[-1.362,38.299],[-1.354,38.306],[-1.354,38.311],[-1.346,38.318],[-1.346,38.323],[-1.342,38.326],[-1.342,38.329],[-1.335,38.329],[-1.332,38.325],[-1.322,38.325],[-1.315,38.317],[-1.312,38.317],[-1.312,38.309],[-1.302,38.308],[-1.297,38.304],[-1.293,38.304],[-1.284,38.295],[-1.283,38.289],[-1.274,38.279],[-1.271,38.277],[-1.27,38.271],[-1.265,38.267],[-1.259,38.266],[-1.25,38.254],[-1.28,38.254],[-1.285,38.258],[-1.289,38.259],[-1.294,38.254],[-1.302,38.254],[-1.305,38.258],[-1.321,38.258],[-1.327,38.259],[-1.341,38.244],[-1.346,38.24],[-1.346,38.227],[-1.342,38.224],[-1.342,38.214],[-1.341,38.211],[-1.345,38.208],[-1.346,38.204],[-1.347,38.2],[-1.354,38.195],[-1.356,38.192],[-1.361,38.196],[-1.365,38.196],[-1.371,38.203],[-1.371,38.207],[-1.376,38.212],[-1.385,38.213],[-1.395,38.213],[-1.396,38.217],[-1.408,38.217],[-1.408,38.224],[-1.402,38.225],[-1.398,38.229],[-1.388,38.229],[-1.384,38.23],[-1.375,38.24],[-1.375,38.248],[-1.379,38.252],[-1.379,38.271]]]}},{"type":"Feature","properties":{"id":"H2120679800","idx":409,"name":"Rambla de la Raja","river":"Rambla de la Raja","town":null,"kind":"hybas","area_km2":207.5,"up_area_km2":207.5,"next":"H2120681630","terminal_unit":"H2120684020","terminal":"sea","drains_to_sea":true,"n_upstream":0,"outlet":[-1.3146,38.3146],"outlet_how":"hydrorivers","label":[-1.161,38.3475],"source":"HydroBASINS v1c level 12"},"geometry":{"type":"Polygon","coordinates":[[[-1.159,38.433],[-1.142,38.433],[-1.141,38.437],[-1.133,38.438],[-1.126,38.437],[-1.115,38.425],[-1.112,38.425],[-1.112,38.429],[-1.101,38.429],[-1.1,38.423],[-1.092,38.415],[-1.091,38.405],[-1.087,38.401],[-1.088,38.389],[-1.092,38.385],[-1.091,38.372],[-1.084,38.37],[-1.082,38.367],[-1.075,38.366],[-1.075,38.349],[-1.077,38.346],[-1.083,38.345],[-1.083,38.338],[-1.087,38.331],[-1.092,38.327],[-1.1,38.318],[-1.1,38.313],[-1.105,38.309],[-1.115,38.308],[-1.123,38.3],[-1.133,38.3],[-1.137,38.301],[-1.139,38.304],[-1.144,38.3],[-1.152,38.3],[-1.156,38.296],[-1.166,38.295],[-1.167,38.289],[-1.173,38.283],[-1.179,38.275],[-1.179,38.273],[-1.185,38.267],[-1.192,38.267],[-1.196,38.267],[-1.197,38.271],[-1.2,38.268],[-1.21,38.271],[-1.224,38.271],[-1.226,38.263],[-1.232,38.262],[-1.239,38.255],[-1.25,38.254],[-1.259,38.266],[-1.265,38.267],[-1.27,38.271],[-1.271,38.277],[-1.274,38.279],[-1.283,38.289],[-1.284,38.295],[-1.293,38.304],[-1.297,38.304],[-1.302,38.308],[-1.312,38.309],[-1.312,38.317],[-1.312,38.32],[-1.308,38.321],[-1.298,38.321],[-1.293,38.325],[-1.278,38.325],[-1.273,38.329],[-1.263,38.33],[-1.259,38.334],[-1.258,38.34],[-1.254,38.345],[-1.248,38.346],[-1.244,38.349],[-1.236,38.358],[-1.23,38.359],[-1.228,38.362],[-1.222,38.363],[-1.22,38.366],[-1.21,38.367],[-1.205,38.371],[-1.202,38.371],[-1.196,38.378],[-1.191,38.381],[-1.186,38.387],[-1.18,38.388],[-1.179,38.392],[-1.179,38.402],[-1.167,38.414],[-1.167,38.429],[-1.159,38.43],[-1.159,38.433]]]}},{"type":"Feature","properties":{"id":"H2120679680","idx":410,"name":"Cuenca sin nombre (hacia Rambla del Moro)","river":null,"town":null,"kind":"hybas","area_km2":116.9,"up_area_km2":116.9,"next":"H2120681630","terminal_unit":"H2120684020","terminal":"sea","drains_to_sea":true,"n_upstream":0,"outlet":[-1.3146,38.3146],"outlet_how":"hydrorivers","label":[-1.2509,38.382],"source":"HydroBASINS v1c level 12"},"geometry":{"type":"Polygon","coordinates":[[[-1.342,38.329],[-1.342,38.332],[-1.35,38.339],[-1.35,38.367],[-1.347,38.367],[-1.343,38.371],[-1.339,38.371],[-1.331,38.379],[-1.318,38.379],[-1.313,38.38],[-1.311,38.383],[-1.305,38.384],[-1.304,38.39],[-1.3,38.395],[-1.3,38.404],[-1.289,38.404],[-1.287,38.401],[-1.282,38.404],[-1.269,38.404],[-1.263,38.409],[-1.262,38.416],[-1.259,38.418],[-1.258,38.422],[-1.258,38.432],[-1.247,38.442],[-1.243,38.442],[-1.239,38.445],[-1.236,38.442],[-1.232,38.442],[-1.223,38.433],[-1.207,38.433],[-1.201,38.434],[-1.198,38.438],[-1.181,38.438],[-1.181,38.437],[-1.164,38.437],[-1.159,38.433],[-1.159,38.43],[-1.167,38.429],[-1.167,38.414],[-1.179,38.402],[-1.179,38.392],[-1.18,38.388],[-1.186,38.387],[-1.191,38.381],[-1.196,38.378],[-1.202,38.371],[-1.205,38.371],[-1.21,38.367],[-1.22,38.366],[-1.222,38.363],[-1.228,38.362],[-1.23,38.359],[-1.236,38.358],[-1.244,38.349],[-1.248,38.346],[-1.254,38.345],[-1.258,38.34],[-1.259,38.334],[-1.263,38.33],[-1.273,38.329],[-1.278,38.325],[-1.293,38.325],[-1.298,38.321],[-1.308,38.321],[-1.312,38.32],[-1.312,38.317],[-1.315,38.317],[-1.322,38.325],[-1.332,38.325],[-1.335,38.329],[-1.342,38.329]]]}},{"type":"Feature","properties":{"id":"H2120681620","idx":411,"name":"Río Segura (Cieza)","river":"Río Segura","town":"Cieza","kind":"hybas","area_km2":32.3,"up_area_km2":8099.2,"next":"H2120683590","terminal_unit":"H2120684020","terminal":"sea","drains_to_sea":true,"n_upstream":27,"outlet":[-1.4063,38.2146],"outlet_how":"hydrorivers","label":[-1.4176,38.233],"source":"HydroBASINS v1c level 12"},"geometry":{"type":"Polygon","coordinates":[[[-1.45,38.246],[-1.446,38.246],[-1.432,38.262],[-1.419,38.262],[-1.419,38.263],[-1.405,38.263],[-1.403,38.266],[-1.399,38.267],[-1.389,38.267],[-1.385,38.271],[-1.379,38.271],[-1.379,38.252],[-1.375,38.248],[-1.375,38.24],[-1.384,38.23],[-1.388,38.229],[-1.398,38.229],[-1.402,38.225],[-1.408,38.224],[-1.408,38.217],[-1.409,38.213],[-1.425,38.213],[-1.425,38.212],[-1.441,38.212],[-1.442,38.205],[-1.449,38.2],[-1.454,38.2],[-1.454,38.236],[-1.45,38.239],[-1.45,38.246]]]}},{"type":"Feature","properties":{"id":"HG216080509","idx":412,"name":"Río Segura — tramo 5 de 6","river":"Río Segura","town":null,"kind":"hybas_group","area_km2":286.6,"up_area_km2":7422.3,"next":"H2120681620","terminal_unit":"H2120684020","terminal":"sea","drains_to_sea":true,"n_upstream":25,"outlet":[-1.4479,38.2437],"outlet_how":"hydrorivers","label":[-1.5343,38.2915],"source":"HydroBASINS v1c level 12, grouped at Pfafstetter level 9"},"geometry":{"type":"Polygon","coordinates":[[[-1.467,38.442],[-1.467,38.421],[-1.463,38.42],[-1.463,38.414],[-1.466,38.411],[-1.467,38.403],[-1.467,38.388],[-1.472,38.384],[-1.478,38.383],[-1.484,38.376],[-1.492,38.374],[-1.487,38.367],[-1.487,38.364],[-1.48,38.358],[-1.48,38.356],[-1.475,38.352],[-1.475,38.348],[-1.466,38.34],[-1.463,38.335],[-1.454,38.327],[-1.454,38.3],[-1.455,38.293],[-1.458,38.29],[-1.459,38.276],[-1.462,38.274],[-1.462,38.251],[-1.456,38.25],[-1.454,38.246],[-1.45,38.246],[-1.45,38.239],[-1.454,38.236],[-1.454,38.2],[-1.455,38.196],[-1.47,38.196],[-1.477,38.192],[-1.483,38.191],[-1.485,38.183],[-1.491,38.178],[-1.492,38.167],[-1.497,38.163],[-1.504,38.162],[-1.504,38.142],[-1.508,38.143],[-1.509,38.149],[-1.512,38.151],[-1.513,38.158],[-1.524,38.159],[-1.531,38.167],[-1.533,38.167],[-1.534,38.178],[-1.538,38.183],[-1.538,38.187],[-1.542,38.187],[-1.547,38.19],[-1.554,38.197],[-1.554,38.205],[-1.559,38.212],[-1.569,38.213],[-1.576,38.219],[-1.581,38.225],[-1.587,38.226],[-1.588,38.232],[-1.593,38.234],[-1.6,38.229],[-1.6,38.239],[-1.604,38.243],[-1.604,38.27],[-1.605,38.278],[-1.612,38.289],[-1.613,38.303],[-1.617,38.304],[-1.616,38.307],[-1.611,38.312],[-1.583,38.312],[-1.584,38.316],[-1.596,38.327],[-1.596,38.333],[-1.595,38.345],[-1.585,38.354],[-1.582,38.358],[-1.56,38.379],[-1.558,38.387],[-1.546,38.388],[-1.546,38.39],[-1.537,38.398],[-1.538,38.403],[-1.541,38.405],[-1.541,38.412],[-1.538,38.415],[-1.531,38.417],[-1.526,38.421],[-1.521,38.422],[-1.52,38.429],[-1.509,38.429],[-1.505,38.43],[-1.503,38.433],[-1.499,38.433],[-1.494,38.437],[-1.481,38.438],[-1.478,38.441],[-1.467,38.442]]]}},{"type":"Feature","properties":{"id":"H2120692690","idx":413,"name":"Río Guadalentín (Lorca)","river":"Río Guadalentín","town":"Lorca","kind":"hybas","area_km2":100.2,"up_area_km2":1892.3,"next":"HG216080430","terminal_unit":"H2120684020","terminal":"sea","drains_to_sea":true,"n_upstream":8,"outlet":[-1.5688,37.6979],"outlet_how":"hydrorivers","label":[-1.6584,37.7065],"source":"HydroBASINS v1c level 12"},"geometry":{"type":"Polygon","coordinates":[[[-1.621,37.75],[-1.62,37.747],[-1.611,37.739],[-1.606,37.732],[-1.596,37.723],[-1.596,37.713],[-1.595,37.709],[-1.591,37.705],[-1.586,37.704],[-1.572,37.704],[-1.571,37.696],[-1.571,37.692],[-1.576,37.688],[-1.582,37.687],[-1.586,37.683],[-1.59,37.683],[-1.594,37.679],[-1.599,37.679],[-1.602,37.675],[-1.607,37.675],[-1.614,37.667],[-1.624,37.667],[-1.628,37.666],[-1.63,37.663],[-1.656,37.663],[-1.656,37.662],[-1.681,37.662],[-1.684,37.666],[-1.69,37.667],[-1.694,37.671],[-1.699,37.671],[-1.702,37.675],[-1.719,37.675],[-1.722,37.671],[-1.743,37.671],[-1.747,37.667],[-1.754,37.667],[-1.754,37.686],[-1.75,37.689],[-1.75,37.7],[-1.747,37.7],[-1.744,37.696],[-1.726,37.696],[-1.724,37.708],[-1.717,37.71],[-1.716,37.717],[-1.709,37.721],[-1.706,37.721],[-1.701,37.727],[-1.696,37.73],[-1.69,37.737],[-1.685,37.738],[-1.683,37.741],[-1.676,37.746],[-1.673,37.746],[-1.669,37.75],[-1.653,37.75],[-1.641,37.743],[-1.638,37.743],[-1.635,37.747],[-1.629,37.75],[-1.621,37.75]]]}},{"type":"Feature","properties":{"id":"HG216080440","idx":414,"name":"Rambla de Biznaga","river":"Rambla de Biznaga","town":null,"kind":"hybas_group","area_km2":406.1,"up_area_km2":406.1,"next":"HG216080430","terminal_unit":"H2120684020","terminal":"sea","drains_to_sea":true,"n_upstream":0,"outlet":[-1.5688,37.6979],"outlet_how":"hydrorivers","label":[-1.7166,37.598],"source":"HydroBASINS v1c level 12, grouped at Pfafstetter level 9"},"geometry":{"type":"Polygon","coordinates":[[[-1.971,37.637],[-1.97,37.641],[-1.961,37.642],[-1.947,37.642],[-1.945,37.645],[-1.935,37.646],[-1.93,37.649],[-1.923,37.642],[-1.918,37.641],[-1.914,37.638],[-1.912,37.641],[-1.906,37.645],[-1.902,37.65],[-1.898,37.65],[-1.891,37.663],[-1.884,37.663],[-1.88,37.666],[-1.878,37.663],[-1.867,37.663],[-1.867,37.662],[-1.855,37.662],[-1.852,37.658],[-1.839,37.658],[-1.834,37.659],[-1.832,37.662],[-1.826,37.658],[-1.822,37.658],[-1.815,37.65],[-1.81,37.65],[-1.803,37.658],[-1.793,37.658],[-1.788,37.659],[-1.786,37.662],[-1.772,37.663],[-1.77,37.666],[-1.754,37.667],[-1.747,37.667],[-1.743,37.671],[-1.722,37.671],[-1.719,37.675],[-1.702,37.675],[-1.699,37.671],[-1.694,37.671],[-1.69,37.667],[-1.684,37.666],[-1.681,37.662],[-1.656,37.662],[-1.656,37.663],[-1.63,37.663],[-1.628,37.666],[-1.624,37.667],[-1.614,37.667],[-1.607,37.675],[-1.602,37.675],[-1.599,37.679],[-1.594,37.679],[-1.59,37.683],[-1.586,37.683],[-1.582,37.687],[-1.576,37.688],[-1.571,37.692],[-1.571,37.696],[-1.567,37.695],[-1.559,37.686],[-1.558,37.677],[-1.554,37.673],[-1.554,37.669],[-1.559,37.664],[-1.558,37.656],[-1.554,37.652],[-1.554,37.648],[-1.558,37.644],[-1.557,37.642],[-1.55,37.641],[-1.549,37.638],[-1.534,37.624],[-1.532,37.616],[-1.525,37.613],[-1.526,37.609],[-1.532,37.608],[-1.537,37.604],[-1.544,37.604],[-1.548,37.6],[-1.552,37.6],[-1.556,37.596],[-1.562,37.595],[-1.569,37.588],[-1.571,37.583],[-1.571,37.578],[-1.566,37.572],[-1.567,37.559],[-1.578,37.558],[-1.58,37.551],[-1.583,37.546],[-1.587,37.545],[-1.589,37.542],[-1.603,37.541],[-1.608,37.537],[-1.609,37.53],[-1.619,37.529],[-1.626,37.537],[-1.635,37.538],[-1.643,37.53],[-1.65,37.527],[-1.65,37.519],[-1.653,37.517],[-1.659,37.509],[-1.665,37.504],[-1.669,37.504],[-1.675,37.5],[-1.675,37.503],[-1.694,37.521],[-1.703,37.521],[-1.712,37.531],[-1.721,37.539],[-1.727,37.546],[-1.732,37.546],[-1.735,37.55],[-1.748,37.55],[-1.751,37.554],[-1.756,37.554],[-1.76,37.558],[-1.776,37.558],[-1.782,37.559],[-1.784,37.562],[-1.796,37.562],[-1.797,37.566],[-1.807,37.567],[-1.813,37.574],[-1.82,37.58],[-1.821,37.588],[-1.849,37.588],[-1.851,37.591],[-1.857,37.592],[-1.874,37.592],[-1.881,37.6],[-1.894,37.6],[-1.897,37.604],[-1.902,37.604],[-1.905,37.608],[-1.922,37.608],[-1.928,37.609],[-1.934,37.616],[-1.945,37.617],[-1.948,37.621],[-1.953,37.621],[-1.956,37.625],[-1.961,37.625],[-1.963,37.622],[-1.971,37.627],[-1.971,37.637]]]}},{"type":"Feature","properties":{"id":"H2120681380","idx":415,"name":"Río Segura — tramo 4 de 6","river":"Río Segura","town":null,"kind":"hybas","area_km2":63.0,"up_area_km2":6291.6,"next":"HG216080509","terminal_unit":"H2120684020","terminal":"sea","drains_to_sea":true,"n_upstream":18,"outlet":[-1.5979,38.2354],"outlet_how":"hydrorivers","label":[-1.6728,38.264],"source":"HydroBASINS v1c level 12","merged_names":[null]},"geometry":{"type":"Polygon","coordinates":[[[-1.717,38.233],[-1.717,38.253],[-1.72,38.255],[-1.722,38.262],[-1.736,38.262],[-1.741,38.258],[-1.742,38.262],[-1.741,38.266],[-1.734,38.272],[-1.733,38.275],[-1.697,38.275],[-1.694,38.271],[-1.681,38.271],[-1.675,38.277],[-1.675,38.282],[-1.67,38.287],[-1.659,38.288],[-1.657,38.291],[-1.651,38.292],[-1.648,38.296],[-1.643,38.296],[-1.64,38.3],[-1.627,38.3],[-1.624,38.304],[-1.617,38.304],[-1.613,38.303],[-1.612,38.289],[-1.605,38.278],[-1.604,38.27],[-1.604,38.243],[-1.6,38.239],[-1.6,38.229],[-1.603,38.229],[-1.606,38.225],[-1.615,38.225],[-1.618,38.229],[-1.642,38.229],[-1.656,38.229],[-1.656,38.23],[-1.67,38.23],[-1.671,38.24],[-1.675,38.245],[-1.683,38.245],[-1.683,38.242],[-1.691,38.241],[-1.699,38.233],[-1.703,38.233],[-1.706,38.229],[-1.711,38.229],[-1.714,38.233],[-1.717,38.233]]]}},{"type":"Feature","properties":{"id":"H2120681480","idx":416,"name":"Río Quipar","river":"Río Quipar","town":null,"kind":"hybas","area_km2":130.4,"up_area_km2":844.2,"next":"HG216080509","terminal_unit":"H2120684020","terminal":"sea","drains_to_sea":true,"n_upstream":5,"outlet":[-1.5979,38.2354],"outlet_how":"hydrorivers","label":[-1.5775,38.1605],"source":"HydroBASINS v1c level 12"},"geometry":{"type":"Polygon","coordinates":[[[-1.65,38.208],[-1.642,38.209],[-1.642,38.229],[-1.618,38.229],[-1.615,38.225],[-1.606,38.225],[-1.603,38.229],[-1.6,38.229],[-1.593,38.234],[-1.588,38.232],[-1.587,38.226],[-1.581,38.225],[-1.576,38.219],[-1.569,38.213],[-1.559,38.212],[-1.554,38.205],[-1.554,38.197],[-1.547,38.19],[-1.542,38.187],[-1.538,38.187],[-1.538,38.183],[-1.534,38.178],[-1.533,38.167],[-1.531,38.167],[-1.524,38.159],[-1.513,38.158],[-1.512,38.151],[-1.509,38.149],[-1.508,38.143],[-1.504,38.142],[-1.504,38.135],[-1.5,38.132],[-1.494,38.125],[-1.489,38.125],[-1.484,38.12],[-1.483,38.117],[-1.489,38.113],[-1.499,38.112],[-1.501,38.109],[-1.515,38.108],[-1.518,38.105],[-1.523,38.104],[-1.539,38.104],[-1.543,38.108],[-1.554,38.108],[-1.56,38.109],[-1.563,38.105],[-1.568,38.104],[-1.582,38.104],[-1.584,38.096],[-1.595,38.096],[-1.6,38.093],[-1.605,38.092],[-1.61,38.088],[-1.621,38.088],[-1.621,38.115],[-1.625,38.119],[-1.625,38.123],[-1.621,38.127],[-1.622,38.14],[-1.629,38.148],[-1.629,38.158],[-1.63,38.162],[-1.633,38.164],[-1.634,38.17],[-1.637,38.172],[-1.638,38.183],[-1.642,38.183],[-1.642,38.188],[-1.645,38.188],[-1.65,38.193],[-1.65,38.208]]]}},{"type":"Feature","properties":{"id":"H2121244650","idx":417,"name":"Río Quípar (Bullas)","river":"Río Quípar","town":"Bullas","kind":"hybas","area_km2":146.4,"up_area_km2":713.7,"next":"H2120681480","terminal_unit":"H2120684020","terminal":"sea","drains_to_sea":true,"n_upstream":4,"outlet":[-1.6521,38.1687],"outlet_how":"hydrorivers","label":[-1.6834,38.1135],"source":"HydroBASINS v1c level 12"},"geometry":{"type":"Polygon","coordinates":[[[-1.758,38.025],[-1.756,38.025],[-1.743,38.039],[-1.738,38.042],[-1.741,38.049],[-1.738,38.051],[-1.738,38.065],[-1.737,38.065],[-1.737,38.078],[-1.73,38.084],[-1.729,38.095],[-1.733,38.096],[-1.733,38.101],[-1.743,38.112],[-1.746,38.112],[-1.745,38.117],[-1.735,38.125],[-1.728,38.125],[-1.725,38.128],[-1.725,38.135],[-1.721,38.139],[-1.721,38.146],[-1.717,38.152],[-1.716,38.157],[-1.713,38.16],[-1.712,38.166],[-1.705,38.167],[-1.7,38.173],[-1.7,38.177],[-1.697,38.181],[-1.688,38.188],[-1.676,38.196],[-1.67,38.198],[-1.665,38.204],[-1.661,38.204],[-1.657,38.208],[-1.65,38.208],[-1.65,38.193],[-1.645,38.188],[-1.642,38.188],[-1.642,38.183],[-1.638,38.183],[-1.637,38.172],[-1.634,38.17],[-1.633,38.164],[-1.63,38.162],[-1.629,38.158],[-1.629,38.148],[-1.622,38.14],[-1.621,38.127],[-1.625,38.123],[-1.625,38.119],[-1.621,38.115],[-1.621,38.088],[-1.625,38.086],[-1.631,38.079],[-1.641,38.07],[-1.642,38.06],[-1.646,38.055],[-1.657,38.054],[-1.659,38.051],[-1.666,38.049],[-1.667,38.043],[-1.672,38.038],[-1.682,38.037],[-1.685,38.034],[-1.698,38.033],[-1.703,38.029],[-1.71,38.029],[-1.713,38.032],[-1.72,38.029],[-1.727,38.029],[-1.732,38.033],[-1.734,38.03],[-1.744,38.021],[-1.754,38.021],[-1.757,38.02],[-1.758,38.025]]]}},{"type":"Feature","properties":{"id":"H2120692730","idx":418,"name":"Río Guadalentín","river":"Río Guadalentín","town":null,"kind":"hybas","area_km2":117.4,"up_area_km2":1551.7,"next":"H2120692690","terminal_unit":"H2120684020","terminal":"sea","drains_to_sea":true,"n_upstream":6,"outlet":[-1.7479,37.6937],"outlet_how":"hydrorivers","label":[-1.791,37.733],"source":"HydroBASINS v1c level 12"},"geometry":{"type":"Polygon","coordinates":[[[-1.837,37.742],[-1.837,37.749],[-1.831,37.75],[-1.821,37.761],[-1.817,37.763],[-1.817,37.773],[-1.816,37.778],[-1.813,37.78],[-1.808,37.789],[-1.812,37.793],[-1.812,37.812],[-1.792,37.812],[-1.791,37.804],[-1.787,37.801],[-1.781,37.8],[-1.779,37.794],[-1.771,37.786],[-1.77,37.78],[-1.767,37.778],[-1.767,37.768],[-1.773,37.763],[-1.779,37.755],[-1.773,37.754],[-1.765,37.746],[-1.761,37.746],[-1.75,37.736],[-1.747,37.73],[-1.75,37.727],[-1.75,37.723],[-1.755,37.718],[-1.754,37.706],[-1.75,37.7],[-1.75,37.689],[-1.754,37.686],[-1.754,37.667],[-1.77,37.666],[-1.772,37.663],[-1.786,37.662],[-1.788,37.659],[-1.793,37.658],[-1.803,37.658],[-1.81,37.65],[-1.815,37.65],[-1.822,37.658],[-1.826,37.658],[-1.832,37.662],[-1.834,37.659],[-1.839,37.658],[-1.852,37.658],[-1.855,37.662],[-1.867,37.662],[-1.867,37.663],[-1.878,37.663],[-1.88,37.666],[-1.884,37.663],[-1.891,37.663],[-1.888,37.668],[-1.887,37.674],[-1.884,37.676],[-1.883,37.687],[-1.868,37.688],[-1.863,37.692],[-1.862,37.703],[-1.859,37.705],[-1.858,37.711],[-1.853,37.715],[-1.85,37.72],[-1.844,37.721],[-1.841,37.724],[-1.834,37.726],[-1.833,37.741],[-1.837,37.742]]]}},{"type":"Feature","properties":{"id":"H2120692680","idx":419,"name":"Rambla de Torrealvilla","river":"Rambla de Torrealvilla","town":null,"kind":"hybas","area_km2":240.5,"up_area_km2":240.5,"next":"H2120692690","terminal_unit":"H2120684020","terminal":"sea","drains_to_sea":true,"n_upstream":0,"outlet":[-1.7479,37.6937],"outlet_how":"hydrorivers","label":[-1.7143,37.808],"source":"HydroBASINS v1c level 12"},"geometry":{"type":"Polygon","coordinates":[[[-1.812,37.812],[-1.812,37.817],[-1.808,37.826],[-1.808,37.836],[-1.804,37.839],[-1.804,37.844],[-1.808,37.847],[-1.808,37.85],[-1.804,37.851],[-1.8,37.857],[-1.799,37.862],[-1.792,37.864],[-1.792,37.867],[-1.784,37.876],[-1.783,37.882],[-1.779,37.887],[-1.779,37.894],[-1.773,37.896],[-1.76,37.896],[-1.756,37.9],[-1.752,37.9],[-1.748,37.904],[-1.741,37.904],[-1.734,37.909],[-1.722,37.908],[-1.718,37.904],[-1.717,37.9],[-1.713,37.901],[-1.712,37.912],[-1.7,37.913],[-1.699,37.909],[-1.689,37.908],[-1.687,37.905],[-1.679,37.903],[-1.679,37.899],[-1.683,37.894],[-1.684,37.889],[-1.691,37.882],[-1.691,37.88],[-1.686,37.876],[-1.679,37.868],[-1.671,37.865],[-1.67,37.859],[-1.635,37.859],[-1.635,37.858],[-1.621,37.858],[-1.621,37.852],[-1.628,37.846],[-1.631,37.841],[-1.638,37.835],[-1.638,37.816],[-1.637,37.816],[-1.637,37.797],[-1.634,37.795],[-1.633,37.786],[-1.633,37.773],[-1.626,37.765],[-1.621,37.761],[-1.62,37.755],[-1.617,37.751],[-1.621,37.75],[-1.629,37.75],[-1.635,37.747],[-1.638,37.743],[-1.641,37.743],[-1.653,37.75],[-1.669,37.75],[-1.673,37.746],[-1.676,37.746],[-1.683,37.741],[-1.685,37.738],[-1.69,37.737],[-1.696,37.73],[-1.701,37.727],[-1.706,37.721],[-1.709,37.721],[-1.716,37.717],[-1.717,37.71],[-1.724,37.708],[-1.726,37.696],[-1.744,37.696],[-1.747,37.7],[-1.75,37.7],[-1.754,37.706],[-1.755,37.718],[-1.75,37.723],[-1.75,37.727],[-1.747,37.73],[-1.75,37.736],[-1.761,37.746],[-1.765,37.746],[-1.773,37.754],[-1.779,37.755],[-1.773,37.763],[-1.767,37.768],[-1.767,37.778],[-1.77,37.78],[-1.771,37.786],[-1.779,37.794],[-1.781,37.8],[-1.787,37.801],[-1.791,37.804],[-1.792,37.812],[-1.812,37.812]]]}}]}