{"type":"FeatureCollection","name":"Riuà rivers and ravines","attribution":"© Confederación Hidrográfica del Júcar; CEDEX/DGA-MITECO; © OpenStreetMap contributors (ODbL)","features":[{"type":"Feature","geometry":{"type":"LineString","coordinates":[[-1.7182,40.2777],[-1.723,40.2763],[-1.7267,40.2793],[-1.7306,40.2781],[-1.7359,40.2796],[-1.7528,40.2889],[-1.7611,40.2909],[-1.7678,40.2992],[-1.7728,40.3099],[-1.7791,40.3123],[-1.7829,40.3176],[-1.7905,40.3205],[-1.7928,40.3251],[-1.7991,40.325],[-1.8137,40.3177]]},"properties":{"name":"Arroyo Almagrero","kind":"arroyo","length_km":11.1,"source":"CHJ PHJ 2022-2027 masas de agua superficial (río)"}},{"type":"Feature","geometry":{"type":"LineString","coordinates":[[-2.0228,40.1336],[-2.0342,40.1279],[-2.0365,40.1195],[-2.0389,40.1205],[-2.0414,40.1183],[-2.0433,40.1204],[-2.0488,40.1187],[-2.0489,40.1162],[-2.0517,40.115],[-2.0543,40.1162],[-2.0545,40.1132],[-2.0618,40.1146],[-2.0625,40.1117],[-2.0686,40.1122],[-2.0685,40.1093],[-2.0716,40.1102],[-2.0719,40.1068],[-2.0751,40.1069],[-2.0762,40.1042],[-2.0861,40.1002],[-2.0965,40.1035],[-2.1011,40.1014],[-2.1032,40.103],[-2.1013,40.104],[-2.1052,40.1039],[-2.1058,40.1066],[-2.1107,40.1079],[-2.1096,40.109],[-2.1111,40.1101],[-2.1146,40.1083],[-2.1174,40.1134],[-2.1202,40.1112],[-2.1319,40.1106]]},"properties":{"name":"Arroyo de Bonilla","kind":"arroyo","length_km":14.2,"source":"CHJ PHJ 2022-2027 masas de agua superficial (río)"}},{"type":"Feature","geometry":{"type":"LineString","coordinates":[[-1.7484,39.4375],[-1.7455,39.4233],[-1.7505,39.4097],[-1.7486,39.4032],[-1.7502,39.3964],[-1.7453,39.3897],[-1.7328,39.3852],[-1.7319,39.3776],[-1.7352,39.3723],[-1.7341,39.3669],[-1.716,39.3611],[-1.7113,39.3562],[-1.705,39.3596],[-1.7004,39.3557],[-1.6949,39.3565],[-1.6959,39.3512],[-1.6928,39.3483],[-1.6969,39.345],[-1.6928,39.3378],[-1.6843,39.3331],[-1.6805,39.3348],[-1.6781,39.3324],[-1.6827,39.3267],[-1.6803,39.3223],[-1.6888,39.322],[-1.6879,39.3187],[-1.6852,39.3173],[-1.6716,39.32],[-1.6641,39.3237],[-1.6627,39.3216],[-1.6657,39.3189],[-1.6674,39.3127],[-1.6628,39.3083],[-1.6535,39.3073],[-1.6513,39.3038],[-1.6542,39.299],[-1.6531,39.2978],[-1.6496,39.2971],[-1.6439,39.3045],[-1.6412,39.3048],[-1.6374,39.2993],[-1.6416,39.2969],[-1.6416,39.2942],[-1.6382,39.2936],[-1.6332,39.2965],[-1.6322,39.2895],[-1.6237,39.2912],[-1.6207,39.2898],[-1.6184,39.2851],[-1.6095,39.2834],[-1.6129,39.2758],[-1.6115,39.2738],[-1.608,39.2731],[-1.6012,39.2755],[-1.5954,39.2691],[-1.5933,39.2727],[-1.5899,39.2732],[-1.588,39.2707],[-1.576,39.2693],[-1.5751,39.2653],[-1.5691,39.2639],[-1.566,39.2578],[-1.5575,39.2535],[-1.5562,39.247],[-1.5515,39.2462],[-1.5477,39.2403],[-1.5533,39.2335],[-1.5583,39.2324],[-1.5601,39.23],[-1.5563,39.2266],[-1.5485,39.2284],[-1.5455,39.2244],[-1.5465,39.2212],[-1.5515,39.2205],[-1.5483,39.2152],[-1.5487,39.2123],[-1.552,39.2102],[-1.5488,39.209],[-1.5464,39.2048],[-1.5479,39.1983],[-1.5404,39.1985],[-1.5431,39.1946],[-1.5372,39.1939],[-1.5375,39.19],[-1.5331,39.1923],[-1.5309,39.1862],[-1.5251,39.1816],[-1.5248,39.1761],[-1.5212,39.1788],[-1.5177,39.178]]},"properties":{"name":"Arroyo de Ledaña","kind":"arroyo","length_km":54.5,"source":"CHJ PHJ 2022-2027 masas de agua superficial (río)"}},{"type":"Feature","geometry":{"type":"MultiLineString","coordinates":[[[-2.0333,39.552],[-2.0355,39.5502],[-2.0383,39.552],[-2.0375,39.5494],[-2.0425,39.5451],[-2.0389,39.5432],[-2.0418,39.5396],[-2.0323,39.5366],[-2.038,39.5328],[-2.0428,39.5203],[-2.0457,39.5186],[-2.0511,39.5084],[-2.0551,39.5054],[-2.0579,39.5092],[-2.0613,39.5084]],[[-2.0482,39.5936],[-2.0529,39.5882],[-2.0462,39.585],[-2.0436,39.5808],[-2.0437,39.5772],[-2.0378,39.57],[-2.0393,39.5656],[-2.0461,39.5648],[-2.0359,39.5592],[-2.0409,39.5581],[-2.0378,39.5573],[-2.0333,39.552]],[[-1.9925,39.6933],[-1.9938,39.6873],[-2.0063,39.6785],[-2.005,39.673],[-2.0069,39.6717],[-2.0042,39.6708],[-2.005,39.6681],[-2.0002,39.6676],[-1.9972,39.6703],[-1.9946,39.666],[-1.998,39.6648],[-1.9942,39.6617],[-1.9891,39.6629],[-1.9886,39.6654],[-1.9821,39.6668],[-1.9824,39.6641],[-1.9782,39.6602],[-1.9798,39.6582],[-1.9766,39.6582],[-1.9759,39.6557],[-1.9713,39.6576],[-1.9672,39.6531],[-1.964,39.6545],[-1.9645,39.6513],[-1.9612,39.6501],[-1.9605,39.6476],[-1.9662,39.6488],[-1.9653,39.6468],[-1.9724,39.6473],[-1.9686,39.6423],[-1.9757,39.6404],[-1.9702,39.6332],[-1.9728,39.6334],[-1.9781,39.6289],[-1.9731,39.6266],[-1.9745,39.6238],[-1.9715,39.6212],[-1.9758,39.6179],[-1.9742,39.6159],[-1.9781,39.614],[-1.9802,39.608],[-1.984,39.6074],[-1.9829,39.6026],[-1.98,39.6019],[-1.9821,39.5927],[-1.9794,39.5887],[-1.9862,39.5854],[-1.9849,39.5834],[-1.9863,39.5816],[-1.9829,39.5788],[-1.9859,39.572],[-2.0,39.5597],[-2.0333,39.552]]]},"properties":{"name":"Arroyo de Valhermoso","kind":"arroyo","length_km":43.4,"source":"CHJ PHJ 2022-2027 masas de agua superficial (río)"}},{"type":"Feature","geometry":{"type":"LineString","coordinates":[[-1.9243,39.7869],[-1.9217,39.7869],[-1.9111,39.7792],[-1.8901,39.7801],[-1.8877,39.7777],[-1.8814,39.7774],[-1.8735,39.774],[-1.873,39.7693],[-1.8667,39.7645],[-1.8654,39.7653],[-1.8667,39.7674],[-1.8613,39.7689],[-1.859,39.7656],[-1.8639,39.7638],[-1.8583,39.7619],[-1.8578,39.7584],[-1.8599,39.7575],[-1.8578,39.7548],[-1.8465,39.7576],[-1.8442,39.7548],[-1.8424,39.7572],[-1.8426,39.7543],[-1.8332,39.7496],[-1.8317,39.7461],[-1.8285,39.7491],[-1.8211,39.7439],[-1.8156,39.7425],[-1.8051,39.7301],[-1.7974,39.7283],[-1.7961,39.7266],[-1.7976,39.7231],[-1.7942,39.7231],[-1.793,39.7206],[-1.7891,39.7232],[-1.7834,39.7231],[-1.7773,39.7208],[-1.7649,39.7198],[-1.7618,39.7169],[-1.7545,39.7219],[-1.7428,39.7228],[-1.7365,39.7164],[-1.7371,39.7112],[-1.7346,39.7098],[-1.7352,39.7035],[-1.7271,39.7067],[-1.7248,39.7055],[-1.7237,39.7013],[-1.7144,39.7062],[-1.7041,39.7039],[-1.7014,39.7085]]},"properties":{"name":"Arroyo de la Vega","kind":"arroyo","length_km":29.4,"source":"CHJ PHJ 2022-2027 masas de agua superficial (río)"}},{"type":"Feature","geometry":{"type":"LineString","coordinates":[[-2.364,39.7059],[-2.3508,39.699],[-2.3504,39.6883],[-2.3468,39.6863],[-2.3354,39.6878],[-2.3277,39.6805],[-2.3175,39.6842],[-2.3101,39.6839],[-2.3061,39.6875]]},"properties":{"name":"Arroyo del Molinillo","kind":"arroyo","length_km":7.1,"source":"CHJ PHJ 2022-2027 masas de agua superficial (río)"}},{"type":"Feature","geometry":{"type":"LineString","coordinates":[[-0.4738,39.3523],[-0.461,39.3561],[-0.4539,39.3625],[-0.4498,39.3741],[-0.4324,39.3837],[-0.424,39.3839],[-0.4168,39.3818],[-0.4075,39.3837],[-0.3797,39.3774],[-0.371,39.374],[-0.3551,39.3587]]},"properties":{"name":"Barranco Picassent","kind":"barranco","length_km":13.0,"source":"CHJ PHJ 2022-2027 masas de agua superficial (río)"}},{"type":"Feature","geometry":{"type":"LineString","coordinates":[[0.3101,40.5192],[0.3157,40.5212],[0.3147,40.5292],[0.3205,40.5365],[0.3234,40.5348],[0.3264,40.5368],[0.3295,40.5359],[0.3357,40.5378],[0.3338,40.5277],[0.3384,40.526],[0.3371,40.5245],[0.3405,40.5214],[0.3393,40.5201],[0.3414,40.5139],[0.3499,40.5102],[0.354,40.5113],[0.3691,40.4981],[0.3695,40.4937],[0.375,40.4952],[0.3765,40.4926],[0.3747,40.4895],[0.3828,40.492],[0.3896,40.4909],[0.3938,40.4877],[0.3975,40.4875],[0.3997,40.4832],[0.404,40.4812],[0.4101,40.4814],[0.4168,40.4788],[0.4214,40.4758],[0.422,40.4718],[0.4263,40.4705],[0.428,40.4658],[0.4328,40.4627],[0.4317,40.46],[0.4395,40.449],[0.4468,40.448],[0.4536,40.4427]]},"properties":{"name":"Barranco de Agua Oliva","kind":"barranco","length_km":21.6,"source":"CHJ PHJ 2022-2027 masas de agua superficial (río)"}},{"type":"Feature","geometry":{"type":"LineString","coordinates":[[-0.7229,39.3145],[-0.7189,39.3162],[-0.7188,39.3198],[-0.7127,39.3177],[-0.7124,39.3212],[-0.7089,39.3207],[-0.7092,39.3232],[-0.7068,39.3255],[-0.6893,39.3311],[-0.6814,39.3289],[-0.6821,39.3258],[-0.6755,39.3244],[-0.6745,39.3221],[-0.6519,39.3181],[-0.6414,39.3108],[-0.6277,39.3154],[-0.6251,39.3126],[-0.6156,39.3096],[-0.6109,39.3168],[-0.6033,39.3185],[-0.6054,39.3242],[-0.6016,39.3291],[-0.6008,39.3342],[-0.5986,39.3345]]},"properties":{"name":"Barranco de Algoder","kind":"barranco","length_km":15.7,"source":"CHJ PHJ 2022-2027 masas de agua superficial (río)"}},{"type":"Feature","geometry":{"type":"MultiLineString","coordinates":[[[-0.458,39.1178],[-0.4547,39.1219],[-0.4525,39.1304],[-0.4452,39.1382],[-0.4415,39.1468]],[[-0.4547,39.0542],[-0.4596,39.054],[-0.4635,39.0572],[-0.4618,39.0586],[-0.4668,39.0621],[-0.4678,39.0684],[-0.4732,39.0721],[-0.4702,39.0764],[-0.4757,39.0779],[-0.4722,39.0833],[-0.4689,39.0847],[-0.4723,39.0885],[-0.4652,39.0946],[-0.4672,39.0987],[-0.4645,39.1011],[-0.4656,39.1066],[-0.4674,39.1069],[-0.4669,39.114],[-0.458,39.1178]],[[-0.4562,39.1164],[-0.458,39.1178]]]},"properties":{"name":"Barranco de Barxeta","kind":"barranco","length_km":13.6,"source":"CHJ PHJ 2022-2027 masas de agua superficial (río)"}},{"type":"Feature","geometry":{"type":"LineString","coordinates":[[-0.0873,38.8478],[-0.081,38.8516],[-0.0791,38.8565],[-0.0737,38.8603],[-0.0632,38.8526],[-0.0568,38.8534]]},"properties":{"name":"Barranco de Benigànim","kind":"barranco","length_km":3.7,"source":"CHJ PHJ 2022-2027 masas de agua superficial (río)"}},{"type":"Feature","geometry":{"type":"LineString","coordinates":[[-0.2354,38.9856],[-0.2181,38.9831],[-0.211,38.9766],[-0.1929,38.9696],[-0.1848,38.9733],[-0.1812,38.9776],[-0.1814,38.98],[-0.1765,38.9824],[-0.1758,38.9852],[-0.1689,38.9858],[-0.1611,38.9924]]},"properties":{"name":"Barranco de Beniopa","kind":"barranco","length_km":8.3,"source":"CHJ PHJ 2022-2027 masas de agua superficial (río)"}},{"type":"Feature","geometry":{"type":"LineString","coordinates":[[-0.8304,38.94],[-0.8209,38.9431],[-0.8171,38.9402],[-0.8164,38.9433],[-0.8104,38.9408],[-0.8111,38.9392],[-0.8086,38.9403],[-0.8029,38.9376],[-0.8022,38.9352],[-0.7948,38.9347],[-0.7928,38.9364],[-0.7924,38.931],[-0.7892,38.931],[-0.7899,38.9284],[-0.7859,38.9278],[-0.7849,38.9239],[-0.7812,38.9239],[-0.782,38.922],[-0.779,38.9207],[-0.7789,38.9185],[-0.7725,38.9176],[-0.7696,38.9204],[-0.767,38.9167],[-0.76,38.9169],[-0.7612,38.9145],[-0.7569,38.914],[-0.7578,38.9107],[-0.7542,38.9134],[-0.7529,38.9116],[-0.7499,38.9126],[-0.7448,38.9094],[-0.746,38.907],[-0.741,38.9051],[-0.7411,38.9025],[-0.7385,38.901],[-0.7352,38.9031],[-0.7266,38.8941],[-0.7226,38.8925]]},"properties":{"name":"Barranco de Boquella","kind":"barranco","length_km":15.5,"source":"CHJ PHJ 2022-2027 masas de agua superficial (río)"}},{"type":"Feature","geometry":{"type":"MultiLineString","coordinates":[[[-0.0488,40.1374],[-0.072,40.1354],[-0.0753,40.1399],[-0.0848,40.142],[-0.0854,40.1465],[-0.0881,40.1481],[-0.1048,40.1353]],[[-0.0274,40.1293],[-0.0459,40.1375],[-0.0488,40.1374]],[[0.0427,40.1917],[0.0445,40.183],[0.0395,40.1796],[0.0348,40.1791],[0.0341,40.1704],[0.0294,40.1682],[0.0263,40.1628],[0.028,40.1569],[0.0268,40.1539],[0.0128,40.1525],[0.0087,40.1485],[-0.0015,40.1463],[-0.0132,40.1479],[-0.0198,40.1439],[-0.0353,40.1437],[-0.0488,40.1374]]]},"properties":{"name":"Barranco de Cabanes","kind":"barranco","length_km":20.4,"source":"CHJ PHJ 2022-2027 masas de agua superficial (río)"}},{"type":"Feature","geometry":{"type":"LineString","coordinates":[[-0.7259,40.315],[-0.7284,40.312],[-0.7319,40.2963],[-0.7378,40.2875]]},"properties":{"name":"Barranco de Fuendenarices","kind":"barranco","length_km":3.3,"source":"CHJ PHJ 2022-2027 masas de agua superficial (río)"}},{"type":"Feature","geometry":{"type":"MultiLineString","coordinates":[[[0.0144,38.8229],[0.0171,38.8291],[0.0223,38.8293],[0.0276,38.8357],[0.0312,38.836],[0.0311,38.8413],[0.0392,38.8446]],[[0.0392,38.8446],[0.0421,38.8472],[0.0404,38.8502],[0.0439,38.8606]],[[0.0417,38.8231],[0.0434,38.8251],[0.0357,38.8377],[0.0392,38.8446]]]},"properties":{"name":"Barranco de l'Alberca","kind":"barranco","length_km":8.3,"source":"CHJ PHJ 2022-2027 masas de agua superficial (río)"}},{"type":"Feature","geometry":{"type":"LineString","coordinates":[[-0.2907,38.7825],[-0.2948,38.7812],[-0.2977,38.7829],[-0.2992,38.7806],[-0.3047,38.7842],[-0.3041,38.7868],[-0.3184,38.7846],[-0.3214,38.7889],[-0.3156,38.7971],[-0.3162,38.8005],[-0.3259,38.7988],[-0.3317,38.8021],[-0.3376,38.8133],[-0.3418,38.8152],[-0.3441,38.8143],[-0.3459,38.8163],[-0.3436,38.8177],[-0.3464,38.8243]]},"properties":{"name":"Barranco de l'Encantada","kind":"barranco","length_km":9.9,"source":"CHJ PHJ 2022-2027 masas de agua superficial (río)"}},{"type":"Feature","geometry":{"type":"LineString","coordinates":[[0.3989,40.5462],[0.4036,40.5443],[0.4091,40.5386],[0.4253,40.5346],[0.4295,40.5282],[0.4457,40.5228],[0.4493,40.5181],[0.4694,40.509],[0.4819,40.4987],[0.4903,40.4982],[0.4943,40.4926]]},"properties":{"name":"Barranco de la Barbiguera","kind":"barranco","length_km":10.5,"source":"CHJ PHJ 2022-2027 masas de agua superficial (río)"}},{"type":"Feature","geometry":{"type":"MultiLineString","coordinates":[[[-0.4336,39.1411],[-0.4448,39.1487]],[[-0.3915,39.1113],[-0.4009,39.1147],[-0.4087,39.1234],[-0.4173,39.1272],[-0.4184,39.1301],[-0.4267,39.1359],[-0.4329,39.1363],[-0.4358,39.1386],[-0.4336,39.1411]],[[-0.4196,39.1327],[-0.4336,39.1411]]]},"properties":{"name":"Barranco de la Casella","kind":"barranco","length_km":8.3,"source":"CHJ PHJ 2022-2027 masas de agua superficial (río)"}},{"type":"Feature","geometry":{"type":"LineString","coordinates":[[-0.7164,40.0404],[-0.7151,40.0426],[-0.703,40.0471],[-0.7051,40.0501],[-0.7053,40.0612],[-0.7103,40.0638],[-0.7065,40.0661],[-0.7073,40.0703],[-0.6997,40.0676],[-0.696,40.0693],[-0.6932,40.0735],[-0.6688,40.07],[-0.6636,40.0715],[-0.6575,40.0668],[-0.6521,40.0668],[-0.6483,40.0643],[-0.6466,40.0669],[-0.6387,40.0677],[-0.6383,40.0691],[-0.6365,40.067],[-0.6354,40.0721],[-0.6316,40.07],[-0.6313,40.0733],[-0.6258,40.0757],[-0.6235,40.0738],[-0.6235,40.0691],[-0.62,40.0679],[-0.6113,40.0697],[-0.604,40.065],[-0.5953,40.0635],[-0.5875,40.0655],[-0.5738,40.0583],[-0.5625,40.0666],[-0.5487,40.0715],[-0.5443,40.0706],[-0.5408,40.0658],[-0.538,40.0695],[-0.5304,40.069],[-0.5251,40.0716]]},"properties":{"name":"Barranco de la Maymona","kind":"barranco","length_km":24.5,"source":"CHJ PHJ 2022-2027 masas de agua superficial (río)"}},{"type":"Feature","geometry":{"type":"LineString","coordinates":[[-0.6032,38.4175],[-0.5865,38.4086],[-0.577,38.4097],[-0.5728,38.4079],[-0.5621,38.3977],[-0.5602,38.3936],[-0.5531,38.3902],[-0.5433,38.3909],[-0.5327,38.3846],[-0.5336,38.3799],[-0.532,38.3774],[-0.5343,38.3727],[-0.5326,38.3587],[-0.5367,38.3538],[-0.5349,38.3527],[-0.5372,38.3489],[-0.5339,38.346],[-0.5345,38.3429],[-0.5312,38.339],[-0.523,38.3367],[-0.52,38.3329],[-0.508,38.3297]]},"properties":{"name":"Barranco de las Ovejas","kind":"barranco","length_km":15.7,"source":"CHJ PHJ 2022-2027 masas de agua superficial (río)"}},{"type":"Feature","geometry":{"type":"LineString","coordinates":[[-1.1063,39.1336],[-1.1006,39.1351],[-1.1003,39.1394],[-1.0942,39.1446],[-1.0918,39.1507],[-1.0877,39.1545],[-1.0893,39.1655],[-1.0878,39.1713],[-1.0834,39.1752],[-1.0814,39.1815],[-1.0842,39.1941],[-1.0771,39.1968]]},"properties":{"name":"Barranco del Agua","kind":"barranco","length_km":8.3,"source":"CHJ PHJ 2022-2027 masas de agua superficial (río)"}},{"type":"Feature","geometry":{"type":"MultiLineString","coordinates":[[[-0.5369,39.7125],[-0.5396,39.7067],[-0.5325,39.702],[-0.5316,39.6979],[-0.5262,39.6988],[-0.5271,39.6946],[-0.53,39.6936],[-0.5289,39.6906],[-0.5372,39.6872],[-0.5376,39.6804],[-0.5433,39.6731],[-0.5418,39.6601],[-0.535,39.6547],[-0.5352,39.6502],[-0.5241,39.6425],[-0.5236,39.638],[-0.5155,39.6314],[-0.4813,39.6136],[-0.4781,39.6091],[-0.4724,39.6064],[-0.4651,39.5994],[-0.4511,39.5944],[-0.4472,39.5908],[-0.4388,39.5874],[-0.43,39.5865]],[[-0.43,39.5865],[-0.4221,39.5857],[-0.4066,39.5765],[-0.3944,39.5744],[-0.3902,39.563],[-0.3866,39.5617],[-0.3856,39.5571],[-0.3829,39.5555],[-0.3811,39.5463],[-0.3748,39.5403],[-0.3736,39.5247],[-0.369,39.5142],[-0.3556,39.5073],[-0.3229,39.5015]],[[-0.4261,39.6028],[-0.4253,39.5989],[-0.4293,39.593],[-0.43,39.5865]]]},"properties":{"name":"Barranco del Carraixet","kind":"barranco","length_km":37.6,"source":"CHJ PHJ 2022-2027 masas de agua superficial (río)"}},{"type":"Feature","geometry":{"type":"LineString","coordinates":[[-1.9063,40.2751],[-1.9133,40.2751],[-1.9235,40.27],[-1.9286,40.2711],[-1.9349,40.2695],[-1.9365,40.2672],[-1.9387,40.2683],[-1.945,40.2664],[-1.9408,40.2603],[-1.941,40.2549],[-1.9479,40.2479],[-1.953,40.2486],[-1.9507,40.246],[-1.9518,40.2435],[-1.9547,40.2438],[-1.9531,40.2356],[-1.9595,40.2345],[-1.9608,40.2292],[-1.9688,40.227]]},"properties":{"name":"Barranco del Socarrado","kind":"barranco","length_km":10.2,"source":"CHJ PHJ 2022-2027 masas de agua superficial (río)"}},{"type":"Feature","geometry":{"type":"LineString","coordinates":[[-1.8776,39.0006],[-1.8325,39.009],[-1.818,39.0165],[-1.7968,39.0229],[-1.7923,39.0266],[-1.787,39.0382],[-1.778,39.0412],[-1.7724,39.04],[-1.764,39.0416],[-1.7624,39.0461],[-1.7559,39.0532],[-1.7561,39.0599],[-1.7486,39.0579],[-1.7432,39.0693],[-1.7346,39.075],[-1.7293,39.0714],[-1.7234,39.0733],[-1.7212,39.0717],[-1.72,39.0738],[-1.7137,39.0751],[-1.7107,39.0718],[-1.7041,39.075],[-1.7059,39.0787],[-1.6967,39.0808],[-1.6901,39.0849],[-1.6848,39.0813],[-1.6797,39.0837],[-1.6748,39.0804],[-1.6697,39.0817],[-1.6712,39.0907],[-1.6594,39.1052],[-1.6544,39.109],[-1.6483,39.107],[-1.6473,39.1125],[-1.6401,39.1134],[-1.6386,39.118],[-1.6322,39.1188],[-1.639,39.1248],[-1.6289,39.1247],[-1.6231,39.1272],[-1.6208,39.1247],[-1.6156,39.1311],[-1.609,39.1284],[-1.6118,39.1361],[-1.5992,39.1399],[-1.6038,39.1401],[-1.6065,39.1426],[-1.603,39.1425],[-1.5987,39.1465],[-1.6046,39.1491],[-1.5966,39.1508],[-1.5962,39.1539],[-1.5911,39.1533],[-1.5912,39.1556]]},"properties":{"name":"Canal María Cristina","kind":"canal","length_km":40.9,"source":"CHJ PHJ 2022-2027 masas de agua superficial (río)"}},{"type":"Feature","geometry":{"type":"LineString","coordinates":[[-0.8225,39.8333],[-0.8212,39.8273],[-0.816,39.8232],[-0.8101,39.8143],[-0.8062,39.8141],[-0.8033,39.8105],[-0.8,39.8108],[-0.7992,39.8082],[-0.7955,39.8074],[-0.7885,39.7998],[-0.7746,39.7929],[-0.7741,39.7911],[-0.7783,39.7891],[-0.777,39.7877],[-0.7829,39.7846],[-0.7793,39.7835],[-0.7831,39.7804],[-0.7826,39.7749],[-0.7795,39.7714],[-0.7759,39.7717],[-0.7702,39.7607],[-0.7737,39.7555],[-0.773,39.7518],[-0.778,39.7517],[-0.7843,39.7463],[-0.7777,39.7413],[-0.7832,39.7408],[-0.782,39.7387],[-0.774,39.732],[-0.7709,39.7327],[-0.7706,39.7312],[-0.7582,39.7284],[-0.7431,39.7213],[-0.7392,39.7153],[-0.7336,39.7163],[-0.7246,39.7116],[-0.7085,39.6939],[-0.7064,39.6892],[-0.7005,39.6836],[-0.6997,39.68],[-0.6919,39.6756],[-0.6882,39.6702]]},"properties":{"name":"Rambla Alcublas","kind":"rambla","length_km":27.2,"source":"CHJ PHJ 2022-2027 masas de agua superficial (río)"}},{"type":"Feature","geometry":{"type":"LineString","coordinates":[[-1.4101,39.2645],[-1.3863,39.2597],[-1.3649,39.2637],[-1.3558,39.2616],[-1.3482,39.2647],[-1.3446,39.2638],[-1.3367,39.2709],[-1.3278,39.2719],[-1.3045,39.2799],[-1.2986,39.2776],[-1.2936,39.2788],[-1.2905,39.2762],[-1.2751,39.2763],[-1.2525,39.2845],[-1.2331,39.2851],[-1.2236,39.2876],[-1.2214,39.2842],[-1.2158,39.2821],[-1.2065,39.2816],[-1.2021,39.2842],[-1.1983,39.2826],[-1.1886,39.2892],[-1.1825,39.2903],[-1.1784,39.2972],[-1.1713,39.3004],[-1.1777,39.3094],[-1.1717,39.3129]]},"properties":{"name":"Rambla Campiñana","kind":"rambla","length_km":24.9,"source":"CHJ PHJ 2022-2027 masas de agua superficial (río)"}},{"type":"Feature","geometry":{"type":"LineString","coordinates":[[-0.8002,39.7005],[-0.7953,39.6903],[-0.7957,39.6832],[-0.79,39.6805],[-0.7907,39.6713],[-0.7838,39.6665],[-0.7806,39.6618],[-0.7773,39.6631],[-0.7684,39.66],[-0.7649,39.667],[-0.7582,39.667],[-0.7594,39.6693],[-0.7561,39.6704],[-0.7467,39.6666],[-0.7293,39.6666],[-0.724,39.6609],[-0.7153,39.6618],[-0.7109,39.6677],[-0.6974,39.6702],[-0.6873,39.6703],[-0.6822,39.6672],[-0.6759,39.6611],[-0.6737,39.6528],[-0.675,39.638],[-0.6725,39.6344],[-0.6647,39.6298],[-0.6619,39.6252],[-0.6644,39.6157],[-0.6632,39.6137],[-0.6677,39.6052]]},"properties":{"name":"Rambla Castellana","kind":"rambla","length_km":23.1,"source":"CHJ PHJ 2022-2027 masas de agua superficial (río)"}},{"type":"Feature","geometry":{"type":"LineString","coordinates":[[-0.6108,39.7695],[-0.6085,39.7684],[-0.6068,39.7702],[-0.6057,39.768],[-0.6029,39.7679],[-0.6038,39.7629],[-0.6011,39.7594],[-0.5986,39.7592],[-0.5975,39.7568],[-0.5939,39.7578],[-0.5879,39.7534],[-0.5895,39.7491],[-0.5942,39.7468],[-0.588,39.7433],[-0.581,39.7434],[-0.5827,39.7407],[-0.5775,39.7286],[-0.5795,39.7229],[-0.5746,39.7157],[-0.5791,39.7128],[-0.5825,39.6942],[-0.5898,39.6873],[-0.5918,39.6839],[-0.5919,39.6776],[-0.598,39.6686],[-0.6085,39.6612],[-0.6154,39.6516],[-0.6212,39.6491],[-0.6251,39.6431],[-0.6249,39.6389],[-0.6319,39.6351],[-0.6299,39.6334],[-0.6322,39.6307],[-0.6317,39.6276],[-0.6442,39.6203],[-0.6491,39.601]]},"properties":{"name":"Rambla Escorihuela","kind":"rambla","length_km":24.3,"source":"CHJ PHJ 2022-2027 masas de agua superficial (río)"}},{"type":"Feature","geometry":{"type":"LineString","coordinates":[[-0.2394,38.8238],[-0.2381,38.8211],[-0.2234,38.8237],[-0.2183,38.8276],[-0.204,38.83],[-0.1996,38.8335],[-0.1917,38.837],[-0.1905,38.8361],[-0.1882,38.8386],[-0.1875,38.8415],[-0.189,38.8422],[-0.1823,38.8462],[-0.1774,38.8455],[-0.1777,38.8497],[-0.1726,38.8484],[-0.1677,38.85],[-0.1624,38.8558],[-0.1592,38.8549],[-0.1501,38.859],[-0.1517,38.8613],[-0.149,38.8647],[-0.152,38.8665],[-0.1521,38.8716],[-0.1469,38.8755],[-0.1342,38.8779],[-0.133,38.8807],[-0.1211,38.8874],[-0.1162,38.8977],[-0.1113,38.8995],[-0.1075,38.9035],[-0.0961,38.9017],[-0.0706,38.9115]]},"properties":{"name":"Rambla Gallinera","kind":"rambla","length_km":21.0,"source":"CHJ PHJ 2022-2027 masas de agua superficial (río)"}},{"type":"Feature","geometry":{"type":"MultiLineString","coordinates":[[[-0.7092,39.4822],[-0.7043,39.4829],[-0.7019,39.4811],[-0.7014,39.4828],[-0.6922,39.4845]],[[-0.7021,39.4891],[-0.6951,39.488],[-0.6922,39.4845]],[[-0.6922,39.4845],[-0.6827,39.4898],[-0.6707,39.4925],[-0.6693,39.4952],[-0.6649,39.4971],[-0.6559,39.4947],[-0.6531,39.4966],[-0.6516,39.5035],[-0.6465,39.5051],[-0.6372,39.5027],[-0.6328,39.494],[-0.6215,39.4917],[-0.617,39.4846],[-0.6081,39.4837],[-0.6042,39.4812],[-0.5951,39.4816],[-0.5802,39.4726],[-0.5351,39.4703],[-0.5341,39.467]],[[-0.5688,39.4571],[-0.5626,39.462],[-0.5553,39.4646],[-0.5341,39.467]],[[-0.5341,39.467],[-0.5185,39.467],[-0.5145,39.4561],[-0.4995,39.4459],[-0.4966,39.4414],[-0.4723,39.4395]],[[-0.5314,39.4252],[-0.5283,39.4311],[-0.5177,39.4338],[-0.5162,39.4359],[-0.5055,39.4321],[-0.4991,39.4322],[-0.495,39.4354],[-0.4855,39.4337],[-0.473,39.4372],[-0.4723,39.4395]],[[-0.4723,39.4395],[-0.4587,39.4439],[-0.4309,39.4353],[-0.4225,39.4348],[-0.4182,39.4291],[-0.4128,39.4264],[-0.4132,39.423],[-0.4077,39.4178],[-0.4064,39.4133],[-0.3958,39.4037],[-0.37,39.3983],[-0.3636,39.3932],[-0.358,39.3807],[-0.3441,39.3663],[-0.3403,39.3569]]]},"properties":{"name":"Rambla Poyo","kind":"rambla","length_km":52.7,"source":"CHJ PHJ 2022-2027 masas de agua superficial (río)"}},{"type":"Feature","geometry":{"type":"LineString","coordinates":[[-1.2404,39.7743],[-1.229,39.7686],[-1.2184,39.7684],[-1.2079,39.7732],[-1.2046,39.7713],[-1.2009,39.772],[-1.1971,39.7689],[-1.1973,39.7638],[-1.1948,39.7612],[-1.1866,39.7578],[-1.1706,39.7598],[-1.17,39.7631],[-1.1631,39.7627],[-1.1612,39.7604],[-1.1588,39.7614],[-1.1574,39.7581],[-1.1535,39.7588],[-1.1459,39.7567]]},"properties":{"name":"Rambla San Marco","kind":"rambla","length_km":10.3,"source":"CHJ PHJ 2022-2027 masas de agua superficial (río)"}},{"type":"Feature","geometry":{"type":"MultiLineString","coordinates":[[[-1.8767,40.034],[-1.8639,40.0279],[-1.8537,40.0271]],[[-1.8745,40.0726],[-1.8775,40.0711],[-1.8747,40.0696],[-1.8784,40.0689],[-1.8782,40.0658],[-1.8755,40.0662],[-1.8756,40.0619],[-1.8784,40.0622],[-1.8782,40.0582],[-1.8815,40.0567],[-1.8813,40.0538],[-1.8783,40.0524],[-1.8811,40.0447],[-1.8786,40.0432],[-1.8755,40.0447],[-1.8764,40.0425],[-1.8729,40.0422],[-1.87,40.0377],[-1.8603,40.0328],[-1.8537,40.0271]],[[-1.8537,40.0271],[-1.8486,40.0271],[-1.8457,40.0216],[-1.84,40.0222],[-1.8409,40.02],[-1.8358,40.0167],[-1.8343,40.0194],[-1.8311,40.0195]],[[-1.8356,40.0833],[-1.8347,40.07],[-1.8299,40.0622],[-1.825,40.0599],[-1.8251,40.0555],[-1.8227,40.0541],[-1.826,40.0529],[-1.8245,40.0511],[-1.8249,40.0477],[-1.8268,40.0469],[-1.8265,40.0419],[-1.8282,40.0415],[-1.8272,40.0395],[-1.8314,40.0377],[-1.8289,40.03],[-1.8333,40.027],[-1.8311,40.0195]],[[-1.8311,40.0195],[-1.8266,40.0179],[-1.8247,40.0123]]]},"properties":{"name":"Rambla Seca (Guadazaón)","kind":"rambla","length_km":22.6,"source":"CHJ PHJ 2022-2027 masas de agua superficial (río)"}},{"type":"Feature","geometry":{"type":"MultiLineString","coordinates":[[[-0.803,39.1768],[-0.8002,39.1737],[-0.7986,39.178],[-0.7926,39.1809],[-0.7868,39.1775],[-0.7885,39.1805],[-0.7841,39.182],[-0.7817,39.1794],[-0.7852,39.1797],[-0.7817,39.1768],[-0.7824,39.1744],[-0.7791,39.1759],[-0.7777,39.1737],[-0.7755,39.1749],[-0.7762,39.1728],[-0.7745,39.1715],[-0.7742,39.174],[-0.7713,39.1753],[-0.7746,39.1773],[-0.7714,39.1779],[-0.7648,39.1751],[-0.7609,39.1772],[-0.7643,39.1796],[-0.7598,39.1821],[-0.7552,39.1786],[-0.7555,39.1761],[-0.7504,39.1785],[-0.7362,39.175],[-0.7329,39.178]],[[-0.7911,39.1976],[-0.7878,39.1973],[-0.7881,39.1994],[-0.7836,39.1975],[-0.7857,39.2001],[-0.7836,39.2008],[-0.779,39.1982],[-0.7756,39.1993],[-0.7743,39.1954],[-0.7718,39.1986],[-0.7734,39.1997],[-0.767,39.2003],[-0.7681,39.204],[-0.7714,39.2035],[-0.7691,39.2058],[-0.7629,39.2036],[-0.7551,39.2043],[-0.7481,39.2002],[-0.747,39.1966],[-0.7484,39.1954],[-0.7384,39.1915],[-0.7372,39.1819],[-0.7329,39.178]],[[-0.7329,39.178],[-0.732,39.1728],[-0.726,39.1691],[-0.7274,39.1675],[-0.7317,39.1703],[-0.7306,39.1614],[-0.7238,39.1536],[-0.7188,39.1508]]]},"properties":{"name":"Rambla Seca (Júcar)","kind":"rambla","length_km":26.5,"source":"CHJ PHJ 2022-2027 masas de agua superficial (río)"}},{"type":"Feature","geometry":{"type":"LineString","coordinates":[[-0.5624,39.8463],[-0.5578,39.8436],[-0.5538,39.8441],[-0.5564,39.8383],[-0.5537,39.8353],[-0.5387,39.8379],[-0.5366,39.8437],[-0.5324,39.8418],[-0.5285,39.8344],[-0.5231,39.8308],[-0.5221,39.8325],[-0.5184,39.8317],[-0.5105,39.8349],[-0.5111,39.8368],[-0.5154,39.8355],[-0.5159,39.8369],[-0.5102,39.8398],[-0.4956,39.8389],[-0.4934,39.8414],[-0.4895,39.8399],[-0.4845,39.8428],[-0.4793,39.8404],[-0.4767,39.8438],[-0.4783,39.8455],[-0.4717,39.8456]]},"properties":{"name":"Rambla Seca (Palancia)","kind":"rambla","length_km":12.7,"source":"CHJ PHJ 2022-2027 masas de agua superficial (río)"}},{"type":"Feature","geometry":{"type":"MultiLineString","coordinates":[[[0.2396,40.3682],[0.2372,40.3647],[0.2397,40.3596],[0.2448,40.3607],[0.2524,40.3578],[0.2557,40.359],[0.2536,40.3611],[0.2589,40.368],[0.2562,40.3692],[0.2589,40.3701],[0.2621,40.3684],[0.2624,40.3713],[0.2652,40.3734],[0.2673,40.371],[0.2706,40.3735],[0.2776,40.3717],[0.286,40.3655],[0.2982,40.3611],[0.3039,40.361],[0.3074,40.3641],[0.3177,40.3661]],[[0.2507,40.3242],[0.2691,40.3452],[0.2747,40.3465],[0.2855,40.3533],[0.2901,40.3534],[0.2936,40.3564],[0.3013,40.3562],[0.3021,40.3593],[0.3094,40.3606],[0.3177,40.3661]],[[0.3177,40.3661],[0.3232,40.3695],[0.3324,40.3806],[0.339,40.3839],[0.3387,40.3885],[0.3502,40.391],[0.3621,40.4022],[0.3685,40.402],[0.3742,40.4077],[0.3867,40.4055],[0.3999,40.4106],[0.4091,40.4056],[0.4205,40.4029]]]},"properties":{"name":"Rambla d'Alcalà","kind":"rambla","length_km":29.9,"source":"CHJ PHJ 2022-2027 masas de agua superficial (río)"}},{"type":"Feature","geometry":{"type":"LineString","coordinates":[[-1.3017,39.4198],[-1.2938,39.4142],[-1.2855,39.4038],[-1.2767,39.4022],[-1.2729,39.3974],[-1.2661,39.3961],[-1.2637,39.3945],[-1.2639,39.3911],[-1.2607,39.3938],[-1.2569,39.3916],[-1.2598,39.3906],[-1.2583,39.389],[-1.2543,39.3911],[-1.2541,39.3945],[-1.2508,39.3938],[-1.2485,39.3887],[-1.2438,39.3886],[-1.238,39.3844],[-1.2371,39.3815],[-1.2274,39.381],[-1.2206,39.3783]]},"properties":{"name":"Rambla de Albosa","kind":"rambla","length_km":10.8,"source":"CHJ PHJ 2022-2027 masas de agua superficial (río)"}},{"type":"Feature","geometry":{"type":"LineString","coordinates":[[-0.9107,39.8612],[-0.9199,39.8516],[-0.9186,39.8496],[-0.921,39.8414],[-0.9253,39.832],[-0.9267,39.8322],[-0.9248,39.8268],[-0.9263,39.8236],[-0.9248,39.8164],[-0.9305,39.8133],[-0.9322,39.8084],[-0.9362,39.8083],[-0.9343,39.8019],[-0.9394,39.8007],[-0.9374,39.7982],[-0.9429,39.7936],[-0.9425,39.7905],[-0.9386,39.7883],[-0.94,39.7873],[-0.9383,39.7868],[-0.9391,39.7845],[-0.9453,39.7853],[-0.9469,39.7811],[-0.9457,39.7799],[-0.9504,39.7767],[-0.9538,39.7709],[-0.9601,39.7717],[-0.9666,39.7687],[-0.9679,39.7622],[-0.9707,39.7612],[-0.9672,39.7574],[-0.9741,39.7603],[-0.9774,39.7572],[-0.9717,39.7508],[-0.9693,39.7505],[-0.9697,39.748],[-0.9667,39.7489],[-0.9646,39.7465],[-0.9704,39.7408],[-0.9688,39.7391],[-0.9715,39.7344],[-0.9724,39.726]]},"properties":{"name":"Rambla de Alcotas","kind":"rambla","length_km":21.4,"source":"CHJ PHJ 2022-2027 masas de agua superficial (río)"}},{"type":"Feature","geometry":{"type":"LineString","coordinates":[[-1.2206,39.3783],[-1.2221,39.3759],[-1.2193,39.3734],[-1.2193,39.3682],[-1.2232,39.3615],[-1.2191,39.3584],[-1.2222,39.3509],[-1.2209,39.3478],[-1.23,39.3405],[-1.2292,39.3385],[-1.2314,39.3348],[-1.2364,39.3336],[-1.2339,39.329],[-1.2376,39.3218]]},"properties":{"name":"Rambla de Caballero","kind":"rambla","length_km":7.5,"source":"CHJ PHJ 2022-2027 masas de agua superficial (río)"}},{"type":"Feature","geometry":{"type":"LineString","coordinates":[[-1.4932,40.5157],[-1.4917,40.5156],[-1.4924,40.51],[-1.4896,40.5079],[-1.4848,40.5073],[-1.4795,40.5029],[-1.4727,40.502],[-1.4705,40.4992],[-1.4667,40.499],[-1.4679,40.4962],[-1.4665,40.4929],[-1.4547,40.4862],[-1.4518,40.4822],[-1.447,40.4817],[-1.4453,40.4777],[-1.4373,40.4753],[-1.4359,40.4653],[-1.4337,40.4607],[-1.4305,40.4588],[-1.4318,40.4549],[-1.429,40.4515],[-1.4313,40.45],[-1.4304,40.4467],[-1.4272,40.4449],[-1.4284,40.4425],[-1.4254,40.4401],[-1.4275,40.4377],[-1.425,40.436],[-1.4271,40.4354],[-1.4251,40.4348],[-1.4247,40.4322]]},"properties":{"name":"Rambla de Monterde","kind":"rambla","length_km":13.3,"source":"CHJ PHJ 2022-2027 masas de agua superficial (río)"}},{"type":"Feature","geometry":{"type":"LineString","coordinates":[[-1.3992,39.1267],[-1.4152,39.1247],[-1.4219,39.1296],[-1.4248,39.1283],[-1.4296,39.1359],[-1.4379,39.1396],[-1.4423,39.1435],[-1.4428,39.1463],[-1.4517,39.1517],[-1.451,39.1537],[-1.4538,39.1555],[-1.4523,39.1613],[-1.4556,39.1634],[-1.4547,39.1661],[-1.4605,39.1672],[-1.4617,39.1727],[-1.4651,39.1731],[-1.4632,39.176],[-1.4655,39.1785],[-1.4629,39.1801],[-1.47,39.1812],[-1.4652,39.1827],[-1.4626,39.1859],[-1.4576,39.1844],[-1.4483,39.189],[-1.4487,39.1905],[-1.4539,39.1891],[-1.4539,39.1909]]},"properties":{"name":"Rambla de San Lorenzo","kind":"rambla","length_km":14.2,"source":"CHJ PHJ 2022-2027 masas de agua superficial (río)"}},{"type":"Feature","geometry":{"type":"LineString","coordinates":[[0.1517,40.2232],[0.1551,40.224],[0.1578,40.2288],[0.1665,40.2354],[0.1726,40.2364],[0.1732,40.2326],[0.1831,40.2362],[0.1829,40.2392],[0.1867,40.24],[0.1854,40.2424],[0.1885,40.2437],[0.1956,40.2371],[0.2015,40.2354],[0.2133,40.237],[0.2143,40.2405],[0.2223,40.2383],[0.2276,40.2344],[0.235,40.2335]]},"properties":{"name":"Rambla de Seguer","kind":"rambla","length_km":9.9,"source":"CHJ PHJ 2022-2027 masas de agua superficial (río)"}},{"type":"Feature","geometry":{"type":"LineString","coordinates":[[-0.8099,39.7354],[-0.8049,39.7319],[-0.8033,39.7283],[-0.8006,39.7278],[-0.7988,39.7194],[-0.7914,39.7066],[-0.8002,39.7005]]},"properties":{"name":"Rambla de la Aceña","kind":"rambla","length_km":4.7,"source":"CHJ PHJ 2022-2027 masas de agua superficial (río)"}},{"type":"Feature","geometry":{"type":"LineString","coordinates":[[-1.181,39.125],[-1.1626,39.1277],[-1.1516,39.1231],[-1.125,39.1214],[-1.1096,39.1247],[-1.1051,39.129],[-1.1063,39.1336]]},"properties":{"name":"Rambla de la Espadilla","kind":"rambla","length_km":7.5,"source":"CHJ PHJ 2022-2027 masas de agua superficial (río)"}},{"type":"Feature","geometry":{"type":"MultiLineString","coordinates":[[[0.0207,40.4523],[0.0214,40.4494],[0.0321,40.4456],[0.0313,40.4414],[0.0329,40.4401],[0.0308,40.437],[0.0329,40.4362],[0.0292,40.4321],[0.0327,40.4306],[0.0312,40.427],[0.0323,40.4228],[0.0291,40.4213],[0.0298,40.4182],[0.0339,40.416],[0.0351,40.4131],[0.0393,40.4128],[0.039,40.4104],[0.0412,40.4118],[0.0423,40.4094],[0.0449,40.4106],[0.0508,40.4068],[0.0471,40.4066],[0.0495,40.4037],[0.0462,40.403],[0.0565,40.3965],[0.0554,40.3949]],[[0.0248,40.3793],[0.0294,40.384],[0.0341,40.3842],[0.0314,40.3872],[0.0367,40.3866],[0.0384,40.3887],[0.0449,40.3894],[0.0418,40.3937],[0.0427,40.3952],[0.0462,40.3938],[0.0489,40.3969],[0.0503,40.3948],[0.0554,40.3949]],[[0.0554,40.3949],[0.0597,40.3943],[0.0655,40.3979],[0.0655,40.392],[0.0703,40.3948],[0.0756,40.3928],[0.0771,40.3875],[0.0844,40.3892],[0.0871,40.3862],[0.0856,40.3823],[0.0957,40.3802],[0.0955,40.3776],[0.0995,40.3775],[0.1011,40.3749],[0.112,40.3711],[0.1127,40.3695],[0.109,40.3665],[0.1133,40.3657],[0.1132,40.3639],[0.1218,40.3627],[0.1199,40.3582],[0.1284,40.3466]]]},"properties":{"name":"Rambla de la Morellana","kind":"rambla","length_km":26.7,"source":"CHJ PHJ 2022-2027 masas de agua superficial (río)"}},{"type":"Feature","geometry":{"type":"LineString","coordinates":[[-1.2449,39.723],[-1.2388,39.7207],[-1.2371,39.7099],[-1.243,39.7053],[-1.2443,39.6987],[-1.2487,39.6961],[-1.2535,39.6843],[-1.2625,39.6764],[-1.2623,39.6658],[-1.2683,39.6573],[-1.2675,39.6553],[-1.2708,39.6466],[-1.269,39.6449],[-1.2704,39.6425],[-1.2686,39.6399],[-1.2701,39.6386],[-1.26,39.6315],[-1.2633,39.624],[-1.2614,39.6199],[-1.2554,39.6201],[-1.257,39.618],[-1.2561,39.6159],[-1.2524,39.6153],[-1.2446,39.6058],[-1.2436,39.5958],[-1.2376,39.589],[-1.2387,39.5833],[-1.2231,39.5684]]},"properties":{"name":"Rambla de la Torre","kind":"rambla","length_km":20.8,"source":"CHJ PHJ 2022-2027 masas de agua superficial (río)"}},{"type":"Feature","geometry":{"type":"MultiLineString","coordinates":[[[-0.0348,40.3205],[-0.0394,40.3145],[-0.0449,40.3142],[-0.0484,40.3023],[-0.0556,40.2997],[-0.0574,40.285],[-0.0686,40.2788],[-0.0652,40.275],[-0.0691,40.2748],[-0.0709,40.2705],[-0.0688,40.2686],[-0.07,40.2654],[-0.082,40.26],[-0.081,40.2554],[-0.0754,40.2535],[-0.0811,40.2266],[-0.0846,40.2259],[-0.0858,40.22],[-0.0808,40.2192],[-0.0796,40.2174],[-0.0839,40.215],[-0.0843,40.2121],[-0.0797,40.2069],[-0.0806,40.1992],[-0.0759,40.1884],[-0.0776,40.1802],[-0.0821,40.1749],[-0.0819,40.1679],[-0.0963,40.1503],[-0.0988,40.1428],[-0.1046,40.1375],[-0.1067,40.1311],[-0.1094,40.1291],[-0.119,40.1313],[-0.1345,40.1282],[-0.1369,40.1219],[-0.1435,40.1153],[-0.1369,40.1108],[-0.1434,40.1107],[-0.1405,40.1064],[-0.1431,40.1037],[-0.1479,40.1031],[-0.1433,40.0895],[-0.1546,40.0859],[-0.1556,40.0804],[-0.165,40.0742],[-0.1671,40.0697],[-0.1653,40.067]],[[-0.1637,40.0281],[-0.1611,40.0253],[-0.1579,40.0105],[-0.1593,40.0024],[-0.1503,39.9991],[-0.1482,39.9961],[-0.1358,39.9891],[-0.1344,39.9853],[-0.136,39.9801],[-0.1345,39.9788],[-0.129,39.9789],[-0.1241,39.9725],[-0.1148,39.9727],[-0.1115,39.968],[-0.1045,39.9676],[-0.0981,39.965],[-0.0895,39.9591],[-0.087,39.954]],[[-0.1378,40.4258],[-0.1366,40.4126],[-0.1211,40.4015],[-0.1175,40.4016],[-0.1164,40.396],[-0.1104,40.3887],[-0.1014,40.3843],[-0.0789,40.3782],[-0.0692,40.3796],[-0.0532,40.3718],[-0.0505,40.3669],[-0.0447,40.3669]],[[-0.0624,40.3349],[-0.0543,40.3391],[-0.0539,40.3375],[-0.0515,40.339],[-0.0466,40.3359],[-0.0408,40.3367],[-0.0368,40.3278],[-0.0377,40.3229],[-0.0348,40.3205]],[[-0.0414,40.3948],[-0.0554,40.3812],[-0.0498,40.3703],[-0.0456,40.3693],[-0.0447,40.3669]],[[-0.0447,40.3669],[-0.0338,40.3651],[-0.0262,40.3617],[-0.0161,40.3525],[-0.0179,40.3439],[-0.0326,40.3277],[-0.0321,40.3249],[-0.0348,40.3205]]]},"properties":{"name":"Rambla de la Viuda","kind":"rambla","length_km":76.6,"source":"CHJ PHJ 2022-2027 masas de agua superficial (río)"}},{"type":"Feature","geometry":{"type":"LineString","coordinates":[[-1.1561,38.8747],[-1.1523,38.8779],[-1.1295,38.8828],[-1.1057,38.8811]]},"properties":{"name":"Rambla del Pantano","kind":"rambla","length_km":4.6,"source":"CHJ PHJ 2022-2027 masas de agua superficial (río)"}},{"type":"Feature","geometry":{"type":"MultiLineString","coordinates":[[[-0.7404,38.9949],[-0.7371,38.9978],[-0.7319,38.9963],[-0.7244,38.998],[-0.7231,39.0],[-0.7154,38.9991],[-0.7006,39.0018],[-0.6984,39.0006],[-0.6947,39.003],[-0.687,39.0008],[-0.682,39.0029],[-0.6745,38.998]],[[-0.6996,38.9911],[-0.6953,38.9934],[-0.6956,38.9958],[-0.688,38.995],[-0.6745,38.998]],[[-0.6745,38.998],[-0.6668,38.9968],[-0.6638,39.002],[-0.6574,39.001],[-0.649,39.0052],[-0.6437,39.0157],[-0.6391,39.0172],[-0.6384,39.0214],[-0.6431,39.0249],[-0.6419,39.0309],[-0.6365,39.0336]]]},"properties":{"name":"Rambla del Riajuelo","kind":"rambla","length_km":15.8,"source":"CHJ PHJ 2022-2027 masas de agua superficial (río)"}},{"type":"Feature","geometry":{"type":"MultiLineString","coordinates":[[[-0.4774,38.9401],[-0.4769,38.9467],[-0.479,38.9515],[-0.4858,38.9504],[-0.484,38.9536],[-0.4906,38.9649],[-0.496,38.9652],[-0.4917,38.9695],[-0.4867,38.9704],[-0.4891,38.9721],[-0.4897,38.9774],[-0.4862,38.9803],[-0.48,38.9817],[-0.479,38.9842],[-0.4867,38.9854],[-0.4852,38.9898],[-0.4865,38.9929],[-0.4839,38.9959],[-0.4906,38.9974],[-0.494,38.9946],[-0.4981,38.9944],[-0.5013,39.0002],[-0.5002,39.013],[-0.4965,39.0142],[-0.4983,39.0192],[-0.4958,39.0222],[-0.4965,39.0279],[-0.4844,39.0335],[-0.4841,39.0352],[-0.4866,39.0378],[-0.494,39.0392],[-0.496,39.0435],[-0.4941,39.0483],[-0.5021,39.0565],[-0.5133,39.0573],[-0.5128,39.0624],[-0.5173,39.0661],[-0.5193,39.0724],[-0.5235,39.0771],[-0.5234,39.0862],[-0.5313,39.0893],[-0.5325,39.0918]],[[-0.5209,38.8472],[-0.5245,38.8495],[-0.5246,38.8514],[-0.5269,38.8515],[-0.5264,38.8558],[-0.5308,38.8594],[-0.5301,38.8623],[-0.5322,38.8641],[-0.5189,38.8708],[-0.5192,38.8737],[-0.5147,38.8733],[-0.5138,38.8757],[-0.5112,38.8761],[-0.5102,38.8789],[-0.5071,38.88],[-0.509,38.8822],[-0.5011,38.8882],[-0.4984,38.8881],[-0.4982,38.8903],[-0.4931,38.8936],[-0.4911,38.8989]]]},"properties":{"name":"Río Albaida","kind":"rio","length_km":33.5,"source":"CHJ PHJ 2022-2027 masas de agua superficial (río)"}},{"type":"Feature","geometry":{"type":"LineString","coordinates":[[-2.2109,39.8386],[-2.2115,39.8364],[-2.2142,39.8376],[-2.222,39.8338],[-2.2238,39.8284],[-2.2199,39.8274],[-2.2203,39.8254],[-2.2265,39.8251],[-2.2279,39.8234],[-2.2211,39.8168],[-2.2258,39.8053],[-2.2248,39.8014],[-2.2175,39.7868],[-2.2111,39.7812],[-2.2053,39.7619],[-2.2055,39.7542],[-2.2078,39.749],[-2.2066,39.7371]]},"properties":{"name":"Río Albaladejo","kind":"rio","length_km":13.5,"source":"CHJ PHJ 2022-2027 masas de agua superficial (río)"}},{"type":"Feature","geometry":{"type":"MultiLineString","coordinates":[[[-0.9724,40.0478],[-0.9848,40.0429],[-0.9862,40.0388],[-0.9725,40.0261],[-0.9709,40.0215],[-0.962,40.0154],[-0.9499,40.0194],[-0.9391,40.0269],[-0.9377,40.0298],[-0.9314,40.0296],[-0.914,40.0372],[-0.9008,40.0403],[-0.8967,40.0395],[-0.887,40.0432],[-0.8734,40.0383],[-0.8681,40.0404]],[[-0.8819,40.0665],[-0.8757,40.0667],[-0.8733,40.0641],[-0.862,40.0618],[-0.8553,40.056],[-0.8374,40.0515]],[[-0.8681,40.0404],[-0.8675,40.0426],[-0.8462,40.0467],[-0.8374,40.0515]],[[-0.8427,39.9735],[-0.8501,39.9738],[-0.8539,39.9795],[-0.8585,39.9813],[-0.8585,39.9859],[-0.8625,39.9959],[-0.8676,40.001],[-0.8702,40.0074],[-0.8722,40.0083],[-0.8717,40.0115],[-0.8739,40.0126],[-0.8731,40.0167],[-0.869,40.019],[-0.8687,40.0295],[-0.865,40.0318],[-0.8681,40.0404]],[[-0.8374,40.0515],[-0.8314,40.0528],[-0.8314,40.0556],[-0.8246,40.0615],[-0.8157,40.057],[-0.8036,40.0592],[-0.7997,40.0581],[-0.7903,40.0635],[-0.7869,40.0697],[-0.7801,40.0753],[-0.7783,40.0837],[-0.7747,40.0889],[-0.7758,40.0917],[-0.7735,40.0926],[-0.7756,40.098],[-0.7723,40.1],[-0.7744,40.1031],[-0.7649,40.1126],[-0.7649,40.1198],[-0.7628,40.1219],[-0.7641,40.1241],[-0.762,40.1257],[-0.7659,40.1313],[-0.7611,40.1337],[-0.7632,40.135],[-0.7629,40.1398],[-0.7511,40.145],[-0.7479,40.149]]]},"properties":{"name":"Río Albentosa","kind":"rio","length_km":47.5,"source":"CHJ PHJ 2022-2027 masas de agua superficial (río)"}},{"type":"Feature","geometry":{"type":"LineString","coordinates":[[-0.6696,40.3367],[-0.6821,40.3427],[-0.6866,40.3476],[-0.6909,40.358],[-0.7021,40.3599],[-0.7048,40.3636],[-0.7171,40.3704],[-0.7226,40.3707],[-0.7242,40.3687],[-0.7251,40.3705],[-0.7268,40.3693],[-0.7265,40.3659],[-0.7404,40.3619],[-0.7388,40.358],[-0.7428,40.351],[-0.7517,40.3463],[-0.7681,40.3426],[-0.7793,40.3369],[-0.7884,40.3293],[-0.7924,40.321],[-0.8035,40.32],[-0.8055,40.3174]]},"properties":{"name":"Río Alcalá","kind":"rio","length_km":16.9,"source":"CHJ PHJ 2022-2027 masas de agua superficial (río)"}},{"type":"Feature","geometry":{"type":"MultiLineString","coordinates":[[[-1.0172,40.5562],[-1.025,40.5545],[-1.0237,40.5509],[-1.0261,40.5513],[-1.026,40.5485],[-1.0285,40.5471],[-1.0273,40.5418],[-1.0241,40.5393],[-1.0196,40.5174],[-1.0172,40.5137],[-1.0182,40.5083],[-1.0242,40.4995],[-1.0246,40.495],[-1.0218,40.4924],[-1.0232,40.4866],[-1.0312,40.4842],[-1.0316,40.4811],[-1.0363,40.4808],[-1.0368,40.4781],[-1.0338,40.4708],[-1.0379,40.4683],[-1.0378,40.4649],[-1.0399,40.4632],[-1.0446,40.4638],[-1.0472,40.462],[-1.0467,40.458],[-1.0539,40.4554],[-1.0526,40.4523],[-1.0546,40.4444],[-1.0627,40.4378],[-1.0657,40.4374],[-1.0695,40.4305],[-1.076,40.4267],[-1.0755,40.4226],[-1.0793,40.4182],[-1.0765,40.4178],[-1.0736,40.402],[-1.0814,40.3927],[-1.088,40.3922],[-1.0888,40.386],[-1.0914,40.3835],[-1.0903,40.3812],[-1.0935,40.3759],[-1.1013,40.3745],[-1.1019,40.3707],[-1.1072,40.3707],[-1.1106,40.3671],[-1.1097,40.3658],[-1.115,40.3655],[-1.1186,40.36],[-1.1213,40.3596],[-1.123,40.3452]],[[-1.0294,40.6715],[-1.024,40.6678],[-1.0185,40.6579],[-1.0193,40.6541],[-1.0293,40.6493],[-1.0288,40.646],[-1.0311,40.6467],[-1.0363,40.6421],[-1.0324,40.6405],[-1.0352,40.6373],[-1.0321,40.6366],[-1.0314,40.6332],[-1.0335,40.6296],[-1.0325,40.6277],[-1.0291,40.6279],[-1.0303,40.6251],[-1.0279,40.6184],[-1.0312,40.6194],[-1.03,40.6143],[-1.0339,40.6132],[-1.0323,40.6115],[-1.0257,40.6133],[-1.0247,40.6058],[-1.0217,40.6024],[-1.0268,40.5962],[-1.0242,40.5929],[-1.0247,40.5854],[-1.0155,40.5745],[-1.0172,40.5562]],[[-0.813,40.6217],[-0.818,40.6259],[-0.8195,40.6239],[-0.8208,40.6259],[-0.8244,40.6228],[-0.827,40.6231],[-0.8265,40.6288],[-0.8345,40.6347],[-0.8319,40.637],[-0.8466,40.6395],[-0.8471,40.641],[-0.8575,40.6394],[-0.861,40.6425],[-0.8642,40.6412],[-0.8675,40.6426],[-0.8696,40.646],[-0.8747,40.644],[-0.8758,40.6467],[-0.8806,40.6465],[-0.8838,40.6501],[-0.8896,40.6512],[-0.8941,40.6495],[-0.8963,40.6519],[-0.8947,40.6537],[-0.9002,40.6553],[-0.8999,40.6501],[-0.9058,40.6478],[-0.9105,40.6403],[-0.9179,40.6425],[-0.9189,40.6407],[-0.923,40.6406],[-0.9284,40.6431],[-0.9296,40.6342],[-0.9328,40.6379],[-0.9397,40.6321],[-0.943,40.635],[-0.9454,40.6341],[-0.9441,40.6318],[-0.9467,40.6302],[-0.9547,40.6335],[-0.9583,40.6289],[-0.9667,40.6248],[-0.9655,40.6232],[-0.9667,40.6215],[-0.9759,40.6159],[-0.9745,40.6109],[-0.9762,40.6104],[-0.9759,40.6081],[-0.9781,40.6078],[-0.978,40.6051],[-0.9889,40.5974],[-0.9888,40.5932],[-0.9928,40.5868],[-0.9914,40.5839],[-0.9957,40.5771],[-0.9938,40.5721],[-0.995,40.5683],[-1.0018,40.5632],[-1.0024,40.5596],[-1.0073,40.5616],[-1.0109,40.5581],[-1.0172,40.5562]],[[-0.8135,40.5151],[-0.8156,40.5184],[-0.8118,40.5227],[-0.8143,40.5253],[-0.8105,40.5367],[-0.8133,40.5384],[-0.8132,40.5427],[-0.8102,40.5461],[-0.8064,40.5454],[-0.8064,40.5471],[-0.8018,40.5496],[-0.8037,40.5516],[-0.7991,40.5508],[-0.7955,40.5477],[-0.7938,40.5506],[-0.7958,40.5534],[-0.795,40.5605],[-0.797,40.5636],[-0.7883,40.5678]],[[-0.7883,40.5678],[-0.7935,40.5692],[-0.792,40.5715],[-0.7928,40.5758],[-0.7965,40.5778],[-0.7989,40.583],[-0.8059,40.5893],[-0.8144,40.5906],[-0.8169,40.5929],[-0.8135,40.5987],[-0.82,40.6068],[-0.8179,40.6107],[-0.8197,40.6132],[-0.8163,40.6127],[-0.8166,40.6162],[-0.8148,40.6159],[-0.817,40.6177],[-0.8134,40.6186],[-0.813,40.6217]],[[-0.808,40.6234],[-0.811,40.6237],[-0.8118,40.6219],[-0.8123,40.6217],[-0.813,40.6217]],[[-0.641,40.4001],[-0.6448,40.4061],[-0.656,40.4089],[-0.6618,40.4152],[-0.6703,40.4157],[-0.6778,40.4207],[-0.6898,40.4178],[-0.6972,40.4194],[-0.7021,40.4166],[-0.7108,40.4168],[-0.7179,40.4135],[-0.7244,40.4185],[-0.7243,40.4213],[-0.7264,40.4219],[-0.7287,40.4397],[-0.7325,40.4415],[-0.7326,40.4456],[-0.7363,40.4495],[-0.7353,40.4548],[-0.7389,40.4737],[-0.7376,40.4768],[-0.7397,40.4784],[-0.7374,40.4794],[-0.7444,40.4867],[-0.7436,40.4902],[-0.7466,40.4968],[-0.7518,40.5004],[-0.767,40.521],[-0.7666,40.5291],[-0.7709,40.5346],[-0.7699,40.539],[-0.7788,40.5516],[-0.7774,40.557],[-0.779,40.5575],[-0.7783,40.5602],[-0.7804,40.5601],[-0.7786,40.5616],[-0.7883,40.5678]]]},"properties":{"name":"Río Alfambra","kind":"rio","length_km":124.3,"source":"CHJ PHJ 2022-2027 masas de agua superficial (río)"}},{"type":"Feature","geometry":{"type":"LineString","coordinates":[[-0.0727,38.694],[-0.0706,38.6911],[-0.072,38.6902],[-0.0701,38.687],[-0.0716,38.6852],[-0.0698,38.6773],[-0.0748,38.6755],[-0.079,38.6694],[-0.0818,38.6702],[-0.0873,38.6688],[-0.0887,38.6654],[-0.0911,38.6663],[-0.0909,38.6642],[-0.0952,38.66],[-0.0979,38.6599],[-0.0969,38.6574],[-0.0989,38.6564],[-0.097,38.6527],[-0.1,38.649],[-0.0965,38.6471],[-0.0921,38.6405],[-0.0875,38.6389],[-0.087,38.635],[-0.0767,38.6305],[-0.0768,38.6263],[-0.0561,38.6191],[-0.0402,38.6046]]},"properties":{"name":"Río Algar","kind":"rio","length_km":14.8,"source":"CHJ PHJ 2022-2027 masas de agua superficial (río)"}},{"type":"Feature","geometry":{"type":"MultiLineString","coordinates":[[[-0.3318,38.6034],[-0.3293,38.6018],[-0.3295,38.5992],[-0.3237,38.5906],[-0.3172,38.5872],[-0.3165,38.5823],[-0.3114,38.5769],[-0.3107,38.5782],[-0.3064,38.5767],[-0.3043,38.573],[-0.3001,38.5736],[-0.2966,38.5676],[-0.2898,38.5679],[-0.2897,38.5637],[-0.2876,38.5621],[-0.2866,38.5637],[-0.2812,38.5622],[-0.279,38.5637],[-0.2766,38.5599],[-0.2732,38.5606],[-0.2727,38.5539]],[[-0.2637,38.533],[-0.2489,38.5214],[-0.2427,38.5201],[-0.2416,38.5157],[-0.2336,38.506],[-0.2334,38.502]]]},"properties":{"name":"Río Amadorio","kind":"rio","length_km":14.1,"source":"CHJ PHJ 2022-2027 masas de agua superficial (río)"}},{"type":"Feature","geometry":{"type":"LineString","coordinates":[[-1.0421,40.0422],[-1.0398,40.0399],[-1.0422,40.0317],[-1.0399,40.0294],[-1.0449,40.0189],[-1.0434,40.0116],[-1.0456,40.0069],[-1.0441,39.9949],[-1.0458,39.988],[-1.0635,39.9909],[-1.0715,39.9895],[-1.0837,39.9833],[-1.0835,39.9801],[-1.0854,39.978],[-1.0884,39.9789],[-1.0927,39.9717],[-1.097,39.9742],[-1.0963,39.9755],[-1.1051,39.9782],[-1.1194,39.9765],[-1.1259,39.9701],[-1.1387,39.9747],[-1.1396,39.973],[-1.1503,39.9714],[-1.1521,39.9693],[-1.1718,39.965],[-1.1765,39.9622],[-1.1829,39.9627],[-1.1906,39.9572],[-1.2098,39.9556],[-1.2158,39.9514]]},"properties":{"name":"Río Arcos","kind":"rio","length_km":23.8,"source":"CHJ PHJ 2022-2027 masas de agua superficial (río)"}},{"type":"Feature","geometry":{"type":"MultiLineString","coordinates":[[[-2.456,38.7373],[-2.4562,38.743],[-2.4612,38.7477],[-2.4641,38.7471],[-2.4667,38.752],[-2.4709,38.7528],[-2.4721,38.7542],[-2.4708,38.7576],[-2.4606,38.7668],[-2.453,38.7681],[-2.4491,38.7709],[-2.4483,38.7743],[-2.4432,38.7763],[-2.4327,38.7761],[-2.4283,38.7725],[-2.4226,38.7725]],[[-2.4289,38.7492],[-2.43,38.7553],[-2.4274,38.7596],[-2.428,38.7659],[-2.4226,38.7725]],[[-2.4226,38.7725],[-2.394,38.7763],[-2.3847,38.7864]],[[-2.4007,38.7985],[-2.3847,38.7864]],[[-2.3847,38.7864],[-2.3782,38.7861],[-2.3713,38.7945],[-2.3617,38.7965]],[[-2.3681,38.8034],[-2.3679,38.8014],[-2.3633,38.7998],[-2.3617,38.7965]],[[-2.368,38.7468],[-2.3673,38.75],[-2.3612,38.7516]],[[-2.3416,38.638],[-2.3463,38.6444],[-2.3533,38.6466],[-2.3632,38.6562],[-2.3716,38.6554],[-2.3797,38.6577],[-2.3944,38.6556],[-2.3995,38.6575],[-2.4062,38.6643],[-2.4044,38.67],[-2.4071,38.6747],[-2.4019,38.6813],[-2.4016,38.6886],[-2.3979,38.6949],[-2.3958,38.7212],[-2.3851,38.7335],[-2.3852,38.7407],[-2.3718,38.7436],[-2.368,38.7468]],[[-2.3627,38.7256],[-2.3619,38.7311],[-2.3661,38.7413],[-2.3648,38.7432],[-2.368,38.7468]],[[-2.3617,38.7965],[-2.3511,38.7994],[-2.3423,38.7987],[-2.3288,38.8009]],[[-2.3617,38.7546],[-2.3588,38.7552],[-2.3572,38.7588],[-2.3591,38.7637],[-2.358,38.7654],[-2.3609,38.7672],[-2.3596,38.7685],[-2.361,38.7705],[-2.3563,38.779],[-2.3488,38.7826],[-2.3419,38.7896],[-2.3353,38.7901],[-2.3365,38.798],[-2.3288,38.8009]],[[-2.3288,38.8009],[-2.33,38.8048],[-2.3268,38.8063],[-2.3235,38.8115],[-2.3079,38.8096],[-2.3053,38.812],[-2.3032,38.8097],[-2.298,38.8115]],[[-2.3275,38.7479],[-2.32,38.7532],[-2.3213,38.7581],[-2.3179,38.7629],[-2.3183,38.7684],[-2.3148,38.7722],[-2.3144,38.7782],[-2.3106,38.7825],[-2.3132,38.7831],[-2.3117,38.7897],[-2.3075,38.7912],[-2.3096,38.7924],[-2.3088,38.7939],[-2.3058,38.7929],[-2.3064,38.7999],[-2.3041,38.805],[-2.2976,38.8094],[-2.298,38.8115]],[[-2.3076,38.755],[-2.3023,38.7663],[-2.2923,38.7731],[-2.2843,38.7824],[-2.2885,38.7922],[-2.2777,38.7986],[-2.274,38.8052],[-2.273,38.8134],[-2.2751,38.8184],[-2.2738,38.822]],[[-2.298,38.8115],[-2.294,38.8118],[-2.2943,38.8138],[-2.2919,38.8148],[-2.2883,38.8123],[-2.2874,38.8174],[-2.2783,38.8161],[-2.2802,38.8221],[-2.2738,38.822]],[[-2.2738,38.822],[-2.2716,38.8234],[-2.2714,38.8273],[-2.2614,38.8256],[-2.2436,38.8313],[-2.2302,38.8427],[-2.2236,38.8537],[-2.2144,38.8552],[-2.2061,38.8597],[-2.2002,38.8733],[-2.2005,38.8764],[-2.1976,38.8793],[-2.1939,38.8786],[-2.1884,38.8821],[-2.1764,38.8844],[-2.1497,38.8808],[-2.1433,38.8863],[-2.1315,38.8875],[-2.1262,38.8913],[-2.1157,38.9084],[-2.1142,38.9167],[-2.1153,38.9248],[-2.1096,38.9326],[-2.1077,38.9385],[-2.1126,38.9568],[-2.1007,38.9729],[-2.0866,38.984],[-2.0774,38.9861],[-2.0606,38.9827],[-1.9835,39.0103],[-1.9805,39.0102],[-1.9719,39.0048],[-1.9681,39.0056],[-1.9653,39.0033],[-1.9599,39.0044],[-1.9529,39.0028],[-1.9229,38.9837],[-1.9036,38.9928],[-1.8776,39.0006]]]},"properties":{"name":"Río Arquillo","kind":"rio","length_km":126.5,"source":"CHJ PHJ 2022-2027 masas de agua superficial (río)"}},{"type":"Feature","geometry":{"type":"LineString","coordinates":[[-0.2362,39.805],[-0.2319,39.8081],[-0.2263,39.8053],[-0.2052,39.8076],[-0.2011,39.8139],[-0.1958,39.8165],[-0.1734,39.8148],[-0.1652,39.8103],[-0.1533,39.7944],[-0.1414,39.7867]]},"properties":{"name":"Río Belcaire","kind":"rio","length_km":10.4,"source":"CHJ PHJ 2022-2027 masas de agua superficial (río)"}},{"type":"Feature","geometry":{"type":"LineString","coordinates":[[-0.1176,38.6883],[-0.111,38.6811],[-0.1125,38.6785],[-0.1091,38.6735],[-0.1004,38.6663],[-0.0981,38.6628],[-0.0996,38.6605],[-0.0979,38.6599]]},"properties":{"name":"Río Bolulla","kind":"rio","length_km":3.9,"source":"CHJ PHJ 2022-2027 masas de agua superficial (río)"}},{"type":"Feature","geometry":{"type":"MultiLineString","coordinates":[[[-0.889,39.4551],[-0.8864,39.4569],[-0.879,39.4551],[-0.874,39.4567],[-0.8677,39.4525],[-0.8638,39.4554],[-0.8576,39.4521],[-0.8549,39.4462],[-0.8517,39.4442],[-0.856,39.439],[-0.8553,39.437],[-0.8431,39.4346],[-0.8456,39.4328],[-0.8419,39.426],[-0.8345,39.4256],[-0.8253,39.422],[-0.8184,39.4222],[-0.8176,39.419],[-0.8077,39.4157],[-0.8057,39.4158],[-0.8065,39.4181],[-0.8049,39.4192],[-0.794,39.4173],[-0.7883,39.4099],[-0.7832,39.4087],[-0.782,39.4057]],[[-0.7918,39.4039],[-0.782,39.4057]],[[-0.782,39.4057],[-0.7792,39.4037],[-0.7706,39.4033],[-0.7696,39.4017],[-0.7729,39.3985],[-0.7687,39.3966],[-0.7696,39.3937],[-0.7671,39.3944],[-0.7648,39.3912],[-0.758,39.3895],[-0.7477,39.3826],[-0.7495,39.3716],[-0.7451,39.3758],[-0.7419,39.3724],[-0.7387,39.3734],[-0.737,39.3713],[-0.7384,39.3694],[-0.7353,39.3683],[-0.7324,39.3603],[-0.7243,39.3576]]]},"properties":{"name":"Río Buñol","kind":"rio","length_km":25.0,"source":"CHJ PHJ 2022-2027 masas de agua superficial (río)"}},{"type":"Feature","geometry":{"type":"MultiLineString","coordinates":[[[-1.7734,39.9658],[-1.7597,39.9574]],[[-1.7509,39.9888],[-1.7475,39.9797],[-1.7495,39.9761],[-1.7482,39.9723],[-1.7503,39.9716],[-1.7455,39.9679],[-1.7499,39.9671],[-1.753,39.9644],[-1.7524,39.962],[-1.757,39.9609],[-1.7576,39.9579],[-1.7597,39.9574]],[[-1.7597,39.9574],[-1.7557,39.9567],[-1.7572,39.9543],[-1.7544,39.9524],[-1.7573,39.9515],[-1.753,39.9516],[-1.7537,39.9491],[-1.7479,39.9447],[-1.749,39.9415],[-1.7392,39.9381],[-1.7378,39.9347]],[[-1.7249,39.9931],[-1.7311,39.9916],[-1.7299,39.9896],[-1.7314,39.9863],[-1.7346,39.9867],[-1.7369,39.984],[-1.7362,39.9777],[-1.7342,39.9778],[-1.7365,39.9754],[-1.7337,39.9739],[-1.7336,39.9705],[-1.7304,39.9717],[-1.7306,39.9691],[-1.7346,39.9658],[-1.7339,39.9614],[-1.7316,39.9601],[-1.7331,39.9523],[-1.7371,39.9465],[-1.7344,39.9441],[-1.7359,39.9397],[-1.7354,39.9376],[-1.7334,39.9385],[-1.7333,39.9364],[-1.7378,39.9347]],[[-1.7378,39.9347],[-1.732,39.9319],[-1.731,39.9284],[-1.7263,39.9292]],[[-1.6655,39.9737],[-1.6634,39.9708],[-1.6661,39.9681],[-1.6623,39.9649],[-1.6672,39.9655],[-1.6703,39.9635],[-1.6675,39.9623],[-1.6684,39.9602],[-1.6713,39.9606],[-1.6699,39.9555],[-1.6803,39.9436],[-1.6884,39.9461],[-1.6884,39.9516],[-1.6911,39.9524],[-1.6958,39.9501],[-1.7,39.9432],[-1.706,39.941],[-1.7124,39.9426],[-1.7083,39.9371],[-1.7163,39.9314],[-1.7162,39.9282],[-1.7192,39.9275],[-1.722,39.9308],[-1.7263,39.9292]],[[-1.7263,39.9292],[-1.7278,39.9272],[-1.7245,39.9259],[-1.7196,39.9271],[-1.72,39.9245],[-1.7247,39.9225],[-1.7253,39.9204],[-1.7151,39.9171],[-1.7155,39.9154],[-1.7199,39.9152],[-1.7257,39.9072],[-1.7232,39.9018],[-1.7248,39.896],[-1.7227,39.8912],[-1.7269,39.8908],[-1.7214,39.8876]],[[-1.6878,39.9007],[-1.6942,39.8968],[-1.6932,39.8952],[-1.6967,39.8959],[-1.7046,39.8906],[-1.7121,39.8884],[-1.7135,39.891],[-1.7149,39.8889],[-1.7214,39.8876]],[[-1.7214,39.8876],[-1.7193,39.8827],[-1.729,39.8839],[-1.7329,39.8811],[-1.7329,39.8791],[-1.7244,39.8791],[-1.7223,39.8774],[-1.7232,39.872],[-1.7257,39.8708],[-1.7278,39.8719],[-1.7287,39.8698],[-1.7245,39.857],[-1.7154,39.8554],[-1.7154,39.8479],[-1.7102,39.8476],[-1.7104,39.8515],[-1.7067,39.8521],[-1.705,39.8491],[-1.7078,39.8466],[-1.7061,39.8426],[-1.7079,39.8378],[-1.7027,39.837],[-1.7014,39.8391],[-1.7027,39.8426],[-1.7006,39.8439],[-1.6943,39.8418],[-1.6948,39.8467],[-1.6928,39.8492],[-1.6899,39.848],[-1.6896,39.8436],[-1.6829,39.8438],[-1.6793,39.8459],[-1.6816,39.8408],[-1.6856,39.8396],[-1.6802,39.8375],[-1.6807,39.8344],[-1.6776,39.8338],[-1.6769,39.8318],[-1.6695,39.8314],[-1.6674,39.841],[-1.6627,39.8403]],[[-1.6774,40.3174],[-1.6673,40.3112],[-1.6535,40.3072],[-1.6422,40.2972],[-1.6361,40.2968],[-1.6261,40.2911],[-1.6193,40.2829],[-1.6066,40.2782],[-1.6056,40.2759],[-1.5997,40.2743],[-1.5996,40.2721],[-1.5912,40.2687],[-1.5851,40.2584],[-1.5752,40.2534],[-1.5733,40.2494],[-1.569,40.2482]],[[-1.5085,40.0961],[-1.5095,40.0902],[-1.5076,40.0879],[-1.5103,40.0855],[-1.5045,40.082],[-1.5012,40.0717],[-1.5035,40.0697],[-1.5034,40.0557],[-1.5098,40.0427],[-1.511,40.0338],[-1.5148,40.0309],[-1.5148,40.0241],[-1.5186,40.0143],[-1.5169,40.0084],[-1.5256,40.0067],[-1.5286,40.0085],[-1.5313,40.0052],[-1.5336,40.0087],[-1.5372,40.0033],[-1.5472,40.0002],[-1.5488,39.9969],[-1.5538,39.9967],[-1.5533,39.9941],[-1.5479,39.9921],[-1.5497,39.9887],[-1.5525,39.9885],[-1.5538,39.9846],[-1.557,39.9851],[-1.5601,39.9811],[-1.5635,39.9842],[-1.5651,39.9799],[-1.5689,39.9797],[-1.5708,39.982],[-1.5724,39.9764],[-1.5793,39.9792],[-1.58,39.9754],[-1.5853,39.9754],[-1.583,39.9713],[-1.5838,39.9679],[-1.5881,39.9669],[-1.5853,39.9621],[-1.5916,39.9621],[-1.5933,39.958],[-1.5969,39.9626],[-1.6033,39.9605],[-1.6035,39.9634],[-1.6081,39.9633],[-1.6107,39.9686],[-1.6177,39.9695],[-1.6191,39.9721],[-1.6292,39.9746],[-1.6334,39.9818],[-1.6381,39.9837],[-1.6449,39.9833],[-1.648,39.9859],[-1.6509,39.9817],[-1.6558,39.9821],[-1.6616,39.9792],[-1.663,39.9761],[-1.6595,39.9747],[-1.6655,39.9737]],[[-1.6579,40.0107],[-1.6579,40.0079],[-1.6631,40.0071],[-1.6714,39.9993],[-1.6697,39.9976],[-1.6703,39.9916],[-1.6745,39.9884],[-1.6735,39.9829],[-1.6687,39.9797],[-1.6655,39.9737]],[[-1.6454,39.8598],[-1.6478,39.8542],[-1.6558,39.8507],[-1.6627,39.8403]],[[-1.6627,39.8403],[-1.661,39.838],[-1.6627,39.8344],[-1.6617,39.8322],[-1.6564,39.8315],[-1.6614,39.8252],[-1.6432,39.8157],[-1.6475,39.8087],[-1.641,39.7991],[-1.6351,39.7996],[-1.632,39.7959],[-1.635,39.7931],[-1.6386,39.7927],[-1.6396,39.7887],[-1.6324,39.7851],[-1.6386,39.7716],[-1.6356,39.7696],[-1.636,39.7661],[-1.6339,39.7634],[-1.638,39.7609],[-1.635,39.7581],[-1.641,39.7512],[-1.6402,39.7494],[-1.6353,39.7499],[-1.6353,39.7475],[-1.6296,39.7434],[-1.6362,39.7428],[-1.6349,39.7329],[-1.638,39.7308],[-1.6327,39.7219],[-1.6265,39.7231],[-1.623,39.7205],[-1.6258,39.7169],[-1.6245,39.7147],[-1.6216,39.7152],[-1.6171,39.7124],[-1.6182,39.7049],[-1.6149,39.6998],[-1.6092,39.6989],[-1.6089,39.6964],[-1.6036,39.6945],[-1.6056,39.6863],[-1.6109,39.6829],[-1.6069,39.6789]],[[-1.651,40.2138],[-1.6395,40.2062],[-1.6198,40.1992],[-1.6135,40.1908],[-1.6126,40.1857],[-1.5967,40.1728],[-1.5873,40.1748],[-1.5872,40.1802],[-1.5831,40.1825],[-1.5694,40.1763],[-1.5581,40.1664],[-1.5539,40.1693],[-1.5437,40.1633],[-1.5326,40.1674],[-1.5264,40.1657]],[[-1.6413,40.2612],[-1.63,40.2534],[-1.6311,40.2511],[-1.6262,40.2447],[-1.6115,40.2373],[-1.6044,40.2364],[-1.6044,40.2344],[-1.6004,40.2314],[-1.595,40.231],[-1.5857,40.2223],[-1.5839,40.2176],[-1.5761,40.2125],[-1.5696,40.2045],[-1.5586,40.1995],[-1.5488,40.19],[-1.5442,40.1882]],[[-1.6082,39.6784],[-1.6069,39.6789]],[[-1.6069,39.6789],[-1.6022,39.677]],[[-1.5766,40.2723],[-1.5777,40.269],[-1.5741,40.2695],[-1.5735,40.265],[-1.5703,40.2631],[-1.5698,40.2595],[-1.5656,40.2572],[-1.5676,40.2535],[-1.566,40.2523],[-1.5691,40.2505],[-1.569,40.2482]],[[-1.569,40.2482],[-1.5671,40.2456],[-1.5686,40.2441],[-1.5642,40.2423],[-1.5624,40.2384],[-1.5532,40.2353],[-1.5497,40.2358],[-1.5462,40.2327],[-1.5426,40.2343]],[[-1.5426,40.2343],[-1.538,40.2298],[-1.5477,40.2181],[-1.5489,40.2107],[-1.5418,40.2083],[-1.5419,40.2034],[-1.5372,40.2007],[-1.5367,40.1985],[-1.5383,40.1976],[-1.5385,40.193],[-1.5404,40.1922],[-1.5391,40.1899],[-1.5413,40.1906],[-1.5442,40.1882]],[[-1.5442,40.1882],[-1.5462,40.1846],[-1.5446,40.1816],[-1.5401,40.1794],[-1.5379,40.1807],[-1.537,40.1783],[-1.5303,40.1784]],[[-1.5309,40.2472],[-1.536,40.2461],[-1.5417,40.2401],[-1.5388,40.237],[-1.5426,40.2343]],[[-1.5275,40.1786],[-1.5303,40.1784]],[[-1.5303,40.1784],[-1.5318,40.1732],[-1.5261,40.1701],[-1.5264,40.1657]],[[-1.5264,40.1657],[-1.5269,40.1614],[-1.5217,40.1611],[-1.5158,40.1555],[-1.5174,40.1522],[-1.5145,40.1511],[-1.5135,40.1475],[-1.5101,40.1467],[-1.5095,40.1411],[-1.5045,40.1407],[-1.5037,40.1378],[-1.5052,40.137],[-1.5031,40.1338],[-1.5065,40.1297],[-1.5028,40.1275]],[[-1.4882,40.1026],[-1.5051,40.103],[-1.5086,40.1004],[-1.5085,40.0961]],[[-1.5028,40.1275],[-1.5068,40.1255],[-1.5066,40.1227],[-1.5105,40.1225],[-1.5181,40.1177],[-1.5144,40.1119],[-1.5172,40.1073],[-1.5085,40.0961]],[[-1.5041,39.5427],[-1.5057,39.5393],[-1.501,39.5347],[-1.5059,39.532],[-1.5039,39.5264],[-1.5069,39.5208],[-1.5013,39.5149],[-1.5067,39.5129],[-1.5074,39.5071],[-1.5033,39.5053],[-1.499,39.4996],[-1.5037,39.4912],[-1.5121,39.4964],[-1.5106,39.4897],[-1.5049,39.4878],[-1.5093,39.4864],[-1.5123,39.4827],[-1.5105,39.4805],[-1.504,39.4802],[-1.5031,39.4786],[-1.5094,39.4771],[-1.5131,39.4709],[-1.5133,39.4576],[-1.5187,39.4555],[-1.5248,39.4578],[-1.5289,39.4545],[-1.5266,39.4507],[-1.5208,39.4501],[-1.5182,39.448],[-1.5243,39.4433],[-1.5203,39.4397],[-1.5154,39.4385],[-1.5208,39.4353],[-1.5209,39.4317],[-1.5135,39.4283],[-1.5136,39.4334],[-1.5114,39.4348],[-1.5078,39.4322],[-1.5065,39.4286],[-1.4963,39.4282],[-1.5016,39.4252],[-1.5048,39.417],[-1.4972,39.415],[-1.4909,39.4215],[-1.4832,39.4223],[-1.4825,39.4187],[-1.4882,39.4179],[-1.4885,39.4163],[-1.4872,39.4126],[-1.4898,39.4066],[-1.4875,39.4008],[-1.4811,39.4019],[-1.4743,39.4089],[-1.4701,39.4079],[-1.4663,39.4016],[-1.4752,39.3981],[-1.4766,39.3934],[-1.4735,39.3915],[-1.4666,39.3907],[-1.4615,39.4002],[-1.4569,39.401],[-1.4519,39.3979],[-1.454,39.393],[-1.453,39.3896],[-1.4578,39.3886],[-1.4527,39.3853],[-1.453,39.383],[-1.4557,39.3829],[-1.4617,39.3871],[-1.4647,39.3865],[-1.4675,39.3826],[-1.4608,39.3791],[-1.4483,39.3785],[-1.4514,39.3737],[-1.4483,39.3665],[-1.4548,39.3634],[-1.4543,39.3611],[-1.4432,39.3628],[-1.4433,39.3659],[-1.4399,39.371],[-1.4371,39.373],[-1.4318,39.3718],[-1.4335,39.3763],[-1.4316,39.3774],[-1.4282,39.3758],[-1.4278,39.3715],[-1.4309,39.3649],[-1.4279,39.3629],[-1.423,39.3645],[-1.4224,39.3741],[-1.4252,39.3801],[-1.4209,39.3819],[-1.4115,39.3797],[-1.4093,39.3769],[-1.4099,39.3734],[-1.4074,39.3719],[-1.4013,39.3767],[-1.3963,39.3752],[-1.3961,39.3726],[-1.3988,39.3696],[-1.4064,39.3701],[-1.4088,39.3689],[-1.4078,39.3664],[-1.3984,39.3641],[-1.3939,39.3672],[-1.3835,39.3663],[-1.3819,39.3591],[-1.3851,39.3555],[-1.3843,39.3537],[-1.3737,39.3558],[-1.366,39.3552],[-1.3618,39.3494],[-1.3571,39.3473],[-1.3538,39.3407],[-1.3433,39.3404],[-1.3354,39.333],[-1.3331,39.3341],[-1.3343,39.3394],[-1.333,39.3408],[-1.3277,39.3418],[-1.3201,39.3391],[-1.3173,39.3411],[-1.3175,39.343],[-1.3133,39.3433],[-1.3076,39.3392],[-1.2987,39.3368],[-1.3016,39.333],[-1.2994,39.3308],[-1.2965,39.3301],[-1.2921,39.3343],[-1.2852,39.3314],[-1.2861,39.3296],[-1.2805,39.3293],[-1.2784,39.3331],[-1.2751,39.3347],[-1.27,39.3294],[-1.2635,39.33],[-1.2552,39.3272],[-1.2514,39.3219],[-1.2486,39.3275],[-1.2454,39.3267],[-1.2432,39.3216],[-1.2387,39.3223],[-1.2324,39.3202],[-1.2293,39.3215],[-1.2267,39.3179],[-1.2197,39.3156],[-1.2163,39.3171],[-1.2129,39.3239],[-1.2068,39.3252],[-1.1998,39.3165],[-1.2015,39.315],[-1.1895,39.3162],[-1.1826,39.3138],[-1.1697,39.3134],[-1.1648,39.3102],[-1.1623,39.3051],[-1.1521,39.3052],[-1.1469,39.301],[-1.1399,39.2994],[-1.1346,39.2922],[-1.1216,39.2923],[-1.1203,39.2882],[-1.1144,39.2859],[-1.1113,39.2788],[-1.1031,39.2775],[-1.1013,39.2753],[-1.1013,39.2703],[-1.0952,39.2649],[-1.0944,39.2598],[-1.0979,39.2572],[-1.097,39.251],[-1.0939,39.2501]],[[-1.4537,40.1684],[-1.4674,40.1634],[-1.4878,40.1374],[-1.4979,40.1359],[-1.5004,40.1325],[-1.5005,40.1284],[-1.5028,40.1275]]]},"properties":{"name":"Río Cabriel","kind":"rio","length_km":310.1,"source":"CHJ PHJ 2022-2027 masas de agua superficial (río)"}},{"type":"Feature","geometry":{"type":"LineString","coordinates":[[-1.0517,40.0996],[-1.0499,40.1111],[-1.0434,40.1209],[-1.0437,40.1257],[-1.0406,40.1322],[-1.0423,40.1367],[-1.041,40.1444],[-1.045,40.1487],[-1.0412,40.1574],[-1.054,40.1626],[-1.0627,40.1698],[-1.0734,40.1725],[-1.0793,40.1792],[-1.0905,40.1846],[-1.0921,40.1908],[-1.1013,40.1973],[-1.1225,40.202],[-1.1242,40.2041],[-1.1345,40.2046],[-1.1513,40.2108],[-1.1544,40.2136],[-1.158,40.2132],[-1.1684,40.2249],[-1.1762,40.2255],[-1.1853,40.2293]]},"properties":{"name":"Río Camarena","kind":"rio","length_km":22.3,"source":"CHJ PHJ 2022-2027 masas de agua superficial (río)"}},{"type":"Feature","geometry":{"type":"MultiLineString","coordinates":[[[-1.6678,40.1864],[-1.6694,40.1832],[-1.668,40.1745],[-1.6698,40.1702],[-1.6741,40.17],[-1.6776,40.1644],[-1.6858,40.1601],[-1.6867,40.154],[-1.6838,40.1446],[-1.687,40.1416],[-1.6876,40.136],[-1.6828,40.1318],[-1.6833,40.1293],[-1.6799,40.1249],[-1.6809,40.1238],[-1.6775,40.1231],[-1.6772,40.12],[-1.6701,40.1169],[-1.6692,40.1072],[-1.6664,40.1008],[-1.663,40.101],[-1.6614,40.0978],[-1.6596,40.1007],[-1.6558,40.0925],[-1.6516,40.0931],[-1.6483,40.0907],[-1.6496,40.0882],[-1.6396,40.0765],[-1.6328,40.0774]],[[-1.6316,40.1423],[-1.634,40.1401],[-1.6319,40.1364],[-1.6328,40.1326],[-1.6376,40.1297],[-1.6363,40.1244],[-1.6389,40.1221],[-1.6352,40.1169],[-1.6375,40.1169],[-1.6396,40.1082],[-1.6441,40.1056],[-1.6413,40.1033],[-1.643,40.1003],[-1.6376,40.0878],[-1.6382,40.0848],[-1.6324,40.0801],[-1.6328,40.0774]],[[-1.6328,40.0774],[-1.6296,40.072],[-1.6218,40.0697]]]},"properties":{"name":"Río Campillos","kind":"rio","length_km":26.4,"source":"CHJ PHJ 2022-2027 masas de agua superficial (río)"}},{"type":"Feature","geometry":{"type":"MultiLineString","coordinates":[[[-0.0079,40.5113],[-0.0049,40.5105],[-0.0034,40.5146],[0.0198,40.5193],[0.025,40.5196],[0.0258,40.5171],[0.0301,40.517],[0.0339,40.5126],[0.0397,40.5108],[0.0542,40.5133],[0.0548,40.5167],[0.0566,40.5156],[0.0675,40.5182]],[[0.0272,40.5447],[0.0287,40.5427],[0.04,40.541],[0.0426,40.5425],[0.0501,40.5406],[0.0534,40.5416],[0.0579,40.5398],[0.0609,40.5372],[0.0606,40.5263],[0.0671,40.5209],[0.0675,40.5182]],[[0.0675,40.5182],[0.0873,40.5229],[0.0892,40.52],[0.1096,40.5163],[0.1191,40.5108],[0.1329,40.5162],[0.1363,40.5156],[0.1388,40.5123],[0.1477,40.5136],[0.1503,40.5101],[0.1713,40.5057],[0.188,40.4969],[0.2116,40.4987],[0.2258,40.4832],[0.2475,40.4729],[0.2528,40.4601]],[[0.193,40.4557],[0.204,40.4654],[0.2029,40.4691],[0.2098,40.467],[0.2135,40.4712],[0.2204,40.4695],[0.2192,40.466],[0.2256,40.4664],[0.2275,40.469],[0.2299,40.4691],[0.2304,40.4658],[0.2528,40.4601]],[[0.2528,40.4601],[0.2583,40.458],[0.2534,40.4549],[0.259,40.4497],[0.2635,40.4537],[0.2677,40.4542],[0.2706,40.4522],[0.2679,40.4503],[0.2684,40.4488],[0.2716,40.4476],[0.2766,40.4492],[0.2859,40.4469],[0.2907,40.4499],[0.2888,40.4616],[0.2933,40.4638],[0.2964,40.469],[0.3016,40.47],[0.3028,40.4656],[0.3087,40.4695],[0.3327,40.4685],[0.3374,40.4729],[0.3426,40.4745],[0.3612,40.462],[0.3704,40.4626],[0.3792,40.4597],[0.3905,40.4485],[0.3942,40.4411],[0.3997,40.4404],[0.4024,40.4367],[0.4102,40.4331],[0.4183,40.4323],[0.4226,40.4276],[0.4329,40.424],[0.4371,40.4185]]]},"properties":{"name":"Río Cervera","kind":"rio","length_km":64.0,"source":"CHJ PHJ 2022-2027 masas de agua superficial (río)"}},{"type":"Feature","geometry":{"type":"MultiLineString","coordinates":[[[-2.2529,40.1723],[-2.2568,40.1639],[-2.2541,40.1574],[-2.2547,40.1524],[-2.2486,40.1373]],[[-2.2309,40.1462],[-2.2421,40.139],[-2.2486,40.1373]],[[-2.2486,40.1373],[-2.2518,40.1292],[-2.2384,40.119],[-2.234,40.112],[-2.2295,40.111],[-2.2245,40.1066],[-2.2021,40.0731]]]},"properties":{"name":"Río Chillarón","kind":"rio","length_km":14.5,"source":"CHJ PHJ 2022-2027 masas de agua superficial (río)"}},{"type":"Feature","geometry":{"type":"MultiLineString","coordinates":[[[-0.678,38.8047],[-0.6642,38.8025],[-0.6553,38.8078],[-0.6531,38.8064],[-0.6385,38.809],[-0.6405,38.8124],[-0.637,38.8144],[-0.6297,38.8132],[-0.6243,38.8166],[-0.6183,38.817]],[[-0.6183,38.817],[-0.6139,38.8189],[-0.6031,38.8292],[-0.5977,38.8281],[-0.5949,38.8322],[-0.5861,38.8363],[-0.5871,38.839],[-0.5838,38.8424],[-0.584,38.8471],[-0.5904,38.85],[-0.5859,38.8569],[-0.5933,38.8636],[-0.591,38.8652],[-0.5947,38.8725],[-0.5935,38.8748],[-0.5888,38.8752],[-0.5873,38.871],[-0.5849,38.8725],[-0.5815,38.8712],[-0.5785,38.8746],[-0.5737,38.8742],[-0.5667,38.8766],[-0.5682,38.8795],[-0.5668,38.8829],[-0.5629,38.8842],[-0.5575,38.882],[-0.5586,38.8864],[-0.5567,38.8875],[-0.5492,38.8878],[-0.5421,38.8853],[-0.5389,38.8866],[-0.5355,38.8926],[-0.5294,38.8895],[-0.5253,38.894],[-0.5208,38.8956],[-0.5136,38.8938],[-0.5123,38.8955],[-0.5081,38.8908],[-0.5032,38.8921],[-0.4982,38.8903]],[[-0.58,38.7915],[-0.5843,38.7935],[-0.5937,38.7923],[-0.5931,38.7941],[-0.5957,38.7968],[-0.613,38.7979],[-0.6122,38.7997],[-0.6147,38.8027],[-0.6227,38.8037],[-0.6192,38.8069],[-0.6224,38.8073],[-0.6245,38.8125],[-0.6183,38.817]]]},"properties":{"name":"Río Clariano","kind":"rio","length_km":33.9,"source":"CHJ PHJ 2022-2027 masas de agua superficial (río)"}},{"type":"Feature","geometry":{"type":"LineString","coordinates":[[-0.5182,40.1275],[-0.5206,40.1225],[-0.5199,40.1198],[-0.5125,40.1096],[-0.5069,40.1077],[-0.5018,40.1019],[-0.5056,40.0971],[-0.5065,40.0897],[-0.5036,40.087],[-0.5054,40.0858],[-0.5044,40.0786],[-0.5017,40.0784],[-0.4998,40.073]]},"properties":{"name":"Río Cortes","kind":"rio","length_km":7.2,"source":"CHJ PHJ 2022-2027 masas de agua superficial (río)"}},{"type":"Feature","geometry":{"type":"MultiLineString","coordinates":[[[-0.9094,38.8268],[-0.8968,38.8268],[-0.8916,38.8231],[-0.884,38.8254],[-0.8767,38.8233],[-0.8648,38.8279]],[[-0.8648,38.8279],[-0.8587,38.829],[-0.8504,38.8359],[-0.8457,38.8361],[-0.8469,38.8388],[-0.8412,38.8395],[-0.841,38.843],[-0.837,38.8437],[-0.8369,38.8456],[-0.8319,38.8484],[-0.8159,38.8509],[-0.8084,38.8539],[-0.8051,38.8542],[-0.8029,38.8524],[-0.8,38.8555],[-0.7956,38.8537],[-0.7927,38.8567],[-0.7897,38.8551],[-0.7853,38.8569],[-0.7819,38.8561],[-0.7732,38.8607],[-0.7712,38.8666],[-0.7689,38.8679]],[[-0.8345,38.8043],[-0.851,38.8113],[-0.8509,38.8134],[-0.8581,38.8188],[-0.8648,38.8279]],[[-0.769,38.8594],[-0.7672,38.8618],[-0.768,38.8635],[-0.7696,38.8625],[-0.7689,38.8679]],[[-0.7689,38.8679],[-0.7641,38.8671],[-0.7608,38.8723],[-0.7564,38.8702],[-0.7561,38.8744],[-0.7512,38.8773],[-0.7374,38.879],[-0.7338,38.8855],[-0.7266,38.8841],[-0.7226,38.8925],[-0.7195,38.8946],[-0.7121,38.8949],[-0.7088,38.8997],[-0.6915,38.9011],[-0.6714,38.91],[-0.6631,38.9112],[-0.6554,38.9158],[-0.6499,38.9134],[-0.6498,38.9165],[-0.6376,38.9211],[-0.6364,38.9264],[-0.6326,38.9272],[-0.6331,38.9375],[-0.6267,38.9354],[-0.6253,38.9396],[-0.6182,38.9435],[-0.6065,38.9432],[-0.5868,38.9534],[-0.5818,38.9593],[-0.5747,38.9609],[-0.572,38.9637],[-0.5671,38.9793],[-0.5644,38.9782],[-0.5559,38.9818],[-0.5538,38.9868],[-0.5474,38.9892],[-0.5454,38.9923],[-0.5461,38.9956],[-0.5413,38.9964],[-0.5248,39.0068],[-0.5206,39.0119],[-0.5108,39.0124],[-0.5101,39.0149],[-0.5041,39.0179],[-0.5013,39.0241],[-0.4965,39.0266]]]},"properties":{"name":"Río Cànyoles","kind":"rio","length_km":55.1,"source":"CHJ PHJ 2022-2027 masas de agua superficial (río)"}},{"type":"Feature","geometry":{"type":"MultiLineString","coordinates":[[[-1.425,40.3227],[-1.4214,40.3111],[-1.4078,40.2991],[-1.4031,40.2959],[-1.4,40.2961],[-1.3924,40.2901],[-1.3916,40.288],[-1.3951,40.2803],[-1.3916,40.2788],[-1.3919,40.2735]],[[-1.4041,40.2792],[-1.4026,40.277],[-1.3919,40.2735]],[[-1.3919,40.2735],[-1.3902,40.2729],[-1.3902,40.2687],[-1.3845,40.2691],[-1.3793,40.2671],[-1.3782,40.2616],[-1.3739,40.2574],[-1.3751,40.2559],[-1.3681,40.2547],[-1.3683,40.2441],[-1.3624,40.2429],[-1.3607,40.2383],[-1.3664,40.2349],[-1.3642,40.2339],[-1.3674,40.225],[-1.3635,40.222],[-1.362,40.2159],[-1.3588,40.2146],[-1.3635,40.213],[-1.3615,40.2118],[-1.3625,40.2078],[-1.3534,40.2048],[-1.3532,40.1984],[-1.3554,40.1959],[-1.3538,40.1938],[-1.3494,40.1934],[-1.3505,40.1911],[-1.3533,40.1907],[-1.3492,40.1867],[-1.3495,40.1811],[-1.3519,40.1772],[-1.3478,40.1778],[-1.3487,40.1745]],[[-1.372,40.1755],[-1.3652,40.1765],[-1.3603,40.1727],[-1.3534,40.1727],[-1.3526,40.1708],[-1.3487,40.1745]],[[-1.3678,40.1384],[-1.3606,40.14],[-1.3562,40.1451],[-1.3515,40.1465],[-1.3478,40.1501],[-1.3316,40.1546],[-1.3301,40.1576]],[[-1.3487,40.1745],[-1.3452,40.1737],[-1.3437,40.1692],[-1.339,40.1663],[-1.3374,40.1606],[-1.3335,40.1601],[-1.3335,40.1567],[-1.3301,40.1576]],[[-1.3301,40.1576],[-1.3251,40.1552],[-1.3253,40.1532],[-1.3229,40.1535],[-1.3224,40.149],[-1.3161,40.146],[-1.3137,40.1425],[-1.3153,40.1412],[-1.3105,40.1349],[-1.3009,40.1329],[-1.2998,40.1235],[-1.293,40.1191],[-1.2936,40.116],[-1.2907,40.1132],[-1.2917,40.1086],[-1.2874,40.1061],[-1.276,40.1045],[-1.2722,40.0964],[-1.2656,40.0932],[-1.2481,40.0933]]]},"properties":{"name":"Río Ebrón","kind":"rio","length_km":45.5,"source":"CHJ PHJ 2022-2027 masas de agua superficial (río)"}},{"type":"Feature","geometry":{"type":"LineString","coordinates":[[-0.9201,39.0626],[-0.917,39.0669],[-0.9111,39.0682],[-0.9091,39.0707],[-0.9026,39.0671],[-0.9025,39.0716],[-0.898,39.0718],[-0.8968,39.0762],[-0.8887,39.0829],[-0.8793,39.0837],[-0.8723,39.0787],[-0.869,39.0842],[-0.8625,39.0864],[-0.8605,39.085],[-0.8578,39.0865],[-0.8575,39.0836],[-0.8555,39.0835],[-0.8541,39.087],[-0.8513,39.0855],[-0.8428,39.0869],[-0.8414,39.0851],[-0.8347,39.0891],[-0.8213,39.0906],[-0.8204,39.0936],[-0.815,39.0924],[-0.8153,39.0956],[-0.8172,39.0961],[-0.8146,39.0993],[-0.8147,39.1029],[-0.8109,39.1062],[-0.8053,39.1035],[-0.7985,39.108],[-0.7854,39.1103],[-0.7809,39.1124],[-0.7774,39.1172],[-0.7742,39.1174],[-0.7728,39.1205],[-0.7705,39.1204],[-0.7706,39.1243],[-0.7626,39.1268]]},"properties":{"name":"Río Escalona","kind":"rio","length_km":20.3,"source":"CHJ PHJ 2022-2027 masas de agua superficial (río)"}},{"type":"Feature","geometry":{"type":"MultiLineString","coordinates":[[[-0.2079,38.7982],[-0.208,38.8004],[-0.204,38.7997],[-0.2016,38.8026],[-0.1919,38.8002],[-0.1886,38.8043],[-0.1842,38.8027],[-0.1844,38.8048],[-0.1751,38.8061],[-0.1758,38.8077],[-0.1742,38.8085],[-0.1616,38.8055],[-0.1588,38.8078],[-0.1427,38.8094],[-0.139,38.8056],[-0.1336,38.8064],[-0.1338,38.7975],[-0.1366,38.7951],[-0.1369,38.7887],[-0.1293,38.7837],[-0.1292,38.7808],[-0.1193,38.7804],[-0.1137,38.7831],[-0.1136,38.7849],[-0.1062,38.7869],[-0.0988,38.7859],[-0.0966,38.7874],[-0.0938,38.7851],[-0.0857,38.788],[-0.0796,38.7859],[-0.0721,38.7933],[-0.065,38.7933],[-0.0649,38.799],[-0.0602,38.799],[-0.0558,38.8037],[-0.0524,38.8044],[-0.0516,38.8073],[-0.0352,38.8086],[-0.0344,38.811],[-0.0253,38.8152],[-0.0203,38.81]],[[-0.0257,38.8081],[-0.0225,38.811],[-0.0203,38.81]],[[-0.0203,38.81],[-0.0176,38.8089],[-0.014,38.8141],[-0.0018,38.8171],[-0.0008,38.8186],[-0.003,38.8207],[0.0008,38.8216],[0.0007,38.8242],[0.0117,38.8293],[0.0099,38.83],[0.0129,38.837],[0.0105,38.841],[0.0112,38.8453],[0.0124,38.8471],[0.0161,38.8466],[0.018,38.85],[0.0218,38.8512],[0.0233,38.8543],[0.0213,38.8562],[0.0253,38.86],[0.0206,38.8652]]]},"properties":{"name":"Río Girona","kind":"rio","length_km":33.7,"source":"CHJ PHJ 2022-2027 masas de agua superficial (río)"}},{"type":"Feature","geometry":{"type":"MultiLineString","coordinates":[[[-0.2205,38.7606],[-0.2093,38.766],[-0.2047,38.7662],[-0.2042,38.768],[-0.1957,38.7698],[-0.1957,38.7664],[-0.1931,38.7654],[-0.1933,38.7629],[-0.1874,38.7636],[-0.1862,38.7598],[-0.1711,38.7569],[-0.1677,38.7529]],[[-0.2139,38.7309],[-0.2096,38.7281],[-0.202,38.7306],[-0.1996,38.7388],[-0.1913,38.7448],[-0.186,38.7478],[-0.184,38.7465],[-0.1827,38.7503],[-0.1677,38.7529]],[[-0.1677,38.7529],[-0.1581,38.751],[-0.1548,38.7541],[-0.1391,38.7566],[-0.136,38.7548],[-0.1182,38.7579],[-0.1167,38.7547],[-0.1122,38.7545],[-0.1122,38.757],[-0.1078,38.7578],[-0.1036,38.7556],[-0.0928,38.7552],[-0.0786,38.7579],[-0.0614,38.7552],[-0.0592,38.7529],[-0.052,38.7536],[-0.0501,38.7509],[-0.0457,38.7506],[-0.045,38.747],[-0.041,38.7475],[-0.0349,38.7445],[-0.0298,38.7464],[-0.0251,38.7438],[-0.0202,38.7449],[-0.0133,38.743],[-0.0028,38.7451],[0.0029,38.7442],[0.0041,38.7497],[0.0066,38.7477],[0.0104,38.7498],[0.0139,38.7472],[0.0177,38.75],[0.0182,38.7534],[0.0227,38.7556],[0.0284,38.7547],[0.0336,38.7604],[0.0383,38.7619],[0.0426,38.7593],[0.0439,38.7619],[0.0427,38.7657],[0.0493,38.7646],[0.0521,38.767],[0.0544,38.7628],[0.0575,38.7646],[0.0583,38.7689],[0.0625,38.7684],[0.0633,38.7706],[0.0731,38.7676],[0.0742,38.7702],[0.0778,38.7701],[0.0786,38.7729],[0.1018,38.7695],[0.1049,38.7679],[0.1055,38.7654],[0.1081,38.7655],[0.1101,38.7691],[0.1161,38.7731],[0.1285,38.767],[0.1381,38.771],[0.1441,38.7708],[0.1498,38.7765],[0.1563,38.7769],[0.1676,38.7819],[0.1685,38.7847],[0.1818,38.7916]]]},"properties":{"name":"Río Gorgos","kind":"rio","length_km":50.4,"source":"CHJ PHJ 2022-2027 masas de agua superficial (río)"}},{"type":"Feature","geometry":{"type":"LineString","coordinates":[[-0.8823,39.0121],[-0.8778,39.0105],[-0.8786,39.0119],[-0.8763,39.0139],[-0.8741,39.0128],[-0.8732,39.0178],[-0.8707,39.0171],[-0.8689,39.0192],[-0.8608,39.0171],[-0.864,39.0213],[-0.8576,39.0243],[-0.8559,39.0225],[-0.8512,39.0301],[-0.8475,39.0312],[-0.8453,39.0299],[-0.8449,39.0323],[-0.8418,39.0317],[-0.8422,39.0336],[-0.8255,39.0407],[-0.8223,39.0397],[-0.8198,39.0432],[-0.8149,39.0401],[-0.8139,39.0432],[-0.8091,39.0444],[-0.8088,39.0489],[-0.8057,39.0492],[-0.8038,39.052],[-0.7989,39.0513],[-0.8001,39.053],[-0.7963,39.0579],[-0.7897,39.0577],[-0.7818,39.061],[-0.7852,39.0637],[-0.7825,39.0666],[-0.7776,39.0675],[-0.78,39.0706],[-0.7777,39.0719],[-0.7814,39.0738],[-0.7784,39.0786],[-0.782,39.0793],[-0.7764,39.0814],[-0.7809,39.0831],[-0.7784,39.0849],[-0.783,39.0882],[-0.783,39.0915],[-0.7761,39.092],[-0.7719,39.0972],[-0.7647,39.0972],[-0.7623,39.1014],[-0.7641,39.1096],[-0.766,39.1106],[-0.7616,39.1148],[-0.7584,39.1159],[-0.753,39.1122]]},"properties":{"name":"Río Grande","kind":"rio","length_km":24.5,"source":"CHJ PHJ 2022-2027 masas de agua superficial (río)"}},{"type":"Feature","geometry":{"type":"MultiLineString","coordinates":[[[-2.1649,39.7509],[-2.1672,39.7493],[-2.1702,39.7507],[-2.1795,39.7498],[-2.1872,39.7539],[-2.1899,39.7443],[-2.1935,39.7431],[-2.1996,39.7346],[-2.2018,39.7347]],[[-2.1437,39.7512],[-2.1624,39.7525],[-2.1649,39.7509]],[[-2.1265,39.8105],[-2.1432,39.804],[-2.1454,39.8072],[-2.1489,39.8069],[-2.1571,39.7976],[-2.1568,39.7937],[-2.1458,39.7864],[-2.1487,39.7833],[-2.1512,39.7847],[-2.1622,39.7704],[-2.1635,39.763],[-2.1621,39.7579],[-2.1649,39.7509]],[[-2.1052,39.7649],[-2.1087,39.768],[-2.1198,39.7646],[-2.1305,39.7701],[-2.1338,39.7659],[-2.1359,39.7671],[-2.1417,39.762],[-2.1437,39.7512]],[[-2.1118,39.7346],[-2.1437,39.7512]],[[-2.088,39.8099],[-2.0988,39.8092],[-2.1194,39.8127],[-2.1265,39.8105]],[[-2.0694,39.871],[-2.0708,39.8687],[-2.0675,39.8664],[-2.0721,39.8647],[-2.0733,39.861],[-2.0775,39.8596],[-2.0821,39.8546],[-2.081,39.8518],[-2.0827,39.8483],[-2.0808,39.8467],[-2.0865,39.8455],[-2.0833,39.8397],[-2.0868,39.8412],[-2.0948,39.8349],[-2.0969,39.8369],[-2.0988,39.8355],[-2.1049,39.8375],[-2.1066,39.8406],[-2.1077,39.838],[-2.1113,39.8399],[-2.1154,39.8386],[-2.1192,39.8334],[-2.1215,39.8337],[-2.1228,39.8309],[-2.1208,39.8246],[-2.1214,39.8184],[-2.1265,39.8105]]]},"properties":{"name":"Río Gritos","kind":"rio","length_km":40.9,"source":"CHJ PHJ 2022-2027 masas de agua superficial (río)"}},{"type":"Feature","geometry":{"type":"MultiLineString","coordinates":[[[-1.7312,40.4053],[-1.7352,40.4001],[-1.7284,40.3946],[-1.7279,40.3921],[-1.7132,40.3848],[-1.6977,40.3921],[-1.6916,40.391],[-1.6855,40.3948],[-1.6744,40.3947]],[[-1.7016,40.4331],[-1.695,40.4286],[-1.6924,40.4244],[-1.6929,40.4195],[-1.6893,40.4116],[-1.6907,40.4094],[-1.6897,40.4058],[-1.68,40.4003],[-1.6744,40.3947]],[[-1.6744,40.3947],[-1.6741,40.393],[-1.6699,40.3918],[-1.6554,40.3951],[-1.6422,40.3943],[-1.6264,40.3975],[-1.614,40.3972],[-1.6111,40.4018],[-1.6061,40.4045],[-1.6079,40.406],[-1.6062,40.4098],[-1.601,40.4105],[-1.6001,40.4155],[-1.5981,40.4142],[-1.5953,40.4163]],[[-1.6228,40.3379],[-1.626,40.3446],[-1.6207,40.3471],[-1.6194,40.3524],[-1.615,40.3561],[-1.6147,40.3624],[-1.6112,40.3653],[-1.6026,40.3681],[-1.5944,40.3663],[-1.5929,40.3681],[-1.594,40.3707],[-1.5896,40.3727],[-1.5877,40.3712],[-1.5706,40.3711],[-1.5583,40.375],[-1.5475,40.3727],[-1.5484,40.3708],[-1.5455,40.3677],[-1.5415,40.37],[-1.5363,40.3702],[-1.5319,40.3758],[-1.5335,40.3779],[-1.5322,40.3796],[-1.5219,40.3784],[-1.5107,40.3837]],[[-1.6133,40.4254],[-1.6007,40.4224],[-1.5953,40.4163]],[[-1.5953,40.4163],[-1.5824,40.4146],[-1.5763,40.4162],[-1.5756,40.4235],[-1.57,40.4296],[-1.5619,40.4274],[-1.5524,40.4291],[-1.5371,40.4237],[-1.5268,40.4233],[-1.518,40.4194],[-1.508,40.4112],[-1.4985,40.4106],[-1.4986,40.4045],[-1.4961,40.4029],[-1.4986,40.4016],[-1.4973,40.3974]],[[-1.5437,40.3317],[-1.5395,40.3333],[-1.534,40.3407],[-1.5267,40.3445],[-1.5269,40.3526],[-1.5095,40.3617],[-1.5083,40.3657]],[[-1.5107,40.3837],[-1.5058,40.3912],[-1.503,40.3912],[-1.5007,40.394],[-1.5003,40.3969],[-1.4973,40.3974]],[[-1.5083,40.3657],[-1.5075,40.3725],[-1.5107,40.3837]],[[-1.5043,40.3561],[-1.5034,40.3587],[-1.5083,40.3657]],[[-1.4973,40.3974],[-1.4978,40.396],[-1.493,40.3926],[-1.4849,40.3972],[-1.4792,40.398],[-1.4772,40.394],[-1.4677,40.3943]],[[-1.4783,40.3812],[-1.4674,40.3915],[-1.4677,40.3943]],[[-1.4692,40.3131],[-1.4797,40.321],[-1.4856,40.3317],[-1.4907,40.3361],[-1.4896,40.3379],[-1.4915,40.3424],[-1.4914,40.3523],[-1.4894,40.3607],[-1.4934,40.3624],[-1.4922,40.3647],[-1.4934,40.3651],[-1.4905,40.3674],[-1.4919,40.3695],[-1.489,40.3724],[-1.4832,40.3723],[-1.4832,40.3744],[-1.481,40.3746],[-1.483,40.3767],[-1.4783,40.3812]],[[-1.4661,40.3589],[-1.4684,40.3656],[-1.471,40.3666],[-1.47,40.3711],[-1.473,40.3705],[-1.4721,40.3734],[-1.4775,40.3762],[-1.4783,40.3812]],[[-1.4677,40.3943],[-1.4581,40.4007],[-1.4506,40.3993],[-1.4497,40.4026],[-1.4521,40.4042],[-1.4467,40.4081],[-1.4449,40.4077],[-1.4463,40.405],[-1.4416,40.4026],[-1.4432,40.4061],[-1.4371,40.41],[-1.4397,40.411],[-1.4376,40.4157],[-1.439,40.4162],[-1.439,40.4224],[-1.4343,40.4309],[-1.4272,40.4333],[-1.4225,40.4299],[-1.4157,40.4286],[-1.4026,40.432],[-1.4015,40.4286],[-1.3975,40.4319],[-1.3903,40.4264],[-1.3881,40.4278],[-1.3847,40.4268],[-1.3848,40.4233],[-1.3775,40.4249],[-1.3763,40.4235],[-1.3729,40.4259],[-1.3708,40.4184],[-1.3653,40.4187],[-1.3564,40.4089],[-1.3507,40.4104],[-1.3482,40.4066],[-1.3375,40.4044],[-1.3271,40.4076],[-1.3235,40.4046],[-1.3089,40.4007],[-1.2984,40.395],[-1.2867,40.393],[-1.2852,40.3882],[-1.2862,40.3855],[-1.2795,40.3791],[-1.2766,40.3802],[-1.2732,40.3777],[-1.2659,40.3805]],[[-1.2047,40.3643],[-1.2028,40.3661],[-1.1966,40.3635],[-1.1955,40.3587],[-1.1878,40.3587],[-1.178,40.3543],[-1.1736,40.3547],[-1.167,40.3498],[-1.1598,40.3502],[-1.1517,40.3474],[-1.1418,40.3506],[-1.123,40.3452]]]},"properties":{"name":"Río Guadalaviar (Turia)","kind":"rio","length_km":113.0,"source":"CHJ PHJ 2022-2027 masas de agua superficial (río)"}},{"type":"Feature","geometry":{"type":"MultiLineString","coordinates":[[[-0.2621,38.6872],[-0.2572,38.6904],[-0.2419,38.6938],[-0.2373,38.6919],[-0.2304,38.6932],[-0.2255,38.6899],[-0.2203,38.69],[-0.2139,38.6874]],[[-0.1903,38.6796],[-0.1791,38.6765],[-0.1766,38.6726],[-0.1716,38.6693],[-0.1672,38.6689],[-0.1617,38.6638],[-0.157,38.6644],[-0.1553,38.6623],[-0.1486,38.6612],[-0.1425,38.6551],[-0.1431,38.6526],[-0.1383,38.6506],[-0.1379,38.6467],[-0.1296,38.6441],[-0.1121,38.6291],[-0.1074,38.6283],[-0.1036,38.6253],[-0.0931,38.6253],[-0.0909,38.6221],[-0.0819,38.6202],[-0.0795,38.6206],[-0.0755,38.6256]]]},"properties":{"name":"Río Guadalest","kind":"rio","length_km":18.1,"source":"CHJ PHJ 2022-2027 masas de agua superficial (río)"}},{"type":"Feature","geometry":{"type":"MultiLineString","coordinates":[[[-1.9714,39.8261],[-1.951,39.8153],[-1.9369,39.8149],[-1.9253,39.8078],[-1.9025,39.7999],[-1.8862,39.799],[-1.8793,39.8067],[-1.874,39.8059]],[[-1.9482,39.8648],[-1.9489,39.8627],[-1.9438,39.8645],[-1.9409,39.8617],[-1.9391,39.8628],[-1.9399,39.8654],[-1.932,39.8651],[-1.9265,39.8585],[-1.9261,39.8542],[-1.9129,39.8426],[-1.9144,39.8404],[-1.9174,39.8409],[-1.9146,39.8375],[-1.9172,39.8349],[-1.9122,39.8338],[-1.9169,39.8313],[-1.9138,39.8257],[-1.9058,39.8232],[-1.8971,39.8265],[-1.8919,39.8242],[-1.8932,39.8216],[-1.8881,39.8231],[-1.89,39.8179],[-1.8871,39.816],[-1.8871,39.8137],[-1.881,39.8078],[-1.874,39.8059]],[[-1.9357,39.9652],[-1.9282,39.9681],[-1.9159,39.9674],[-1.8767,39.9523],[-1.869,39.9513],[-1.8657,39.9487],[-1.8646,39.9387],[-1.8569,39.9313]],[[-1.8449,39.8438],[-1.8494,39.8438],[-1.8541,39.8471],[-1.8569,39.8455],[-1.8624,39.8478],[-1.8652,39.846],[-1.865,39.8483],[-1.869,39.8493],[-1.8711,39.8467],[-1.875,39.8461],[-1.8751,39.8439],[-1.8788,39.8439],[-1.8779,39.8407],[-1.8849,39.8367]],[[-1.8569,39.9313],[-1.8534,39.921],[-1.8567,39.9144],[-1.8559,39.9106],[-1.8511,39.9055],[-1.8566,39.8953],[-1.86,39.8914],[-1.88,39.8841],[-1.8771,39.8821],[-1.8799,39.8797],[-1.8774,39.8776],[-1.881,39.8775],[-1.8788,39.8737],[-1.8875,39.8745],[-1.8887,39.8726],[-1.8915,39.873],[-1.896,39.8657],[-1.894,39.8639],[-1.8948,39.8593],[-1.8926,39.8548],[-1.8967,39.8514],[-1.9009,39.851],[-1.8963,39.8484],[-1.8986,39.8462],[-1.8934,39.8457],[-1.8918,39.8433],[-1.8872,39.8424],[-1.8849,39.8367]],[[-1.8849,39.8367],[-1.8809,39.8321],[-1.8846,39.8319],[-1.8859,39.8288],[-1.8794,39.8264],[-1.8787,39.8236],[-1.8683,39.8143],[-1.8713,39.811],[-1.8703,39.805]],[[-1.874,39.8059],[-1.8703,39.805]],[[-1.8703,39.805],[-1.8631,39.804],[-1.8527,39.8074],[-1.8499,39.8057],[-1.8485,39.802],[-1.8444,39.8024],[-1.8432,39.8048],[-1.8399,39.8035],[-1.8383,39.8065],[-1.8341,39.8058],[-1.8301,39.8088],[-1.8247,39.8059],[-1.8227,39.8083],[-1.8191,39.8084],[-1.8182,39.8107],[-1.8088,39.8103],[-1.811,39.8081],[-1.8096,39.8064],[-1.8165,39.8],[-1.8099,39.7974],[-1.8106,39.7935],[-1.803,39.7949],[-1.806,39.789],[-1.8045,39.7869],[-1.8021,39.787],[-1.7994,39.7915],[-1.7974,39.7914],[-1.796,39.7907],[-1.7971,39.787],[-1.7856,39.7872],[-1.7836,39.7829],[-1.7712,39.7786],[-1.7716,39.7725],[-1.7664,39.7714],[-1.7627,39.7759],[-1.7609,39.7708],[-1.7523,39.7663],[-1.7465,39.7666],[-1.7429,39.7649]],[[-1.787,40.2059],[-1.7931,40.2021],[-1.7947,40.1988],[-1.7944,40.1907],[-1.7916,40.1866],[-1.7923,40.1826],[-1.7971,40.1719],[-1.8014,40.1693],[-1.8008,40.1655],[-1.8071,40.1553],[-1.8028,40.153],[-1.8037,40.1447],[-1.8009,40.1377],[-1.7984,40.138],[-1.798,40.1361],[-1.7923,40.1342],[-1.7912,40.1292],[-1.7877,40.127],[-1.789,40.1219],[-1.7826,40.119],[-1.781,40.1121],[-1.7759,40.1124],[-1.7714,40.1083],[-1.772,40.1019],[-1.7692,40.0974],[-1.7773,40.0878],[-1.7787,40.0829],[-1.7778,40.0771],[-1.7865,40.0775],[-1.7936,40.0713],[-1.791,40.0687],[-1.7934,40.0637],[-1.7987,40.0607],[-1.7974,40.056],[-1.8026,40.0515],[-1.806,40.0439],[-1.8049,40.0308],[-1.8128,40.0189],[-1.8186,40.0195],[-1.8201,40.0159],[-1.8235,40.0146],[-1.8279,40.0026],[-1.8389,39.9971],[-1.8439,39.9969],[-1.8488,39.9891],[-1.8594,39.9815],[-1.8545,39.9529],[-1.8585,39.9462],[-1.8569,39.9313]],[[-1.7364,39.7811],[-1.7399,39.7781],[-1.7393,39.7731],[-1.7429,39.7649]],[[-1.7429,39.7649],[-1.7292,39.7598],[-1.7264,39.7552],[-1.718,39.7527],[-1.7076,39.7457],[-1.7062,39.7396],[-1.7155,39.7322],[-1.7096,39.7305],[-1.7089,39.7269],[-1.7027,39.7269],[-1.7007,39.724],[-1.7064,39.7175],[-1.7034,39.7156],[-1.7024,39.7086],[-1.6987,39.7082],[-1.6943,39.7161],[-1.6873,39.7203],[-1.6846,39.7192],[-1.6838,39.7156],[-1.6814,39.7191],[-1.68,39.7135],[-1.6776,39.7187],[-1.6713,39.7181],[-1.6719,39.72],[-1.6691,39.7198],[-1.6667,39.723],[-1.6629,39.7177],[-1.6582,39.719],[-1.6583,39.7146],[-1.6522,39.7126],[-1.6482,39.7079],[-1.6436,39.7097],[-1.64,39.7067],[-1.6324,39.708],[-1.6149,39.6998]]]},"properties":{"name":"Río Guadazaón","kind":"rio","length_km":137.7,"source":"CHJ PHJ 2022-2027 masas de agua superficial (río)"}},{"type":"Feature","geometry":{"type":"LineString","coordinates":[[-1.4704,39.8566],[-1.4687,39.8539],[-1.4628,39.8521],[-1.4604,39.8478],[-1.4538,39.8468],[-1.4438,39.8401],[-1.44,39.8396],[-1.4366,39.8421],[-1.4324,39.8376],[-1.4284,39.8366],[-1.4254,39.8274],[-1.4206,39.8289],[-1.4174,39.8248],[-1.4101,39.823],[-1.4085,39.8196],[-1.4105,39.8139],[-1.4089,39.8101],[-1.4127,39.8103],[-1.408,39.8075],[-1.4113,39.8017],[-1.4097,39.8009],[-1.4122,39.7971],[-1.4153,39.7977],[-1.4146,39.792],[-1.4195,39.7925],[-1.4219,39.7901],[-1.423,39.7829],[-1.4205,39.7801],[-1.4232,39.7791],[-1.4235,39.7755],[-1.4266,39.7751],[-1.4259,39.773],[-1.4306,39.7748],[-1.4326,39.7724],[-1.4315,39.7702],[-1.4385,39.7698],[-1.4395,39.7659],[-1.4459,39.7686],[-1.4501,39.7611],[-1.4623,39.7586],[-1.4729,39.7488],[-1.4824,39.748],[-1.4872,39.7414],[-1.4897,39.7421],[-1.4969,39.7391],[-1.5028,39.7338],[-1.5036,39.7307],[-1.5108,39.7272],[-1.5131,39.7235],[-1.5166,39.7228],[-1.5234,39.715],[-1.5312,39.712],[-1.5339,39.7133],[-1.5339,39.7085],[-1.5441,39.7086],[-1.5412,39.7039],[-1.5473,39.7028],[-1.5488,39.6973],[-1.5538,39.6995],[-1.5567,39.6965],[-1.5531,39.6921],[-1.5571,39.6901],[-1.5563,39.6878],[-1.5586,39.6866],[-1.5551,39.6815],[-1.5568,39.6776]]},"properties":{"name":"Río Henares","kind":"rio","length_km":35.2,"source":"CHJ PHJ 2022-2027 masas de agua superficial (río)"}},{"type":"Feature","geometry":{"type":"LineString","coordinates":[[-1.8629,40.1374],[-1.8653,40.1374],[-1.8661,40.1337],[-1.8697,40.1314],[-1.884,40.1322],[-1.8973,40.1276],[-1.9005,40.1233],[-1.912,40.1256],[-1.9164,40.1235],[-1.9243,40.1242],[-1.9295,40.1209],[-1.9311,40.1155],[-1.9354,40.1162],[-1.9386,40.1115],[-1.9438,40.113],[-1.9523,40.1093],[-1.9566,40.1038],[-1.9616,40.104],[-1.9644,40.0964],[-1.9618,40.0944],[-1.9662,40.0927],[-1.9636,40.091],[-1.9638,40.0889],[-1.9743,40.0825],[-1.9746,40.0807],[-1.9788,40.079],[-1.9808,40.0804],[-1.9841,40.0774],[-1.9903,40.0801],[-1.9965,40.079],[-2.0004,40.0805],[-2.0006,40.0769],[-2.0026,40.0789],[-2.0058,40.0782],[-2.006,40.074],[-2.0098,40.074],[-2.013,40.0767],[-2.0167,40.0717],[-2.0219,40.069],[-2.0285,40.0685],[-2.0303,40.0668],[-2.0328,40.0693],[-2.0371,40.0646],[-2.0447,40.068],[-2.0502,40.0663],[-2.051,40.0688],[-2.0552,40.0688],[-2.0659,40.0754],[-2.0773,40.0767],[-2.0812,40.0814],[-2.0905,40.0857],[-2.0969,40.0824],[-2.0995,40.0838],[-2.1151,40.084],[-2.1173,40.0812],[-2.1273,40.0799],[-2.1277,40.0774],[-2.1318,40.0741],[-2.1345,40.0745],[-2.1366,40.0781]]},"properties":{"name":"Río Huécar","kind":"rio","length_km":32.5,"source":"CHJ PHJ 2022-2027 masas de agua superficial (río)"}},{"type":"Feature","geometry":{"type":"LineString","coordinates":[[-0.4921,38.5379],[-0.4941,38.5353],[-0.4929,38.5332],[-0.4972,38.531],[-0.4947,38.5245],[-0.4975,38.5228],[-0.4976,38.5193],[-0.4947,38.5186],[-0.4955,38.514],[-0.4924,38.5106],[-0.4944,38.5083],[-0.4922,38.5077],[-0.4915,38.5007],[-0.4871,38.4972],[-0.4887,38.4946],[-0.4852,38.4936],[-0.4839,38.4913],[-0.4856,38.4897],[-0.4838,38.4891],[-0.4828,38.4849],[-0.4782,38.4835],[-0.4778,38.4735],[-0.4759,38.4719],[-0.4775,38.4657]]},"properties":{"name":"Río Jijona","kind":"rio","length_km":9.8,"source":"CHJ PHJ 2022-2027 masas de agua superficial (río)"}},{"type":"Feature","geometry":{"type":"MultiLineString","coordinates":[[[-2.3634,39.9205],[-2.3607,39.9154],[-2.3377,39.9019],[-2.3262,39.892],[-2.3241,39.8873],[-2.3127,39.881],[-2.2998,39.8768],[-2.292,39.87],[-2.2866,39.8684],[-2.2867,39.8618],[-2.2818,39.8591],[-2.2819,39.8563]],[[-2.3214,39.9547],[-2.3184,39.9457],[-2.3123,39.9382],[-2.3142,39.9312],[-2.3059,39.9212],[-2.2989,39.9165],[-2.297,39.91],[-2.2986,39.9084],[-2.2946,39.9058],[-2.2904,39.8961],[-2.2842,39.8901],[-2.2776,39.8876],[-2.2795,39.8862],[-2.2735,39.881]],[[-2.3003,40.022],[-2.2954,40.0194],[-2.2917,40.0128],[-2.2815,40.0046],[-2.2785,40.005],[-2.2674,39.998],[-2.2631,39.9977],[-2.2582,39.9936],[-2.2522,39.9934]],[[-2.2819,39.8563],[-2.2882,39.8521]],[[-2.2735,39.881],[-2.278,39.8793],[-2.2707,39.878],[-2.27,39.8706],[-2.2668,39.8648],[-2.2681,39.8634],[-2.2735,39.8641],[-2.2741,39.8588],[-2.2819,39.8563]],[[-2.2495,39.9147],[-2.2522,39.9061],[-2.2593,39.9092],[-2.2634,39.8982],[-2.2728,39.8971],[-2.2745,39.8929],[-2.2736,39.8906],[-2.2638,39.8864],[-2.2735,39.881]],[[-2.1393,40.1414],[-2.1439,40.1388],[-2.1397,40.1354],[-2.1409,40.1315],[-2.135,40.1291],[-2.1321,40.1088],[-2.1292,40.1028],[-2.1251,40.1013],[-2.1287,40.0971],[-2.1329,40.0956],[-2.1324,40.093],[-2.1271,40.0896],[-2.1288,40.0829],[-2.1328,40.0775],[-2.1408,40.0783],[-2.1442,40.0702],[-2.144,40.0653],[-2.1495,40.0681],[-2.1536,40.0628],[-2.1655,40.0656],[-2.1738,40.0642],[-2.174,40.0687],[-2.1797,40.0716],[-2.1846,40.0713],[-2.1869,40.0756],[-2.2013,40.0749],[-2.2019,40.0717],[-2.1955,40.0679],[-2.1929,40.0641],[-2.1977,40.0541],[-2.1929,40.0518],[-2.1923,40.049],[-2.2045,40.0486],[-2.2055,40.0403],[-2.2078,40.0382],[-2.2129,40.041],[-2.214,40.0447],[-2.23,40.0428],[-2.2358,40.0319],[-2.2408,40.027],[-2.2395,40.0221],[-2.2407,40.0183],[-2.2382,40.0121],[-2.2464,40.0134],[-2.2453,40.0095],[-2.241,40.0078],[-2.2436,40.0046],[-2.2464,40.006],[-2.2515,40.0045],[-2.2514,40.001],[-2.2467,39.9963],[-2.2491,39.9944],[-2.2525,39.9951],[-2.2522,39.9934]],[[-2.2522,39.9934],[-2.2506,39.9914],[-2.2519,39.9836],[-2.2493,39.9828],[-2.2445,39.9855],[-2.2412,39.9829],[-2.2412,39.9803],[-2.246,39.9754],[-2.2529,39.9784],[-2.2551,39.9776],[-2.2549,39.9704],[-2.2568,39.9691],[-2.2598,39.97],[-2.2597,39.9782],[-2.2634,39.9781],[-2.2668,39.9754],[-2.2638,39.9706],[-2.2684,39.9674],[-2.2698,39.963],[-2.2684,39.9612],[-2.2605,39.9626],[-2.2584,39.9612],[-2.2659,39.9546],[-2.2667,39.951],[-2.2649,39.9464],[-2.2627,39.9446],[-2.2509,39.9429],[-2.2428,39.9342],[-2.2439,39.9316],[-2.25,39.9282],[-2.2489,39.9262],[-2.2394,39.9271],[-2.2402,39.9225],[-2.2495,39.9147]],[[-2.1405,39.9204],[-2.1584,39.917],[-2.1593,39.9187],[-2.1675,39.9195],[-2.1764,39.9141],[-2.185,39.9187],[-2.1977,39.9221],[-2.2092,39.921],[-2.232,39.9147],[-2.2495,39.9147]],[[-2.1519,40.2413],[-2.1525,40.2395],[-2.1479,40.2376],[-2.1462,40.2347],[-2.1472,40.2298]],[[-2.1039,40.2828],[-2.1079,40.2752],[-2.1261,40.2601],[-2.1259,40.2562],[-2.1312,40.2507],[-2.1394,40.2331],[-2.1472,40.2298]],[[-2.1472,40.2298],[-2.1481,40.2271],[-2.1418,40.2216],[-2.1476,40.2085],[-2.1464,40.1922],[-2.1429,40.1874],[-2.1416,40.1796],[-2.1428,40.1734],[-2.1414,40.1579],[-2.1395,40.1491],[-2.1359,40.1452],[-2.1361,40.1431],[-2.1393,40.1414]],[[-2.0992,40.2151],[-2.0987,40.213],[-2.107,40.2046],[-2.1071,40.2007],[-2.1129,40.1928],[-2.1116,40.1848],[-2.1198,40.1763],[-2.1183,40.1739],[-2.1146,40.1754],[-2.1169,40.1689],[-2.1144,40.1669],[-2.1165,40.1644],[-2.114,40.1611],[-2.1279,40.1487],[-2.1258,40.1412],[-2.1393,40.1414]],[[-2.1125,39.564],[-2.116,39.5623],[-2.1115,39.5598],[-2.1038,39.5598],[-2.1034,39.5553],[-2.0995,39.5557],[-2.0983,39.559],[-2.0963,39.5585],[-2.0955,39.5509],[-2.0906,39.5506],[-2.086,39.553],[-2.0804,39.5493],[-2.0812,39.5475],[-2.0916,39.5484],[-2.0918,39.5454],[-2.0897,39.5433],[-2.0761,39.5445],[-2.0644,39.5491],[-2.0625,39.5482],[-2.0743,39.5403],[-2.0699,39.5338],[-2.0702,39.531],[-2.0775,39.5328],[-2.0796,39.5309],[-2.0696,39.5251],[-2.0672,39.5247],[-2.0636,39.5278],[-2.0608,39.5263],[-2.0605,39.5233],[-2.0658,39.5217],[-2.0675,39.5167],[-2.0624,39.5131],[-2.0613,39.5084],[-2.0669,39.5038],[-2.0672,39.5013],[-2.0585,39.4894],[-2.0649,39.4837],[-2.0694,39.4829],[-2.0774,39.4763],[-2.0828,39.4751],[-2.0854,39.4712],[-2.087,39.4619],[-2.0847,39.4566],[-2.0845,39.449],[-2.0872,39.4433],[-2.0875,39.4362],[-2.0961,39.424],[-2.0912,39.4177],[-2.0964,39.4075],[-2.0942,39.4036],[-2.0965,39.403],[-2.0954,39.401],[-2.0924,39.4025],[-2.0917,39.4012],[-2.0916,39.3976],[-2.0955,39.3933],[-2.0915,39.3921],[-2.0931,39.388],[-2.098,39.3872],[-2.1046,39.3827],[-2.1013,39.3767],[-2.1014,39.3726],[-2.1044,39.3707],[-2.0995,39.3672],[-2.1008,39.3617],[-2.0952,39.3586],[-2.0907,39.352],[-2.0913,39.3493],[-2.0865,39.3478],[-2.0887,39.3435],[-2.0871,39.3379],[-2.0828,39.3337],[-2.0782,39.3322],[-2.0732,39.3171],[-2.0771,39.3126],[-2.0772,39.3078],[-2.0702,39.3014],[-2.0696,39.2988],[-2.0669,39.2982],[-2.0675,39.2891],[-2.0653,39.2864],[-2.0592,39.2849],[-2.0601,39.2836],[-2.0575,39.2803],[-2.0587,39.2722],[-2.0509,39.2669],[-2.0503,39.256],[-2.0445,39.2408],[-2.0462,39.2382],[-2.0442,39.2332],[-2.0363,39.2306],[-2.039,39.2285],[-2.0327,39.2253],[-2.033,39.2218],[-2.0189,39.2188],[-2.0192,39.2115],[-2.0065,39.1969],[-2.0014,39.1941],[-1.9854,39.1945],[-1.9791,39.1873],[-1.9677,39.1829],[-1.9577,39.1728],[-1.9482,39.1738],[-1.9357,39.18],[-1.9324,39.1788],[-1.9279,39.1695],[-1.9233,39.1679],[-1.9202,39.1701],[-1.9202,39.1761],[-1.9058,39.1754],[-1.8982,39.1713],[-1.8838,39.1708],[-1.8721,39.1746],[-1.8655,39.173],[-1.8581,39.1754],[-1.8469,39.175],[-1.8357,39.1651],[-1.8344,39.1602],[-1.8317,39.158],[-1.8261,39.16],[-1.8268,39.1662],[-1.824,39.1676],[-1.7979,39.1606],[-1.7968,39.1581],[-1.7989,39.1567],[-1.8121,39.1561],[-1.8148,39.1451],[-1.8132,39.1435],[-1.8012,39.147],[-1.793,39.1522],[-1.7896,39.1499],[-1.7808,39.1494],[-1.7593,39.1437],[-1.7469,39.1368],[-1.7442,39.1383],[-1.7443,39.1419],[-1.7389,39.1449],[-1.7257,39.1432],[-1.7212,39.1471],[-1.7133,39.1487],[-1.7114,39.1519],[-1.7131,39.157],[-1.7113,39.1582],[-1.7037,39.1501],[-1.6949,39.1513],[-1.6927,39.1538],[-1.6855,39.1532],[-1.6826,39.1489],[-1.6826,39.1426],[-1.6785,39.1395],[-1.675,39.1409],[-1.6748,39.1461],[-1.6682,39.1496],[-1.6586,39.1505],[-1.6481,39.1446],[-1.6465,39.1483],[-1.6414,39.1497],[-1.6395,39.1532],[-1.6354,39.1528],[-1.6367,39.1556],[-1.6295,39.1587],[-1.6247,39.1575],[-1.6253,39.1538],[-1.6199,39.1501],[-1.6182,39.1519],[-1.6177,39.1582],[-1.6158,39.1599],[-1.6074,39.1603],[-1.6058,39.1635],[-1.6031,39.162],[-1.6031,39.1585],[-1.5966,39.1601],[-1.5922,39.156],[-1.5885,39.1573],[-1.5833,39.1546],[-1.5803,39.1548],[-1.5786,39.1574],[-1.5673,39.1588],[-1.5646,39.1616],[-1.5584,39.1602],[-1.5575,39.1621],[-1.5617,39.1655],[-1.5612,39.1669],[-1.5534,39.1678],[-1.5481,39.1641],[-1.5449,39.1649],[-1.5406,39.1717],[-1.5337,39.1692],[-1.5324,39.1724],[-1.5337,39.1769],[-1.5315,39.179],[-1.5275,39.1749],[-1.5191,39.1731],[-1.5167,39.1748],[-1.5176,39.1784],[-1.514,39.1802],[-1.51,39.1765],[-1.5132,39.1738],[-1.5116,39.1724],[-1.5054,39.1739],[-1.5004,39.1794],[-1.4914,39.1732],[-1.487,39.1807],[-1.4748,39.1856],[-1.4801,39.1927],[-1.4782,39.195],[-1.4748,39.1938],[-1.4734,39.19],[-1.4704,39.1884],[-1.4672,39.1891],[-1.4659,39.1949],[-1.4636,39.196],[-1.4562,39.1902],[-1.4509,39.1945],[-1.4408,39.1891],[-1.4373,39.1935],[-1.4337,39.194],[-1.4299,39.189],[-1.4279,39.1898],[-1.4278,39.1957],[-1.4246,39.1969],[-1.418,39.1942],[-1.4053,39.1981],[-1.4005,39.1951],[-1.3911,39.1938],[-1.3792,39.198],[-1.3723,39.1968],[-1.3614,39.2028],[-1.3544,39.2034],[-1.3494,39.2013],[-1.3399,39.2048],[-1.3208,39.2059]],[[-2.084,40.2091],[-2.0917,40.2141],[-2.0972,40.2158],[-2.0992,40.2151]],[[-2.0866,40.235],[-2.0903,40.226],[-2.0887,40.2227],[-2.0986,40.222],[-2.1013,40.2183],[-2.0992,40.2151]],[[-2.0473,40.3247],[-2.0527,40.3254],[-2.0573,40.329],[-2.0644,40.3289],[-2.0719,40.3257],[-2.0737,40.3215],[-2.0809,40.3184],[-2.0862,40.3126],[-2.0849,40.303],[-2.0865,40.3005],[-2.0847,40.2986],[-2.0845,40.2934],[-2.0885,40.2881],[-2.0897,40.2808],[-2.0879,40.2772],[-2.0917,40.2715],[-2.0869,40.2668],[-2.0857,40.2622],[-2.0875,40.2461],[-2.0862,40.2462],[-2.0841,40.2373],[-2.0866,40.235]],[[-1.9816,40.2255],[-1.9833,40.2268],[-1.9859,40.2257],[-1.9855,40.2288],[-1.9985,40.2376],[-1.999,40.2431],[-2.0025,40.2485],[-2.0077,40.2508],[-2.0083,40.2552],[-2.0172,40.2539],[-2.0155,40.2568],[-2.0172,40.2585],[-2.0258,40.2532],[-2.0246,40.2499],[-2.0308,40.2495],[-2.0337,40.252],[-2.0383,40.248],[-2.0486,40.2491],[-2.0696,40.2381],[-2.0777,40.2367],[-2.0801,40.2342],[-2.0866,40.235]],[[-1.9808,40.2256],[-1.9816,40.2255]],[[-1.9224,40.21],[-1.9317,40.2098],[-1.9355,40.2133],[-1.9392,40.2111],[-1.9413,40.2128],[-1.9555,40.2142],[-1.9602,40.2127],[-1.9739,40.2221],[-1.9791,40.221],[-1.9816,40.2255]],[[-1.8463,40.223],[-1.849,40.2212],[-1.8505,40.2151],[-1.8537,40.2163],[-1.858,40.2127],[-1.8725,40.211]],[[-1.8571,40.363],[-1.8497,40.3575],[-1.8496,40.3537]],[[-1.8496,40.3537],[-1.8488,40.3471],[-1.8446,40.3428],[-1.8324,40.34],[-1.8237,40.3304],[-1.8141,40.3242],[-1.8129,40.3151],[-1.8097,40.3135],[-1.8084,40.3081],[-1.8039,40.3047],[-1.8038,40.2995],[-1.8003,40.2945],[-1.8028,40.288],[-1.8013,40.2861],[-1.8077,40.2846],[-1.8228,40.2741],[-1.8348,40.2616],[-1.835,40.2551],[-1.8372,40.2529],[-1.8396,40.2425],[-1.8401,40.2335],[-1.8463,40.223]],[[-1.8491,40.4006],[-1.8417,40.3927],[-1.8432,40.388],[-1.8418,40.3854],[-1.8278,40.3745],[-1.8322,40.3685],[-1.8287,40.3636],[-1.8299,40.3621],[-1.8366,40.3616],[-1.8438,40.3547],[-1.8472,40.3534],[-1.8496,40.3537]],[[-1.8421,40.202],[-1.8448,40.2102],[-1.8422,40.2151],[-1.8463,40.223]],[[-1.2391,39.2076],[-1.234,39.2046],[-1.2259,39.2065],[-1.2206,39.2033],[-1.2144,39.203],[-1.2101,39.1992],[-1.2028,39.2021],[-1.1966,39.2002],[-1.1909,39.2015],[-1.1867,39.1975],[-1.1802,39.1982],[-1.167,39.1956],[-1.1666,39.192],[-1.159,39.1934],[-1.1481,39.1917],[-1.1387,39.1925],[-1.1355,39.1967],[-1.1297,39.1962],[-1.1269,39.1989],[-1.1193,39.1984],[-1.112,39.2003],[-1.1007,39.199],[-1.0985,39.2009],[-1.096,39.1979],[-1.0936,39.1985],[-1.089,39.2014],[-1.088,39.2077],[-1.0847,39.2078],[-1.0839,39.2013],[-1.0757,39.1959],[-1.0714,39.1991],[-1.0715,39.2027],[-1.0663,39.2033],[-1.0617,39.2069],[-1.0599,39.2064],[-1.0596,39.204],[-1.0537,39.2041],[-1.0524,39.2083],[-1.0549,39.2116],[-1.0619,39.2111]],[[-0.8516,39.2779],[-0.8542,39.2836],[-0.8503,39.2848],[-0.8475,39.2816],[-0.8369,39.2799],[-0.8392,39.2765],[-0.8354,39.2739],[-0.824,39.271],[-0.8178,39.273],[-0.8131,39.2724],[-0.8132,39.27],[-0.8081,39.2678],[-0.8074,39.2653],[-0.8025,39.2647],[-0.7971,39.2601],[-0.7931,39.2618],[-0.7921,39.267],[-0.7851,39.2658]],[[-0.652,39.1292],[-0.6455,39.1269],[-0.6475,39.1209],[-0.6468,39.1171],[-0.6416,39.1163],[-0.6357,39.112],[-0.6352,39.1016],[-0.6332,39.1007],[-0.631,39.1027],[-0.6244,39.0991],[-0.6282,39.0937],[-0.6253,39.0898],[-0.6201,39.0868],[-0.613,39.0883],[-0.6072,39.082],[-0.6037,39.0826],[-0.6034,39.0868],[-0.5985,39.0851],[-0.5963,39.082],[-0.5999,39.0735],[-0.5967,39.0712],[-0.5997,39.0668],[-0.5968,39.0647],[-0.5924,39.067],[-0.587,39.0663],[-0.5846,39.0713],[-0.5854,39.0735],[-0.5809,39.0763],[-0.578,39.0826],[-0.5682,39.0817],[-0.5672,39.0833],[-0.5609,39.084],[-0.5577,39.0903],[-0.5528,39.0891],[-0.5501,39.0795],[-0.5468,39.0781],[-0.5417,39.0799],[-0.539,39.0747],[-0.5351,39.0748],[-0.5337,39.0824],[-0.538,39.0845],[-0.5345,39.0871],[-0.5358,39.0887],[-0.5325,39.0918],[-0.5319,39.0952],[-0.5248,39.0953],[-0.5153,39.1062],[-0.5047,39.1085],[-0.4993,39.1128],[-0.4951,39.1128],[-0.4965,39.1157],[-0.5015,39.1165],[-0.5027,39.1184],[-0.5004,39.1198],[-0.4924,39.1173],[-0.4974,39.1221],[-0.4938,39.1269],[-0.4857,39.1231],[-0.4865,39.1287],[-0.4905,39.13],[-0.4901,39.1319],[-0.4812,39.1329],[-0.4787,39.1278],[-0.4759,39.1277],[-0.4708,39.132],[-0.4716,39.1354],[-0.4612,39.1361],[-0.4573,39.1393],[-0.4581,39.1414],[-0.4614,39.1417],[-0.4597,39.1454],[-0.4553,39.1448],[-0.4546,39.1374],[-0.4503,39.1357],[-0.4488,39.1388],[-0.4506,39.1419],[-0.4448,39.1487],[-0.45,39.15],[-0.45,39.1524],[-0.4359,39.1602],[-0.4368,39.1675],[-0.4242,39.1727],[-0.4212,39.1805],[-0.4125,39.1843],[-0.4083,39.1929],[-0.4097,39.1994],[-0.4072,39.2013],[-0.4034,39.1989],[-0.3928,39.2027],[-0.3907,39.1983],[-0.388,39.1974],[-0.3835,39.1988],[-0.3803,39.2038],[-0.3603,39.1985],[-0.3471,39.2031],[-0.3464,39.2057],[-0.3423,39.2084],[-0.3411,39.2033],[-0.339,39.2025],[-0.3288,39.204],[-0.3257,39.2026],[-0.3324,39.1972],[-0.3337,39.1919],[-0.325,39.1955],[-0.3174,39.1907],[-0.3077,39.1897],[-0.3082,39.1865],[-0.3129,39.1844],[-0.3076,39.1764],[-0.3107,39.1724],[-0.3014,39.1691],[-0.2973,39.1639],[-0.2893,39.1643],[-0.2857,39.1676],[-0.2861,39.1701],[-0.2948,39.1727],[-0.2903,39.1767],[-0.2874,39.176],[-0.2844,39.1722],[-0.2803,39.1749],[-0.2804,39.1805],[-0.2678,39.1771]]]},"properties":{"name":"Río Júcar","kind":"rio","length_km":453.4,"source":"CHJ PHJ 2022-2027 masas de agua superficial (río)"}},{"type":"Feature","geometry":{"type":"MultiLineString","coordinates":[[[-2.3725,38.9261],[-2.3595,38.9297],[-2.3597,38.9431],[-2.3564,38.9462],[-2.343,38.9462],[-2.339,38.9433],[-2.3242,38.9422],[-2.3163,38.9312],[-2.3108,38.9293],[-2.2971,38.9188],[-2.2852,38.9155],[-2.2825,38.9122],[-2.2672,38.906],[-2.2603,38.897],[-2.2563,38.8944],[-2.2544,38.8957]],[[-2.2576,38.8839],[-2.2549,38.8876],[-2.2544,38.8957]],[[-2.2544,38.8957],[-2.2457,38.9011],[-2.2416,38.9068],[-2.234,38.9124],[-2.2313,38.9158],[-2.2309,38.9202],[-2.2214,38.933],[-2.2045,38.941],[-2.2026,38.9491],[-2.1965,38.9566],[-2.1908,38.9706],[-2.1765,38.9872],[-2.1753,39.0],[-2.1689,39.009],[-2.1525,39.0093],[-2.1403,39.0166],[-2.1315,39.0164],[-2.1237,39.0192],[-2.1051,39.0177],[-2.0971,39.0414],[-2.088,39.0412],[-2.0686,39.0453],[-2.0599,39.0529],[-2.0594,39.0556],[-2.0531,39.0597],[-2.0478,39.0589],[-2.0436,39.0558],[-2.0384,39.0597],[-2.0283,39.0629],[-2.0202,39.0604]]]},"properties":{"name":"Río Lezuza","kind":"rio","length_km":47.6,"source":"CHJ PHJ 2022-2027 masas de agua superficial (río)"}},{"type":"Feature","geometry":{"type":"MultiLineString","coordinates":[[[-0.2871,40.197],[-0.2864,40.1915],[-0.2893,40.1908],[-0.2894,40.1871],[-0.2923,40.183],[-0.2901,40.1827],[-0.2912,40.1812],[-0.2884,40.1798],[-0.2903,40.177],[-0.2871,40.1749],[-0.2928,40.1626],[-0.2883,40.1596],[-0.2884,40.1544],[-0.281,40.149],[-0.2744,40.1473],[-0.2789,40.1441],[-0.2718,40.1386],[-0.2751,40.1369],[-0.2743,40.1349],[-0.2671,40.1346],[-0.2668,40.1316],[-0.2593,40.1297],[-0.2581,40.1268],[-0.2508,40.1279],[-0.2517,40.1244],[-0.2464,40.1197],[-0.2394,40.1194],[-0.2392,40.1152],[-0.2326,40.1077],[-0.2296,40.1067],[-0.2328,40.1048]],[[-0.2173,40.0977],[-0.2081,40.0936],[-0.206,40.0888],[-0.2034,40.0893],[-0.2045,40.0861],[-0.211,40.0861],[-0.2078,40.0845],[-0.2093,40.08],[-0.2052,40.0801],[-0.2096,40.0769],[-0.2098,40.0746],[-0.2038,40.0754],[-0.2022,40.0779],[-0.1996,40.0725],[-0.1942,40.0796],[-0.1915,40.0773],[-0.189,40.0781],[-0.1836,40.073],[-0.1807,40.0756],[-0.1762,40.0748],[-0.177,40.0771],[-0.171,40.0799],[-0.1678,40.0764],[-0.1648,40.0789],[-0.1623,40.0763]]]},"properties":{"name":"Río Lucena","kind":"rio","length_km":26.6,"source":"CHJ PHJ 2022-2027 masas de agua superficial (río)"}},{"type":"Feature","geometry":{"type":"LineString","coordinates":[[-1.3943,39.5644],[-1.3766,39.5531],[-1.3693,39.5544],[-1.337,39.5476],[-1.3318,39.549],[-1.3009,39.5489],[-1.2815,39.5573],[-1.2524,39.564],[-1.2356,39.5731],[-1.2231,39.5684]]},"properties":{"name":"Río Madre","kind":"rio","length_km":16.1,"source":"CHJ PHJ 2022-2027 masas de agua superficial (río)"}},{"type":"Feature","geometry":{"type":"MultiLineString","coordinates":[[[-1.2231,39.5684],[-1.2166,39.5696],[-1.1991,39.559],[-1.1859,39.5447],[-1.1835,39.5321],[-1.1768,39.5268],[-1.1677,39.5244],[-1.1554,39.5166],[-1.1305,39.4895],[-1.1165,39.4782],[-1.0917,39.4754],[-1.0828,39.4705],[-1.0795,39.4651],[-1.068,39.4655],[-1.0623,39.4626],[-1.0642,39.4582],[-1.0622,39.4539],[-1.0641,39.453],[-1.0645,39.4497],[-1.0728,39.4468],[-1.0707,39.445],[-1.0721,39.4415],[-1.068,39.4382],[-1.0645,39.4309],[-1.07,39.4272],[-1.067,39.424],[-1.0678,39.4187],[-1.0612,39.4205],[-1.0565,39.4176],[-1.0603,39.4144],[-1.0537,39.4108],[-1.055,39.4066],[-1.0519,39.4054],[-1.0505,39.4022],[-1.0509,39.3971],[-1.0453,39.3932],[-1.0413,39.3858],[-1.0333,39.3827],[-1.0302,39.3787],[-1.0225,39.378],[-1.0192,39.3746],[-1.0111,39.3715],[-1.0006,39.3706],[-0.999,39.3693],[-1.0014,39.3673],[-0.9964,39.363],[-0.9888,39.3621],[-0.9897,39.3657],[-0.9872,39.3662],[-0.986,39.3593],[-0.9785,39.3602],[-0.9717,39.3639],[-0.9726,39.3603],[-0.9685,39.3601],[-0.9647,39.3634],[-0.9658,39.3598],[-0.9575,39.3557],[-0.9349,39.3489],[-0.9339,39.3522],[-0.9273,39.3529],[-0.9274,39.356],[-0.9302,39.3584],[-0.9287,39.3594],[-0.9094,39.35]],[[-0.8645,39.341],[-0.8611,39.3433],[-0.8534,39.3428],[-0.8525,39.3399],[-0.8466,39.3377],[-0.8455,39.3391],[-0.8488,39.3399],[-0.8456,39.3442],[-0.8474,39.3458],[-0.8459,39.347],[-0.8416,39.3432],[-0.8375,39.3443],[-0.8352,39.3413],[-0.8298,39.345],[-0.8204,39.3413],[-0.8149,39.3429],[-0.8118,39.3479],[-0.8051,39.3487],[-0.8072,39.3427],[-0.7996,39.3424],[-0.7966,39.3405],[-0.7953,39.3481],[-0.7877,39.3572],[-0.7774,39.3581],[-0.7753,39.3549],[-0.7708,39.3533],[-0.7674,39.3553],[-0.7666,39.3602],[-0.7597,39.3615],[-0.7385,39.3522],[-0.7329,39.3568],[-0.7243,39.3576],[-0.7106,39.3456],[-0.7041,39.3483],[-0.7096,39.359],[-0.7013,39.3574],[-0.7002,39.3516],[-0.685,39.3577],[-0.6764,39.3543],[-0.6668,39.3537],[-0.6635,39.3577],[-0.6537,39.3587],[-0.6508,39.3559],[-0.6563,39.3441],[-0.6511,39.3344],[-0.6372,39.3409],[-0.6275,39.3385],[-0.6185,39.3311],[-0.6158,39.3309],[-0.613,39.3322],[-0.6104,39.3431],[-0.607,39.3433],[-0.6032,39.3409],[-0.6024,39.337],[-0.5947,39.3316],[-0.5886,39.3308],[-0.5829,39.3251],[-0.5826,39.3209],[-0.5748,39.3077],[-0.5729,39.2925],[-0.5576,39.2865],[-0.554,39.2676],[-0.561,39.2646],[-0.5599,39.2612],[-0.5581,39.2602],[-0.5497,39.2647],[-0.5451,39.263],[-0.5382,39.2587],[-0.5323,39.2513],[-0.5263,39.2488],[-0.5203,39.238],[-0.5192,39.2308],[-0.5153,39.2251],[-0.5082,39.2213],[-0.5027,39.2082],[-0.4783,39.2022],[-0.4666,39.2016],[-0.4575,39.2041],[-0.4498,39.2004],[-0.4481,39.1952],[-0.4404,39.1858],[-0.4307,39.182],[-0.4231,39.188],[-0.4171,39.1851],[-0.4118,39.1854]]]},"properties":{"name":"Río Magro","kind":"rio","length_km":114.8,"source":"CHJ PHJ 2022-2027 masas de agua superficial (río)"}},{"type":"Feature","geometry":{"type":"MultiLineString","coordinates":[[[-2.4488,39.897],[-2.4434,39.8927],[-2.4372,39.8917],[-2.4372,39.8885],[-2.4193,39.8834],[-2.4141,39.879],[-2.4041,39.8652],[-2.4043,39.8609],[-2.4016,39.8583],[-2.4013,39.8533],[-2.3959,39.8423],[-2.3877,39.8316],[-2.3814,39.8268]],[[-2.4084,39.8005],[-2.4,39.8063],[-2.3949,39.8075],[-2.3787,39.8204],[-2.3712,39.8215]],[[-2.3997,39.8345],[-2.3962,39.8303],[-2.3814,39.8268]],[[-2.3814,39.8268],[-2.3712,39.8215]],[[-2.3712,39.8215],[-2.3438,39.818],[-2.3172,39.8193],[-2.3136,39.8149],[-2.3064,39.8132],[-2.3025,39.8094]]]},"properties":{"name":"Río Marimota","kind":"rio","length_km":23.8,"source":"CHJ PHJ 2022-2027 masas de agua superficial (río)"}},{"type":"Feature","geometry":{"type":"LineString","coordinates":[[-1.571,39.7616],[-1.5709,39.7555],[-1.5734,39.7532],[-1.5715,39.7505],[-1.5747,39.749],[-1.5726,39.7456],[-1.5777,39.739],[-1.5783,39.7349],[-1.5823,39.7314],[-1.5815,39.7242],[-1.5867,39.7202],[-1.5871,39.7176],[-1.5911,39.7175],[-1.5907,39.7141],[-1.5842,39.7126],[-1.5864,39.7112],[-1.5861,39.7049],[-1.5893,39.7031],[-1.5875,39.7003],[-1.5879,39.6943],[-1.5862,39.6931],[-1.588,39.6899],[-1.5846,39.6827],[-1.5859,39.6802],[-1.5843,39.6725]]},"properties":{"name":"Río Martín","kind":"rio","length_km":11.9,"source":"CHJ PHJ 2022-2027 masas de agua superficial (río)"}},{"type":"Feature","geometry":{"type":"MultiLineString","coordinates":[[[-1.6402,40.0376],[-1.6412,40.0346],[-1.6473,40.0301],[-1.6502,40.0218],[-1.6572,40.0182],[-1.6563,40.0149],[-1.6581,40.014],[-1.6579,40.0107]],[[-1.646,40.0382],[-1.6402,40.0376]],[[-1.6216,40.0642],[-1.6314,40.0529],[-1.6313,40.0502],[-1.6354,40.0496],[-1.6398,40.0439],[-1.6402,40.0376]],[[-1.6218,40.0697],[-1.6231,40.0664],[-1.6216,40.0642]],[[-1.5945,40.0868],[-1.6049,40.0812],[-1.6061,40.0781],[-1.6106,40.0764],[-1.611,40.0734],[-1.6216,40.0642]],[[-1.6017,40.0931],[-1.5956,40.0893],[-1.5945,40.0868]],[[-1.5509,40.0899],[-1.5564,40.0862],[-1.577,40.0829],[-1.5885,40.0875],[-1.5945,40.0868]]]},"properties":{"name":"Río Mayor del Molinillo","kind":"rio","length_km":17.0,"source":"CHJ PHJ 2022-2027 masas de agua superficial (río)"}},{"type":"Feature","geometry":{"type":"MultiLineString","coordinates":[[[-0.8464,40.438],[-0.85,40.4354]],[[-0.85,40.4354],[-0.866,40.4294],[-0.8667,40.4275],[-0.8738,40.4274],[-0.875,40.423],[-0.8726,40.4203],[-0.8737,40.4189],[-0.8695,40.4162],[-0.8703,40.4134],[-0.8648,40.4088],[-0.8661,40.4035],[-0.8643,40.401],[-0.8669,40.4005],[-0.8695,40.3947],[-0.8743,40.3934],[-0.8726,40.3918],[-0.8751,40.3865],[-0.8787,40.3866],[-0.885,40.3814],[-0.8898,40.3817],[-0.8889,40.3805],[-0.8906,40.3795],[-0.8879,40.3785],[-0.8896,40.3777],[-0.8884,40.3756],[-0.8911,40.3751],[-0.89,40.3733],[-0.8926,40.3711],[-0.889,40.3654],[-0.8896,40.3612],[-0.8922,40.3615],[-0.8911,40.3581],[-0.8935,40.3577],[-0.8936,40.356],[-0.8919,40.3539],[-0.8943,40.3529],[-0.8929,40.3511],[-0.8952,40.3515],[-0.8988,40.3424],[-0.8956,40.3416],[-0.8956,40.3393],[-0.8979,40.3374],[-0.9003,40.3382],[-0.9,40.3344],[-0.903,40.3339],[-0.8977,40.3295],[-0.8989,40.3274],[-0.8946,40.328],[-0.8955,40.3241],[-0.8939,40.3225],[-0.8913,40.3233],[-0.8806,40.3172],[-0.8808,40.3151],[-0.8754,40.3077],[-0.8726,40.3066],[-0.8736,40.3053],[-0.8711,40.3039],[-0.8729,40.3029],[-0.8734,40.2963],[-0.8697,40.2953],[-0.8699,40.2929],[-0.8667,40.2927],[-0.8689,40.291],[-0.8647,40.2883],[-0.867,40.2858],[-0.8638,40.2828],[-0.861,40.2828],[-0.8625,40.2789],[-0.8588,40.2769],[-0.8596,40.2718],[-0.8543,40.2684],[-0.8556,40.2668],[-0.8526,40.2521],[-0.8442,40.2402],[-0.8414,40.2406],[-0.8404,40.2352],[-0.8428,40.2302],[-0.8401,40.2242],[-0.8337,40.2179],[-0.8344,40.2159],[-0.8299,40.2156],[-0.8279,40.2109],[-0.8249,40.2098],[-0.8242,40.2074],[-0.8222,40.2082]],[[-0.7927,40.389],[-0.7948,40.3979],[-0.7916,40.4011],[-0.7936,40.4052],[-0.7997,40.406],[-0.8048,40.4097],[-0.8145,40.411],[-0.8317,40.4202],[-0.85,40.4354]],[[-0.8407,40.2098],[-0.8348,40.2098],[-0.829,40.2062],[-0.8263,40.2078],[-0.8235,40.2064],[-0.8222,40.2082]],[[-0.8222,40.2082],[-0.8195,40.2068],[-0.8218,40.2055],[-0.8216,40.202],[-0.813,40.198],[-0.8111,40.1949],[-0.8051,40.1945],[-0.8024,40.186],[-0.793,40.1801],[-0.7901,40.176],[-0.7848,40.1757],[-0.7823,40.171],[-0.7731,40.1627],[-0.7749,40.1615],[-0.7685,40.1607],[-0.7642,40.1549],[-0.7526,40.1538],[-0.75,40.1499],[-0.7404,40.1481],[-0.7398,40.1453],[-0.737,40.1457],[-0.7376,40.1428],[-0.7336,40.1432],[-0.7291,40.1409],[-0.7178,40.1438],[-0.7141,40.1382],[-0.6908,40.135],[-0.6841,40.1289],[-0.6796,40.1273],[-0.6762,40.1284],[-0.6713,40.1242],[-0.6688,40.1263],[-0.6627,40.1256],[-0.6619,40.1286],[-0.6533,40.1268],[-0.6522,40.1294],[-0.6451,40.1265],[-0.6441,40.1299],[-0.638,40.1317]],[[-0.6442,40.1552],[-0.6431,40.1513],[-0.636,40.1443],[-0.6372,40.141],[-0.641,40.1387],[-0.638,40.1317]],[[-0.638,40.1317],[-0.6257,40.1304],[-0.6221,40.1315],[-0.6233,40.1352],[-0.619,40.1353],[-0.6159,40.1343],[-0.6161,40.13],[-0.6121,40.1288],[-0.6093,40.125],[-0.6099,40.1231]],[[-0.5475,40.0849],[-0.5444,40.084],[-0.5419,40.0883],[-0.5398,40.0877],[-0.538,40.0755],[-0.5344,40.074],[-0.5276,40.0764],[-0.5269,40.0727],[-0.5208,40.0686],[-0.52,40.0648],[-0.5133,40.0675],[-0.5124,40.072],[-0.5073,40.0726],[-0.5073,40.0761],[-0.4998,40.073],[-0.4998,40.0699],[-0.4963,40.0688],[-0.4915,40.0697],[-0.4928,40.0738],[-0.4869,40.071],[-0.4786,40.0738],[-0.478,40.0656],[-0.4704,40.0632],[-0.4702,40.0613],[-0.4735,40.0594],[-0.4724,40.0577],[-0.4617,40.0592],[-0.4569,40.0576],[-0.4579,40.055],[-0.4511,40.0545],[-0.4515,40.0565],[-0.4465,40.0581],[-0.4444,40.0522],[-0.4413,40.0545],[-0.4416,40.0585],[-0.4318,40.0573],[-0.4313,40.0605],[-0.4293,40.0608],[-0.4212,40.0581],[-0.4185,40.0614],[-0.4059,40.0549],[-0.4031,40.0492],[-0.393,40.0465],[-0.3942,40.0451],[-0.3927,40.0431],[-0.389,40.0448],[-0.3849,40.0419],[-0.379,40.0418],[-0.3697,40.0446],[-0.3627,40.0438],[-0.3604,40.0399],[-0.3642,40.0333],[-0.3577,40.0289],[-0.3524,40.0288],[-0.3467,40.0357],[-0.3405,40.0283],[-0.3359,40.0276],[-0.3253,40.0311],[-0.3219,40.0288],[-0.3203,40.0247],[-0.3236,40.0229],[-0.3228,40.0193],[-0.3323,40.0157],[-0.3317,40.0143],[-0.3268,40.0122],[-0.3215,40.0126],[-0.31,40.0186],[-0.3078,40.0141],[-0.3089,40.0065],[-0.3037,40.0076],[-0.2973,40.0032],[-0.2948,40.0042],[-0.2947,40.0082],[-0.2874,40.0055],[-0.2834,40.007],[-0.2859,40.0096],[-0.2819,40.0124],[-0.2745,40.011],[-0.2733,40.0154],[-0.2817,40.0194]],[[-0.2313,40.0096],[-0.2355,40.0005],[-0.2175,39.9964],[-0.2234,39.9884],[-0.2235,39.985],[-0.2177,39.9873],[-0.214,39.9855],[-0.2132,39.9903],[-0.2116,39.991],[-0.2072,39.9897],[-0.2017,39.9844],[-0.203,39.9816],[-0.2016,39.9789],[-0.1957,39.9824],[-0.1858,39.978],[-0.1783,39.9824],[-0.176,39.9813],[-0.1686,39.9832],[-0.1583,39.9757],[-0.1551,39.9712],[-0.1509,39.971],[-0.141,39.9656],[-0.1351,39.9659],[-0.1298,39.9614],[-0.1275,39.9625],[-0.1206,39.9596],[-0.1187,39.9632],[-0.1162,39.9634],[-0.1146,39.9597],[-0.1086,39.9596],[-0.1004,39.9546],[-0.087,39.954],[-0.069,39.9416],[-0.0591,39.9304],[-0.0441,39.9254],[-0.0417,39.9229],[-0.0351,39.9222],[-0.0192,39.9162],[-0.0117,39.9079]]]},"properties":{"name":"Río Mijares","kind":"rio","length_km":148.2,"source":"CHJ PHJ 2022-2027 masas de agua superficial (río)"}},{"type":"Feature","geometry":{"type":"LineString","coordinates":[[-0.9663,39.4451],[-0.9632,39.4416],[-0.9664,39.4392],[-0.9632,39.4386],[-0.9639,39.4336],[-0.9599,39.4342],[-0.9648,39.4284],[-0.9659,39.4191],[-0.9693,39.4157],[-0.9678,39.4132],[-0.9689,39.411],[-0.972,39.4106],[-0.9698,39.4077],[-0.9701,39.402],[-0.9683,39.4004],[-0.9667,39.3894],[-0.9619,39.3865],[-0.9568,39.388],[-0.9571,39.3845],[-0.9523,39.3794],[-0.946,39.3788],[-0.934,39.3686],[-0.9302,39.3705],[-0.928,39.3689],[-0.93,39.3682],[-0.9292,39.3669],[-0.9248,39.3652],[-0.9218,39.3674],[-0.9182,39.3671],[-0.9211,39.3624],[-0.9178,39.3582],[-0.9214,39.3589],[-0.9228,39.3573]]},"properties":{"name":"Río Mijares (Magro)","kind":"rio","length_km":15.6,"source":"CHJ PHJ 2022-2027 masas de agua superficial (río)"}},{"type":"Feature","geometry":{"type":"LineString","coordinates":[[-2.3316,38.6381],[-2.3172,38.6446],[-2.3029,38.6436],[-2.2917,38.6479],[-2.2904,38.6511],[-2.2776,38.66],[-2.2708,38.6607],[-2.2554,38.6686],[-2.2539,38.6714],[-2.2497,38.6731],[-2.248,38.6788],[-2.2364,38.6885],[-2.2381,38.6923],[-2.2293,38.7054],[-2.2281,38.7126],[-2.2236,38.7166],[-2.2254,38.7207],[-2.2221,38.7295],[-2.227,38.746],[-2.2324,38.7497],[-2.2425,38.7623],[-2.2374,38.7709],[-2.239,38.7752],[-2.2376,38.7793],[-2.224,38.7895],[-2.2158,38.7984],[-2.2029,38.807],[-2.1867,38.823],[-2.1752,38.8287],[-2.1668,38.8296],[-2.1546,38.8353],[-2.1503,38.8394],[-2.1417,38.8511],[-2.142,38.871],[-2.1403,38.875],[-2.1453,38.8829],[-2.1387,38.8869]]},"properties":{"name":"Río Mirón","kind":"rio","length_km":38.1,"source":"CHJ PHJ 2022-2027 masas de agua superficial (río)"}},{"type":"Feature","geometry":{"type":"MultiLineString","coordinates":[[[-0.4426,40.3453],[-0.4353,40.3448],[-0.4311,40.3482],[-0.4266,40.3458],[-0.4256,40.3469],[-0.4274,40.3497],[-0.424,40.3508],[-0.4255,40.3526],[-0.4226,40.3516],[-0.4219,40.354],[-0.4157,40.3544],[-0.4162,40.3561],[-0.4118,40.3564],[-0.4061,40.3603],[-0.398,40.3597],[-0.3931,40.3627],[-0.3873,40.3612],[-0.3835,40.3646],[-0.3808,40.3644],[-0.3804,40.3614],[-0.3765,40.3638],[-0.369,40.3625],[-0.3616,40.366],[-0.3582,40.3707],[-0.3504,40.3714],[-0.3414,40.3765],[-0.3378,40.376],[-0.3359,40.3726],[-0.3315,40.3719],[-0.3311,40.3688],[-0.3287,40.369],[-0.3214,40.3636],[-0.3228,40.3624],[-0.3212,40.3606],[-0.3132,40.3583]],[[-0.4082,40.2871],[-0.4067,40.2907],[-0.4039,40.2894],[-0.4051,40.2916],[-0.4016,40.2906],[-0.3985,40.2935],[-0.4004,40.2956],[-0.3939,40.2976],[-0.3947,40.3004],[-0.392,40.2988],[-0.3896,40.3],[-0.3913,40.3025],[-0.3884,40.3072],[-0.3847,40.3055],[-0.3789,40.3101],[-0.3765,40.3051],[-0.3725,40.3085],[-0.3737,40.305],[-0.3723,40.3041],[-0.37,40.3045],[-0.3698,40.3066],[-0.3662,40.3052],[-0.3699,40.3103],[-0.3634,40.3165],[-0.3594,40.3131],[-0.3544,40.3148],[-0.353,40.3133],[-0.3522,40.3176],[-0.3535,40.3181],[-0.3486,40.3206],[-0.3498,40.3278],[-0.3479,40.3282],[-0.3459,40.3249],[-0.3431,40.3254],[-0.3437,40.3271],[-0.3413,40.3284],[-0.3426,40.3341],[-0.3402,40.3359],[-0.3409,40.339],[-0.3324,40.341],[-0.3321,40.3442],[-0.3238,40.3474],[-0.3192,40.354],[-0.3132,40.3583]],[[-0.3132,40.3583],[-0.3083,40.3569],[-0.3053,40.3621],[-0.2979,40.3611],[-0.289,40.3678],[-0.2883,40.3644],[-0.2846,40.3657],[-0.2823,40.3645],[-0.2828,40.3692],[-0.2786,40.3689],[-0.2762,40.3666],[-0.2734,40.3717],[-0.2705,40.3709],[-0.2712,40.369],[-0.261,40.3677],[-0.257,40.3726],[-0.2511,40.3729],[-0.253,40.3738],[-0.2525,40.3753],[-0.2493,40.3732],[-0.248,40.3756],[-0.245,40.373],[-0.2442,40.3749],[-0.2407,40.3733],[-0.2368,40.3746],[-0.2326,40.3724],[-0.2342,40.3704],[-0.2281,40.3704],[-0.2279,40.3726],[-0.2226,40.3714],[-0.2224,40.3682],[-0.2177,40.3684],[-0.2165,40.3642],[-0.2122,40.3648],[-0.2146,40.3611],[-0.2169,40.3619],[-0.2143,40.3598],[-0.2201,40.3599],[-0.2135,40.3574],[-0.2127,40.3519],[-0.2033,40.3526],[-0.2039,40.3478],[-0.2094,40.3461],[-0.2064,40.3439],[-0.206,40.3458],[-0.2022,40.3453],[-0.2065,40.3394],[-0.2038,40.3402],[-0.2035,40.3378],[-0.1977,40.3372],[-0.1994,40.3351],[-0.2036,40.3359],[-0.2019,40.3338],[-0.2062,40.3314],[-0.2066,40.3299],[-0.2041,40.3294],[-0.2093,40.3236]],[[-0.2355,40.3225],[-0.234,40.3228],[-0.2341,40.3267],[-0.2309,40.3275],[-0.2302,40.3257],[-0.2273,40.3286],[-0.2235,40.3257],[-0.2176,40.327],[-0.2093,40.3236]],[[-0.2093,40.3236],[-0.2041,40.3223],[-0.206,40.3159],[-0.2007,40.3176],[-0.2031,40.3117],[-0.1984,40.3126],[-0.1978,40.3093],[-0.1939,40.308],[-0.1985,40.3074],[-0.1953,40.3042],[-0.1971,40.3008],[-0.1932,40.3006],[-0.1962,40.2955],[-0.1928,40.2943],[-0.1956,40.2878],[-0.191,40.2868],[-0.1891,40.29],[-0.1872,40.2899],[-0.1856,40.2888],[-0.1875,40.2871],[-0.185,40.2841],[-0.1814,40.2862],[-0.1816,40.2887],[-0.1735,40.2811],[-0.1716,40.2846],[-0.1691,40.284],[-0.1687,40.2811],[-0.1723,40.2774],[-0.1695,40.2771],[-0.1715,40.2746],[-0.1684,40.2737],[-0.1704,40.2703],[-0.1687,40.2682],[-0.1699,40.2658],[-0.1622,40.2614],[-0.1607,40.2567],[-0.1536,40.2595],[-0.154,40.2566],[-0.1504,40.2546],[-0.1514,40.2528],[-0.1497,40.2499],[-0.138,40.2449],[-0.1391,40.2406],[-0.1351,40.2384]],[[-0.188,40.2035],[-0.1721,40.2068],[-0.1716,40.2122],[-0.1659,40.2129],[-0.1664,40.217],[-0.1604,40.2208],[-0.1548,40.2208],[-0.148,40.2263],[-0.1437,40.2272],[-0.1433,40.2318],[-0.1409,40.2316],[-0.1378,40.2354]],[[-0.1489,40.2388],[-0.1378,40.2354]],[[-0.1378,40.2354],[-0.1351,40.2384]],[[-0.1351,40.2384],[-0.134,40.2382]],[[-0.135,40.2608],[-0.1383,40.2592],[-0.1368,40.2518],[-0.1342,40.251],[-0.1326,40.2479],[-0.1346,40.2432],[-0.134,40.2382]],[[-0.134,40.2382],[-0.1284,40.2369],[-0.1326,40.2342],[-0.1305,40.2332],[-0.1218,40.2322],[-0.1234,40.2364],[-0.1189,40.2357],[-0.1155,40.2323],[-0.1141,40.2329],[-0.1154,40.2366],[-0.1127,40.2368],[-0.1095,40.2335],[-0.105,40.2326],[-0.1036,40.2386],[-0.0997,40.2404],[-0.094,40.2361],[-0.0932,40.2316],[-0.098,40.2233],[-0.0858,40.22]]]},"properties":{"name":"Río Monleón","kind":"rio","length_km":100.0,"source":"CHJ PHJ 2022-2027 masas de agua superficial (río)"}},{"type":"Feature","geometry":{"type":"MultiLineString","coordinates":[[[-0.6211,38.5756],[-0.6165,38.571],[-0.6122,38.5617],[-0.6132,38.5561],[-0.5981,38.5414],[-0.5991,38.5382],[-0.5967,38.5396],[-0.5934,38.5379],[-0.5971,38.5356],[-0.5881,38.5297],[-0.5879,38.5241],[-0.584,38.5212],[-0.5854,38.5188],[-0.5805,38.5149],[-0.5811,38.5128],[-0.5744,38.5112]],[[-0.5577,38.5005],[-0.5555,38.4938],[-0.5528,38.4913],[-0.5456,38.4912],[-0.5418,38.4877],[-0.5266,38.4843],[-0.5218,38.486],[-0.5183,38.4834],[-0.516,38.4859],[-0.5108,38.4852],[-0.5046,38.4809],[-0.5025,38.4814],[-0.5031,38.4766],[-0.5005,38.4781],[-0.4913,38.4721],[-0.4921,38.4688],[-0.4901,38.4698],[-0.4852,38.4664],[-0.4776,38.4664],[-0.4749,38.4614],[-0.4743,38.4516],[-0.4695,38.4482],[-0.4641,38.4402],[-0.4428,38.4315],[-0.4365,38.4316],[-0.4328,38.4277],[-0.425,38.4269],[-0.4223,38.4287],[-0.4151,38.427],[-0.4103,38.4239],[-0.4088,38.4186],[-0.4064,38.4175],[-0.399,38.4207],[-0.3903,38.4175]]]},"properties":{"name":"Río Montnegre","kind":"rio","length_km":30.7,"source":"CHJ PHJ 2022-2027 masas de agua superficial (río)"}},{"type":"Feature","geometry":{"type":"LineString","coordinates":[[-0.5513,40.0377],[-0.5503,40.0424],[-0.5414,40.0462],[-0.5398,40.0527],[-0.5329,40.0553],[-0.5341,40.057],[-0.5269,40.0576],[-0.5286,40.0618],[-0.5254,40.0634],[-0.5241,40.0665],[-0.5212,40.0666]]},"properties":{"name":"Río Montán","kind":"rio","length_km":5.0,"source":"CHJ PHJ 2022-2027 masas de agua superficial (río)"}},{"type":"Feature","geometry":{"type":"LineString","coordinates":[[-0.7441,40.28],[-0.7484,40.2758],[-0.7476,40.2657],[-0.7547,40.2513],[-0.7533,40.2447],[-0.7615,40.2325],[-0.7601,40.2269],[-0.7641,40.2266],[-0.7647,40.2225],[-0.768,40.2212],[-0.7671,40.2193],[-0.7697,40.2152],[-0.7653,40.2142],[-0.7716,40.2072],[-0.77,40.2037],[-0.771,40.2015],[-0.7678,40.2016],[-0.7644,40.1966],[-0.7611,40.1962],[-0.7604,40.1945],[-0.7645,40.1922],[-0.7603,40.1869],[-0.7617,40.1846],[-0.758,40.1818],[-0.7581,40.1792],[-0.7536,40.1734],[-0.7547,40.1696],[-0.7522,40.168],[-0.7518,40.1645],[-0.7435,40.162],[-0.7416,40.1586],[-0.733,40.1594],[-0.732,40.1526],[-0.7266,40.1518],[-0.7272,40.1469],[-0.7222,40.1432]]},"properties":{"name":"Río Mora","kind":"rio","length_km":19.8,"source":"CHJ PHJ 2022-2027 masas de agua superficial (río)"}},{"type":"Feature","geometry":{"type":"LineString","coordinates":[[-2.0208,39.9388],[-2.0172,39.9418],[-2.0304,39.9652],[-2.0351,39.9858],[-2.0305,39.9896],[-2.0313,39.9946],[-2.0415,40.0084],[-2.0694,40.0128],[-2.0884,40.0261],[-2.1212,40.0387],[-2.1456,40.0619],[-2.1447,40.0638],[-2.1499,40.0657],[-2.1527,40.0645]]},"properties":{"name":"Río Moscas","kind":"rio","length_km":20.6,"source":"CHJ PHJ 2022-2027 masas de agua superficial (río)"}},{"type":"Feature","geometry":{"type":"MultiLineString","coordinates":[[[-1.3654,39.9303],[-1.3626,39.919],[-1.3671,39.911],[-1.365,39.9088],[-1.3652,39.9027],[-1.3614,39.8892],[-1.3532,39.8815],[-1.3424,39.8645],[-1.3493,39.8555],[-1.3497,39.8468],[-1.3568,39.8461],[-1.3539,39.8408],[-1.3591,39.8397],[-1.3592,39.8357],[-1.3657,39.8276],[-1.3649,39.8248],[-1.3667,39.8223],[-1.3632,39.8194],[-1.3662,39.8198],[-1.3685,39.8164],[-1.3662,39.8144],[-1.3697,39.8133],[-1.3743,39.8146],[-1.3724,39.8115],[-1.3756,39.8096],[-1.3748,39.8065],[-1.3796,39.8004],[-1.3789,39.796],[-1.3769,39.7949],[-1.3815,39.7939],[-1.3802,39.7923],[-1.3833,39.7877],[-1.3886,39.7861],[-1.3883,39.7826],[-1.3958,39.7825],[-1.394,39.7798],[-1.3953,39.7774],[-1.3992,39.7762],[-1.4011,39.7719],[-1.407,39.7698],[-1.4097,39.7626],[-1.4156,39.7608],[-1.4139,39.7549],[-1.4176,39.7543],[-1.4145,39.7509],[-1.4204,39.7479],[-1.4239,39.7381],[-1.4285,39.736],[-1.4306,39.7301],[-1.4358,39.7274],[-1.436,39.7222],[-1.4537,39.6995],[-1.4586,39.6991],[-1.4627,39.7016],[-1.4622,39.6985],[-1.4671,39.6981],[-1.4695,39.7017],[-1.4766,39.704],[-1.4741,39.7074],[-1.4787,39.7082],[-1.4812,39.7043],[-1.4864,39.7027],[-1.4874,39.6994],[-1.4996,39.6953],[-1.5003,39.6984],[-1.5033,39.6969],[-1.5084,39.6986],[-1.5101,39.7026],[-1.5152,39.7011],[-1.5164,39.6985],[-1.5195,39.6986],[-1.5202,39.6955],[-1.5229,39.6952],[-1.525,39.6916],[-1.5337,39.6903],[-1.5376,39.6876],[-1.5408,39.6906],[-1.5448,39.6877],[-1.5469,39.6831],[-1.5589,39.6772],[-1.5628,39.6719],[-1.5572,39.6694],[-1.5549,39.6658],[-1.5624,39.6643],[-1.5605,39.6584],[-1.5635,39.6557]],[[-1.4689,39.9309],[-1.4646,39.9282],[-1.466,39.9251],[-1.4575,39.9226],[-1.4463,39.9155],[-1.4261,39.9113],[-1.4084,39.9139],[-1.3933,39.921],[-1.3943,39.9223],[-1.3923,39.9246],[-1.3938,39.9255],[-1.3894,39.9292],[-1.3922,39.9299],[-1.3915,39.9314],[-1.3834,39.9357],[-1.3669,39.9333],[-1.3654,39.9303]],[[-1.4685,40.035],[-1.4772,40.0272],[-1.465,40.0132],[-1.459,40.011],[-1.4579,40.0077],[-1.4524,40.0072],[-1.454,40.0061],[-1.4533,40.004],[-1.4503,40.0024],[-1.424,39.9976],[-1.4147,39.9936],[-1.3996,39.9938],[-1.3852,39.9907],[-1.3798,39.9745],[-1.3807,39.9727],[-1.3725,39.9672],[-1.3701,39.9615],[-1.3748,39.9464],[-1.3657,39.9346],[-1.3654,39.9303]]]},"properties":{"name":"Río Ojos de Moya","kind":"rio","length_km":80.5,"source":"CHJ PHJ 2022-2027 masas de agua superficial (río)"}},{"type":"Feature","geometry":{"type":"MultiLineString","coordinates":[[[-0.8355,39.9673],[-0.8186,39.9748],[-0.8175,39.9774],[-0.8153,39.9776],[-0.8143,39.9755],[-0.8108,39.9762],[-0.8091,39.9742],[-0.8106,39.9695],[-0.8072,39.9691],[-0.8067,39.9659],[-0.7945,39.9657],[-0.7942,39.9641],[-0.7864,39.9611],[-0.7867,39.9593],[-0.7826,39.9565],[-0.7766,39.9583],[-0.7746,39.9568],[-0.779,39.9545],[-0.7795,39.9522],[-0.776,39.9495],[-0.7768,39.947],[-0.7793,39.9469],[-0.7791,39.9441],[-0.773,39.9445],[-0.7697,39.9423],[-0.7689,39.9438],[-0.7678,39.9419],[-0.7664,39.9433],[-0.7659,39.9416],[-0.7647,39.9428],[-0.7623,39.9407],[-0.7601,39.9419],[-0.7587,39.9408],[-0.7603,39.9374],[-0.7567,39.9347],[-0.75,39.9341],[-0.7464,39.9358],[-0.7391,39.9335]],[[-0.722,39.9645],[-0.724,39.9608],[-0.7276,39.9603],[-0.7305,39.9539],[-0.7234,39.9527],[-0.7258,39.9481],[-0.7307,39.9467],[-0.7293,39.9445],[-0.7314,39.9435],[-0.7294,39.9393],[-0.7361,39.9388],[-0.7391,39.9335]],[[-0.7391,39.9335],[-0.7347,39.9309],[-0.7302,39.9192],[-0.7206,39.9191],[-0.7148,39.9165],[-0.7137,39.9184],[-0.71,39.9124],[-0.7053,39.9138],[-0.6984,39.912],[-0.6988,39.9036],[-0.6949,39.9016],[-0.689,39.9021],[-0.6903,39.8993],[-0.6853,39.897],[-0.6838,39.8944],[-0.6657,39.8948],[-0.6632,39.8991],[-0.6584,39.8994],[-0.6536,39.8981],[-0.6468,39.8993],[-0.6364,39.8939],[-0.6351,39.8964],[-0.6394,39.9005],[-0.6367,39.9011],[-0.6368,39.9039],[-0.6341,39.9071],[-0.6325,39.9052],[-0.6302,39.9063],[-0.6315,39.908],[-0.6248,39.909],[-0.6259,39.9119],[-0.6175,39.9114],[-0.6069,39.9036],[-0.6019,39.9056],[-0.597,39.9031],[-0.5956,39.9121],[-0.5789,39.9164],[-0.5773,39.9128],[-0.574,39.9114],[-0.576,39.9051],[-0.5736,39.9074],[-0.5633,39.9084],[-0.56,39.9054],[-0.5633,39.9045],[-0.5662,39.8999],[-0.5588,39.8982],[-0.5565,39.8957],[-0.5518,39.8964],[-0.5425,39.8938]],[[-0.5243,39.8895],[-0.5143,39.8876],[-0.5154,39.8844],[-0.5104,39.8781],[-0.5064,39.8805],[-0.501,39.8775],[-0.4997,39.8738],[-0.4955,39.8736],[-0.4875,39.8642],[-0.4924,39.8593],[-0.4877,39.8565],[-0.477,39.8565],[-0.4728,39.8468],[-0.4701,39.8435],[-0.4659,39.8427],[-0.4608,39.8352],[-0.4552,39.8353],[-0.4454,39.8393],[-0.4424,39.8327],[-0.4468,39.8253],[-0.4398,39.8248],[-0.4379,39.8202],[-0.4261,39.8213],[-0.4163,39.8145],[-0.4113,39.8134],[-0.4105,39.8113],[-0.4137,39.8075],[-0.4142,39.8035],[-0.4116,39.8022],[-0.4073,39.8046],[-0.4054,39.8014]],[[-0.3877,39.7691],[-0.3817,39.7696],[-0.3789,39.7664],[-0.3709,39.7712],[-0.3672,39.7699],[-0.3673,39.767],[-0.3612,39.7669],[-0.3604,39.7655],[-0.3553,39.7684]],[[-0.3765,39.7875],[-0.3645,39.7819],[-0.3581,39.7755],[-0.3553,39.7684]],[[-0.3656,39.7186],[-0.3617,39.7168],[-0.362,39.714],[-0.3596,39.7113],[-0.3558,39.7144],[-0.3503,39.713],[-0.3468,39.7084]],[[-0.3553,39.7684],[-0.3497,39.7617],[-0.3521,39.7538],[-0.3478,39.7504],[-0.3474,39.747],[-0.3367,39.7454],[-0.3353,39.7445],[-0.3354,39.7385],[-0.3304,39.7385],[-0.3311,39.7253],[-0.3337,39.7194],[-0.3432,39.7134],[-0.3468,39.7084]],[[-0.3468,39.7084],[-0.3432,39.7029],[-0.3348,39.6987],[-0.3268,39.6912],[-0.3209,39.6816],[-0.3118,39.6784],[-0.2955,39.6775],[-0.2825,39.6835],[-0.2674,39.6803],[-0.2522,39.6818],[-0.2038,39.6719]]]},"properties":{"name":"Río Palancia","kind":"rio","length_km":99.4,"source":"CHJ PHJ 2022-2027 masas de agua superficial (río)"}},{"type":"Feature","geometry":{"type":"LineString","coordinates":[[-0.6785,40.2116],[-0.6834,40.2068],[-0.6834,40.2012],[-0.6818,40.1997],[-0.6848,40.1946],[-0.6832,40.1878],[-0.6886,40.1809],[-0.6918,40.1801],[-0.6921,40.1766],[-0.687,40.1609],[-0.688,40.1584],[-0.6852,40.1565],[-0.6866,40.1533],[-0.6782,40.1506],[-0.679,40.1484],[-0.6764,40.1464],[-0.6765,40.1415],[-0.6723,40.1392],[-0.6732,40.1334],[-0.6762,40.1313],[-0.6754,40.1281]]},"properties":{"name":"Río Palomarejas","kind":"rio","length_km":11.0,"source":"CHJ PHJ 2022-2027 masas de agua superficial (río)"}},{"type":"Feature","geometry":{"type":"LineString","coordinates":[[-0.3716,39.9975],[-0.3629,39.9982],[-0.361,40.001],[-0.3576,40.0012],[-0.3577,40.0037],[-0.353,40.0034],[-0.3516,40.0051],[-0.3504,40.0077],[-0.3522,40.0113],[-0.3504,40.0128],[-0.3515,40.0159],[-0.3484,40.0166],[-0.3509,40.0215],[-0.3543,40.0237],[-0.3516,40.0271],[-0.3524,40.0288]]},"properties":{"name":"Río Pequeño","kind":"rio","length_km":5.5,"source":"CHJ PHJ 2022-2027 masas de agua superficial (río)"}},{"type":"Feature","geometry":{"type":"LineString","coordinates":[[-0.3415,38.9649],[-0.3389,38.9592],[-0.343,38.952],[-0.3403,38.9482],[-0.3411,38.9428],[-0.3367,38.9399],[-0.3406,38.9366],[-0.34,38.9333],[-0.3483,38.9236],[-0.3368,38.9209],[-0.3347,38.9125],[-0.3234,38.9085]]},"properties":{"name":"Río Pinet","kind":"rio","length_km":8.4,"source":"CHJ PHJ 2022-2027 masas de agua superficial (río)"}},{"type":"Feature","geometry":{"type":"LineString","coordinates":[[-1.0486,39.6007],[-1.0436,39.596],[-1.0434,39.5931],[-1.0453,39.5947],[-1.0479,39.594],[-1.0425,39.5844],[-1.0433,39.5819],[-1.037,39.5774],[-1.0352,39.5692],[-1.0288,39.568],[-1.0292,39.5637],[-1.0253,39.5631],[-1.0269,39.5608],[-1.0253,39.5574],[-1.0232,39.5563],[-1.0233,39.5536],[-1.0207,39.5532],[-1.0238,39.55],[-1.0201,39.5484],[-1.0186,39.5502],[-1.015,39.5499],[-1.0135,39.5483],[-1.015,39.5463],[-1.0128,39.545],[-1.0025,39.5457],[-1.0011,39.5484],[-0.9927,39.5461],[-0.9881,39.5495],[-0.9877,39.5521],[-0.9754,39.5553],[-0.9727,39.5594],[-0.9752,39.563],[-0.9723,39.5642],[-0.9707,39.5683],[-0.9677,39.5704],[-0.9613,39.5681],[-0.9603,39.5729]]},"properties":{"name":"Río Reatillo","kind":"rio","length_km":16.6,"source":"CHJ PHJ 2022-2027 masas de agua superficial (río)"}},{"type":"Feature","geometry":{"type":"LineString","coordinates":[[-2.122,39.9848],[-2.1351,39.985],[-2.1486,39.9933],[-2.1555,39.9941],[-2.1685,40.0019],[-2.1764,40.0044],[-2.1897,40.013],[-2.214,40.0101],[-2.2359,40.0104],[-2.2401,40.012]]},"properties":{"name":"Río San Martín","kind":"rio","length_km":11.2,"source":"CHJ PHJ 2022-2027 masas de agua superficial (río)"}},{"type":"Feature","geometry":{"type":"MultiLineString","coordinates":[[[0.0839,40.2556],[0.0895,40.2596],[0.086,40.2628],[0.0875,40.2642],[0.086,40.2681],[0.0929,40.2652],[0.0945,40.2683],[0.0978,40.2677],[0.1056,40.2815],[0.1073,40.2898],[0.1125,40.2887],[0.1128,40.2929],[0.1155,40.2929],[0.1169,40.2997],[0.1197,40.3025],[0.1174,40.3071],[0.1225,40.3056]],[[0.1048,40.442],[0.1146,40.4431],[0.113,40.4443],[0.1147,40.4457],[0.1192,40.4462],[0.1224,40.4447],[0.1279,40.4461],[0.1354,40.4415],[0.1414,40.442],[0.1429,40.4406],[0.141,40.4385],[0.144,40.4336],[0.1481,40.4326],[0.1537,40.426],[0.1528,40.4216],[0.1654,40.4144],[0.163,40.4066],[0.1568,40.4043],[0.1569,40.3994],[0.1531,40.3984],[0.1478,40.3916],[0.1374,40.3875],[0.1398,40.3816],[0.1459,40.3805],[0.142,40.3658],[0.1388,40.3628],[0.1436,40.3617],[0.1344,40.3539],[0.1356,40.3517],[0.1281,40.3464],[0.1299,40.3329],[0.1331,40.3294],[0.1336,40.3247],[0.1269,40.32],[0.1287,40.318],[0.128,40.3158],[0.123,40.3146],[0.1244,40.3109],[0.1225,40.3056]],[[0.1225,40.3056],[0.124,40.3043],[0.1288,40.3063],[0.1288,40.3025],[0.1345,40.3045],[0.1372,40.3009],[0.1403,40.3019],[0.1436,40.2992],[0.1492,40.2983],[0.1562,40.2919],[0.1562,40.288],[0.1617,40.2872],[0.1609,40.2839]],[[0.1655,40.3034],[0.1658,40.2973],[0.1605,40.293],[0.1686,40.2935],[0.1657,40.2927],[0.1668,40.289],[0.1648,40.2858],[0.1609,40.2839]],[[0.1609,40.2839],[0.16,40.2828],[0.1628,40.2817],[0.1622,40.2774],[0.1686,40.2789],[0.1696,40.2773],[0.1678,40.2729],[0.1721,40.2708]],[[0.1669,40.2672],[0.1684,40.2686],[0.166,40.2712],[0.1721,40.2708]],[[0.1721,40.2708],[0.1762,40.2737],[0.194,40.2713],[0.2112,40.2576],[0.22,40.2569],[0.2257,40.2392],[0.2398,40.2305],[0.2428,40.2221],[0.25,40.2183],[0.2563,40.212],[0.265,40.2095]]]},"properties":{"name":"Río San Miguel","kind":"rio","length_km":57.0,"source":"CHJ PHJ 2022-2027 masas de agua superficial (río)"}},{"type":"Feature","geometry":{"type":"LineString","coordinates":[[-0.0756,40.0344],[-0.0794,40.0324],[-0.084,40.0344],[-0.0952,40.0199],[-0.0925,40.0184],[-0.0957,40.0144],[-0.0953,40.0032],[-0.0892,39.9946],[-0.0819,39.9953],[-0.0796,39.9922],[-0.0624,39.9886],[-0.042,39.9949],[-0.0175,40.0087],[0.0123,40.008],[0.0217,40.0035],[0.0321,40.0018]]},"properties":{"name":"Río Sec","kind":"rio","length_km":17.2,"source":"CHJ PHJ 2022-2027 masas de agua superficial (río)"}},{"type":"Feature","geometry":{"type":"LineString","coordinates":[[-0.2272,40.4162],[-0.2257,40.4141],[-0.222,40.4144],[-0.2183,40.4097],[-0.2132,40.4088],[-0.2105,40.4053],[-0.2074,40.4062],[-0.2068,40.4039],[-0.203,40.4025],[-0.2016,40.3984],[-0.1933,40.3929],[-0.1943,40.389],[-0.1921,40.3871],[-0.1937,40.3813],[-0.1957,40.3805],[-0.1924,40.3784],[-0.1958,40.3759],[-0.1912,40.3725],[-0.1925,40.3703],[-0.1912,40.3689],[-0.1947,40.3679],[-0.192,40.3628],[-0.1943,40.3595],[-0.1975,40.3595],[-0.1973,40.3559],[-0.2004,40.3543],[-0.2008,40.35],[-0.2034,40.3509]]},"properties":{"name":"Río Seco (Monleón)","kind":"rio","length_km":10.8,"source":"CHJ PHJ 2022-2027 masas de agua superficial (río)"}},{"type":"Feature","geometry":{"type":"MultiLineString","coordinates":[[[-0.6236,39.2574],[-0.6136,39.2569],[-0.6082,39.2613],[-0.6078,39.2581],[-0.5997,39.2503],[-0.5945,39.2534],[-0.5872,39.2509],[-0.5875,39.2485],[-0.5915,39.2462],[-0.5864,39.2443],[-0.5831,39.2395],[-0.58,39.2435],[-0.5765,39.2412],[-0.5453,39.233],[-0.5426,39.2274],[-0.5299,39.2229],[-0.5211,39.2155],[-0.5171,39.2061],[-0.52,39.2],[-0.5196,39.1891]],[[-0.5246,39.1935],[-0.5196,39.1891]],[[-0.5196,39.1891],[-0.511,39.1835],[-0.5079,39.1767],[-0.5035,39.1734],[-0.5073,39.1706],[-0.5004,39.1687],[-0.4999,39.1647],[-0.4922,39.1571],[-0.493,39.1529],[-0.4911,39.1504]]]},"properties":{"name":"Río Seco (Verd)","kind":"rio","length_km":22.1,"source":"CHJ PHJ 2022-2027 masas de agua superficial (río)"}},{"type":"Feature","geometry":{"type":"LineString","coordinates":[[-0.2685,38.6048],[-0.2716,38.6025],[-0.269,38.602],[-0.2683,38.5994],[-0.2718,38.5988],[-0.2668,38.5937],[-0.268,38.591],[-0.2632,38.5856],[-0.2621,38.5781],[-0.2581,38.5746],[-0.2577,38.5706],[-0.2554,38.5704],[-0.2557,38.5674],[-0.259,38.564],[-0.2575,38.5625],[-0.262,38.5565]]},"properties":{"name":"Río Sella","kind":"rio","length_km":6.8,"source":"CHJ PHJ 2022-2027 masas de agua superficial (río)"}},{"type":"Feature","geometry":{"type":"LineString","coordinates":[[-0.7288,39.0586],[-0.7241,39.0573],[-0.7219,39.0582],[-0.7219,39.0601],[-0.7173,39.0581],[-0.7144,39.0604],[-0.7114,39.058],[-0.7097,39.0595],[-0.7123,39.062],[-0.7039,39.0627],[-0.702,39.0697],[-0.6826,39.0685],[-0.6708,39.0586],[-0.6736,39.0564],[-0.6735,39.0542],[-0.6659,39.0468],[-0.6625,39.0477],[-0.652,39.0432],[-0.6478,39.0449],[-0.646,39.0429],[-0.6456,39.0471],[-0.6441,39.0421],[-0.6373,39.0417],[-0.6365,39.0336],[-0.6287,39.0291],[-0.6278,39.0249],[-0.6233,39.0203],[-0.6156,39.0176],[-0.6084,39.0205],[-0.6054,39.0179],[-0.602,39.0204],[-0.5981,39.0178],[-0.5934,39.0177],[-0.59,39.0204],[-0.5881,39.0257],[-0.5801,39.0278],[-0.5849,39.031],[-0.5852,39.0344],[-0.5783,39.0411],[-0.5774,39.0476],[-0.5796,39.0492],[-0.5702,39.0612],[-0.5713,39.0642],[-0.5694,39.0683],[-0.5736,39.0708],[-0.5729,39.0741],[-0.5809,39.0763]]},"properties":{"name":"Río Sellent","kind":"rio","length_km":27.1,"source":"CHJ PHJ 2022-2027 masas de agua superficial (río)"}},{"type":"Feature","geometry":{"type":"MultiLineString","coordinates":[[[-0.5401,38.7234],[-0.5366,38.7207],[-0.538,38.7185],[-0.536,38.7175],[-0.5365,38.7159],[-0.535,38.7176],[-0.5312,38.716],[-0.5334,38.7135],[-0.5326,38.7094],[-0.5269,38.7025],[-0.529,38.6996],[-0.5274,38.6943],[-0.5166,38.6899],[-0.5162,38.6879],[-0.5049,38.684],[-0.5014,38.6847],[-0.5003,38.6831]],[[-0.5237,38.6808],[-0.52,38.6787],[-0.5072,38.6789],[-0.5003,38.6831]],[[-0.5003,38.6831],[-0.4978,38.6834],[-0.4976,38.6853],[-0.4951,38.6828],[-0.4934,38.685],[-0.4888,38.6858],[-0.4877,38.6891],[-0.4859,38.6884],[-0.4832,38.6901],[-0.483,38.6931],[-0.4803,38.6931],[-0.4793,38.6969],[-0.4743,38.7024],[-0.4623,38.703],[-0.4629,38.7052],[-0.4611,38.705],[-0.4594,38.7074],[-0.4563,38.7068],[-0.4561,38.7094],[-0.4526,38.712],[-0.4541,38.7138],[-0.4461,38.7144],[-0.4395,38.7197],[-0.4393,38.7223],[-0.4356,38.7227],[-0.4352,38.7256],[-0.4322,38.7241],[-0.4324,38.7277],[-0.4292,38.7292],[-0.4314,38.7308],[-0.429,38.7327],[-0.4307,38.7337],[-0.4273,38.7354],[-0.429,38.7377],[-0.427,38.7392],[-0.429,38.741],[-0.424,38.7447],[-0.42,38.7448],[-0.4238,38.7477],[-0.4308,38.7465],[-0.4267,38.7534],[-0.4224,38.7523],[-0.4285,38.7613],[-0.4225,38.7651],[-0.4284,38.7672],[-0.4283,38.769],[-0.4209,38.77],[-0.4237,38.7752],[-0.4143,38.7769],[-0.4135,38.7818],[-0.4082,38.7829],[-0.407,38.7861]],[[-0.4723,38.7928],[-0.4612,38.7908],[-0.4581,38.7873],[-0.4545,38.7861],[-0.4534,38.7873],[-0.4525,38.7849],[-0.4513,38.7864],[-0.4501,38.7846],[-0.4214,38.7889],[-0.4203,38.7868],[-0.4121,38.7862],[-0.41,38.7876],[-0.407,38.7861]],[[-0.407,38.7861],[-0.4011,38.7913]],[[-0.3563,38.8153],[-0.3539,38.823],[-0.3503,38.8251],[-0.3458,38.8244],[-0.3418,38.8323],[-0.34,38.8327],[-0.3368,38.8294],[-0.3338,38.8303],[-0.3352,38.8326],[-0.3312,38.8399],[-0.3243,38.836],[-0.3209,38.836],[-0.3192,38.8386],[-0.321,38.8443],[-0.319,38.8511],[-0.3151,38.8513],[-0.3075,38.8596],[-0.3017,38.8592],[-0.2997,38.8574],[-0.2997,38.8601],[-0.2954,38.8626],[-0.2965,38.8654],[-0.2935,38.8686],[-0.2915,38.8696],[-0.2846,38.8676],[-0.2807,38.876],[-0.2778,38.8737],[-0.271,38.8759],[-0.2674,38.8789],[-0.2693,38.8812],[-0.267,38.8827],[-0.2581,38.8786],[-0.2575,38.8814],[-0.2455,38.8835],[-0.2426,38.8804],[-0.2284,38.887],[-0.214,38.8886],[-0.2151,38.8926],[-0.2067,38.9001],[-0.2079,38.9093],[-0.2021,38.9123],[-0.2042,38.9147],[-0.1949,38.9198],[-0.1988,38.9216],[-0.1996,38.9251],[-0.1952,38.9277],[-0.1954,38.9296],[-0.1891,38.9324],[-0.1919,38.9336],[-0.1933,38.9372],[-0.1874,38.9393],[-0.1931,38.9419],[-0.1938,38.9448],[-0.1901,38.947],[-0.1821,38.9463],[-0.1846,38.9504],[-0.1822,38.9543],[-0.1831,38.9576],[-0.1787,38.9599],[-0.179,38.9659],[-0.1721,38.9689],[-0.1715,38.9737],[-0.1652,38.9759],[-0.1641,38.981],[-0.1573,38.9844],[-0.1554,38.9901],[-0.1509,38.9904]]]},"properties":{"name":"Río Serpis","kind":"rio","length_km":75.8,"source":"CHJ PHJ 2022-2027 masas de agua superficial (río)"}},{"type":"Feature","geometry":{"type":"MultiLineString","coordinates":[[[-0.0094,40.6141],[-0.0024,40.6088],[0.0045,40.607],[0.0166,40.6087],[0.0233,40.6073],[0.023,40.6057],[0.0343,40.6014],[0.0496,40.6021],[0.0539,40.5972],[0.056,40.5988],[0.0596,40.5975],[0.0631,40.6014],[0.0676,40.6027],[0.0816,40.5988],[0.0867,40.6002],[0.088,40.6042],[0.0926,40.6014],[0.0945,40.603],[0.097,40.6021],[0.0975,40.6045],[0.1082,40.6032],[0.1164,40.6069],[0.1283,40.6044],[0.1327,40.6064],[0.1362,40.6046],[0.1458,40.6068],[0.1528,40.6033],[0.1561,40.6048],[0.1591,40.6023],[0.1617,40.6033],[0.1631,40.601],[0.1664,40.6012],[0.1672,40.599],[0.171,40.6002],[0.1728,40.5969],[0.1785,40.5949],[0.1805,40.5954],[0.1785,40.5988],[0.1823,40.5962],[0.1859,40.5985],[0.1887,40.5964],[0.1891,40.5931],[0.1938,40.591],[0.2022,40.592],[0.2036,40.5868],[0.2076,40.5889],[0.21,40.5928],[0.2122,40.5926],[0.2161,40.5866],[0.2194,40.5876],[0.2278,40.5841]],[[0.1583,40.5585],[0.1616,40.5602],[0.1661,40.5584],[0.1674,40.5603],[0.1723,40.561],[0.1779,40.5679],[0.1907,40.5668],[0.1925,40.5685],[0.1959,40.5657],[0.199,40.5658],[0.2069,40.5699],[0.2066,40.5714],[0.2089,40.5705],[0.2139,40.5759],[0.2161,40.575],[0.2172,40.5784],[0.2146,40.5786],[0.2184,40.5821],[0.218,40.584],[0.2239,40.5825],[0.2278,40.5841]],[[0.217,40.6155],[0.216,40.6117],[0.2246,40.6092],[0.2268,40.6104],[0.2323,40.6059],[0.2372,40.606],[0.2382,40.6035],[0.2466,40.6013],[0.2512,40.5972],[0.2546,40.5915],[0.2518,40.5862],[0.2603,40.5813],[0.2568,40.5749]],[[0.2278,40.5841],[0.2318,40.5809],[0.2334,40.5824],[0.241,40.5825],[0.2413,40.58],[0.2499,40.5747],[0.2568,40.5749]],[[0.2478,40.5439],[0.2592,40.546],[0.2608,40.549],[0.2628,40.5485],[0.2697,40.5546],[0.269,40.5578],[0.2715,40.5575],[0.274,40.5602]],[[0.2568,40.5749],[0.2659,40.5701],[0.2687,40.5648],[0.2731,40.5636],[0.274,40.5602]],[[0.274,40.5602],[0.2812,40.5579],[0.2879,40.5624],[0.2998,40.5635],[0.3032,40.562],[0.3125,40.5656],[0.3155,40.5614],[0.319,40.5611],[0.3232,40.5563],[0.328,40.5572],[0.3312,40.5603]],[[0.2992,40.5859],[0.3027,40.5776],[0.3108,40.5762],[0.3102,40.5746],[0.3164,40.5721],[0.3148,40.5701],[0.3227,40.5659],[0.3301,40.5657],[0.3312,40.5603]],[[0.3312,40.5603],[0.3352,40.5595],[0.3349,40.5506],[0.3366,40.5469],[0.3428,40.5482],[0.3448,40.5436],[0.3505,40.5427],[0.3508,40.541],[0.3552,40.5426],[0.3708,40.5368],[0.3837,40.5364],[0.387,40.53],[0.3954,40.5255],[0.4082,40.5031],[0.4172,40.5013],[0.4363,40.4918],[0.444,40.4937],[0.4625,40.487],[0.4833,40.475]]]},"properties":{"name":"Río Servol","kind":"rio","length_km":79.9,"source":"CHJ PHJ 2022-2027 masas de agua superficial (río)"}},{"type":"Feature","geometry":{"type":"LineString","coordinates":[[-0.9395,39.596],[-0.9369,39.5969],[-0.9375,39.6052],[-0.9329,39.6073],[-0.9351,39.6114],[-0.9273,39.6134],[-0.9243,39.6163],[-0.9236,39.6212],[-0.921,39.6193],[-0.9152,39.6213],[-0.9092,39.6191],[-0.907,39.6213],[-0.9052,39.6171],[-0.901,39.6191],[-0.8986,39.6171],[-0.8958,39.618],[-0.8933,39.6138],[-0.8977,39.6122],[-0.885,39.6072],[-0.8839,39.604],[-0.8817,39.6074],[-0.8787,39.6049],[-0.8768,39.6073],[-0.8739,39.6065],[-0.8751,39.6092],[-0.879,39.6093],[-0.879,39.6106],[-0.874,39.6115],[-0.8763,39.6129],[-0.8748,39.6151],[-0.8697,39.6137],[-0.8694,39.6179],[-0.864,39.6212]]},"properties":{"name":"Río Sot","kind":"rio","length_km":14.2,"source":"CHJ PHJ 2022-2027 masas de agua superficial (río)"}},{"type":"Feature","geometry":{"type":"MultiLineString","coordinates":[[[-1.123,40.3452],[-1.1117,40.3434],[-1.1105,40.3374],[-1.1177,40.329],[-1.1158,40.327],[-1.1206,40.3202],[-1.1208,40.3159],[-1.1267,40.3131],[-1.1281,40.3033],[-1.135,40.295],[-1.1377,40.2881],[-1.1372,40.284],[-1.1414,40.2794],[-1.1461,40.2811],[-1.1512,40.2784],[-1.1517,40.2738],[-1.1588,40.268],[-1.1584,40.2621],[-1.1607,40.2598],[-1.1618,40.2532],[-1.1694,40.2502],[-1.1733,40.2391],[-1.1871,40.2382],[-1.1847,40.23],[-1.187,40.2307],[-1.187,40.2282],[-1.1891,40.228],[-1.1885,40.2247],[-1.1915,40.2224],[-1.1912,40.2202],[-1.2036,40.215],[-1.2006,40.2131],[-1.2009,40.2103],[-1.2069,40.2048],[-1.2077,40.1953],[-1.2126,40.1935],[-1.2137,40.1878],[-1.2105,40.1865],[-1.2106,40.1841],[-1.2136,40.1825],[-1.2134,40.1753],[-1.2217,40.169],[-1.2237,40.1692],[-1.2228,40.1722],[-1.2281,40.1705],[-1.2234,40.1635],[-1.2301,40.1619],[-1.233,40.1629],[-1.2338,40.161],[-1.2311,40.1595],[-1.2286,40.1533],[-1.2326,40.1494],[-1.2457,40.1455],[-1.2473,40.14],[-1.2459,40.1387],[-1.2494,40.1353],[-1.2457,40.1296],[-1.2461,40.1269],[-1.2499,40.124],[-1.2522,40.1254],[-1.2611,40.1208],[-1.2606,40.1174],[-1.2552,40.1136],[-1.2517,40.1133],[-1.2533,40.1093],[-1.2512,40.1057],[-1.254,40.098],[-1.2482,40.0966],[-1.2464,40.0906],[-1.2474,40.0859],[-1.2618,40.0871],[-1.2646,40.0851],[-1.2649,40.0827],[-1.2621,40.0779],[-1.2672,40.0772],[-1.2665,40.0733],[-1.2731,40.0718],[-1.2759,40.0682],[-1.2848,40.0635],[-1.2784,40.0597],[-1.2759,40.0556],[-1.2708,40.0548],[-1.2657,40.0465],[-1.261,40.0448],[-1.2586,40.0393],[-1.2627,40.0371],[-1.2609,40.0361],[-1.2621,40.0348],[-1.2602,40.0297],[-1.2578,40.0281],[-1.2594,40.026],[-1.257,40.0241],[-1.2593,40.0216],[-1.2633,40.0211],[-1.2669,40.0119],[-1.2708,40.0127],[-1.2703,40.0082],[-1.277,40.0029],[-1.2736,40.0004],[-1.278,39.9944],[-1.277,39.9899],[-1.2737,39.9882],[-1.2741,39.9848],[-1.2661,39.9774],[-1.2669,39.9728],[-1.2491,39.9654],[-1.247,39.9626],[-1.2488,39.9601],[-1.2476,39.9578],[-1.2409,39.9508],[-1.2375,39.9496],[-1.2303,39.9512],[-1.2283,39.9497],[-1.2229,39.953],[-1.2154,39.9522],[-1.2157,39.9477],[-1.2068,39.9404],[-1.21,39.9339],[-1.2069,39.9326],[-1.209,39.9282],[-1.2003,39.9231],[-1.1995,39.9193],[-1.1966,39.9178],[-1.1987,39.9164],[-1.1969,39.9142],[-1.1878,39.9132],[-1.1918,39.9026],[-1.1875,39.8987],[-1.1807,39.8989],[-1.1749,39.8919],[-1.1728,39.8855],[-1.1669,39.8837],[-1.1703,39.8755],[-1.1655,39.8734],[-1.1653,39.8701],[-1.1605,39.8665],[-1.1581,39.8669],[-1.1567,39.8632],[-1.1584,39.8619],[-1.1577,39.8599],[-1.1521,39.8582],[-1.1534,39.8551],[-1.1493,39.8546],[-1.1486,39.851],[-1.1458,39.8491],[-1.1444,39.8425],[-1.1473,39.8383],[-1.1453,39.8357],[-1.1474,39.8332],[-1.1468,39.8304],[-1.1494,39.829],[-1.1474,39.827]],[[-1.0983,39.7258],[-1.094,39.7235],[-1.0861,39.7254],[-1.0814,39.7166],[-1.07,39.7149],[-1.0642,39.7108],[-1.0646,39.7091],[-1.0588,39.7011],[-1.0519,39.6998],[-1.0477,39.7022],[-1.0475,39.7088],[-1.0447,39.7101],[-1.0455,39.713],[-1.0406,39.7152],[-1.0432,39.7188],[-1.0315,39.7227],[-1.0287,39.7201],[-1.0176,39.7234],[-1.0099,39.7168],[-1.014,39.7087],[-1.0052,39.7043],[-1.0023,39.6969],[-0.9985,39.7003],[-0.9858,39.6976],[-0.9838,39.7004],[-0.9803,39.7009]],[[-0.9127,39.6656],[-0.9087,39.6625],[-0.9008,39.663],[-0.8975,39.6639],[-0.8915,39.6697],[-0.8938,39.6582],[-0.8985,39.6567],[-0.8964,39.6536],[-0.8914,39.6525],[-0.8906,39.6503],[-0.8931,39.6467],[-0.8884,39.645],[-0.8909,39.6421],[-0.8861,39.6394],[-0.891,39.6368],[-0.8846,39.6343],[-0.8791,39.6372],[-0.8779,39.6322],[-0.8746,39.631],[-0.8753,39.6275],[-0.8635,39.6208],[-0.8639,39.6156],[-0.8583,39.6134],[-0.862,39.612],[-0.8622,39.6064],[-0.8595,39.6061],[-0.8585,39.6035],[-0.8566,39.6053],[-0.854,39.6045],[-0.8548,39.5999],[-0.8495,39.6001],[-0.8448,39.6037],[-0.8389,39.6038],[-0.8298,39.6003],[-0.827,39.6065],[-0.8136,39.6118],[-0.8039,39.6075],[-0.797,39.6083],[-0.7953,39.6051],[-0.7924,39.6042],[-0.7902,39.6056],[-0.7908,39.6097],[-0.7892,39.6107],[-0.7865,39.6109],[-0.7816,39.6045],[-0.7729,39.6063],[-0.7694,39.6091],[-0.7667,39.6074],[-0.7596,39.6092],[-0.7575,39.6074],[-0.7531,39.6109],[-0.7438,39.6115],[-0.7391,39.6091],[-0.7325,39.6017],[-0.7248,39.6008],[-0.7237,39.5985],[-0.7199,39.5977],[-0.7139,39.5989],[-0.7116,39.6033],[-0.7039,39.5991],[-0.6972,39.5995],[-0.6966,39.6013],[-0.6998,39.6037],[-0.6917,39.601],[-0.6917,39.6069],[-0.6801,39.6055],[-0.6746,39.6084],[-0.6609,39.6021],[-0.659,39.597],[-0.6467,39.6016],[-0.6422,39.5912],[-0.6375,39.5866],[-0.6338,39.5834],[-0.6247,39.5824],[-0.6136,39.576],[-0.6115,39.5687],[-0.6025,39.5649],[-0.5929,39.5657],[-0.5918,39.5632],[-0.5886,39.5634],[-0.5876,39.5619],[-0.5901,39.5598],[-0.584,39.554],[-0.5649,39.5489],[-0.5542,39.5505],[-0.5435,39.5436],[-0.5289,39.5407],[-0.5242,39.5353],[-0.522,39.5283],[-0.5046,39.5208],[-0.5055,39.515],[-0.4987,39.5099],[-0.4938,39.5093],[-0.4867,39.5114],[-0.4751,39.5096],[-0.472,39.5057],[-0.4743,39.5029],[-0.4732,39.5007],[-0.4674,39.5017],[-0.4552,39.4981],[-0.4527,39.4934],[-0.4451,39.4868],[-0.4324,39.4829],[-0.4038,39.4444],[-0.3972,39.4397],[-0.3618,39.4347],[-0.3374,39.4259]]]},"properties":{"name":"Río Turia","kind":"rio","length_km":177.6,"source":"CHJ PHJ 2022-2027 masas de agua superficial (río)"}},{"type":"Feature","geometry":{"type":"MultiLineString","coordinates":[[[-1.0249,39.9762],[-1.019,39.9718],[-1.0209,39.9692],[-1.0215,39.9617],[-1.0194,39.958],[-1.02,39.9544],[-1.0162,39.9482],[-1.0056,39.9461],[-1.0015,39.9422],[-0.9954,39.9407],[-0.9917,39.9277],[-0.9969,39.9203],[-0.996,39.9168],[-0.9987,39.9093],[-0.9969,39.9075],[-1.0017,39.9014],[-1.0038,39.8958],[-1.003,39.8923],[-1.0131,39.8854],[-1.0108,39.8747],[-1.0132,39.8673],[-1.0123,39.8635],[-1.0147,39.8601],[-1.0097,39.857],[-1.0125,39.8509],[-1.0057,39.8464],[-1.0086,39.8423],[-1.0075,39.8363],[-1.0101,39.8335],[-1.0082,39.8307],[-1.0131,39.8213],[-1.0141,39.8148],[-1.0194,39.8096]],[[-1.0194,39.8096],[-1.0278,39.8036],[-1.0344,39.8046],[-1.0332,39.8015],[-1.0371,39.7989],[-1.033,39.7948],[-1.0385,39.7932],[-1.0348,39.7904],[-1.0386,39.7899],[-1.0355,39.784],[-1.0384,39.7842],[-1.0398,39.7831],[-1.0388,39.7815],[-1.0487,39.7775],[-1.047,39.7688],[-1.0571,39.7624],[-1.0438,39.7563],[-1.043,39.7537],[-1.0363,39.7499],[-1.0291,39.749],[-1.0273,39.7518],[-1.0192,39.7497],[-1.0158,39.7439],[-1.0144,39.7469],[-1.009,39.7473],[-0.9839,39.7412],[-0.98,39.7339],[-0.9774,39.7333],[-0.9792,39.7288],[-0.9613,39.7177],[-0.9565,39.7172],[-0.953,39.7216],[-0.9497,39.7206]],[[-0.9956,39.8121],[-0.9996,39.8116],[-0.9996,39.8092],[-1.0031,39.8103],[-1.0037,39.8086],[-1.011,39.8061],[-1.0165,39.8104],[-1.0181,39.8098],[-1.0191,39.8096],[-1.0194,39.8096]]]},"properties":{"name":"Río Tuéjar","kind":"rio","length_km":46.0,"source":"CHJ PHJ 2022-2027 masas de agua superficial (río)"}},{"type":"Feature","geometry":{"type":"MultiLineString","coordinates":[[[-0.8165,40.2531],[-0.8217,40.2498]],[[-0.8055,40.3174],[-0.8269,40.3061],[-0.827,40.2965],[-0.8297,40.2928],[-0.8265,40.2924],[-0.8261,40.2897],[-0.8219,40.2904],[-0.8218,40.2877],[-0.8263,40.283],[-0.8202,40.2814],[-0.8237,40.2784],[-0.8216,40.2765],[-0.8223,40.2677],[-0.8245,40.2656],[-0.8229,40.2629],[-0.827,40.257],[-0.8236,40.25],[-0.8217,40.2498]],[[-0.8217,40.2498],[-0.816,40.2456],[-0.817,40.2404],[-0.8134,40.2359],[-0.8148,40.2335],[-0.8126,40.229],[-0.8148,40.2271],[-0.8138,40.2254],[-0.8168,40.2235],[-0.8125,40.22],[-0.8167,40.2189],[-0.8174,40.2167],[-0.8149,40.2152],[-0.8173,40.2136],[-0.8195,40.2068]]]},"properties":{"name":"Río Valbona","kind":"rio","length_km":16.8,"source":"CHJ PHJ 2022-2027 masas de agua superficial (río)"}},{"type":"Feature","geometry":{"type":"MultiLineString","coordinates":[[[-1.9536,39.2954],[-1.9385,39.2876],[-1.9276,39.2849],[-1.9145,39.2767]],[[-1.9418,39.7391],[-1.9384,39.7334],[-1.9073,39.7207],[-1.8979,39.7115],[-1.9024,39.71],[-1.8999,39.7068],[-1.9019,39.7058],[-1.8995,39.7041],[-1.9013,39.7031],[-1.8934,39.7013],[-1.8883,39.6951],[-1.8881,39.6921],[-1.9081,39.6753],[-1.9057,39.6741],[-1.9063,39.6726],[-1.9033,39.6727],[-1.905,39.6693],[-1.9018,39.6688],[-1.9046,39.6674],[-1.8986,39.663],[-1.9013,39.661],[-1.9003,39.654],[-1.9026,39.6536],[-1.899,39.6498],[-1.9012,39.6455],[-1.9,39.6417],[-1.9058,39.6378],[-1.9006,39.6344],[-1.9047,39.6345],[-1.9061,39.6305],[-1.9089,39.6314],[-1.9084,39.6259],[-1.9027,39.6229],[-1.9046,39.6213],[-1.8944,39.6213],[-1.9028,39.6181],[-1.8979,39.6165],[-1.8982,39.614],[-1.8944,39.6134],[-1.8968,39.6114],[-1.8933,39.6093],[-1.8961,39.6096],[-1.8965,39.6073],[-1.8921,39.6039],[-1.8882,39.5952],[-1.8836,39.5921],[-1.8878,39.5872],[-1.8854,39.5834],[-1.8866,39.5794],[-1.883,39.576],[-1.8885,39.5707],[-1.8904,39.5651],[-1.8999,39.5601],[-1.9051,39.5598],[-1.912,39.5538],[-1.9188,39.5379],[-1.9117,39.5281],[-1.906,39.5259],[-1.9049,39.5227],[-1.8994,39.5194],[-1.9061,39.5176],[-1.9005,39.5142],[-1.9039,39.5113],[-1.8989,39.5094],[-1.9003,39.5],[-1.904,39.4958],[-1.902,39.4924],[-1.9037,39.4881],[-1.9023,39.4733],[-1.914,39.4611],[-1.9222,39.4573],[-1.9334,39.4559],[-1.9365,39.4499],[-1.9446,39.445],[-1.9448,39.4395],[-1.9496,39.4365],[-1.9552,39.4241],[-1.9531,39.4161],[-1.9477,39.4117],[-1.9473,39.4032],[-1.9431,39.3933],[-1.9436,39.377],[-1.9401,39.3728],[-1.9426,39.3692],[-1.9427,39.3636],[-1.9389,39.3619],[-1.9389,39.3592],[-1.9328,39.3536],[-1.9305,39.3292],[-1.9228,39.3075],[-1.9216,39.2926],[-1.9145,39.2767]],[[-1.9145,39.2767],[-1.9119,39.2702],[-1.9048,39.2664],[-1.9041,39.2638],[-1.8807,39.2542],[-1.8728,39.2457],[-1.8676,39.2435],[-1.8628,39.2302],[-1.8586,39.2241],[-1.848,39.2204],[-1.8458,39.217],[-1.8346,39.2177],[-1.8252,39.2116],[-1.824,39.2068],[-1.8181,39.2038],[-1.8152,39.1988],[-1.8079,39.1949],[-1.7957,39.1937],[-1.7872,39.1869],[-1.7744,39.187],[-1.768,39.1903],[-1.7592,39.1916],[-1.7533,39.1874],[-1.7496,39.1883],[-1.745,39.1863],[-1.7428,39.1877],[-1.729,39.1847],[-1.7328,39.1839],[-1.7289,39.1787],[-1.7287,39.181],[-1.7223,39.1838],[-1.7207,39.1801],[-1.7179,39.1805],[-1.7131,39.1768],[-1.716,39.1765],[-1.7178,39.1732],[-1.7109,39.1729],[-1.7129,39.1695],[-1.7105,39.1654],[-1.7154,39.1609],[-1.7113,39.1582]]]},"properties":{"name":"Río Valdemembra","kind":"rio","length_km":99.7,"source":"CHJ PHJ 2022-2027 masas de agua superficial (río)"}},{"type":"Feature","geometry":{"type":"MultiLineString","coordinates":[[[-0.4,38.7177],[-0.3998,38.7227],[-0.4036,38.7229],[-0.4057,38.726],[-0.4077,38.7259],[-0.4088,38.7232],[-0.4115,38.7251],[-0.4093,38.7289],[-0.4172,38.7285],[-0.4177,38.7312],[-0.421,38.7323],[-0.4193,38.7339],[-0.4216,38.7349],[-0.421,38.7413],[-0.4257,38.7418],[-0.4251,38.7435]],[[-0.3077,38.7335],[-0.3071,38.7321],[-0.313,38.7323],[-0.3164,38.7291],[-0.3196,38.7307],[-0.3188,38.7276],[-0.3207,38.7286],[-0.3232,38.7269],[-0.3239,38.7283],[-0.3247,38.7253],[-0.3282,38.7272],[-0.3267,38.7246],[-0.3291,38.7241],[-0.3294,38.7262],[-0.3317,38.7251],[-0.3299,38.7231],[-0.3316,38.7208],[-0.3323,38.7234],[-0.3342,38.722],[-0.3361,38.7232],[-0.3433,38.7205],[-0.342,38.7191],[-0.3454,38.7172],[-0.348,38.7188],[-0.3482,38.7168],[-0.3543,38.7149],[-0.3545,38.7119],[-0.3626,38.7092],[-0.3674,38.7097],[-0.367,38.7109],[-0.3696,38.7094],[-0.3708,38.7115],[-0.3746,38.7113],[-0.3786,38.716],[-0.3829,38.7155],[-0.3812,38.7175],[-0.3861,38.7187],[-0.3885,38.7173],[-0.3882,38.7199],[-0.3952,38.7196],[-0.3959,38.7219],[-0.4,38.7177]],[[-0.345,38.6843],[-0.3483,38.6857],[-0.3535,38.6842],[-0.3535,38.6856],[-0.3616,38.6882],[-0.3653,38.6881],[-0.3659,38.6855],[-0.3693,38.6852],[-0.3779,38.6875],[-0.3825,38.6948],[-0.3865,38.6959],[-0.3852,38.6972],[-0.3937,38.6988],[-0.3911,38.7011],[-0.3945,38.7014],[-0.3945,38.7034],[-0.3966,38.704],[-0.3956,38.7052],[-0.3975,38.7076],[-0.3958,38.7092],[-0.3977,38.71],[-0.3938,38.7116],[-0.3976,38.7122],[-0.3958,38.7147],[-0.4,38.7177]]]},"properties":{"name":"Río Valleseta","kind":"rio","length_km":28.8,"source":"CHJ PHJ 2022-2027 masas de agua superficial (río)"}},{"type":"Feature","geometry":{"type":"MultiLineString","coordinates":[[[-0.3316,39.9365],[-0.3293,39.9373],[-0.3291,39.9399],[-0.3231,39.9396],[-0.3209,39.9433],[-0.3165,39.943],[-0.3103,39.9468],[-0.3058,39.9523],[-0.2978,39.951],[-0.2911,39.9565],[-0.2841,39.956],[-0.2797,39.9601],[-0.2745,39.9564],[-0.2702,39.9588],[-0.2563,39.9588],[-0.2513,39.9554],[-0.2488,39.9583],[-0.2357,39.9573],[-0.2332,39.956],[-0.2342,39.9536],[-0.232,39.9546],[-0.2182,39.9477]],[[-0.2513,39.8975],[-0.2497,39.9048],[-0.2465,39.9071],[-0.2497,39.9176],[-0.2492,39.9214],[-0.2458,39.9228],[-0.2499,39.9242],[-0.2436,39.9287],[-0.2438,39.9316],[-0.2403,39.9351],[-0.2449,39.939],[-0.2417,39.9418],[-0.2373,39.942],[-0.2294,39.9463],[-0.2182,39.9477]],[[-0.2182,39.9477],[-0.2104,39.9488],[-0.1957,39.9315],[-0.1864,39.9278],[-0.1765,39.9207],[-0.162,39.9197],[-0.1478,39.9134],[-0.136,39.9109],[-0.1305,39.9061],[-0.1158,39.9067]],[[-0.1564,39.933],[-0.155,39.9301],[-0.1495,39.9303],[-0.1463,39.9283],[-0.1487,39.9262],[-0.1431,39.9207],[-0.1348,39.9185],[-0.1158,39.9067]],[[-0.1158,39.9067],[-0.1115,39.9043],[-0.0996,39.9028],[-0.096,39.904],[-0.0875,39.9017],[-0.0849,39.8998],[-0.0819,39.8912],[-0.0705,39.8852],[-0.0649,39.8869],[-0.0592,39.8798],[-0.0522,39.8784]]]},"properties":{"name":"Río Veo","kind":"rio","length_km":43.6,"source":"CHJ PHJ 2022-2027 masas de agua superficial (río)"}},{"type":"Feature","geometry":{"type":"LineString","coordinates":[[-0.5318,39.146],[-0.5286,39.1364],[-0.5231,39.1362],[-0.5137,39.1413],[-0.5109,39.1474],[-0.5063,39.15],[-0.4863,39.1508],[-0.4837,39.1539],[-0.4743,39.1549],[-0.4632,39.1599],[-0.454,39.1594],[-0.4528,39.1641],[-0.4505,39.1655],[-0.4439,39.1649],[-0.4368,39.1675]]},"properties":{"name":"Río Verd","kind":"rio","length_km":10.7,"source":"CHJ PHJ 2022-2027 masas de agua superficial (río)"}},{"type":"Feature","geometry":{"type":"MultiLineString","coordinates":[[[-0.6101,40.3595],[-0.6082,40.3549],[-0.6099,40.3523],[-0.6079,40.346],[-0.6092,40.3363],[-0.6076,40.3342],[-0.6117,40.3293],[-0.6085,40.3212],[-0.6045,40.317],[-0.6058,40.3122],[-0.5978,40.3123],[-0.5915,40.3173],[-0.5828,40.3181],[-0.5815,40.3209],[-0.5779,40.3214]],[[-0.5704,40.3473],[-0.5741,40.3341],[-0.5769,40.3315],[-0.5752,40.3269],[-0.5779,40.3214]],[[-0.5779,40.3214],[-0.5549,40.3078],[-0.5566,40.3023],[-0.5545,40.2993],[-0.5448,40.2979],[-0.5362,40.2928],[-0.5306,40.2924],[-0.5274,40.2894],[-0.513,40.288],[-0.5123,40.2855],[-0.5097,40.2852],[-0.5105,40.2798],[-0.5143,40.2779],[-0.5136,40.2739],[-0.5098,40.2721],[-0.5024,40.2613],[-0.4994,40.2614],[-0.5009,40.2594],[-0.4978,40.255],[-0.4947,40.2522],[-0.4852,40.2522],[-0.4809,40.2455],[-0.4743,40.2437],[-0.4613,40.2314],[-0.4586,40.2321],[-0.4532,40.2274],[-0.4437,40.2249],[-0.4429,40.2214],[-0.4403,40.2207],[-0.4408,40.2189],[-0.436,40.2169],[-0.4375,40.2144],[-0.4322,40.2124],[-0.416,40.194],[-0.4086,40.1912],[-0.4035,40.1832],[-0.3953,40.1792],[-0.3938,40.1659],[-0.3862,40.1659],[-0.388,40.1626],[-0.3845,40.1608],[-0.3842,40.1576],[-0.3882,40.1537],[-0.3853,40.1515],[-0.386,40.1479],[-0.3821,40.1458],[-0.3894,40.1387],[-0.3956,40.1362],[-0.401,40.1279],[-0.3984,40.1272],[-0.399,40.1241],[-0.3948,40.1253],[-0.3938,40.1225],[-0.3898,40.1227],[-0.3853,40.12],[-0.3874,40.1181],[-0.3864,40.116],[-0.3767,40.1126],[-0.3798,40.1103],[-0.3792,40.1049],[-0.3809,40.1007],[-0.378,40.0956],[-0.3739,40.093],[-0.3759,40.0906],[-0.3735,40.0851]],[[-0.4645,40.1282],[-0.4615,40.1315],[-0.4581,40.1316],[-0.4565,40.1302],[-0.4581,40.1275],[-0.453,40.1279],[-0.4556,40.1238],[-0.4529,40.1226],[-0.4542,40.12],[-0.4368,40.1157],[-0.4361,40.1145],[-0.4391,40.1128],[-0.4355,40.1077],[-0.4293,40.1049],[-0.4294,40.1023],[-0.4324,40.1024],[-0.427,40.0999],[-0.4281,40.0937],[-0.4189,40.0923],[-0.4178,40.0905],[-0.4155,40.0914],[-0.4104,40.0854],[-0.4107,40.0802],[-0.4079,40.0795],[-0.4071,40.0752],[-0.4028,40.0742],[-0.3925,40.0762],[-0.3835,40.081],[-0.3789,40.0793],[-0.3789,40.0825],[-0.3754,40.0826],[-0.3735,40.0851]],[[-0.3735,40.0851],[-0.3644,40.0858],[-0.3567,40.0796],[-0.3559,40.0816],[-0.3463,40.0841],[-0.34,40.083],[-0.3477,40.0734],[-0.3435,40.0627],[-0.3475,40.0611],[-0.349,40.0475],[-0.3532,40.0431],[-0.3509,40.0418],[-0.3416,40.0432],[-0.3397,40.038],[-0.3439,40.0334],[-0.3418,40.0316],[-0.3422,40.0292]]]},"properties":{"name":"Río Villahermosa","kind":"rio","length_km":77.5,"source":"CHJ PHJ 2022-2027 masas de agua superficial (río)"}},{"type":"Feature","geometry":{"type":"LineString","coordinates":[[-0.6244,38.7232],[-0.6308,38.711],[-0.6431,38.7051],[-0.6642,38.7069],[-0.6672,38.7093],[-0.691,38.7133],[-0.7159,38.7105],[-0.7305,38.7048],[-0.7405,38.7032],[-0.7558,38.6959],[-0.759,38.6926],[-0.7596,38.6873],[-0.7671,38.6814],[-0.77,38.6753],[-0.7754,38.6717],[-0.7853,38.6716],[-0.7901,38.6667],[-0.8018,38.6618],[-0.8027,38.6533],[-0.8091,38.6477],[-0.8125,38.6389],[-0.8252,38.631],[-0.8335,38.6302],[-0.8558,38.5981],[-0.8639,38.5803],[-0.8583,38.573],[-0.8506,38.5714],[-0.8414,38.5636],[-0.8318,38.5603],[-0.8237,38.5534],[-0.8224,38.5479],[-0.818,38.5456],[-0.818,38.5424],[-0.8131,38.5404],[-0.815,38.5374],[-0.8131,38.5244],[-0.8064,38.506],[-0.8027,38.5042],[-0.8003,38.4981],[-0.7851,38.4953],[-0.7854,38.4926],[-0.7915,38.4922],[-0.7927,38.4897],[-0.7957,38.4889],[-0.797,38.4854],[-0.7958,38.4824],[-0.8011,38.4802],[-0.8012,38.4754],[-0.8069,38.4645],[-0.8067,38.4587],[-0.8021,38.4552],[-0.8037,38.4518],[-0.8021,38.4488],[-0.8121,38.4373],[-0.813,38.4338],[-0.8045,38.4204],[-0.7906,38.4102],[-0.7831,38.4008],[-0.7623,38.3889],[-0.7518,38.386],[-0.7493,38.3817],[-0.7448,38.3821],[-0.741,38.3773],[-0.7418,38.3746],[-0.7358,38.3692],[-0.7325,38.3603],[-0.7294,38.3604],[-0.7241,38.3565],[-0.7255,38.3541],[-0.724,38.3522],[-0.7277,38.3484],[-0.7259,38.3426],[-0.7271,38.3411],[-0.7239,38.3345],[-0.7279,38.3323],[-0.7284,38.3265],[-0.7251,38.3242],[-0.7244,38.3178],[-0.7195,38.3144],[-0.7228,38.312],[-0.7225,38.3077],[-0.7193,38.3041],[-0.7205,38.3009],[-0.7181,38.2975],[-0.7139,38.2969],[-0.7115,38.2927],[-0.7059,38.2917],[-0.7043,38.2854],[-0.7009,38.2825],[-0.7022,38.2786],[-0.6996,38.2715],[-0.7026,38.2475],[-0.7013,38.2441],[-0.7061,38.2353],[-0.7116,38.23],[-0.7107,38.2268],[-0.7136,38.2216],[-0.713,38.2188],[-0.6976,38.2077],[-0.6899,38.1996],[-0.6791,38.1807],[-0.6775,38.1738]]},"properties":{"name":"Río Vinalopó","kind":"rio","length_km":87.8,"source":"CHJ PHJ 2022-2027 masas de agua superficial (río)"}},{"type":"Feature","geometry":{"type":"MultiLineString","coordinates":[[[-1.3053,38.9991],[-1.2985,38.992],[-1.2953,38.992],[-1.2903,38.9874],[-1.2784,38.987],[-1.275,38.9824],[-1.2671,38.9817],[-1.2595,38.9771],[-1.2551,38.9705],[-1.2252,38.9627],[-1.1992,38.9609],[-1.1829,38.976],[-1.1757,38.9802],[-1.1686,38.9913],[-1.1703,38.9973],[-1.1677,39.0024],[-1.1698,39.0125],[-1.1649,39.0156],[-1.1646,39.0176],[-1.166,39.0186],[-1.1645,39.0284],[-1.1674,39.0352],[-1.163,39.0355],[-1.1633,39.0378],[-1.1599,39.0396],[-1.1578,39.0446],[-1.1534,39.048],[-1.1513,39.0537],[-1.1521,39.0581],[-1.146,39.0624],[-1.1293,39.0682],[-1.1271,39.0781],[-1.1206,39.0836],[-1.1194,39.0885],[-1.1218,39.09],[-1.1197,39.0916],[-1.1171,39.0908],[-1.1182,39.0949],[-1.1158,39.0959],[-1.1124,39.0928],[-1.1064,39.095],[-1.103,39.0927],[-1.0904,39.0964],[-1.0779,39.0951],[-1.071,39.0982],[-1.0668,39.0979],[-1.0633,39.0998],[-1.0574,39.1087],[-1.0558,39.1085],[-1.0555,39.114],[-1.0463,39.1175]],[[-1.0559,39.1743],[-1.0526,39.179],[-1.0569,39.1797],[-1.0593,39.1857],[-1.0543,39.1842],[-1.0522,39.1866],[-1.0525,39.1887],[-1.056,39.1894],[-1.0552,39.1972],[-1.058,39.201],[-1.0568,39.2034]],[[-1.0463,39.1175],[-1.0409,39.125],[-1.0455,39.131],[-1.0438,39.1401],[-1.0477,39.1448],[-1.0466,39.1476],[-1.0532,39.1529],[-1.0489,39.1589],[-1.0524,39.1667],[-1.0563,39.1689],[-1.0577,39.1741],[-1.0559,39.1743]],[[-1.0427,39.1702],[-1.0447,39.1727],[-1.0502,39.1689],[-1.0528,39.1696],[-1.0559,39.1743]],[[-1.0437,39.1087],[-1.0471,39.1121],[-1.0446,39.1167],[-1.0463,39.1175]],[[-1.0396,39.0452],[-1.0391,39.0475],[-1.0414,39.05],[-1.0376,39.0496],[-1.035,39.0533],[-1.0398,39.0597],[-1.0373,39.0613],[-1.0389,39.0665],[-1.0353,39.0681],[-1.0364,39.0699],[-1.0347,39.072],[-1.0408,39.077],[-1.0398,39.081],[-1.0429,39.0818],[-1.0398,39.0858],[-1.0425,39.0864],[-1.0462,39.1006],[-1.0487,39.1028],[-1.0488,39.1064],[-1.0437,39.1087]],[[-1.0425,39.1075],[-1.0437,39.1087]]]},"properties":{"name":"Río Zarra","kind":"rio","length_km":62.0,"source":"CHJ PHJ 2022-2027 masas de agua superficial (río)"}},{"type":"Feature","geometry":{"type":"LineString","coordinates":[[-0.372,39.0157],[-0.3776,39.017],[-0.3761,39.0185],[-0.3788,39.0211],[-0.3821,39.0204],[-0.382,39.022],[-0.3887,39.0198],[-0.3892,39.0178],[-0.4031,39.0255],[-0.4119,39.022],[-0.4151,39.0226],[-0.4132,39.0246],[-0.4143,39.0256],[-0.4215,39.0234],[-0.4318,39.0252],[-0.4357,39.0234],[-0.4375,39.0188],[-0.4409,39.02],[-0.4521,39.0166],[-0.4656,39.0192],[-0.4699,39.0221],[-0.4777,39.0223],[-0.4783,39.0251],[-0.4818,39.0257],[-0.4844,39.0335]]},"properties":{"name":"Río de Barxeta","kind":"rio","length_km":13.2,"source":"CHJ PHJ 2022-2027 masas de agua superficial (río)"}},{"type":"Feature","geometry":{"type":"MultiLineString","coordinates":[[[-0.4692,38.873],[-0.4708,38.8736],[-0.47,38.8761],[-0.4718,38.8794],[-0.4697,38.8799],[-0.4699,38.8841],[-0.468,38.8846],[-0.4693,38.8861],[-0.4637,38.8936],[-0.465,38.8951],[-0.4622,38.8976],[-0.4605,38.8966],[-0.4571,38.8983]],[[-0.4571,38.8983],[-0.4574,38.8987]],[[-0.4124,38.8758],[-0.4164,38.8785],[-0.4269,38.8787],[-0.4287,38.8804],[-0.4309,38.8791],[-0.4306,38.881],[-0.4395,38.8802],[-0.4403,38.8855],[-0.4464,38.8867],[-0.445,38.8882],[-0.4468,38.8894],[-0.4462,38.8927],[-0.4513,38.8957],[-0.4551,38.8947],[-0.4555,38.8968],[-0.4528,38.8979],[-0.4571,38.8983]]]},"properties":{"name":"Río de Micena","kind":"rio","length_km":10.5,"source":"CHJ PHJ 2022-2027 masas de agua superficial (río)"}},{"type":"Feature","geometry":{"type":"LineString","coordinates":[[-1.0709,40.1133],[-1.0789,40.1089],[-1.0933,40.1113],[-1.0965,40.1125],[-1.0997,40.1177],[-1.0998,40.1215],[-1.1035,40.1238],[-1.1143,40.1184],[-1.1228,40.1104],[-1.1568,40.1156],[-1.1618,40.1137],[-1.1654,40.1151],[-1.1741,40.1126],[-1.188,40.1123],[-1.1904,40.1103],[-1.2084,40.1102],[-1.2229,40.1159],[-1.2419,40.1146],[-1.2485,40.1194],[-1.2516,40.1253]]},"properties":{"name":"Río de Riodeva","kind":"rio","length_km":18.2,"source":"CHJ PHJ 2022-2027 masas de agua superficial (río)"}},{"type":"Feature","geometry":{"type":"LineString","coordinates":[[-0.7761,38.3425],[-0.766,38.3515],[-0.7523,38.36],[-0.738,38.3598],[-0.7358,38.3544],[-0.7277,38.3484]]},"properties":{"name":"Río de Tarafa","kind":"rio","length_km":5.7,"source":"CHJ PHJ 2022-2027 masas de agua superficial (río)"}},{"type":"Feature","geometry":{"type":"LineString","coordinates":[[-2.0719,40.1494],[-2.0776,40.1482],[-2.0837,40.15],[-2.0893,40.1483],[-2.0966,40.1426],[-2.1043,40.1397],[-2.1149,40.1289],[-2.125,40.1285],[-2.1342,40.1248]]},"properties":{"name":"Río de Valdecabras","kind":"rio","length_km":6.4,"source":"CHJ PHJ 2022-2027 masas de agua superficial (río)"}},{"type":"Feature","geometry":{"type":"MultiLineString","coordinates":[[[-1.7613,40.2503],[-1.7678,40.2595],[-1.7813,40.2723],[-1.7811,40.2778],[-1.785,40.2847],[-1.798,40.2891],[-1.8018,40.2869]],[[-1.7494,40.2509],[-1.7563,40.2518],[-1.7613,40.2503]],[[-1.7506,40.2339],[-1.7613,40.2503]],[[-1.759,40.2271],[-1.7512,40.23],[-1.7506,40.2339]],[[-1.7506,40.1694],[-1.7472,40.1708],[-1.7433,40.1698],[-1.7372,40.1748],[-1.7395,40.1808],[-1.734,40.1851],[-1.7296,40.1993],[-1.7353,40.2063],[-1.7413,40.2188],[-1.746,40.223],[-1.7468,40.2293],[-1.7506,40.2339]]]},"properties":{"name":"Río de Valdemeca","kind":"rio","length_km":19.0,"source":"CHJ PHJ 2022-2027 masas de agua superficial (río)"}},{"type":"Feature","geometry":{"type":"MultiLineString","coordinates":[[[-1.386,40.0702],[-1.3838,40.0705],[-1.3653,40.0575],[-1.3583,40.0561],[-1.3511,40.0566],[-1.3475,40.0605],[-1.3396,40.0623],[-1.328,40.06],[-1.3234,40.0551],[-1.3196,40.0544],[-1.3067,40.0571],[-1.2942,40.0569],[-1.2894,40.0589]],[[-1.3086,40.0737],[-1.3061,40.0737],[-1.2894,40.0589]],[[-1.2894,40.0589],[-1.2853,40.0583],[-1.2831,40.0616]]]},"properties":{"name":"Río de Vallanca","kind":"rio","length_km":12.6,"source":"CHJ PHJ 2022-2027 masas de agua superficial (río)"}},{"type":"Feature","geometry":{"type":"MultiLineString","coordinates":[[[-0.3297,38.8961],[-0.3318,38.9003],[-0.3273,38.9034],[-0.3266,38.9081],[-0.3096,38.908],[-0.3111,38.9134],[-0.307,38.917],[-0.2947,38.915],[-0.2902,38.9172],[-0.2868,38.9135],[-0.2851,38.9139],[-0.2832,38.92],[-0.2871,38.9254],[-0.2799,38.9264],[-0.2759,38.9306],[-0.2734,38.9274],[-0.2704,38.9306],[-0.2662,38.9294],[-0.2677,38.9333],[-0.2607,38.9311],[-0.2614,38.9351],[-0.2572,38.9355],[-0.2566,38.9378],[-0.2484,38.9365],[-0.2411,38.9323],[-0.2389,38.9379],[-0.233,38.9381],[-0.2275,38.9358],[-0.2243,38.9384],[-0.2227,38.9375]],[[-0.2321,38.9443],[-0.2256,38.9419],[-0.2227,38.9375]],[[-0.2227,38.9375],[-0.2115,38.9276],[-0.2035,38.9352],[-0.1948,38.9372],[-0.1965,38.9409],[-0.1934,38.9393],[-0.1922,38.9412]]]},"properties":{"name":"Río de Vernissa","kind":"rio","length_km":21.7,"source":"CHJ PHJ 2022-2027 masas de agua superficial (río)"}},{"type":"Feature","geometry":{"type":"MultiLineString","coordinates":[[[-0.3333,39.0558],[-0.3305,39.0524],[-0.3269,39.0528],[-0.3184,39.0552],[-0.3079,39.0616],[-0.2892,39.0619],[-0.2809,39.0648],[-0.275,39.0647]],[[-0.3054,39.0339],[-0.3051,39.0391],[-0.3083,39.0424],[-0.3063,39.0476],[-0.2911,39.0532],[-0.2886,39.0568],[-0.2806,39.0597],[-0.275,39.0647]],[[-0.275,39.0647],[-0.2695,39.0678],[-0.2562,39.07],[-0.2511,39.0672],[-0.2411,39.0684],[-0.2411,39.0704],[-0.2314,39.071],[-0.2215,39.067],[-0.207,39.0472],[-0.1968,39.0406],[-0.1848,39.0361]]]},"properties":{"name":"Río de Xeraco","kind":"rio","length_km":20.7,"source":"CHJ PHJ 2022-2027 masas de agua superficial (río)"}},{"type":"Feature","geometry":{"type":"LineString","coordinates":[[0.072,40.1066],[0.0746,40.1078],[0.077,40.1059],[0.0816,40.1089],[0.085,40.1088],[0.0866,40.1066],[0.0895,40.1085],[0.0991,40.1095],[0.0982,40.1113],[0.1097,40.1204],[0.1116,40.1243],[0.1168,40.1268],[0.1278,40.1229],[0.1439,40.1136],[0.1515,40.1041]]},"properties":{"name":"Río de Xinxilla","kind":"rio","length_km":9.4,"source":"CHJ PHJ 2022-2027 masas de agua superficial (río)"}},{"type":"Feature","geometry":{"type":"MultiLineString","coordinates":[[[-1.6243,40.4598],[-1.6166,40.4582],[-1.6092,40.4533],[-1.6073,40.448],[-1.5992,40.4424],[-1.5965,40.4371]],[[-1.5967,40.4667],[-1.5966,40.4597],[-1.5918,40.4488],[-1.594,40.4396],[-1.5965,40.4371]],[[-1.5965,40.4371],[-1.5937,40.4313],[-1.5858,40.4283],[-1.5709,40.4288]]]},"properties":{"name":"Río de la Garganta","kind":"rio","length_km":9.8,"source":"CHJ PHJ 2022-2027 masas de agua superficial (río)"}},{"type":"Feature","geometry":{"type":"MultiLineString","coordinates":[[[0.0935,40.6517],[0.097,40.6505],[0.0979,40.645],[0.101,40.6426],[0.1135,40.6417],[0.1258,40.6438],[0.1324,40.6472],[0.1482,40.6493],[0.1494,40.6521],[0.1527,40.6521],[0.1623,40.6575],[0.1655,40.6566],[0.1733,40.661],[0.1833,40.6598],[0.1839,40.6615],[0.1871,40.6602],[0.1879,40.6622],[0.1991,40.6623],[0.2048,40.6643],[0.2058,40.6668],[0.2143,40.6685]],[[0.2347,40.6702],[0.2383,40.6718],[0.2505,40.6678],[0.2578,40.6716],[0.2642,40.6688],[0.2651,40.6623],[0.2685,40.66],[0.2691,40.6539],[0.2694,40.6479],[0.2664,40.6468],[0.2662,40.6439],[0.2707,40.6379],[0.2761,40.6365],[0.2789,40.63],[0.2922,40.6231],[0.2989,40.6256],[0.3005,40.6227],[0.3154,40.6139],[0.3194,40.6147],[0.3367,40.6088],[0.3717,40.605],[0.3887,40.6068],[0.3958,40.6029],[0.4022,40.6026],[0.4068,40.5976],[0.405,40.595],[0.4208,40.5852],[0.4319,40.5793],[0.4435,40.5782],[0.4371,40.5729],[0.4387,40.5707],[0.4335,40.5657],[0.4368,40.5577],[0.4362,40.5495],[0.4387,40.5464],[0.4461,40.545],[0.4483,40.5417],[0.455,40.5408],[0.4781,40.5319],[0.5141,40.5232]]]},"properties":{"name":"Río de la Sénia","kind":"rio","length_km":47.7,"source":"CHJ PHJ 2022-2027 masas de agua superficial (río)"}},{"type":"Feature","geometry":{"type":"LineString","coordinates":[[-0.0271,38.8643],[-0.0282,38.8675],[-0.0247,38.8726],[-0.0358,38.8801],[-0.0373,38.8865]]},"properties":{"name":"Río del Molinell","kind":"rio","length_km":3.0,"source":"CHJ PHJ 2022-2027 masas de agua superficial (río)"}},{"type":"Feature","geometry":{"type":"LineString","coordinates":[[-0.5798,40.1933],[-0.5744,40.1875],[-0.5754,40.1861],[-0.5709,40.1826],[-0.5713,40.1751],[-0.5741,40.1725],[-0.5736,40.1682],[-0.5695,40.1622],[-0.5709,40.16],[-0.5692,40.1589],[-0.57,40.1553],[-0.5753,40.1519],[-0.5744,40.1485],[-0.5792,40.1471],[-0.5784,40.1369],[-0.5825,40.1365],[-0.5864,40.1314],[-0.5903,40.1336],[-0.594,40.133],[-0.5971,40.132],[-0.5995,40.1275],[-0.6042,40.1265],[-0.6071,40.128],[-0.6093,40.125]]},"properties":{"name":"Río del Morrón","kind":"rio","length_km":11.0,"source":"CHJ PHJ 2022-2027 masas de agua superficial (río)"}},{"type":"Feature","geometry":{"type":"LineString","coordinates":[[-0.0568,38.8534],[-0.0419,38.8564],[-0.0412,38.8619],[-0.0333,38.8657],[-0.0271,38.8643]]},"properties":{"name":"Río del Racons","kind":"rio","length_km":3.3,"source":"CHJ PHJ 2022-2027 masas de agua superficial (río)"}},{"type":"Feature","geometry":{"type":"LineString","coordinates":[[-0.1176,38.8533],[-0.1145,38.8562],[-0.1075,38.8583],[-0.1017,38.8644],[-0.094,38.8675],[-0.0938,38.8693],[-0.0959,38.8701],[-0.0904,38.873],[-0.0919,38.8747],[-0.0895,38.8764],[-0.0898,38.8796],[-0.0793,38.8819],[-0.0771,38.8804],[-0.0789,38.8871],[-0.0769,38.8945],[-0.0623,38.9052]]},"properties":{"name":"Río del Vedat","kind":"rio","length_km":9.0,"source":"CHJ PHJ 2022-2027 masas de agua superficial (río)"}},{"type":"Feature","geometry":{"type":"LineString","coordinates":[[-0.6075,38.9742],[-0.602,38.9772],[-0.595,38.9756],[-0.5905,38.9789],[-0.5852,38.9698],[-0.5819,38.9695],[-0.5846,38.9623],[-0.5879,38.9593],[-0.5835,38.9572]]},"properties":{"name":"Río dels Sants","kind":"rio","length_km":4.9,"source":"CHJ PHJ 2022-2027 masas de agua superficial (río)"}},{"type":"Feature","geometry":{"type":"LineString","coordinates":[[-0.9441,40.4208],[-0.9572,40.4186],[-0.9678,40.4138],[-0.9796,40.4043],[-0.9837,40.4041],[-1.0024,40.4131],[-1.0058,40.4239],[-1.0086,40.4266],[-1.007,40.4301],[-1.0175,40.4312],[-1.026,40.4389],[-1.0335,40.4386],[-1.0348,40.4416],[-1.0489,40.4525],[-1.051,40.4568]]},"properties":{"name":"Barranco de Corbalán o de la Gotadura","kind":"barranco","length_km":14.0,"pfafrio":"20034852","source":"CEDEX/DGA ríos 1:25.000"}},{"type":"Feature","geometry":{"type":"LineString","coordinates":[[-1.5149,40.2979],[-1.5217,40.2908],[-1.5252,40.2918],[-1.528,40.2956],[-1.5252,40.3049],[-1.5262,40.3075],[-1.5192,40.3137],[-1.5153,40.3209],[-1.5105,40.3231],[-1.5082,40.3303],[-1.5092,40.3401],[-1.5157,40.3465],[-1.5035,40.3572],[-1.5083,40.3654],[-1.5078,40.3734],[-1.5108,40.3859],[-1.507,40.3875],[-1.5058,40.3909],[-1.5031,40.3911],[-1.5002,40.3968],[-1.4973,40.3972]]},"properties":{"name":"Río Molinares","kind":"rio","length_km":15.5,"pfafrio":"2003498","source":"CEDEX/DGA ríos 1:25.000"}},{"type":"Feature","geometry":{"type":"LineString","coordinates":[[-0.4577,39.5423],[-0.4512,39.5373],[-0.4518,39.5331],[-0.4475,39.5318],[-0.4398,39.5236],[-0.4389,39.5172],[-0.4335,39.5116],[-0.4289,39.4974],[-0.4221,39.486],[-0.4105,39.4813],[-0.4075,39.4744],[-0.3973,39.4753],[-0.3803,39.4821],[-0.3756,39.4808],[-0.3649,39.4721],[-0.358,39.4602],[-0.3468,39.4541],[-0.3334,39.4548],[-0.3277,39.4489],[-0.3276,39.4442],[-0.3207,39.4411]]},"properties":{"name":"Barranc de l'Endolça","kind":"barranco","length_km":19.7,"pfafrio":"200352","source":"CEDEX/DGA ríos 1:25.000"}},{"type":"Feature","geometry":{"type":"LineString","coordinates":[[-0.9086,39.7591],[-0.9054,39.7486],[-0.8973,39.744],[-0.8989,39.7373],[-0.9104,39.7304],[-0.9085,39.7208],[-0.9044,39.7168],[-0.9044,39.7148],[-0.9263,39.7042],[-0.9268,39.6987],[-0.9304,39.6952]]},"properties":{"name":"Barranco del Agua Salada","kind":"barranco","length_km":10.3,"pfafrio":"2003458","source":"CEDEX/DGA ríos 1:25.000"}},{"type":"Feature","geometry":{"type":"LineString","coordinates":[[-0.5656,39.7389],[-0.5623,39.7334],[-0.5568,39.7314],[-0.5537,39.728],[-0.5587,39.724],[-0.5607,39.7164],[-0.5686,39.7074],[-0.5649,39.7004],[-0.5543,39.6951],[-0.5494,39.6895],[-0.5434,39.673]]},"properties":{"name":"Barranc de Zafra","kind":"barranco","length_km":9.6,"pfafrio":"20035472","source":"CEDEX/DGA ríos 1:25.000"}},{"type":"Feature","geometry":{"type":"LineString","coordinates":[[-0.5736,39.7807],[-0.5648,39.7833],[-0.5615,39.7867],[-0.5553,39.7858],[-0.5479,39.7794],[-0.5338,39.7825],[-0.5307,39.7767],[-0.532,39.7754],[-0.5238,39.7705],[-0.5198,39.7654],[-0.5294,39.7533],[-0.5267,39.7514],[-0.5297,39.7506],[-0.5286,39.7477],[-0.5326,39.7449],[-0.5318,39.7419],[-0.5349,39.7392],[-0.5298,39.7356],[-0.5325,39.7315],[-0.5311,39.7277],[-0.5332,39.7267],[-0.5314,39.7237],[-0.5364,39.7206],[-0.5383,39.716],[-0.5348,39.7133],[-0.5381,39.7115],[-0.5398,39.708],[-0.5325,39.7019],[-0.5317,39.698],[-0.5263,39.6986],[-0.5281,39.6941]]},"properties":{"name":"Barranc de Gátova","kind":"barranco","length_km":18.4,"pfafrio":"2003548","source":"CEDEX/DGA ríos 1:25.000"}},{"type":"Feature","geometry":{"type":"LineString","coordinates":[[-0.4061,39.638],[-0.3995,39.627],[-0.3999,39.6104],[-0.3956,39.6067],[-0.3936,39.602],[-0.3818,39.5936],[-0.3845,39.5892],[-0.3831,39.5868],[-0.3666,39.5815],[-0.3546,39.5735],[-0.3431,39.5691],[-0.3357,39.5673],[-0.3223,39.5679],[-0.2866,39.5576]]},"properties":{"name":"Canyada del Moliner","kind":"otro","length_km":16.0,"pfafrio":"2003552","source":"CEDEX/DGA ríos 1:25.000"}},{"type":"Feature","geometry":{"type":"LineString","coordinates":[[-0.2978,39.9889],[-0.2939,39.9871],[-0.2745,39.9902],[-0.269,39.9894],[-0.253,39.9762],[-0.2377,39.9791],[-0.2336,39.9768],[-0.2331,39.9741],[-0.2187,39.9717],[-0.2136,39.9665],[-0.2084,39.9686],[-0.194,39.9657],[-0.1953,39.962],[-0.1917,39.959],[-0.1943,39.9575],[-0.1883,39.9534],[-0.184,39.9556],[-0.1801,39.9519],[-0.1783,39.9538],[-0.1709,39.9528]]},"properties":{"name":"Barranc del Salvador","kind":"barranco","length_km":15.0,"pfafrio":"20037826","source":"CEDEX/DGA ríos 1:25.000"}},{"type":"Feature","geometry":{"type":"LineString","coordinates":[[-0.4145,39.9353],[-0.4073,39.9346],[-0.394,39.9257],[-0.3882,39.9263],[-0.3817,39.9233],[-0.3703,39.9252],[-0.3582,39.9196],[-0.3497,39.9131],[-0.3483,39.9151],[-0.3387,39.9157],[-0.3338,39.9199],[-0.3372,39.9322],[-0.3342,39.9363],[-0.3298,39.937],[-0.3279,39.9403],[-0.3229,39.9398],[-0.3208,39.9432],[-0.3169,39.9429],[-0.3104,39.9476]]},"properties":{"name":"Río Veo","kind":"rio","length_km":13.7,"pfafrio":"2003786","source":"CEDEX/DGA ríos 1:25.000"}},{"type":"Feature","geometry":{"type":"LineString","coordinates":[[-0.9643,40.287],[-0.9574,40.2887],[-0.952,40.2841],[-0.9468,40.2883],[-0.9379,40.2869],[-0.927,40.2752],[-0.9143,40.2737],[-0.9068,40.2702],[-0.9035,40.2656],[-0.9006,40.265],[-0.8994,40.2602],[-0.8939,40.2559],[-0.8915,40.2499]]},"properties":{"name":"Rambla del Pilar","kind":"rambla","length_km":9.4,"pfafrio":"200389626","source":"CEDEX/DGA ríos 1:25.000"}},{"type":"Feature","geometry":{"type":"LineString","coordinates":[[-0.6256,40.2552],[-0.6271,40.2482],[-0.6348,40.2456],[-0.6377,40.2401],[-0.6379,40.2298],[-0.6341,40.2242],[-0.6379,40.2208],[-0.6418,40.2113],[-0.6393,40.2003],[-0.6444,40.1933],[-0.6544,40.1856],[-0.6503,40.1814],[-0.65,40.1782],[-0.6514,40.176],[-0.6546,40.1759],[-0.6553,40.1722]]},"properties":{"name":"Río Rubielos","kind":"rio","length_km":11.6,"pfafrio":"20038744","source":"CEDEX/DGA ríos 1:25.000"}},{"type":"Feature","geometry":{"type":"LineString","coordinates":[[0.0792,40.1204],[0.0756,40.1243],[0.0771,40.1309],[0.0818,40.1332],[0.0838,40.1398],[0.0869,40.1395],[0.0887,40.1416],[0.0992,40.1404],[0.1028,40.1357],[0.1196,40.132],[0.1408,40.1373],[0.1674,40.135]]},"properties":{"name":"Barranc de la Font del Campello","kind":"barranco","length_km":10.9,"pfafrio":"2003916","source":"CEDEX/DGA ríos 1:25.000"}},{"type":"Feature","geometry":{"type":"LineString","coordinates":[[0.0794,40.1601],[0.0878,40.16],[0.0959,40.1649],[0.1027,40.1665],[0.1055,40.1656],[0.1074,40.1613],[0.1147,40.1603],[0.1155,40.1633],[0.1257,40.1667],[0.1297,40.1673],[0.1359,40.1647],[0.1436,40.1676],[0.1479,40.1669],[0.1552,40.1595],[0.1753,40.1545],[0.1771,40.1517]]},"properties":{"name":"Barranc de Fontanelles","kind":"barranco","length_km":10.8,"pfafrio":"20039174","source":"CEDEX/DGA ríos 1:25.000"}},{"type":"Feature","geometry":{"type":"LineString","coordinates":[[-0.9926,40.1352],[-0.9666,40.1472],[-0.9554,40.1605],[-0.9453,40.1663],[-0.9309,40.1677],[-0.9171,40.1733],[-0.9051,40.1702]]},"properties":{"name":"Barranco de la Zarza","kind":"barranco","length_km":9.4,"pfafrio":"200389188","source":"CEDEX/DGA ríos 1:25.000"}},{"type":"Feature","geometry":{"type":"LineString","coordinates":[[0.0205,40.3224],[0.0187,40.3334],[0.0106,40.3361],[0.0075,40.3405],[0.011,40.3544],[0.0111,40.358],[0.0073,40.3634],[0.0094,40.366],[0.0094,40.3706],[0.0118,40.3735],[0.0214,40.3753],[0.0293,40.3837],[0.0338,40.3843],[0.0312,40.3872],[0.0367,40.3867],[0.0385,40.3886],[0.0448,40.3895],[0.0424,40.3949],[0.0457,40.3937],[0.0489,40.3966],[0.0505,40.3947],[0.0555,40.3947]]},"properties":{"name":"Barranc Fondó","kind":"barranco","length_km":13.3,"pfafrio":"20039284","source":"CEDEX/DGA ríos 1:25.000"}},{"type":"Feature","geometry":{"type":"LineString","coordinates":[[0.2496,40.6359],[0.2548,40.6317],[0.2698,40.6251],[0.2764,40.6148],[0.2759,40.6113],[0.2796,40.6043],[0.2829,40.6014],[0.2819,40.5989],[0.2882,40.5906],[0.2968,40.5854],[0.2991,40.5858],[0.3029,40.5776],[0.3103,40.5763],[0.31,40.5748],[0.3164,40.5718],[0.3155,40.5696],[0.3236,40.5655],[0.3302,40.5657],[0.3311,40.5603]]},"properties":{"name":"Barranco de la Cova Alta","kind":"barranco","length_km":12.8,"pfafrio":"2003962","source":"CEDEX/DGA ríos 1:25.000"}},{"type":"Feature","geometry":{"type":"LineString","coordinates":[[-1.1435,38.8344],[-1.1338,38.8351],[-1.1291,38.8384],[-1.1268,38.8414],[-1.1271,38.8455],[-1.1246,38.8465],[-1.1285,38.8474],[-1.126,38.8526],[-1.1168,38.8539],[-1.1079,38.8621],[-1.1089,38.8713],[-1.1055,38.8815],[-1.0979,38.8881],[-1.0972,38.8913],[-1.1079,38.9331],[-1.0972,38.9446]]},"properties":{"name":"Rambla de las Hoyuelas","kind":"rambla","length_km":15.9,"pfafrio":"20018002","source":"CEDEX/DGA ríos 1:25.000"}},{"type":"Feature","geometry":{"type":"LineString","coordinates":[[-0.8545,38.3966],[-0.8474,38.3951],[-0.8405,38.377],[-0.8334,38.3713],[-0.8172,38.369],[-0.8024,38.3722],[-0.7936,38.3707],[-0.7858,38.3717],[-0.7711,38.3679],[-0.7627,38.3688],[-0.7581,38.3661],[-0.7581,38.3631],[-0.7521,38.36]]},"properties":{"name":"Rambla del Sastre","kind":"rambla","length_km":11.8,"pfafrio":"2001842","source":"CEDEX/DGA ríos 1:25.000"}},{"type":"Feature","geometry":{"type":"LineString","coordinates":[[-1.1035,38.8437],[-1.1025,38.8498],[-1.0902,38.8547],[-1.0879,38.862],[-1.0885,38.8684],[-1.0864,38.8701],[-1.0771,38.866],[-1.0597,38.862],[-1.0451,38.8542],[-1.015,38.8509],[-0.9842,38.8361],[-0.9783,38.8266],[-0.9682,38.8259],[-0.9643,38.8214]]},"properties":{"name":"Zanja del Saladar","kind":"otro","length_km":16.7,"pfafrio":"2001802","source":"CEDEX/DGA ríos 1:25.000"}},{"type":"Feature","geometry":{"type":"LineString","coordinates":[[-0.9745,38.5048],[-0.9734,38.5007],[-0.9641,38.4978],[-0.9615,38.4943],[-0.9552,38.4916],[-0.9187,38.4963],[-0.8953,38.5082],[-0.8847,38.5024]]},"properties":{"name":"Rambla de Garrincho","kind":"rambla","length_km":9.7,"pfafrio":"2001850","source":"CEDEX/DGA ríos 1:25.000"}},{"type":"Feature","geometry":{"type":"LineString","coordinates":[[-0.6802,38.5276],[-0.6876,38.5333],[-0.6933,38.5325],[-0.7024,38.5363],[-0.7046,38.5308],[-0.7081,38.5295],[-0.7175,38.5142],[-0.7241,38.5138],[-0.733,38.5045],[-0.7434,38.4997],[-0.7557,38.4886],[-0.7624,38.4881],[-0.7657,38.4859],[-0.777,38.4861],[-0.7872,38.4884],[-0.7911,38.4868],[-0.7934,38.4894]]},"properties":{"name":"Rambla de Pusa","kind":"rambla","length_km":14.4,"pfafrio":"2001854","source":"CEDEX/DGA ríos 1:25.000"}},{"type":"Feature","geometry":{"type":"LineString","coordinates":[[-0.6819,38.3401],[-0.676,38.3425],[-0.6649,38.3388],[-0.6642,38.3336],[-0.661,38.3312],[-0.655,38.3163],[-0.6565,38.3149],[-0.6531,38.3101],[-0.6527,38.3034],[-0.6558,38.2936],[-0.6542,38.2819],[-0.6564,38.2768],[-0.6551,38.2722],[-0.6563,38.2535],[-0.6536,38.2485],[-0.6533,38.2388],[-0.6554,38.2351]]},"properties":{"name":"Barranco del Grifo","kind":"barranco","length_km":14.1,"pfafrio":"2001822","source":"CEDEX/DGA ríos 1:25.000"}},{"type":"Feature","geometry":{"type":"LineString","coordinates":[[-1.1425,38.7878],[-1.1393,38.7789],[-1.1411,38.7689],[-1.1263,38.7632],[-1.1229,38.7586],[-1.1096,38.7516],[-1.1029,38.7439],[-1.1,38.744],[-1.099,38.7401],[-1.1033,38.7359],[-1.0987,38.7276],[-1.1002,38.7236],[-1.0974,38.7211],[-1.0973,38.7019],[-1.0931,38.6959],[-1.0841,38.6894],[-1.0518,38.6961],[-1.0437,38.6964],[-1.0392,38.693]]},"properties":{"name":"Rambla del Cañizar","kind":"rambla","length_km":18.5,"pfafrio":"2001888246","source":"CEDEX/DGA ríos 1:25.000"}},{"type":"Feature","geometry":{"type":"LineString","coordinates":[[-0.9245,38.2986],[-0.8962,38.3022],[-0.8903,38.3081],[-0.8819,38.3101],[-0.8716,38.3179],[-0.8655,38.3143],[-0.858,38.3042],[-0.8538,38.3037],[-0.8488,38.3],[-0.8248,38.3033],[-0.8164,38.3074],[-0.8172,38.3258],[-0.8137,38.3285]]},"properties":{"name":"Rambla del Lentiscar","kind":"rambla","length_km":14.2,"pfafrio":"20018442","source":"CEDEX/DGA ríos 1:25.000"}},{"type":"Feature","geometry":{"type":"LineString","coordinates":[[-1.3724,38.9521],[-1.3617,38.9405],[-1.3487,38.9378],[-1.3452,38.9355],[-1.3247,38.9386],[-1.2938,38.9394],[-1.2734,38.9422],[-1.2558,38.9403],[-1.2515,38.9372],[-1.247,38.9387],[-1.2353,38.936],[-1.2293,38.9365],[-1.2239,38.9339],[-1.223,38.9315],[-1.2279,38.9235],[-1.2315,38.9217],[-1.2323,38.9186]]},"properties":{"name":"Vallejo Colorado","kind":"otro","length_km":16.5,"pfafrio":"200180028688","source":"CEDEX/DGA ríos 1:25.000"}},{"type":"Feature","geometry":{"type":"LineString","coordinates":[[-0.6907,38.3171],[-0.6706,38.3095],[-0.6706,38.3016],[-0.6746,38.2965],[-0.6753,38.2906],[-0.6731,38.2854],[-0.6672,38.28],[-0.6682,38.2782],[-0.6656,38.2734],[-0.6678,38.265],[-0.6637,38.2562],[-0.6641,38.2484],[-0.6609,38.2459],[-0.6542,38.2328],[-0.6563,38.2251],[-0.6543,38.2158],[-0.6463,38.2136],[-0.6391,38.2054],[-0.6291,38.2006],[-0.6242,38.1941],[-0.6193,38.1921],[-0.6137,38.1866],[-0.6132,38.1825]]},"properties":{"name":"Barranco de San Anton","kind":"barranco","length_km":19.4,"pfafrio":"200182","source":"CEDEX/DGA ríos 1:25.000"}},{"type":"Feature","geometry":{"type":"LineString","coordinates":[[-1.1976,38.9112],[-1.2164,38.9185],[-1.2281,38.919],[-1.2323,38.9186],[-1.2357,38.9088],[-1.2349,38.8943],[-1.2367,38.8895],[-1.2315,38.8841],[-1.2267,38.8703],[-1.214,38.8599],[-1.2024,38.8567]]},"properties":{"name":"Rambla de Vega","kind":"rambla","length_km":12.0,"pfafrio":"20018002868","source":"CEDEX/DGA ríos 1:25.000"}},{"type":"Feature","geometry":{"type":"LineString","coordinates":[[-0.84,38.3636],[-0.8232,38.3585],[-0.8034,38.3596],[-0.7915,38.3514],[-0.774,38.3449],[-0.7521,38.36],[-0.7397,38.3602],[-0.7357,38.3543],[-0.7267,38.3483]]},"properties":{"name":"Riu Tarafa","kind":"rio","length_km":12.1,"pfafrio":"200184","source":"CEDEX/DGA ríos 1:25.000"}},{"type":"Feature","geometry":{"type":"LineString","coordinates":[[-1.1945,38.8999],[-1.186,38.8933],[-1.1816,38.8793],[-1.1781,38.8744],[-1.1786,38.8721],[-1.1747,38.8684],[-1.168,38.8719],[-1.1572,38.8736],[-1.1517,38.8781],[-1.1295,38.8827],[-1.1055,38.8815]]},"properties":{"name":"Rambla del Pantano","kind":"rambla","length_km":10.8,"pfafrio":"200180028","source":"CEDEX/DGA ríos 1:25.000"}},{"type":"Feature","geometry":{"type":"LineString","coordinates":[[-1.0337,38.6791],[-1.0286,38.6802],[-1.0178,38.6784],[-1.0118,38.684],[-1.0031,38.6872],[-0.9888,38.6865],[-0.985,38.6839],[-0.9761,38.686],[-0.9609,38.6842],[-0.9557,38.6814],[-0.9537,38.6737],[-0.9453,38.665],[-0.9453,38.6623],[-0.9395,38.662]]},"properties":{"name":"Rambla Honda","kind":"rambla","length_km":10.7,"pfafrio":"20018882","source":"CEDEX/DGA ríos 1:25.000"}},{"type":"Feature","geometry":{"type":"LineString","coordinates":[[-1.3125,38.9028],[-1.3114,38.8966],[-1.3047,38.8918],[-1.3049,38.8845],[-1.3016,38.8811],[-1.3033,38.8788],[-1.3017,38.8772],[-1.2899,38.8731],[-1.2749,38.873],[-1.2697,38.8689],[-1.2417,38.8676],[-1.2313,38.8697],[-1.2243,38.8678]]},"properties":{"name":"Rambla de los Cuchillos","kind":"rambla","length_km":10.7,"pfafrio":"200180028682","source":"CEDEX/DGA ríos 1:25.000"}},{"type":"Feature","geometry":{"type":"LineString","coordinates":[[-1.0539,38.7827],[-1.0602,38.7847],[-1.0621,38.7907],[-1.0535,38.8018],[-1.0539,38.8079],[-1.0486,38.8107],[-1.0476,38.8167],[-1.0406,38.8231],[-1.032,38.8237],[-1.02,38.8319],[-1.0132,38.8336],[-1.0042,38.8405],[-1.0039,38.8458]]},"properties":{"name":"Rambla de los Sumidores","kind":"rambla","length_km":10.4,"pfafrio":"20018022","source":"CEDEX/DGA ríos 1:25.000"}},{"type":"Feature","geometry":{"type":"LineString","coordinates":[[-0.8531,38.7229],[-0.8567,38.7255],[-0.8559,38.7291],[-0.8581,38.7315],[-0.8589,38.7374],[-0.864,38.7385],[-0.8727,38.737],[-0.8825,38.7427],[-0.8969,38.734],[-0.91,38.7316],[-0.9112,38.7259],[-0.9194,38.7176],[-0.9188,38.715],[-0.9242,38.7133],[-0.9286,38.7079],[-0.9288,38.6952],[-0.9306,38.6908],[-0.9277,38.6825],[-0.9344,38.676],[-0.9345,38.6685],[-0.9397,38.6626],[-0.9358,38.6603]]},"properties":{"name":"Rambla del Angosto o Barranco del Infierno","kind":"rambla","length_km":16.6,"pfafrio":"2001888","source":"CEDEX/DGA ríos 1:25.000"}},{"type":"Feature","geometry":{"type":"LineString","coordinates":[[-1.033,38.682],[-1.0389,38.6852],[-1.0415,38.6919],[-1.0369,38.6955],[-1.0276,38.6988],[-1.0147,38.6997],[-0.9959,38.6963],[-0.9829,38.6965],[-0.961,38.6842]]},"properties":{"name":"Rambla del Paraíso","kind":"rambla","length_km":9.4,"pfafrio":"200188824","source":"CEDEX/DGA ríos 1:25.000"}},{"type":"Feature","geometry":{"type":"LineString","coordinates":[[-0.4296,38.6274],[-0.4305,38.6239],[-0.4182,38.6179],[-0.4155,38.6145],[-0.4211,38.6077],[-0.4203,38.6013],[-0.424,38.593],[-0.4338,38.5869],[-0.4387,38.5803],[-0.4431,38.5796],[-0.4499,38.5711],[-0.4609,38.5637],[-0.466,38.5576],[-0.4734,38.5573],[-0.4768,38.5547],[-0.479,38.5504],[-0.4852,38.5468],[-0.4905,38.5406],[-0.4889,38.5382],[-0.4929,38.5378],[-0.4927,38.5334],[-0.497,38.531],[-0.4946,38.5246],[-0.4976,38.5227],[-0.498,38.52],[-0.4946,38.5185],[-0.4955,38.5143],[-0.4926,38.511],[-0.4942,38.5084],[-0.4924,38.5076],[-0.4917,38.501],[-0.4873,38.4976],[-0.4885,38.4947],[-0.4842,38.4918],[-0.4852,38.4898],[-0.4824,38.4849],[-0.4781,38.4828],[-0.4778,38.4738],[-0.4759,38.4714],[-0.4775,38.4659]]},"properties":{"name":"Riu de la Torre","kind":"rio","length_km":25.4,"pfafrio":"20019262","source":"CEDEX/DGA ríos 1:25.000"}},{"type":"Feature","geometry":{"type":"LineString","coordinates":[[-1.0659,38.7739],[-1.0838,38.7841],[-1.0929,38.8028],[-1.0927,38.8202],[-1.0881,38.8377],[-1.0843,38.8435],[-1.0741,38.8521],[-1.0723,38.8578],[-1.0578,38.8566],[-1.0554,38.859]]},"properties":{"name":"Rambla de los Molinos","kind":"rambla","length_km":12.7,"pfafrio":"20018026","source":"CEDEX/DGA ríos 1:25.000"}},{"type":"Feature","geometry":{"type":"LineString","coordinates":[[-0.9944,38.7485],[-0.9983,38.7439],[-0.9964,38.7317],[-0.983,38.7222],[-0.9797,38.7162],[-0.9806,38.7127],[-0.9774,38.7085],[-0.9622,38.6999],[-0.9495,38.6877],[-0.9322,38.6771]]},"properties":{"name":"Rambla del Collado","kind":"rambla","length_km":10.7,"pfafrio":"20018884","source":"CEDEX/DGA ríos 1:25.000"}},{"type":"Feature","geometry":{"type":"LineString","coordinates":[[-1.0676,38.7418],[-1.0679,38.7443],[-1.0583,38.7525],[-1.0559,38.749],[-1.0478,38.7458],[-1.0497,38.7383],[-1.047,38.7347],[-1.0474,38.731],[-1.0533,38.7278],[-1.0519,38.7259],[-1.0545,38.7251],[-1.0562,38.722],[-1.0379,38.7119],[-0.9982,38.7076],[-0.984,38.7134],[-0.9806,38.7127]]},"properties":{"name":"Rambla del Paraíso","kind":"rambla","length_km":13.8,"pfafrio":"200188842","source":"CEDEX/DGA ríos 1:25.000"}},{"type":"Feature","geometry":{"type":"LineString","coordinates":[[-1.0071,38.7874],[-1.0011,38.7859],[-0.9877,38.7763],[-0.9797,38.7682],[-0.9783,38.762],[-0.9717,38.7568],[-0.9724,38.7546],[-0.9648,38.7537],[-0.9604,38.7472],[-0.9592,38.7427],[-0.9644,38.7344],[-0.9634,38.7292],[-0.9685,38.7231],[-0.9797,38.7149]]},"properties":{"name":"Barranco del Guilopo Verde","kind":"barranco","length_km":11.1,"pfafrio":"200188844","source":"CEDEX/DGA ríos 1:25.000"}},{"type":"Feature","geometry":{"type":"LineString","coordinates":[[-0.9535,38.8006],[-0.9473,38.7974],[-0.9459,38.7904],[-0.9486,38.7849],[-0.959,38.7814],[-0.9581,38.7756],[-0.9607,38.7651],[-0.9597,38.7576],[-0.949,38.7419],[-0.9547,38.7341],[-0.9631,38.73]]},"properties":{"name":"Barranco del Mojon Blanco","kind":"barranco","length_km":9.8,"pfafrio":"2001888442","source":"CEDEX/DGA ríos 1:25.000"}},{"type":"Feature","geometry":{"type":"LineString","coordinates":[[-0.9924,38.5026],[-0.9918,38.4928],[-0.9797,38.4796],[-0.981,38.4693],[-0.9766,38.4603],[-0.9721,38.4571],[-0.9704,38.4462],[-0.9584,38.4402],[-0.9444,38.4361],[-0.931,38.4374],[-0.9206,38.4316],[-0.9179,38.4141],[-0.9126,38.4005],[-0.9162,38.3943],[-0.9169,38.3894],[-0.915,38.387],[-0.9113,38.3853],[-0.9081,38.3874],[-0.904,38.3873],[-0.9025,38.3779],[-0.8948,38.3761],[-0.895,38.371],[-0.8869,38.3622],[-0.8798,38.3626],[-0.8696,38.3599],[-0.8344,38.3382],[-0.8137,38.3285]]},"properties":{"name":"Rambla de Alcana","kind":"rambla","length_km":30.0,"pfafrio":"20018444","source":"CEDEX/DGA ríos 1:25.000"}},{"type":"Feature","geometry":{"type":"LineString","coordinates":[[-1.3205,38.8611],[-1.3118,38.8582],[-1.2884,38.8572],[-1.2893,38.8472],[-1.2863,38.8413],[-1.2905,38.8359],[-1.2805,38.8275],[-1.2664,38.825],[-1.2565,38.8258],[-1.2426,38.8401]]},"properties":{"name":"Cañada de la Legua","kind":"rambla","length_km":11.2,"pfafrio":"200180028668","source":"CEDEX/DGA ríos 1:25.000"}},{"type":"Feature","geometry":{"type":"LineString","coordinates":[[-0.5855,38.6463],[-0.5999,38.6402],[-0.608,38.6338],[-0.6082,38.6318],[-0.6031,38.6273],[-0.6048,38.6229],[-0.6105,38.6184],[-0.6104,38.6063],[-0.6185,38.6016],[-0.6206,38.5849],[-0.6171,38.5783],[-0.6198,38.5741]]},"properties":{"name":"Barranco de las Gargas","kind":"barranco","length_km":10.2,"pfafrio":"200192674","source":"CEDEX/DGA ríos 1:25.000"}},{"type":"Feature","geometry":{"type":"LineString","coordinates":[[-0.7381,38.5935],[-0.7551,38.5859],[-0.7614,38.5863],[-0.7852,38.5781],[-0.7958,38.5775],[-0.8004,38.5748],[-0.8046,38.5704],[-0.8074,38.559],[-0.8163,38.5531],[-0.8145,38.5479],[-0.8153,38.5414]]},"properties":{"name":"Rambla de la Torre","kind":"rambla","length_km":10.6,"pfafrio":"2001858","source":"CEDEX/DGA ríos 1:25.000"}},{"type":"Feature","geometry":{"type":"LineString","coordinates":[[-0.3934,38.5782],[-0.3905,38.5745],[-0.381,38.5735],[-0.3788,38.5701],[-0.3758,38.571],[-0.375,38.5679],[-0.3694,38.5662],[-0.3699,38.5638],[-0.3583,38.5606],[-0.3548,38.5568],[-0.3487,38.559],[-0.3336,38.5554],[-0.3269,38.5596],[-0.3258,38.5627],[-0.3148,38.5626],[-0.3055,38.5679],[-0.2969,38.5659],[-0.2958,38.5635],[-0.2896,38.5642]]},"properties":{"name":"Barranc de la Cova","kind":"barranco","length_km":13.0,"pfafrio":"2001946","source":"CEDEX/DGA ríos 1:25.000"}},{"type":"Feature","geometry":{"type":"LineString","coordinates":[[-0.6621,38.379],[-0.6639,38.3778],[-0.6626,38.3742],[-0.6546,38.3692],[-0.6502,38.3692],[-0.6369,38.3638],[-0.6357,38.361],[-0.6304,38.359],[-0.6274,38.3529],[-0.6171,38.3467],[-0.6028,38.3466],[-0.5997,38.3485],[-0.591,38.342],[-0.5799,38.3408]]},"properties":{"name":"Barranc de l'Infiern","kind":"barranco","length_km":9.8,"pfafrio":"20019144","source":"CEDEX/DGA ríos 1:25.000"}},{"type":"Feature","geometry":{"type":"LineString","coordinates":[[-0.9465,38.5993],[-0.9612,38.5923],[-0.9638,38.589],[-0.9611,38.5854],[-0.9532,38.5822],[-0.9503,38.5759],[-0.9231,38.577],[-0.91,38.5825],[-0.9007,38.5838],[-0.8932,38.5811],[-0.8886,38.5739],[-0.879,38.571]]},"properties":{"name":"Rambla de la Boquera","kind":"rambla","length_km":11.4,"pfafrio":"2001862","source":"CEDEX/DGA ríos 1:25.000"}},{"type":"Feature","geometry":{"type":"LineString","coordinates":[[-0.3404,38.5002],[-0.3541,38.5017],[-0.3558,38.4975],[-0.361,38.4929],[-0.3596,38.4862],[-0.364,38.4799],[-0.3647,38.4753],[-0.3679,38.4725],[-0.3665,38.469],[-0.358,38.4707],[-0.3496,38.4641],[-0.3468,38.4649],[-0.3451,38.4604],[-0.3428,38.4593],[-0.3438,38.4557]]},"properties":{"name":"Barranc d'Aigües Baixes","kind":"barranco","length_km":9.1,"pfafrio":"2001934","source":"CEDEX/DGA ríos 1:25.000"}},{"type":"Feature","geometry":{"type":"LineString","coordinates":[[-0.7124,38.4729],[-0.7248,38.4688],[-0.7486,38.467],[-0.7533,38.4686],[-0.758,38.4641],[-0.7738,38.4629],[-0.7778,38.4589],[-0.7843,38.4564],[-0.7927,38.456],[-0.8009,38.4523],[-0.802,38.45]]},"properties":{"name":"Rambla del Bateig","kind":"rambla","length_km":9.3,"pfafrio":"20018538","source":"CEDEX/DGA ríos 1:25.000"}},{"type":"Feature","geometry":{"type":"LineString","coordinates":[[-1.0443,38.65],[-1.0384,38.6444],[-1.0391,38.6415],[-1.0351,38.6368],[-1.0335,38.6313],[-1.0174,38.6142],[-0.9825,38.6232],[-0.9577,38.6241],[-0.9562,38.6309]]},"properties":{"name":"Rambla del Tomate","kind":"rambla","length_km":11.1,"pfafrio":"20018864","source":"CEDEX/DGA ríos 1:25.000"}},{"type":"Feature","geometry":{"type":"LineString","coordinates":[[-0.6822,38.4916],[-0.6736,38.4913],[-0.6635,38.4824],[-0.6644,38.4731],[-0.6691,38.4647],[-0.6686,38.4561],[-0.6668,38.4539],[-0.6683,38.4525],[-0.6633,38.4504],[-0.6633,38.4475],[-0.653,38.4365],[-0.6481,38.4143],[-0.6441,38.4101],[-0.6428,38.4041]]},"properties":{"name":"Rambla del Derramador","kind":"rambla","length_km":12.1,"pfafrio":"200191664","source":"CEDEX/DGA ríos 1:25.000"}},{"type":"Feature","geometry":{"type":"LineString","coordinates":[[-0.6246,38.493],[-0.611,38.486],[-0.6075,38.4873],[-0.6021,38.4847],[-0.5959,38.477],[-0.5924,38.4685],[-0.5842,38.4624],[-0.5765,38.4617],[-0.57,38.4583],[-0.5604,38.4472],[-0.5572,38.4361],[-0.5486,38.4321],[-0.5472,38.4287],[-0.5505,38.4192],[-0.5572,38.4127],[-0.5515,38.4056],[-0.5531,38.395],[-0.5494,38.3907]]},"properties":{"name":"Rambla del Rambuchar","kind":"rambla","length_km":16.1,"pfafrio":"20019164","source":"CEDEX/DGA ríos 1:25.000"}},{"type":"Feature","geometry":{"type":"LineString","coordinates":[[-0.9909,38.5126],[-0.9938,38.514],[-0.9965,38.5203],[-0.9919,38.5215],[-0.9913,38.5252],[-0.9875,38.5282],[-0.9766,38.5306],[-0.9739,38.5324],[-0.9745,38.5343],[-0.968,38.5355],[-0.9647,38.5426],[-0.97,38.5473],[-0.9658,38.5581],[-0.9683,38.5642],[-0.9579,38.5737],[-0.9535,38.5746]]},"properties":{"name":"Barranco de la Cuesta del Reloj","kind":"barranco","length_km":10.4,"pfafrio":"200186282","source":"CEDEX/DGA ríos 1:25.000"}},{"type":"Feature","geometry":{"type":"LineString","coordinates":[[-0.727,38.4453],[-0.7279,38.4411],[-0.7344,38.4371],[-0.734,38.4336],[-0.7291,38.4291],[-0.7308,38.4221],[-0.7346,38.4168],[-0.7235,38.4059],[-0.7259,38.3945],[-0.7312,38.3877],[-0.7323,38.3796],[-0.7305,38.3744],[-0.7226,38.3714]]},"properties":{"name":"Barranc del Benitel o del Bonitol","kind":"barranco","length_km":10.0,"pfafrio":"20018522","source":"CEDEX/DGA ríos 1:25.000"}},{"type":"Feature","geometry":{"type":"LineString","coordinates":[[-0.7114,38.4578],[-0.6892,38.4574],[-0.6826,38.4547],[-0.6732,38.4439],[-0.6709,38.4357],[-0.6652,38.432],[-0.6542,38.4074],[-0.6489,38.4041],[-0.6392,38.4044],[-0.613,38.3972],[-0.5974,38.3995],[-0.5699,38.3975],[-0.564,38.3993]]},"properties":{"name":"Rambla de l'Alabastre","kind":"rambla","length_km":17.4,"pfafrio":"20019166","source":"CEDEX/DGA ríos 1:25.000"}},{"type":"Feature","geometry":{"type":"LineString","coordinates":[[-0.198,38.6061],[-0.2153,38.6049],[-0.2267,38.5995],[-0.2294,38.5953],[-0.2284,38.5868],[-0.2259,38.5855],[-0.2241,38.578],[-0.2201,38.5736],[-0.2205,38.5686],[-0.2174,38.5589],[-0.2143,38.555],[-0.2135,38.5433]]},"properties":{"name":"Riu Atxero","kind":"rio","length_km":9.8,"pfafrio":"20019526","source":"CEDEX/DGA ríos 1:25.000"}},{"type":"Feature","geometry":{"type":"LineString","coordinates":[[-0.5449,38.4672],[-0.5378,38.4637],[-0.5334,38.458],[-0.5277,38.4563],[-0.5162,38.4437],[-0.5096,38.4404],[-0.4974,38.4382],[-0.4961,38.4355],[-0.4865,38.4318],[-0.481,38.4248],[-0.4799,38.4184],[-0.4729,38.4163],[-0.4664,38.4069],[-0.4462,38.3938],[-0.4453,38.3814],[-0.4502,38.3765],[-0.4436,38.3661],[-0.4433,38.363]]},"properties":{"name":"Barranc del Juncaret","kind":"barranco","length_km":16.8,"pfafrio":"2001918","source":"CEDEX/DGA ríos 1:25.000"}},{"type":"Feature","geometry":{"type":"LineString","coordinates":[[-0.4199,38.5169],[-0.4249,38.516],[-0.4332,38.5042],[-0.4527,38.4938],[-0.4533,38.4895],[-0.4563,38.4882],[-0.457,38.4849],[-0.4536,38.4767],[-0.4595,38.471],[-0.4579,38.4708],[-0.4592,38.4669],[-0.457,38.4626],[-0.4574,38.4429],[-0.4556,38.441],[-0.4519,38.4421],[-0.4477,38.434]]},"properties":{"name":"Barranc del Vergeret","kind":"barranco","length_km":12.5,"pfafrio":"2001924","source":"CEDEX/DGA ríos 1:25.000"}},{"type":"Feature","geometry":{"type":"LineString","coordinates":[[-0.4045,38.5242],[-0.4079,38.5195],[-0.4152,38.5177],[-0.4201,38.5129],[-0.4212,38.5087],[-0.4178,38.505],[-0.4207,38.5037],[-0.4207,38.5007],[-0.424,38.4988],[-0.4272,38.5],[-0.4342,38.4983],[-0.4439,38.4897],[-0.4458,38.472],[-0.4486,38.4646],[-0.4477,38.461],[-0.453,38.4526],[-0.4523,38.4479],[-0.4547,38.4437],[-0.4528,38.4422]]},"properties":{"name":"Barranc d'Aigua Amarga","kind":"barranco","length_km":12.2,"pfafrio":"20019242","source":"CEDEX/DGA ríos 1:25.000"}},{"type":"Feature","geometry":{"type":"LineString","coordinates":[[-0.7936,38.7346],[-0.791,38.7226],[-0.784,38.717],[-0.7875,38.7063],[-0.7859,38.6917],[-0.795,38.6892],[-0.7991,38.6851],[-0.8094,38.6799],[-0.8171,38.6773],[-0.8215,38.6781],[-0.8256,38.6737],[-0.8323,38.6735],[-0.8439,38.6686],[-0.8708,38.6666],[-0.8841,38.6688],[-0.8973,38.6646],[-0.9174,38.6688],[-0.9314,38.6658],[-0.9358,38.6603],[-0.935,38.6554],[-0.9095,38.6173],[-0.8951,38.6116],[-0.8866,38.6139],[-0.8753,38.6057],[-0.8674,38.5826],[-0.8635,38.5782]]},"properties":{"name":"Barranco de la Derecha","kind":"barranco","length_km":32.4,"pfafrio":"200188","source":"CEDEX/DGA ríos 1:25.000"}},{"type":"Feature","geometry":{"type":"LineString","coordinates":[[-0.1761,38.5935],[-0.1666,38.5898],[-0.1571,38.5785],[-0.1398,38.5721],[-0.1343,38.5655],[-0.1311,38.5648],[-0.1299,38.5607],[-0.1258,38.5586],[-0.1219,38.5491],[-0.1091,38.5365]]},"properties":{"name":"Barranc de Lliriet","kind":"barranco","length_km":9.6,"pfafrio":"200195382","source":"CEDEX/DGA ríos 1:25.000"}},{"type":"Feature","geometry":{"type":"LineString","coordinates":[[-0.1773,38.6072],[-0.1647,38.6003],[-0.1612,38.5964],[-0.1471,38.595],[-0.141,38.5922],[-0.1283,38.5962],[-0.1199,38.5951],[-0.1151,38.5974],[-0.1071,38.5956],[-0.0958,38.5876],[-0.0913,38.5805],[-0.084,38.5813],[-0.0753,38.5737],[-0.064,38.5743]]},"properties":{"name":"El Riuet Seguet","kind":"otro","length_km":12.4,"pfafrio":"2001954","source":"CEDEX/DGA ríos 1:25.000"}},{"type":"Feature","geometry":{"type":"LineString","coordinates":[[-0.0134,38.7601],[-0.0129,38.7645],[-0.0071,38.7712],[0.0065,38.7785],[0.0122,38.7842],[0.0183,38.7853],[0.0253,38.7946],[0.0245,38.8008],[0.0269,38.8065],[0.0221,38.8128],[0.0191,38.813],[0.0134,38.8192]]},"properties":{"name":"Barranc de la Llosa","kind":"barranco","length_km":9.0,"pfafrio":"20019724","source":"CEDEX/DGA ríos 1:25.000"}},{"type":"Feature","geometry":{"type":"LineString","coordinates":[[0.0933,38.8073],[0.0668,38.8073],[0.0615,38.8156],[0.0611,38.8195],[0.0683,38.8356],[0.0771,38.8373],[0.0859,38.844],[0.0916,38.8439],[0.0972,38.8528]]},"properties":{"name":"Barranc del Regatxo","kind":"barranco","length_km":9.5,"pfafrio":"20019716","source":"CEDEX/DGA ríos 1:25.000"}},{"type":"Feature","geometry":{"type":"LineString","coordinates":[[-0.7086,38.6583],[-0.7215,38.6509],[-0.7205,38.6486],[-0.7273,38.6449],[-0.7276,38.6431],[-0.7335,38.6424],[-0.7335,38.6398],[-0.7454,38.6378],[-0.7513,38.6329],[-0.7603,38.6305],[-0.7709,38.6372],[-0.7748,38.6455],[-0.7762,38.6548],[-0.785,38.6604],[-0.7916,38.6599],[-0.8016,38.6518],[-0.8033,38.6523]]},"properties":{"name":"Rambla del Derramador o del Pinar","kind":"rambla","length_km":12.8,"pfafrio":"2001892","source":"CEDEX/DGA ríos 1:25.000"}},{"type":"Feature","geometry":{"type":"LineString","coordinates":[[0.0857,38.6983],[0.0908,38.7063],[0.0939,38.7224],[0.0971,38.7261],[0.0949,38.7327],[0.095,38.7414],[0.0962,38.7433],[0.1006,38.7436],[0.0998,38.7459],[0.1067,38.7467],[0.1067,38.752],[0.1093,38.7534],[0.1028,38.7547],[0.1046,38.7578],[0.1072,38.7578],[0.1057,38.7615],[0.1087,38.766]]},"properties":{"name":"Barranc de Teulada o del Horta","kind":"barranco","length_km":10.2,"pfafrio":"2001964","source":"CEDEX/DGA ríos 1:25.000"}},{"type":"Feature","geometry":{"type":"LineString","coordinates":[[-0.6774,38.5083],[-0.6806,38.5041],[-0.704,38.4934],[-0.7012,38.4829],[-0.6948,38.4802],[-0.6927,38.4758],[-0.6852,38.4703],[-0.6833,38.4658],[-0.6736,38.4611],[-0.6736,38.4576],[-0.67,38.4547],[-0.6681,38.4553]]},"properties":{"name":"Barranco de Choli","kind":"barranco","length_km":9.4,"pfafrio":"2001916642","source":"CEDEX/DGA ríos 1:25.000"}},{"type":"Feature","geometry":{"type":"LineString","coordinates":[[-0.5434,38.4601],[-0.5417,38.4586],[-0.5466,38.4483],[-0.5423,38.4437],[-0.5418,38.4404],[-0.5364,38.436],[-0.5254,38.433],[-0.5077,38.4158],[-0.5019,38.4057],[-0.4887,38.3964],[-0.4815,38.3947],[-0.4799,38.386],[-0.4698,38.3807],[-0.458,38.3792],[-0.45,38.3757]]},"properties":{"name":"Rambla d'Orgegia","kind":"rambla","length_km":14.4,"pfafrio":"20019182","source":"CEDEX/DGA ríos 1:25.000"}},{"type":"Feature","geometry":{"type":"LineString","coordinates":[[-0.3483,38.5405],[-0.3369,38.5412],[-0.3275,38.5317],[-0.3241,38.5341],[-0.314,38.5293],[-0.305,38.5326],[-0.2942,38.5326],[-0.2875,38.5368],[-0.2732,38.5386],[-0.2699,38.5414],[-0.2636,38.5391]]},"properties":{"name":"Arroyo del Querenet","kind":"arroyo","length_km":9.3,"pfafrio":"2001942","source":"CEDEX/DGA ríos 1:25.000"}},{"type":"Feature","geometry":{"type":"LineString","coordinates":[[-0.1947,38.9188],[-0.1738,38.9259],[-0.1719,38.932],[-0.1644,38.9358],[-0.1578,38.9366],[-0.1515,38.9409],[-0.1437,38.9404],[-0.1254,38.944],[-0.1185,38.9408],[-0.1085,38.9439]]},"properties":{"name":"Barranc de la Palmera","kind":"barranco","length_km":9.0,"pfafrio":"2001978","source":"CEDEX/DGA ríos 1:25.000"}},{"type":"Feature","geometry":{"type":"LineString","coordinates":[[-1.9843,38.6996],[-1.9742,38.6995],[-1.9625,38.7041],[-1.956,38.7022],[-1.9473,38.6933],[-1.9275,38.6861],[-1.9169,38.6848],[-1.9106,38.686],[-1.8957,38.6755],[-1.8918,38.6665],[-1.888,38.6633],[-1.8797,38.6621],[-1.8783,38.6597],[-1.868,38.6594],[-1.8648,38.6568],[-1.8643,38.6509]]},"properties":{"name":"Rambla de la Hoz","kind":"rambla","length_km":13.9,"pfafrio":"20020","source":"CEDEX/DGA ríos 1:25.000"}},{"type":"Feature","geometry":{"type":"LineString","coordinates":[[-0.3524,38.8565],[-0.3663,38.8591],[-0.3672,38.8655],[-0.3633,38.8693],[-0.3575,38.8694],[-0.3566,38.8726],[-0.358,38.8751],[-0.3565,38.8778],[-0.3373,38.8872],[-0.3373,38.8887],[-0.3332,38.8885],[-0.3299,38.8911],[-0.3331,38.8952],[-0.3295,38.8965],[-0.3318,38.9003],[-0.3275,38.9035],[-0.3261,38.9083]]},"properties":{"name":"Barranc del Llop Fonts","kind":"barranco","length_km":10.0,"pfafrio":"200198262","source":"CEDEX/DGA ríos 1:25.000"}},{"type":"Feature","geometry":{"type":"LineString","coordinates":[[-0.5027,38.768],[-0.5027,38.7636],[-0.5058,38.7586],[-0.5015,38.7491],[-0.5029,38.7478],[-0.5012,38.7421],[-0.5044,38.7389],[-0.5054,38.727],[-0.5024,38.7261],[-0.5003,38.7207],[-0.4932,38.7156],[-0.4885,38.7085],[-0.4748,38.708],[-0.4745,38.7045],[-0.4723,38.7028]]},"properties":{"name":"Barranc del Bou","kind":"barranco","length_km":9.9,"pfafrio":"20019872","source":"CEDEX/DGA ríos 1:25.000"}},{"type":"Feature","geometry":{"type":"LineString","coordinates":[[-0.3482,39.1238],[-0.3927,39.1408],[-0.3937,39.1446],[-0.399,39.1477],[-0.4074,39.1604],[-0.4129,39.164],[-0.4137,39.1664],[-0.4163,39.1668],[-0.4167,39.1767],[-0.4212,39.1805]]},"properties":{"name":"Barranco de la Murta","kind":"barranco","length_km":10.2,"pfafrio":"200232","source":"CEDEX/DGA ríos 1:25.000"}},{"type":"Feature","geometry":{"type":"LineString","coordinates":[[-0.6533,39.2187],[-0.6475,39.2242],[-0.6432,39.224],[-0.6402,39.2278],[-0.6349,39.2288],[-0.6161,39.2178],[-0.6072,39.2167],[-0.6005,39.2182],[-0.5996,39.2158],[-0.5936,39.2138],[-0.5895,39.2157],[-0.5855,39.2146],[-0.5824,39.2166],[-0.5806,39.2151],[-0.5726,39.2168],[-0.5754,39.2203],[-0.5737,39.2251],[-0.5692,39.2274],[-0.5705,39.2308],[-0.5645,39.2311],[-0.5565,39.2276],[-0.5428,39.2275]]},"properties":{"name":"Rambla de la Parra","kind":"rambla","length_km":13.8,"pfafrio":"2002342242","source":"CEDEX/DGA ríos 1:25.000"}},{"type":"Feature","geometry":{"type":"LineString","coordinates":[[-0.0406,38.6653],[-0.0313,38.6701],[-0.0193,38.6654],[-0.0095,38.6678],[-0.0023,38.6664],[-0.0054,38.6605],[-0.0024,38.6571],[-0.0043,38.6539],[-0.0017,38.6527],[-0.0026,38.65],[0.0029,38.6472],[0.0014,38.6453],[0.0074,38.6414],[0.0067,38.6325],[0.0018,38.632],[0.0015,38.6305]]},"properties":{"name":"Barranc del Estret","kind":"barranco","length_km":9.7,"pfafrio":"20019576","source":"CEDEX/DGA ríos 1:25.000"}},{"type":"Feature","geometry":{"type":"LineString","coordinates":[[-1.3202,39.7023],[-1.3149,39.6988],[-1.3182,39.6946],[-1.3145,39.6814],[-1.3159,39.6779],[-1.3152,39.6715],[-1.3101,39.6673],[-1.3089,39.6612],[-1.3005,39.6545],[-1.3002,39.6485],[-1.295,39.6431],[-1.2819,39.6408],[-1.2676,39.6326],[-1.2611,39.632]]},"properties":{"name":"Cañada del Espino","kind":"rambla","length_km":11.1,"pfafrio":"2002264","source":"CEDEX/DGA ríos 1:25.000"}},{"type":"Feature","geometry":{"type":"LineString","coordinates":[[-0.6006,39.2],[-0.5944,39.2049],[-0.5937,39.2091],[-0.5886,39.2124],[-0.586,39.2092],[-0.5793,39.2093],[-0.5785,39.2072],[-0.5722,39.2091],[-0.5696,39.204],[-0.5553,39.1998],[-0.5483,39.1935],[-0.5332,39.1949],[-0.529,39.1922],[-0.5238,39.192]]},"properties":{"name":"Riera de Saboner","kind":"otro","length_km":9.5,"pfafrio":"200234226","source":"CEDEX/DGA ríos 1:25.000"}},{"type":"Feature","geometry":{"type":"LineString","coordinates":[[-2.112,38.6772],[-2.093,38.6719],[-2.0755,38.6758],[-2.068,38.6724],[-2.0541,38.6801],[-2.0446,38.681],[-2.042,38.6867],[-2.0369,38.6882],[-2.0336,38.6925],[-2.0175,38.6909],[-2.0052,38.7003],[-1.9999,38.7019],[-1.9843,38.6996]]},"properties":{"name":"Rambla de Santa Ana o de la Vega","kind":"rambla","length_km":13.7,"pfafrio":"200206","source":"CEDEX/DGA ríos 1:25.000"}},{"type":"Feature","geometry":{"type":"LineString","coordinates":[[-2.1674,38.7069],[-2.163,38.7066],[-2.158,38.7021],[-2.1425,38.7016],[-2.1333,38.7044],[-2.1225,38.703],[-2.1106,38.7101],[-2.1099,38.7066],[-2.1071,38.7058],[-2.1068,38.7105],[-2.1049,38.7111],[-2.0866,38.7096],[-2.0852,38.707],[-2.0833,38.7112],[-2.0769,38.7085],[-2.0747,38.7107],[-2.0687,38.7098],[-2.0668,38.7127],[-2.0617,38.7132],[-2.0556,38.7187],[-2.039,38.7199],[-2.0383,38.7218],[-2.029,38.725],[-2.0187,38.719],[-2.0088,38.7164],[-1.9967,38.7064],[-1.9843,38.6996]]},"properties":{"name":"Rambla de los Charcones","kind":"rambla","length_km":20.9,"pfafrio":"200208","source":"CEDEX/DGA ríos 1:25.000"}},{"type":"Feature","geometry":{"type":"LineString","coordinates":[[-1.0563,39.5545],[-1.0637,39.5425],[-1.0686,39.5289],[-1.0735,39.5224],[-1.0813,39.5211],[-1.0846,39.517],[-1.091,39.5154],[-1.0969,39.5108],[-1.1013,39.5107],[-1.1068,39.5066],[-1.1099,39.4973],[-1.1161,39.4893],[-1.1187,39.4797]]},"properties":{"name":"Rambla de Casa Nueva","kind":"rambla","length_km":11.0,"pfafrio":"20022556","source":"CEDEX/DGA ríos 1:25.000"}},{"type":"Feature","geometry":{"type":"LineString","coordinates":[[-0.3049,39.0918],[-0.3157,39.0983],[-0.3238,39.1007],[-0.3274,39.1059],[-0.3316,39.1077],[-0.3414,39.1087],[-0.363,39.1181],[-0.3746,39.1193],[-0.3877,39.127],[-0.4191,39.1324],[-0.4449,39.1486]]},"properties":{"name":"Rambla de la Casella","kind":"rambla","length_km":15.0,"pfafrio":"200236","source":"CEDEX/DGA ríos 1:25.000"}},{"type":"Feature","geometry":{"type":"LineString","coordinates":[[-1.0853,39.6011],[-1.1004,39.6044],[-1.1037,39.601],[-1.1174,39.5951],[-1.1265,39.5928],[-1.1372,39.5939],[-1.1393,39.5905],[-1.1485,39.5874],[-1.1481,39.5829],[-1.1531,39.5817],[-1.1527,39.5788],[-1.1569,39.5791],[-1.1563,39.5764],[-1.1585,39.5757],[-1.1605,39.5705],[-1.1586,39.5647],[-1.1609,39.5588],[-1.1568,39.5554],[-1.1632,39.5495],[-1.1783,39.543],[-1.1804,39.5404],[-1.1805,39.5357],[-1.1722,39.5256]]},"properties":{"name":"Rambla de Estenas","kind":"rambla","length_km":16.4,"pfafrio":"2002258","source":"CEDEX/DGA ríos 1:25.000"}},{"type":"Feature","geometry":{"type":"LineString","coordinates":[[-1.3483,39.6669],[-1.3449,39.6605],[-1.3216,39.6542],[-1.3168,39.6478],[-1.3054,39.6414],[-1.281,39.6191],[-1.2649,39.6138],[-1.252,39.6138]]},"properties":{"name":"Vertiente de la Cañada de Gilota","kind":"otro","length_km":11.0,"pfafrio":"2002262","source":"CEDEX/DGA ríos 1:25.000"}},{"type":"Feature","geometry":{"type":"LineString","coordinates":[[-1.3798,39.7455],[-1.3786,39.7414],[-1.3758,39.7396],[-1.3756,39.7358],[-1.3716,39.7322],[-1.3699,39.7266],[-1.3709,39.719],[-1.3667,39.7155],[-1.3646,39.7086],[-1.3525,39.7003],[-1.3445,39.6989],[-1.3355,39.6897],[-1.3213,39.6864]]},"properties":{"name":"Barranco del Talegon o de la Hocecilla","kind":"barranco","length_km":9.5,"pfafrio":"200226422","source":"CEDEX/DGA ríos 1:25.000"}},{"type":"Feature","geometry":{"type":"LineString","coordinates":[[-0.617,39.1621],[-0.6155,39.1589],[-0.617,39.1553],[-0.6099,39.1528],[-0.6094,39.1504],[-0.606,39.1548],[-0.603,39.1556],[-0.6054,39.1575],[-0.6021,39.16],[-0.59,39.161],[-0.5847,39.1644],[-0.5726,39.1626],[-0.5603,39.1574],[-0.5487,39.1435],[-0.5421,39.1397]]},"properties":{"name":"Rambla de la Señora","kind":"rambla","length_km":10.3,"pfafrio":"20023482","source":"CEDEX/DGA ríos 1:25.000"}},{"type":"Feature","geometry":{"type":"LineString","coordinates":[[-0.6123,39.1292],[-0.6077,39.1272],[-0.5939,39.1144],[-0.5898,39.1141],[-0.5851,39.1161],[-0.5824,39.1224],[-0.5717,39.1272],[-0.5669,39.1327],[-0.5501,39.1327],[-0.5402,39.1403],[-0.5332,39.1382],[-0.5294,39.1392]]},"properties":{"name":"Barranco de las Moreras","kind":"barranco","length_km":9.7,"pfafrio":"2002348","source":"CEDEX/DGA ríos 1:25.000"}},{"type":"Feature","geometry":{"type":"LineString","coordinates":[[-0.9261,39.423],[-0.918,39.4118],[-0.8921,39.405],[-0.89,39.4064],[-0.8781,39.4041],[-0.87,39.4005],[-0.8594,39.3987],[-0.8555,39.3997],[-0.8554,39.4019],[-0.8511,39.4023],[-0.8439,39.3988],[-0.833,39.4022],[-0.8206,39.4022]]},"properties":{"name":"Rambla Bosna","kind":"rambla","length_km":11.2,"pfafrio":"20022242","source":"CEDEX/DGA ríos 1:25.000"}},{"type":"Feature","geometry":{"type":"LineString","coordinates":[[-0.6132,39.1716],[-0.598,39.1684],[-0.5952,39.1656],[-0.5852,39.1685],[-0.5709,39.168],[-0.5567,39.1634],[-0.5531,39.1718],[-0.5359,39.1716],[-0.5229,39.1759],[-0.5214,39.184],[-0.5179,39.1871]]},"properties":{"name":"Barranc de la Garrofera","kind":"barranco","length_km":10.7,"pfafrio":"200234222","source":"CEDEX/DGA ríos 1:25.000"}},{"type":"Feature","geometry":{"type":"LineString","coordinates":[[-0.6186,39.1881],[-0.621,39.1923],[-0.6152,39.1963],[-0.6144,39.1931],[-0.6084,39.1949],[-0.601,39.1922],[-0.5914,39.1944],[-0.5842,39.1993],[-0.5827,39.1973],[-0.5741,39.1979],[-0.5722,39.1918],[-0.5689,39.1927],[-0.5509,39.1883],[-0.548,39.1889],[-0.544,39.1933]]},"properties":{"name":"Barranc el Pernil o de les Coves del Puig o Riera Matamoros","kind":"barranco","length_km":9.9,"pfafrio":"2002342262","source":"CEDEX/DGA ríos 1:25.000"}},{"type":"Feature","geometry":{"type":"LineString","coordinates":[[-0.8607,39.5157],[-0.8637,39.5084],[-0.8728,39.5035],[-0.8727,39.5011],[-0.8789,39.4932],[-0.8738,39.4887],[-0.876,39.4846],[-0.8735,39.4836],[-0.8745,39.4795],[-0.8725,39.4734],[-0.8643,39.469],[-0.8613,39.4698],[-0.8634,39.4553]]},"properties":{"name":"Barranco de Moneri","kind":"barranco","length_km":9.2,"pfafrio":"2002226","source":"CEDEX/DGA ríos 1:25.000"}},{"type":"Feature","geometry":{"type":"LineString","coordinates":[[-0.6646,38.8709],[-0.6572,38.8787],[-0.6592,38.8824],[-0.6575,38.8888],[-0.6597,38.8905],[-0.6546,38.8924],[-0.6526,38.8904],[-0.6475,38.8912],[-0.6406,38.8958],[-0.6362,38.8966],[-0.6406,38.9004],[-0.6386,38.9024],[-0.6399,38.9047],[-0.6376,38.9058],[-0.6395,38.9111],[-0.6362,38.9135],[-0.6376,38.9148],[-0.6343,38.9161],[-0.6354,38.9204],[-0.6376,38.9211]]},"properties":{"name":"Barranc del Fontanar o de la Fos","kind":"barranco","length_km":9.6,"pfafrio":"20024416","source":"CEDEX/DGA ríos 1:25.000"}},{"type":"Feature","geometry":{"type":"LineString","coordinates":[[-1.3642,39.7501],[-1.3566,39.7482],[-1.3492,39.7498],[-1.3407,39.746],[-1.3302,39.7458],[-1.3252,39.7402],[-1.3103,39.7391],[-1.3072,39.7368],[-1.3099,39.7338],[-1.3003,39.7325],[-1.2966,39.7301],[-1.2937,39.7313],[-1.2914,39.7295],[-1.289,39.7327],[-1.2826,39.7334],[-1.2829,39.7317],[-1.2801,39.7299],[-1.2816,39.7256],[-1.2763,39.7226],[-1.2708,39.7246],[-1.2586,39.7188],[-1.2549,39.7216],[-1.2482,39.7227],[-1.2396,39.7213]]},"properties":{"name":"Arroyo de la Hoz","kind":"arroyo","length_km":14.8,"pfafrio":"2002268","source":"CEDEX/DGA ríos 1:25.000"}},{"type":"Feature","geometry":{"type":"LineString","coordinates":[[-0.9044,38.9053],[-0.9019,38.9065],[-0.9026,38.9111],[-0.8971,38.9247],[-0.8744,38.9253],[-0.8743,38.9286],[-0.8687,38.9307],[-0.8634,38.9399],[-0.8567,38.9421],[-0.8552,38.9399],[-0.8511,38.939],[-0.8444,38.942],[-0.841,38.9402],[-0.8396,38.9428],[-0.833,38.9444],[-0.8311,38.9438],[-0.8324,38.9414],[-0.8302,38.94],[-0.8209,38.943],[-0.8179,38.94],[-0.8167,38.943],[-0.8137,38.9421]]},"properties":{"name":"Rambla de las Arenas o Barranco de las Cuevas","kind":"rambla","length_km":13.1,"pfafrio":"200244288","source":"CEDEX/DGA ríos 1:25.000"}},{"type":"Feature","geometry":{"type":"LineString","coordinates":[[-1.1587,39.6481],[-1.1598,39.6435],[-1.1647,39.6399],[-1.1651,39.6272],[-1.1632,39.6245],[-1.166,39.6194],[-1.1704,39.6177],[-1.1818,39.6185],[-1.1924,39.6133],[-1.1972,39.6141],[-1.2133,39.596],[-1.2303,39.5888],[-1.2348,39.5802]]},"properties":{"name":"Rambla el Colmenar","kind":"rambla","length_km":12.3,"pfafrio":"20022614","source":"CEDEX/DGA ríos 1:25.000"}},{"type":"Feature","geometry":{"type":"LineString","coordinates":[[-0.8615,39.381],[-0.8495,39.3777],[-0.8506,39.3745],[-0.8456,39.3726],[-0.8368,39.375],[-0.8249,39.3735],[-0.81,39.376],[-0.7982,39.3721],[-0.7779,39.3782],[-0.7692,39.376],[-0.7596,39.3778],[-0.7542,39.3756],[-0.7491,39.3768]]},"properties":{"name":"Rambla de la Horteta o Barranco del Regajo","kind":"rambla","length_km":11.5,"pfafrio":"2002222","source":"CEDEX/DGA ríos 1:25.000"}},{"type":"Feature","geometry":{"type":"LineString","coordinates":[[-0.3971,38.9807],[-0.4121,38.975],[-0.4225,38.9655],[-0.4216,38.9551],[-0.4246,38.9504],[-0.4216,38.9486],[-0.4241,38.9469],[-0.4249,38.9425],[-0.4222,38.9387],[-0.4257,38.9327],[-0.4522,38.9187],[-0.471,38.9199]]},"properties":{"name":"Barranc de Torrella","kind":"barranco","length_km":11.8,"pfafrio":"2002458","source":"CEDEX/DGA ríos 1:25.000"}},{"type":"Feature","geometry":{"type":"LineString","coordinates":[[-1.0827,39.356],[-1.0804,39.3478],[-1.0773,39.3453],[-1.0641,39.35],[-1.0508,39.3514],[-1.0441,39.3563],[-1.0399,39.3564],[-1.027,39.3632],[-1.0108,39.3651],[-1.0054,39.3698],[-1.0016,39.3681]]},"properties":{"name":"Rambla de Fuen Vich","kind":"rambla","length_km":9.2,"pfafrio":"2002252","source":"CEDEX/DGA ríos 1:25.000"}},{"type":"Feature","geometry":{"type":"LineString","coordinates":[[-0.7573,38.7878],[-0.7809,38.7857],[-0.787,38.7869],[-0.7932,38.791],[-0.7995,38.7867],[-0.8047,38.7874],[-0.8062,38.7853],[-0.8152,38.7879],[-0.8335,38.7837],[-0.8398,38.7863],[-0.8324,38.7941],[-0.8358,38.7959]]},"properties":{"name":"Barranco de Fontanares","kind":"barranco","length_km":9.8,"pfafrio":"20024466","source":"CEDEX/DGA ríos 1:25.000"}},{"type":"Feature","geometry":{"type":"LineString","coordinates":[[-0.7575,38.8185],[-0.7426,38.8107],[-0.7354,38.8098],[-0.7285,38.8136],[-0.7239,38.8135],[-0.7197,38.817],[-0.7133,38.8172],[-0.7111,38.8165],[-0.7092,38.8118],[-0.7015,38.8088],[-0.6936,38.8092],[-0.6712,38.8024]]},"properties":{"name":"Barranco de Loma Rasa","kind":"barranco","length_km":9.4,"pfafrio":"2002486","source":"CEDEX/DGA ríos 1:25.000"}},{"type":"Feature","geometry":{"type":"LineString","coordinates":[[-0.8531,39.1089],[-0.8482,39.1084],[-0.847,39.1103],[-0.8404,39.1089],[-0.8394,39.1136],[-0.8349,39.1117],[-0.8177,39.1175],[-0.8065,39.1151],[-0.8023,39.1059],[-0.7817,39.112],[-0.7766,39.1175],[-0.7736,39.1176],[-0.7728,39.1205],[-0.7704,39.1206],[-0.7707,39.1241],[-0.7635,39.1268],[-0.7574,39.1236],[-0.753,39.1259],[-0.7465,39.1231],[-0.7255,39.1258],[-0.7155,39.1241],[-0.7013,39.1272],[-0.6849,39.138],[-0.6863,39.1415],[-0.6797,39.1438],[-0.6841,39.1471],[-0.6793,39.149],[-0.6754,39.1461],[-0.6677,39.1466],[-0.6571,39.134],[-0.6524,39.1365]]},"properties":{"name":"Río Cazunta","kind":"rio","length_km":24.8,"pfafrio":"200254","source":"CEDEX/DGA ríos 1:25.000"}},{"type":"Feature","geometry":{"type":"LineString","coordinates":[[-0.7444,38.9507],[-0.7309,38.9565],[-0.7299,38.9621],[-0.7267,38.9634],[-0.7287,38.9663],[-0.726,38.9697],[-0.7214,38.9679],[-0.7157,38.9717],[-0.7121,38.97],[-0.7086,38.9713],[-0.7075,38.9745],[-0.7104,38.9786],[-0.709,38.9807],[-0.711,38.9819],[-0.7052,38.9845],[-0.7066,38.9866],[-0.7045,38.9894],[-0.6995,38.9896],[-0.6998,38.9921],[-0.6954,38.9934],[-0.6957,38.9956],[-0.6884,38.995],[-0.6743,38.998]]},"properties":{"name":"Río Mínguez","kind":"rio","length_km":11.7,"pfafrio":"20025286","source":"CEDEX/DGA ríos 1:25.000"}},{"type":"Feature","geometry":{"type":"LineString","coordinates":[[-0.9352,39.1724],[-0.9159,39.1762],[-0.8977,39.1771],[-0.8951,39.179],[-0.8889,39.1772],[-0.8873,39.1793],[-0.8828,39.1764],[-0.8765,39.1771],[-0.868,39.1738],[-0.8569,39.1755],[-0.8548,39.1791],[-0.849,39.1785],[-0.841,39.1834],[-0.8346,39.1812],[-0.8347,39.1848],[-0.8278,39.1849],[-0.8264,39.1877],[-0.821,39.1872],[-0.8207,39.1844],[-0.8137,39.1862],[-0.814,39.1841],[-0.8087,39.1775],[-0.8056,39.1798],[-0.8075,39.181],[-0.8052,39.183],[-0.8027,39.179],[-0.8046,39.1776],[-0.8027,39.1766]]},"properties":{"name":"Rambla de Canillas","kind":"rambla","length_km":17.2,"pfafrio":"200254248","source":"CEDEX/DGA ríos 1:25.000"}},{"type":"Feature","geometry":{"type":"LineString","coordinates":[[-1.2632,39.5262],[-1.2602,39.5223],[-1.2524,39.5179],[-1.247,39.5178],[-1.2436,39.51],[-1.2381,39.5057],[-1.2385,39.5041],[-1.2419,39.5035],[-1.2417,39.5008],[-1.2367,39.4965],[-1.2424,39.4866],[-1.241,39.4842],[-1.2424,39.4785],[-1.241,39.477],[-1.2439,39.4709],[-1.2324,39.4594],[-1.2304,39.4535],[-1.2321,39.446],[-1.2305,39.441],[-1.2331,39.4376],[-1.2258,39.4334],[-1.2257,39.4285],[-1.2231,39.4237],[-1.2253,39.4199],[-1.2248,39.4146],[-1.2271,39.4125],[-1.2257,39.41],[-1.2277,39.4073],[-1.2277,39.4032],[-1.2305,39.3999],[-1.2291,39.3895],[-1.2325,39.3829],[-1.2273,39.381]]},"properties":{"name":"Rambla de los Calabachos o de la Alcantarilla","kind":"rambla","length_km":20.6,"pfafrio":"2002626","source":"CEDEX/DGA ríos 1:25.000"}},{"type":"Feature","geometry":{"type":"LineString","coordinates":[[-1.3465,39.5281],[-1.3519,39.5263],[-1.3527,39.5226],[-1.358,39.52],[-1.3665,39.5191],[-1.3675,39.5157],[-1.3659,39.5138],[-1.3699,39.5109],[-1.3667,39.5041],[-1.3702,39.5006],[-1.3683,39.4977],[-1.3689,39.4923],[-1.3649,39.4904],[-1.3604,39.4836],[-1.3532,39.4796],[-1.3464,39.47],[-1.3474,39.4666],[-1.3442,39.4615],[-1.3427,39.4469],[-1.3321,39.4391],[-1.3306,39.4353],[-1.3262,39.4328],[-1.3262,39.4292],[-1.3167,39.4219],[-1.3097,39.4216],[-1.3051,39.4186],[-1.3016,39.4195]]},"properties":{"name":"Rambla de Albosa o Barranco de la Huerta","kind":"rambla","length_km":17.6,"pfafrio":"20026282","source":"CEDEX/DGA ríos 1:25.000"}},{"type":"Feature","geometry":{"type":"LineString","coordinates":[[-0.8954,39.1414],[-0.8835,39.1446],[-0.8759,39.1417],[-0.8635,39.1444],[-0.8525,39.1433],[-0.8513,39.14],[-0.8403,39.14],[-0.8386,39.138],[-0.8356,39.1387],[-0.8292,39.1352],[-0.8252,39.1356],[-0.8199,39.1294],[-0.8072,39.1258],[-0.8071,39.1304],[-0.8044,39.1311],[-0.8003,39.1291],[-0.7964,39.1296],[-0.7966,39.1269],[-0.7931,39.1256],[-0.789,39.1277],[-0.7906,39.1296],[-0.7874,39.1302],[-0.7896,39.1322],[-0.7885,39.1333],[-0.7861,39.1331],[-0.7845,39.1302],[-0.7804,39.1318],[-0.7759,39.1311],[-0.7745,39.1353],[-0.7723,39.1347],[-0.7709,39.1384],[-0.7687,39.1362],[-0.756,39.1359],[-0.7535,39.1333],[-0.7528,39.1259]]},"properties":{"name":"Barranco Moreno","kind":"barranco","length_km":19.0,"pfafrio":"2002546","source":"CEDEX/DGA ríos 1:25.000"}},{"type":"Feature","geometry":{"type":"LineString","coordinates":[[-1.2832,39.5207],[-1.2854,39.5154],[-1.2876,39.5144],[-1.2866,39.5105],[-1.2901,39.5072],[-1.2894,39.4994],[-1.2845,39.4888],[-1.2949,39.4736],[-1.2965,39.4654],[-1.3026,39.4593],[-1.3024,39.4495],[-1.307,39.4463],[-1.3065,39.4405],[-1.3007,39.4321],[-1.3024,39.4273],[-1.3017,39.4196],[-1.2941,39.4144],[-1.286,39.4042]]},"properties":{"name":"Barranco del Boqueron","kind":"barranco","length_km":14.9,"pfafrio":"2002628","source":"CEDEX/DGA ríos 1:25.000"}},{"type":"Feature","geometry":{"type":"LineString","coordinates":[[-1.2348,39.5233],[-1.2336,39.5186],[-1.2296,39.515],[-1.2293,39.5104],[-1.2233,39.5064],[-1.2205,39.5018],[-1.2104,39.4958],[-1.2075,39.4907],[-1.2097,39.485],[-1.2139,39.4823],[-1.2152,39.4743],[-1.2198,39.4698],[-1.2199,39.4649],[-1.2179,39.463],[-1.219,39.4619],[-1.2129,39.4555]]},"properties":{"name":"Rambla de la Esteruela","kind":"rambla","length_km":9.5,"pfafrio":"200262622","source":"CEDEX/DGA ríos 1:25.000"}},{"type":"Feature","geometry":{"type":"LineString","coordinates":[[-0.941,39.1817],[-0.9349,39.1867],[-0.9265,39.1886],[-0.922,39.1987],[-0.9115,39.202],[-0.912,39.2051],[-0.9104,39.206],[-0.901,39.2079],[-0.8986,39.2068],[-0.896,39.2085],[-0.894,39.2072],[-0.8926,39.2095],[-0.8876,39.2099],[-0.8828,39.2066],[-0.8775,39.2084],[-0.8734,39.2071],[-0.8675,39.2109],[-0.8667,39.2069],[-0.8621,39.2057],[-0.8656,39.2],[-0.8626,39.1992],[-0.8616,39.1968],[-0.8577,39.1979],[-0.8531,39.1954],[-0.8528,39.1983],[-0.8489,39.2009],[-0.8472,39.1987],[-0.8433,39.1991],[-0.846,39.1959],[-0.8403,39.1967],[-0.8337,39.1897],[-0.8317,39.1938],[-0.8294,39.1943],[-0.8277,39.1929],[-0.8295,39.1903],[-0.8262,39.1925],[-0.812,39.1912],[-0.8113,39.1891],[-0.8031,39.1868],[-0.8059,39.1907],[-0.8044,39.1922],[-0.8012,39.1902],[-0.8023,39.1884],[-0.8006,39.1866],[-0.7947,39.187],[-0.788,39.1845],[-0.789,39.1869],[-0.7869,39.1885],[-0.7846,39.1883],[-0.783,39.1853],[-0.7746,39.1858],[-0.7733,39.188],[-0.7689,39.1868],[-0.7714,39.1856],[-0.7703,39.1833],[-0.7681,39.1851],[-0.7615,39.1836],[-0.7608,39.1854],[-0.7568,39.1833],[-0.7545,39.1879],[-0.7461,39.1895],[-0.7448,39.187],[-0.739,39.1885]]},"properties":{"name":"Rambla de las Cañas","kind":"rambla","length_km":31.5,"pfafrio":"20025428","source":"CEDEX/DGA ríos 1:25.000"}},{"type":"Feature","geometry":{"type":"LineString","coordinates":[[-0.8519,38.9067],[-0.8443,38.9013],[-0.8299,38.9019],[-0.8209,38.8967],[-0.8139,38.8949],[-0.7996,38.8955],[-0.7925,38.8913],[-0.788,38.8923],[-0.7864,38.8902],[-0.778,38.8887],[-0.7723,38.8855],[-0.7696,38.8822],[-0.7653,38.881],[-0.763,38.8769],[-0.7573,38.8775],[-0.755,38.8753]]},"properties":{"name":"Barranc de la Fos","kind":"barranco","length_km":10.5,"pfafrio":"20024434","source":"CEDEX/DGA ríos 1:25.000"}},{"type":"Feature","geometry":{"type":"LineString","coordinates":[[-1.1579,39.4872],[-1.1709,39.4712],[-1.1772,39.4673],[-1.1783,39.4596],[-1.186,39.4492],[-1.1868,39.4325],[-1.1948,39.4212],[-1.1912,39.4185]]},"properties":{"name":"Rambla de la Beata del Tejar","kind":"rambla","length_km":9.2,"pfafrio":"20026244","source":"CEDEX/DGA ríos 1:25.000"}},{"type":"Feature","geometry":{"type":"LineString","coordinates":[[-1.4292,39.4715],[-1.4367,39.4679],[-1.4458,39.457],[-1.4595,39.4472],[-1.4634,39.4422],[-1.4729,39.44],[-1.474,39.437],[-1.4715,39.4356],[-1.4716,39.4282],[-1.4777,39.4282],[-1.4796,39.4213],[-1.4819,39.4199]]},"properties":{"name":"Barranco del Moro","kind":"barranco","length_km":9.0,"pfafrio":"20026334","source":"CEDEX/DGA ríos 1:25.000"}},{"type":"Feature","geometry":{"type":"LineString","coordinates":[[-1.1377,39.2421],[-1.1407,39.2454],[-1.1495,39.2496],[-1.1515,39.2561],[-1.1537,39.2573],[-1.1489,39.2646],[-1.1426,39.2639],[-1.1385,39.2662],[-1.1341,39.2629],[-1.1242,39.2612],[-1.1222,39.256],[-1.1053,39.246],[-1.0962,39.2507]]},"properties":{"name":"Barranco del Nacimiento","kind":"barranco","length_km":9.7,"pfafrio":"2002614","source":"CEDEX/DGA ríos 1:25.000"}},{"type":"Feature","geometry":{"type":"LineString","coordinates":[[-1.1451,39.3857],[-1.1398,39.3656],[-1.1477,39.3603],[-1.154,39.3521],[-1.1596,39.3401],[-1.1693,39.3332],[-1.1702,39.3281],[-1.1734,39.3244],[-1.1712,39.32],[-1.1737,39.3188],[-1.1731,39.3162],[-1.1754,39.3161],[-1.1754,39.3144]]},"properties":{"name":"Rambla de las Salinas de Hortola","kind":"rambla","length_km":9.9,"pfafrio":"2002618","source":"CEDEX/DGA ríos 1:25.000"}},{"type":"Feature","geometry":{"type":"LineString","coordinates":[[-1.3909,39.4438],[-1.4009,39.436],[-1.4009,39.4308],[-1.4049,39.4249],[-1.4131,39.4227],[-1.4135,39.4205],[-1.4193,39.4201],[-1.4209,39.4174],[-1.4235,39.4178],[-1.4238,39.4146],[-1.4291,39.4108],[-1.4359,39.4112],[-1.4412,39.4075],[-1.4465,39.4014],[-1.4453,39.3976],[-1.4475,39.3966],[-1.4443,39.3933],[-1.4526,39.3907]]},"properties":{"name":"Rambla del Palomarejo","kind":"rambla","length_km":10.4,"pfafrio":"2002632","source":"CEDEX/DGA ríos 1:25.000"}},{"type":"Feature","geometry":{"type":"LineString","coordinates":[[-1.3774,39.4344],[-1.3767,39.4282],[-1.3796,39.4192],[-1.3766,39.415],[-1.3772,39.4122],[-1.3802,39.4112],[-1.3798,39.4062],[-1.3838,39.4026],[-1.3781,39.3884],[-1.3813,39.3857],[-1.3809,39.3773],[-1.3827,39.3752],[-1.3814,39.3701],[-1.3835,39.3661]]},"properties":{"name":"Rambla del Lombardo","kind":"rambla","length_km":9.0,"pfafrio":"20026316","source":"CEDEX/DGA ríos 1:25.000"}},{"type":"Feature","geometry":{"type":"LineString","coordinates":[[-1.3892,39.888],[-1.3928,39.881],[-1.3911,39.8697],[-1.3924,39.8615],[-1.3871,39.8572],[-1.3886,39.8504],[-1.3857,39.8418],[-1.3825,39.8397],[-1.3837,39.8351],[-1.3814,39.8292],[-1.3775,39.8266],[-1.3774,39.8143],[-1.3752,39.81]]},"properties":{"name":"Arroyo de la Cañada","kind":"arroyo","length_km":9.6,"pfafrio":"20026484","source":"CEDEX/DGA ríos 1:25.000"}},{"type":"Feature","geometry":{"type":"LineString","coordinates":[[-1.622,39.4571],[-1.6174,39.4548],[-1.6124,39.4544],[-1.6116,39.4562],[-1.6038,39.4533],[-1.6026,39.4507],[-1.5934,39.4489],[-1.5774,39.4485],[-1.5651,39.4424],[-1.5387,39.4434],[-1.5329,39.442],[-1.5304,39.439],[-1.5266,39.4396],[-1.5244,39.4428]]},"properties":{"name":"Rambla de Consolación","kind":"rambla","length_km":10.5,"pfafrio":"2002634","source":"CEDEX/DGA ríos 1:25.000"}},{"type":"Feature","geometry":{"type":"LineString","coordinates":[[-1.6542,39.44],[-1.6504,39.4381],[-1.6367,39.4394],[-1.6289,39.4382],[-1.6192,39.4345],[-1.6109,39.4341],[-1.6104,39.4317],[-1.596,39.4384],[-1.5935,39.4367],[-1.5894,39.4384],[-1.5852,39.4368],[-1.5782,39.4407],[-1.5651,39.4424]]},"properties":{"name":"Rambla de Villarta","kind":"rambla","length_km":9.2,"pfafrio":"20026344","source":"CEDEX/DGA ríos 1:25.000"}},{"type":"Feature","geometry":{"type":"LineString","coordinates":[[-1.6531,39.5024],[-1.6529,39.5005],[-1.6439,39.4961],[-1.6274,39.4949],[-1.6224,39.4903],[-1.6184,39.49],[-1.6162,39.4868],[-1.605,39.4844],[-1.6024,39.4805],[-1.599,39.4796],[-1.5994,39.4772],[-1.5949,39.4697],[-1.5893,39.4677],[-1.5881,39.4621],[-1.5826,39.4572],[-1.5819,39.4512],[-1.5792,39.4484]]},"properties":{"name":"Rambla de San Pedro","kind":"rambla","length_km":10.5,"pfafrio":"20026346","source":"CEDEX/DGA ríos 1:25.000"}},{"type":"Feature","geometry":{"type":"LineString","coordinates":[[-1.6188,39.4072],[-1.6111,39.4035],[-1.5897,39.4049],[-1.5859,39.4083],[-1.5812,39.4093],[-1.5761,39.4155],[-1.5645,39.4175],[-1.5654,39.4199],[-1.5613,39.4227],[-1.5529,39.4241],[-1.5513,39.427],[-1.5447,39.4292],[-1.541,39.4338],[-1.5314,39.4395]]},"properties":{"name":"Rambla de Mortanchinos","kind":"rambla","length_km":10.4,"pfafrio":"20026342","source":"CEDEX/DGA ríos 1:25.000"}},{"type":"Feature","geometry":{"type":"LineString","coordinates":[[-1.5459,39.7544],[-1.5344,39.7521],[-1.53,39.7493],[-1.536,39.7393],[-1.542,39.7339],[-1.5412,39.7305],[-1.5552,39.7266],[-1.567,39.7172],[-1.5723,39.7144],[-1.577,39.7143],[-1.5808,39.7101],[-1.5867,39.7087]]},"properties":{"name":"Rambla de Olmedilla","kind":"rambla","length_km":9.1,"pfafrio":"20026562","source":"CEDEX/DGA ríos 1:25.000"}},{"type":"Feature","geometry":{"type":"LineString","coordinates":[[-1.8512,40.1656],[-1.8493,40.1549],[-1.8499,40.145],[-1.8449,40.1236],[-1.8533,40.1192],[-1.8555,40.115],[-1.8522,40.1118],[-1.8517,40.1067],[-1.8403,40.0999],[-1.8464,40.0944],[-1.844,40.0859]]},"properties":{"name":"Rambla de Prado Ciervo","kind":"rambla","length_km":10.5,"pfafrio":"200266886","source":"CEDEX/DGA ríos 1:25.000"}},{"type":"Feature","geometry":{"type":"LineString","coordinates":[[-1.327,39.9735],[-1.3232,39.9684],[-1.3228,39.959],[-1.3203,39.9556],[-1.32,39.9509],[-1.3145,39.9447],[-1.3136,39.9393],[-1.3147,39.9352],[-1.319,39.9323],[-1.3172,39.9258],[-1.3205,39.9223],[-1.3206,39.913],[-1.3252,39.9104],[-1.323,39.9066],[-1.3307,39.8965],[-1.3292,39.8928],[-1.3367,39.8925],[-1.339,39.8904],[-1.3381,39.8857],[-1.342,39.8818],[-1.3404,39.873],[-1.3449,39.8695]]},"properties":{"name":"Cañada de la Rinconada o del Asno","kind":"rambla","length_km":14.0,"pfafrio":"200264884","source":"CEDEX/DGA ríos 1:25.000"}},{"type":"Feature","geometry":{"type":"LineString","coordinates":[[-0.951,39.1881],[-0.9431,39.1904],[-0.9373,39.1966],[-0.9303,39.1977],[-0.9301,39.2015],[-0.9243,39.2071],[-0.9272,39.2119],[-0.927,39.2169],[-0.9314,39.2189],[-0.9368,39.2181],[-0.942,39.2215],[-0.9483,39.2341],[-0.9459,39.2393],[-0.937,39.2434],[-0.9346,39.2469]]},"properties":{"name":"Arroyo de Cortes","kind":"arroyo","length_km":10.5,"pfafrio":"2002576","source":"CEDEX/DGA ríos 1:25.000"}},{"type":"Feature","geometry":{"type":"LineString","coordinates":[[-0.909,39.0969],[-0.9174,39.1072],[-0.9179,39.1117],[-0.9138,39.1185],[-0.9257,39.1317],[-0.924,39.134],[-0.9099,39.1349],[-0.9079,39.1335],[-0.9083,39.1299],[-0.9046,39.1306],[-0.9034,39.1282],[-0.9005,39.1295],[-0.9004,39.1272],[-0.8909,39.1232],[-0.8895,39.1251],[-0.882,39.1199],[-0.8796,39.1205],[-0.879,39.1181],[-0.8755,39.119],[-0.8745,39.1163],[-0.8699,39.1151],[-0.8675,39.1163],[-0.8648,39.1141],[-0.8559,39.1129],[-0.8532,39.1112],[-0.8531,39.1089]]},"properties":{"name":"Rambla de Llatoneros","kind":"rambla","length_km":14.7,"pfafrio":"20025498","source":"CEDEX/DGA ríos 1:25.000"}},{"type":"Feature","geometry":{"type":"LineString","coordinates":[[-1.5024,39.851],[-1.5101,39.8459],[-1.5201,39.8308],[-1.5222,39.821],[-1.5201,39.8114],[-1.522,39.8063],[-1.5257,39.8035],[-1.5221,39.8022],[-1.5231,39.7998],[-1.5199,39.7968],[-1.5218,39.7957],[-1.5225,39.7903],[-1.5205,39.7914],[-1.5084,39.7806],[-1.5078,39.7754],[-1.5045,39.7718]]},"properties":{"name":"Arroyo de la Peraleja","kind":"arroyo","length_km":11.3,"pfafrio":"2002644628","source":"CEDEX/DGA ríos 1:25.000"}},{"type":"Feature","geometry":{"type":"LineString","coordinates":[[-1.497,39.8383],[-1.492,39.8349],[-1.4913,39.8324],[-1.4953,39.8298],[-1.4965,39.8262],[-1.4824,39.8197],[-1.4793,39.8138],[-1.4674,39.8039],[-1.4672,39.8],[-1.4708,39.7971],[-1.4755,39.7878],[-1.4731,39.7854],[-1.4795,39.7844],[-1.4817,39.777]]},"properties":{"name":"Arroyo de las Minas","kind":"arroyo","length_km":9.6,"pfafrio":"20026446226","source":"CEDEX/DGA ríos 1:25.000"}},{"type":"Feature","geometry":{"type":"LineString","coordinates":[[-0.5283,38.8084],[-0.526,38.8063],[-0.5273,38.801],[-0.5453,38.7958],[-0.5634,38.7954],[-0.5792,38.7911],[-0.584,38.7934],[-0.5932,38.7925],[-0.5933,38.7943],[-0.5986,38.7978],[-0.608,38.7969]]},"properties":{"name":"Barranco del Pont Trencat","kind":"barranco","length_km":9.4,"pfafrio":"20024844","source":"CEDEX/DGA ríos 1:25.000"}},{"type":"Feature","geometry":{"type":"LineString","coordinates":[[-1.0011,39.2828],[-1.0044,39.2866],[-1.0151,39.2874],[-1.0204,39.2855],[-1.0177,39.2829],[-1.0198,39.2787],[-1.0175,39.2774],[-1.0196,39.2749],[-1.0191,39.2673],[-1.0099,39.2661],[-1.0041,39.2625],[-1.0003,39.262],[-0.9967,39.2646],[-0.9959,39.2629],[-0.9878,39.2622],[-0.9869,39.256],[-0.9796,39.2533],[-0.9754,39.2483]]},"properties":{"name":"Rambla del Real","kind":"rambla","length_km":9.8,"pfafrio":"200258","source":"CEDEX/DGA ríos 1:25.000"}},{"type":"Feature","geometry":{"type":"LineString","coordinates":[[-1.5011,39.9924],[-1.4829,39.9911],[-1.4596,39.9852],[-1.4589,39.9811],[-1.4542,39.9775],[-1.4535,39.9732],[-1.4485,39.9671],[-1.4419,39.9657],[-1.4404,39.9634],[-1.443,39.9614],[-1.4375,39.9553],[-1.4312,39.9551],[-1.4242,39.9504],[-1.4152,39.9469],[-1.4115,39.9474],[-1.3927,39.9351],[-1.3887,39.9338],[-1.3833,39.9357],[-1.3749,39.9354],[-1.3669,39.9331],[-1.3654,39.9301]]},"properties":{"name":"Arroyo de las Olmedillas","kind":"arroyo","length_km":16.0,"pfafrio":"200264886","source":"CEDEX/DGA ríos 1:25.000"}},{"type":"Feature","geometry":{"type":"LineString","coordinates":[[-0.611,38.7439],[-0.6139,38.7497],[-0.6192,38.752],[-0.6194,38.7546],[-0.6173,38.761],[-0.6062,38.7675],[-0.6094,38.7713],[-0.607,38.7765],[-0.6084,38.7784],[-0.6042,38.7792],[-0.6033,38.7853],[-0.6054,38.7867],[-0.6056,38.7897],[-0.6086,38.789],[-0.6093,38.7931],[-0.6071,38.7939],[-0.6104,38.7956],[-0.6084,38.7976],[-0.6131,38.7981],[-0.6123,38.7999],[-0.6153,38.8031],[-0.6227,38.804],[-0.6193,38.807],[-0.6226,38.8075],[-0.6245,38.8124],[-0.618,38.8171]]},"properties":{"name":"Barranco de Ontinyent","kind":"barranco","length_km":12.8,"pfafrio":"2002484","source":"CEDEX/DGA ríos 1:25.000"}},{"type":"Feature","geometry":{"type":"LineString","coordinates":[[-0.9662,39.3241],[-0.9729,39.3228],[-0.9725,39.3188],[-0.9594,39.3056],[-0.9282,39.2934],[-0.9297,39.292],[-0.928,39.2906],[-0.9299,39.2885],[-0.9296,39.2847],[-0.949,39.2746],[-0.9462,39.2684],[-0.9212,39.2714],[-0.9102,39.2689]]},"properties":{"name":"Rambla de los Gallegos","kind":"rambla","length_km":14.3,"pfafrio":"200256","source":"CEDEX/DGA ríos 1:25.000"}},{"type":"Feature","geometry":{"type":"LineString","coordinates":[[-1.5493,39.9061],[-1.5492,39.9001],[-1.5596,39.8956],[-1.5658,39.8906],[-1.5694,39.8824],[-1.5669,39.8754],[-1.5691,39.8697],[-1.5682,39.8634],[-1.5578,39.8576],[-1.5529,39.8481],[-1.5563,39.8432],[-1.5563,39.8383],[-1.5647,39.8295],[-1.5636,39.829],[-1.5659,39.8243],[-1.5637,39.822],[-1.5655,39.8157],[-1.563,39.8126],[-1.5642,39.8109],[-1.5614,39.8098],[-1.5591,39.8053],[-1.5637,39.7985],[-1.5646,39.7932],[-1.5692,39.7895],[-1.5697,39.7849],[-1.5748,39.7779],[-1.5733,39.7727],[-1.5678,39.7693],[-1.5668,39.7668],[-1.5682,39.7631],[-1.5719,39.7604],[-1.5708,39.7558],[-1.5732,39.7534],[-1.5715,39.7506],[-1.5748,39.7489],[-1.5725,39.7457],[-1.5778,39.7386],[-1.578,39.7352],[-1.5821,39.7313],[-1.5821,39.7231],[-1.5873,39.7175],[-1.5908,39.7176],[-1.5907,39.7142],[-1.5843,39.7125],[-1.5866,39.7107],[-1.5863,39.7046],[-1.589,39.7031],[-1.588,39.6944],[-1.5861,39.6931],[-1.5879,39.6902],[-1.5852,39.6799],[-1.5885,39.6758]]},"properties":{"name":"Río San Martín","kind":"rio","length_km":32.2,"pfafrio":"2002656","source":"CEDEX/DGA ríos 1:25.000"}},{"type":"Feature","geometry":{"type":"LineString","coordinates":[[-1.5996,39.5337],[-1.6001,39.5176],[-1.5987,39.5137],[-1.5948,39.5139],[-1.5904,39.511],[-1.5681,39.5045],[-1.5606,39.5002],[-1.5579,39.495],[-1.5505,39.4912],[-1.5446,39.4914],[-1.532,39.4866],[-1.5229,39.4868],[-1.5211,39.4896],[-1.5197,39.4856],[-1.5122,39.483]]},"properties":{"name":"Rambla de las Huertas de Mateo","kind":"rambla","length_km":12.3,"pfafrio":"2002636","source":"CEDEX/DGA ríos 1:25.000"}},{"type":"Feature","geometry":{"type":"LineString","coordinates":[[-1.5297,39.8784],[-1.5316,39.8849],[-1.5245,39.8892],[-1.5164,39.8878],[-1.506,39.8916],[-1.4968,39.8913],[-1.4964,39.8875],[-1.4937,39.8854],[-1.4959,39.8821],[-1.493,39.8796],[-1.4926,39.8757],[-1.4861,39.8719],[-1.4841,39.8662],[-1.4746,39.8606],[-1.4689,39.854],[-1.463,39.8522],[-1.4603,39.8479],[-1.4537,39.8467],[-1.4422,39.8395],[-1.4362,39.8419],[-1.4285,39.8364],[-1.425,39.8273],[-1.4204,39.8288],[-1.4175,39.825],[-1.4123,39.8231]]},"properties":{"name":"Arroyo de la Dehesilla o de la Olmedilla","kind":"arroyo","length_km":17.2,"pfafrio":"200264466","source":"CEDEX/DGA ríos 1:25.000"}},{"type":"Feature","geometry":{"type":"LineString","coordinates":[[-1.5876,39.8631],[-1.5912,39.8577],[-1.595,39.8363],[-1.6019,39.8296],[-1.6058,39.8228],[-1.618,39.822],[-1.6299,39.8179],[-1.6374,39.8043],[-1.6423,39.8028]]},"properties":{"name":"Arroyo del Prado o Valle","kind":"arroyo","length_km":9.7,"pfafrio":"20026732","source":"CEDEX/DGA ríos 1:25.000"}},{"type":"Feature","geometry":{"type":"LineString","coordinates":[[-0.9753,38.9757],[-0.9871,38.9765],[-0.9922,38.9813],[-1.0009,38.9847],[-1.0062,38.9953],[-1.0244,39.0016],[-1.0255,39.0065],[-1.0283,39.0092],[-1.0259,39.0108],[-1.0304,39.0126],[-1.0287,39.0146],[-1.0313,39.0197],[-1.0281,39.0211],[-1.0312,39.0235],[-1.0301,39.0261],[-1.0342,39.026],[-1.0352,39.0329],[-1.039,39.0355],[-1.0355,39.0377],[-1.0353,39.0444],[-1.0396,39.0453]]},"properties":{"name":"Barranco de la Hoya del Manco o de Corza","kind":"barranco","length_km":13.0,"pfafrio":"20027268284","source":"CEDEX/DGA ríos 1:25.000"}},{"type":"Feature","geometry":{"type":"LineString","coordinates":[[-1.6174,39.9244],[-1.6204,39.9234],[-1.6275,39.9146],[-1.6328,39.912],[-1.6433,39.9088],[-1.6538,39.9099],[-1.6716,39.9034],[-1.6836,39.9023],[-1.6914,39.8987],[-1.6941,39.8966],[-1.6933,39.8953],[-1.697,39.8957],[-1.7044,39.8907],[-1.712,39.8885],[-1.7137,39.8909],[-1.7152,39.8889],[-1.7213,39.8873]]},"properties":{"name":"Río Mesto","kind":"rio","length_km":11.5,"pfafrio":"2002676","source":"CEDEX/DGA ríos 1:25.000"}},{"type":"Feature","geometry":{"type":"LineString","coordinates":[[-1.5556,40.133],[-1.5615,40.1234],[-1.5604,40.1209],[-1.5504,40.1185],[-1.548,40.1036],[-1.5444,40.097],[-1.5452,40.0939],[-1.5556,40.0864],[-1.5762,40.0829],[-1.5884,40.0875],[-1.5944,40.0867]]},"properties":{"name":"Río Henarrubia","kind":"rio","length_km":10.1,"pfafrio":"20026864","source":"CEDEX/DGA ríos 1:25.000"}},{"type":"Feature","geometry":{"type":"LineString","coordinates":[[-1.5468,40.2924],[-1.5396,40.2925],[-1.5376,40.2897],[-1.5281,40.2871],[-1.5297,40.2825],[-1.5276,40.2804],[-1.5302,40.276],[-1.5279,40.2696],[-1.5243,40.2662],[-1.5258,40.2634],[-1.5237,40.2518],[-1.525,40.2494],[-1.536,40.2459],[-1.5417,40.24],[-1.5388,40.237],[-1.5426,40.2343]]},"properties":{"name":"Rambla de Villarejo","kind":"rambla","length_km":9.6,"pfafrio":"2002698","source":"CEDEX/DGA ríos 1:25.000"}},{"type":"Feature","geometry":{"type":"LineString","coordinates":[[-1.6097,40.3095],[-1.5904,40.2984],[-1.5908,40.2923],[-1.5871,40.2889],[-1.5854,40.2799],[-1.5817,40.2792],[-1.5819,40.2743],[-1.5766,40.273],[-1.5777,40.2692],[-1.5743,40.2694],[-1.5697,40.2595],[-1.5656,40.2578],[-1.5673,40.2536],[-1.5661,40.2522],[-1.5695,40.2495],[-1.5688,40.2479]]},"properties":{"name":"Barranco del Pilancon","kind":"barranco","length_km":9.8,"pfafrio":"20026992","source":"CEDEX/DGA ríos 1:25.000"}},{"type":"Feature","geometry":{"type":"LineString","coordinates":[[-1.5621,39.9252],[-1.5596,39.9173],[-1.5817,39.9105],[-1.5942,39.9039],[-1.5924,39.8988],[-1.5948,39.8909],[-1.6001,39.8884],[-1.6032,39.8835],[-1.6181,39.8711],[-1.63,39.8642],[-1.6338,39.8657],[-1.6465,39.8592],[-1.6479,39.8541],[-1.6556,39.8505],[-1.6626,39.84]]},"properties":{"name":"Río Vencherque","kind":"rio","length_km":15.0,"pfafrio":"2002674","source":"CEDEX/DGA ríos 1:25.000"}},{"type":"Feature","geometry":{"type":"LineString","coordinates":[[-1.7325,40.0207],[-1.7464,40.0247],[-1.7512,40.0241],[-1.7494,40.0184],[-1.7532,40.0164],[-1.7504,40.0125],[-1.7549,40.0116],[-1.7539,40.0103],[-1.7568,40.0077],[-1.7572,40.0044],[-1.7563,39.9999],[-1.7514,39.9928],[-1.7528,39.99],[-1.7497,39.988],[-1.7504,39.9858],[-1.7474,39.9802],[-1.7495,39.9758],[-1.7482,39.9726],[-1.7502,39.9715],[-1.7454,39.9683],[-1.7498,39.967],[-1.7529,39.9643],[-1.7523,39.9624],[-1.7566,39.9609],[-1.7595,39.9573]]},"properties":{"name":"Arroyo del Egido","kind":"arroyo","length_km":11.9,"pfafrio":"20026786","source":"CEDEX/DGA ríos 1:25.000"}},{"type":"Feature","geometry":{"type":"LineString","coordinates":[[-1.4573,38.9917],[-1.4576,38.9978],[-1.4449,39.004],[-1.4357,39.0049],[-1.4082,39.0153],[-1.3916,39.0151],[-1.3894,39.0179],[-1.3771,39.0187],[-1.3593,39.0232],[-1.3412,39.0175],[-1.3262,39.0163],[-1.3069,39.0056],[-1.3073,39.0004],[-1.2985,38.9921],[-1.2953,38.992],[-1.29,38.9874],[-1.2786,38.9871],[-1.2736,38.9841]]},"properties":{"name":"Cañada de Pajares","kind":"rambla","length_km":20.1,"pfafrio":"20027266888846","source":"CEDEX/DGA ríos 1:25.000"}},{"type":"Feature","geometry":{"type":"LineString","coordinates":[[-2.344,38.8739],[-2.3452,38.8686],[-2.341,38.8652],[-2.3409,38.8593],[-2.335,38.8569],[-2.3337,38.853],[-2.326,38.8498],[-2.3165,38.84],[-2.3154,38.8428],[-2.3085,38.846],[-2.3056,38.8495],[-2.2878,38.859],[-2.2861,38.8643],[-2.2752,38.8738],[-2.2651,38.875],[-2.2607,38.8774],[-2.255,38.8879],[-2.2542,38.8958]]},"properties":{"name":"Cañada de la Sima","kind":"rambla","length_km":14.4,"pfafrio":"20028446","source":"CEDEX/DGA ríos 1:25.000"}},{"type":"Feature","geometry":{"type":"LineString","coordinates":[[-1.8303,39.5577],[-1.8357,39.5532],[-1.852,39.5498],[-1.8546,39.5467],[-1.852,39.5303],[-1.8468,39.5221],[-1.845,39.5153],[-1.8395,39.5085],[-1.8416,39.5051],[-1.8344,39.4958],[-1.8334,39.4912],[-1.822,39.4796],[-1.8157,39.4692],[-1.8122,39.4681],[-1.8037,39.4575],[-1.8039,39.4539],[-1.8003,39.4523],[-1.8008,39.4498],[-1.7958,39.4441],[-1.792,39.4346],[-1.7791,39.4253],[-1.7736,39.4166],[-1.7641,39.4113],[-1.7624,39.4072],[-1.7639,39.4005],[-1.76,39.3883],[-1.747,39.3835],[-1.7351,39.3723]]},"properties":{"name":"Arroyo de la Calera o Cañada del Lavajo Nuevo","kind":"arroyo","length_km":26.4,"pfafrio":"2002788886","source":"CEDEX/DGA ríos 1:25.000"}},{"type":"Feature","geometry":{"type":"LineString","coordinates":[[-1.7498,39.6176],[-1.7537,39.6202],[-1.7618,39.6209],[-1.7648,39.6235],[-1.7769,39.6239],[-1.7782,39.615],[-1.7828,39.6057],[-1.7894,39.602],[-1.8027,39.5892],[-1.8001,39.5861],[-1.8007,39.5835],[-1.7958,39.5777],[-1.7963,39.5752],[-1.7939,39.5738],[-1.7961,39.5695],[-1.7933,39.5685],[-1.7901,39.5708],[-1.7883,39.5688],[-1.7896,39.5672],[-1.7854,39.5672],[-1.7837,39.5641],[-1.7792,39.5631],[-1.7777,39.5654],[-1.7738,39.5659],[-1.7605,39.5602]]},"properties":{"name":"Barranco de la Hoz","kind":"barranco","length_km":14.6,"pfafrio":"200278888466","source":"CEDEX/DGA ríos 1:25.000"}},{"type":"Feature","geometry":{"type":"LineString","coordinates":[[-1.2756,39.0464],[-1.2743,39.0485],[-1.2633,39.0503],[-1.2574,39.0547],[-1.2518,39.0516],[-1.235,39.0513],[-1.2305,39.0485],[-1.2302,39.0463],[-1.226,39.0489],[-1.2173,39.048],[-1.2148,39.0501],[-1.2051,39.0506],[-1.2003,39.0484],[-1.1992,39.0449],[-1.1959,39.0431],[-1.1889,39.0438],[-1.1825,39.0408],[-1.1756,39.0422],[-1.1696,39.0398],[-1.1624,39.0411],[-1.1599,39.0396]]},"properties":{"name":"Barranco del Rebolloso","kind":"barranco","length_km":12.6,"pfafrio":"2002726684","source":"CEDEX/DGA ríos 1:25.000"}},{"type":"Feature","geometry":{"type":"LineString","coordinates":[[-1.7568,39.5801],[-1.75,39.5706],[-1.7503,39.5672],[-1.7525,39.5662],[-1.7539,39.5617],[-1.7604,39.5613],[-1.7595,39.5565],[-1.7658,39.5577],[-1.7627,39.5514],[-1.7654,39.547],[-1.765,39.5418],[-1.7691,39.5383],[-1.7679,39.5243],[-1.7719,39.5159],[-1.7823,39.5068],[-1.7829,39.4978],[-1.7862,39.4918],[-1.7786,39.4811],[-1.7766,39.4728],[-1.7658,39.4661],[-1.7563,39.4457],[-1.7485,39.4375]]},"properties":{"name":"Arroyo de la Encina","kind":"arroyo","length_km":19.8,"pfafrio":"20027888846","source":"CEDEX/DGA ríos 1:25.000"}},{"type":"Feature","geometry":{"type":"LineString","coordinates":[[-1.5917,39.0547],[-1.5922,39.0607],[-1.5901,39.0638],[-1.5935,39.0669],[-1.6016,39.0688],[-1.6049,39.0727],[-1.6126,39.0718],[-1.6185,39.0776],[-1.6433,39.0825],[-1.6535,39.0866],[-1.6589,39.0925],[-1.6678,39.0947]]},"properties":{"name":"Cañada de la Quebrada","kind":"rambla","length_km":9.4,"pfafrio":"20028416","source":"CEDEX/DGA ríos 1:25.000"}},{"type":"Feature","geometry":{"type":"LineString","coordinates":[[-1.8202,39.6875],[-1.8129,39.6819],[-1.8177,39.6726],[-1.8112,39.6676],[-1.806,39.6654],[-1.8026,39.6662],[-1.8009,39.6634],[-1.7981,39.6644],[-1.7893,39.6619],[-1.7877,39.6592],[-1.7839,39.66],[-1.7788,39.6644],[-1.7734,39.6585],[-1.7686,39.6483],[-1.7727,39.6445],[-1.7724,39.6303],[-1.7769,39.6239]]},"properties":{"name":"Barranco del Horcajo","kind":"barranco","length_km":11.9,"pfafrio":"2002788884668","source":"CEDEX/DGA ríos 1:25.000"}},{"type":"Feature","geometry":{"type":"LineString","coordinates":[[-1.4563,40.1478],[-1.4616,40.1444],[-1.4706,40.1267],[-1.4665,40.1186],[-1.4693,40.1121],[-1.4732,40.109],[-1.4736,40.1023],[-1.5052,40.1029],[-1.5085,40.1004],[-1.5083,40.096]]},"properties":{"name":"Arroyo de los Urdiales","kind":"arroyo","length_km":9.6,"pfafrio":"20026918","source":"CEDEX/DGA ríos 1:25.000"}},{"type":"Feature","geometry":{"type":"LineString","coordinates":[[-1.2472,39.0796],[-1.2416,39.0963],[-1.2341,39.1001],[-1.2249,39.0947],[-1.2155,39.0939],[-1.2031,39.0949],[-1.1999,39.0936],[-1.186,39.0985],[-1.1816,39.1041],[-1.1783,39.1049],[-1.1785,39.1091],[-1.1735,39.1109],[-1.1741,39.1144],[-1.1649,39.1273],[-1.1518,39.1231],[-1.147,39.1241],[-1.1399,39.1215],[-1.1251,39.1215],[-1.1092,39.1252],[-1.1047,39.1307],[-1.1063,39.1338]]},"properties":{"name":"Rambla de la Espadilla","kind":"rambla","length_km":18.3,"pfafrio":"20027326","source":"CEDEX/DGA ríos 1:25.000"}},{"type":"Feature","geometry":{"type":"LineString","coordinates":[[-2.1267,38.7825],[-2.123,38.7991],[-2.1181,38.8038],[-2.1208,38.8095],[-2.1161,38.8132],[-2.1152,38.8187],[-2.1104,38.8241],[-2.1096,38.8286],[-2.1028,38.8337],[-2.0873,38.8674]]},"properties":{"name":"Cañada de las Rizas","kind":"rambla","length_km":10.7,"pfafrio":"200284622244","source":"CEDEX/DGA ríos 1:25.000"}},{"type":"Feature","geometry":{"type":"LineString","coordinates":[[-2.1871,38.7193],[-2.1845,38.7176],[-2.1784,38.7178],[-2.156,38.7219],[-2.1519,38.7196],[-2.1319,38.7284],[-2.131,38.7257],[-2.1283,38.7246],[-2.1221,38.7302],[-2.1085,38.7295],[-2.1071,38.7321],[-2.1021,38.7303],[-2.0914,38.7342],[-2.078,38.7433],[-2.0688,38.7436],[-2.0633,38.7466],[-2.0545,38.7471],[-2.0514,38.749],[-2.0359,38.744],[-2.0263,38.7451],[-2.0223,38.7489],[-2.0151,38.7623],[-2.0131,38.7721],[-2.008,38.7774],[-2.0092,38.789],[-2.0159,38.8001],[-2.0153,38.8056],[-2.0174,38.8066],[-2.02,38.8134],[-2.0164,38.8195],[-2.0113,38.8235]]},"properties":{"name":"Rambla de las Canales","kind":"rambla","length_km":27.3,"pfafrio":"200284682","source":"CEDEX/DGA ríos 1:25.000"}},{"type":"Feature","geometry":{"type":"LineString","coordinates":[[-2.0688,38.8266],[-2.0661,38.8352],[-2.0597,38.8413],[-2.064,38.8628],[-2.0604,38.8697],[-2.0552,38.8717],[-2.0451,38.8844],[-2.0409,38.8982],[-2.0308,38.9022],[-2.0084,38.905],[-2.0007,38.9047],[-1.9935,38.9008]]},"properties":{"name":"Barranco de Albacete","kind":"barranco","length_km":13.6,"pfafrio":"2002846222","source":"CEDEX/DGA ríos 1:25.000"}},{"type":"Feature","geometry":{"type":"LineString","coordinates":[[-1.6424,38.949],[-1.6561,38.9571],[-1.6665,38.9512],[-1.6797,38.9557],[-1.6848,38.9598],[-1.6997,38.9664],[-1.7138,38.9655],[-1.7255,38.9718],[-1.7396,38.9761],[-1.7472,38.992],[-1.7559,39.0004],[-1.7588,39.0211],[-1.7713,39.0285],[-1.7721,39.0317],[-1.7685,39.0406]]},"properties":{"name":"Rambla de Paredes","kind":"rambla","length_km":18.7,"pfafrio":"20028432","source":"CEDEX/DGA ríos 1:25.000"}},{"type":"Feature","geometry":{"type":"LineString","coordinates":[[-2.2534,39.0408],[-2.2414,39.0333],[-2.2316,39.0234],[-2.22,39.026],[-2.2049,39.0239],[-2.1876,39.025],[-2.179,39.0302],[-2.1702,39.0514],[-2.1622,39.0568],[-2.1541,39.0675],[-2.1502,39.0697],[-2.1427,39.0687],[-2.1341,39.0706],[-2.1124,39.0816],[-2.102,39.0786],[-2.0945,39.0825],[-2.0787,39.0821],[-2.064,39.0718],[-2.0508,39.0672],[-2.049,39.0656],[-2.049,39.0595]]},"properties":{"name":"Cañada del Escribano","kind":"rambla","length_km":23.9,"pfafrio":"20028442","source":"CEDEX/DGA ríos 1:25.000"}},{"type":"Feature","geometry":{"type":"LineString","coordinates":[[-2.2162,38.6371],[-2.2132,38.6399],[-2.217,38.6458],[-2.2169,38.6489],[-2.2289,38.6617],[-2.2301,38.6658],[-2.2261,38.6704],[-2.2256,38.6747],[-2.2159,38.6853],[-2.2181,38.6881],[-2.2179,38.6934],[-2.2253,38.6991],[-2.2288,38.7066]]},"properties":{"name":"Río del Tobarejo","kind":"rio","length_km":9.3,"pfafrio":"2002848428482","source":"CEDEX/DGA ríos 1:25.000"}},{"type":"Feature","geometry":{"type":"LineString","coordinates":[[-2.4146,39.0023],[-2.4103,39.0073],[-2.4039,39.01],[-2.4017,39.0153],[-2.3948,39.0157],[-2.3961,39.0181],[-2.3941,39.0211],[-2.3989,39.0299],[-2.396,39.0358],[-2.3903,39.0379],[-2.3859,39.0521],[-2.3808,39.0529],[-2.383,39.0593],[-2.376,39.0695],[-2.3769,39.0754],[-2.3811,39.0777],[-2.381,39.0816],[-2.3869,39.0842],[-2.3947,39.0951],[-2.4026,39.0992],[-2.4007,39.1094],[-2.3877,39.1288],[-2.3767,39.1333],[-2.3687,39.1414],[-2.3605,39.1452],[-2.3534,39.1594],[-2.3412,39.1629],[-2.3335,39.1715],[-2.3143,39.1872],[-2.311,39.1914],[-2.3091,39.2018],[-2.3028,39.2118],[-2.2979,39.2176],[-2.2902,39.2223],[-2.293,39.2263]]},"properties":{"name":"Rambla del Verduzal","kind":"rambla","length_km":33.2,"pfafrio":"2002906","source":"CEDEX/DGA ríos 1:25.000"}},{"type":"Feature","geometry":{"type":"LineString","coordinates":[[-2.0835,38.7945],[-2.0822,38.7975],[-2.0847,38.8015],[-2.0827,38.8057],[-2.0821,38.8252],[-2.0874,38.835],[-2.0858,38.8366],[-2.0858,38.8446],[-2.0834,38.8506],[-2.0753,38.8636],[-2.0758,38.8711]]},"properties":{"name":"Barranco de los Cominos","kind":"barranco","length_km":9.2,"pfafrio":"200284622242","source":"CEDEX/DGA ríos 1:25.000"}},{"type":"Feature","geometry":{"type":"LineString","coordinates":[[-1.6628,38.9621],[-1.6697,38.9637],[-1.6741,38.9685],[-1.6989,38.979],[-1.7049,38.9891],[-1.7146,38.9951],[-1.7183,39.0026],[-1.7354,39.0145],[-1.746,39.0176],[-1.7492,39.023],[-1.7486,39.0301],[-1.733,39.0427],[-1.7154,39.0512],[-1.6975,39.0544],[-1.6913,39.062],[-1.6814,39.0666],[-1.6799,39.0707],[-1.6818,39.073],[-1.6746,39.072],[-1.67,39.0774],[-1.671,39.0812]]},"properties":{"name":"Rambla de la Boticaria o Vallejo del Pleito","kind":"rambla","length_km":22.1,"pfafrio":"2002842","source":"CEDEX/DGA ríos 1:25.000"}},{"type":"Feature","geometry":{"type":"LineString","coordinates":[[-1.6822,38.9362],[-1.689,38.9406],[-1.7032,38.9406],[-1.7042,38.9465],[-1.7152,38.9475],[-1.7205,38.9515],[-1.7381,38.9512],[-1.7474,38.957],[-1.7591,38.9605],[-1.7685,38.9693],[-1.7809,38.9725],[-1.8022,38.982],[-1.8157,38.9908],[-1.8161,38.9989],[-1.827,39.0067],[-1.8262,39.0121]]},"properties":{"name":"Rambla de la Fortaleza","kind":"rambla","length_km":17.2,"pfafrio":"20028434","source":"CEDEX/DGA ríos 1:25.000"}},{"type":"Feature","geometry":{"type":"LineString","coordinates":[[-2.3319,38.9816],[-2.3163,38.9746],[-2.3071,38.9734],[-2.3049,38.9756],[-2.3007,38.9758],[-2.2953,38.9727],[-2.2892,38.9777],[-2.2844,38.9779],[-2.2754,38.9822],[-2.2587,38.9815],[-2.2482,38.9912],[-2.2334,38.9919],[-2.2286,38.9939]]},"properties":{"name":"Vertiente del Guijarral","kind":"otro","length_km":10.7,"pfafrio":"200284442","source":"CEDEX/DGA ríos 1:25.000"}},{"type":"Feature","geometry":{"type":"LineString","coordinates":[[-1.4353,38.9811],[-1.4361,38.972],[-1.4334,38.9651],[-1.4364,38.9593],[-1.4359,38.9553],[-1.4411,38.9516],[-1.4749,38.949],[-1.5008,38.9413],[-1.5166,38.9428],[-1.5228,38.9333],[-1.5393,38.9334]]},"properties":{"name":"Rambla del Lavadero","kind":"rambla","length_km":13.4,"pfafrio":"20028466888","source":"CEDEX/DGA ríos 1:25.000"}},{"type":"Feature","geometry":{"type":"LineString","coordinates":[[-1.9152,38.7806],[-1.9157,38.7833],[-1.9129,38.7859],[-1.9121,38.791],[-1.9088,38.7938],[-1.9087,38.7994],[-1.914,38.8036],[-1.9241,38.8028],[-1.9273,38.8065],[-1.9359,38.8108],[-1.9394,38.8158],[-1.9416,38.8288],[-1.9549,38.8365]]},"properties":{"name":"Barranco de Malamerienda","kind":"barranco","length_km":9.1,"pfafrio":"200284692","source":"CEDEX/DGA ríos 1:25.000"}},{"type":"Feature","geometry":{"type":"LineString","coordinates":[[-1.9816,38.7465],[-1.9765,38.7606],[-1.9809,38.7658],[-1.9803,38.7697],[-1.977,38.7774],[-1.9728,38.7816],[-1.9738,38.7838],[-1.9713,38.7963],[-1.9676,38.7974],[-1.9664,38.7999],[-1.966,38.8237],[-1.9565,38.8302]]},"properties":{"name":"Rambla de la Cruz del Portichuelo","kind":"rambla","length_km":10.6,"pfafrio":"200284694","source":"CEDEX/DGA ríos 1:25.000"}},{"type":"Feature","geometry":{"type":"LineString","coordinates":[[-2.3263,38.9939],[-2.3175,38.9919],[-2.3117,38.9929],[-2.3043,38.9985],[-2.2994,38.9959],[-2.275,39.0007],[-2.2633,38.9968],[-2.2448,38.9971],[-2.2377,38.9946],[-2.2184,38.9933],[-2.2027,38.9888],[-2.1877,39.0007],[-2.1728,39.0043]]},"properties":{"name":"Vertiente de Riazo","kind":"otro","length_km":15.1,"pfafrio":"20028444","source":"CEDEX/DGA ríos 1:25.000"}},{"type":"Feature","geometry":{"type":"LineString","coordinates":[[-1.4769,39.0897],[-1.4762,39.0962],[-1.4832,39.1014],[-1.4916,39.1133],[-1.4903,39.1157],[-1.4954,39.1271],[-1.4942,39.1338],[-1.4988,39.1385],[-1.497,39.1401],[-1.5011,39.1438],[-1.5017,39.1486],[-1.5061,39.1518],[-1.5029,39.1528],[-1.5054,39.1543],[-1.5022,39.1553],[-1.5063,39.1575],[-1.5045,39.1634]]},"properties":{"name":"Vallejo de la Fuente de la Tia Juana","kind":"otro","length_km":10.5,"pfafrio":"2002764","source":"CEDEX/DGA ríos 1:25.000"}},{"type":"Feature","geometry":{"type":"LineString","coordinates":[[-1.5213,39.0507],[-1.5223,39.0571],[-1.5193,39.0641],[-1.5258,39.07],[-1.5275,39.0784],[-1.5375,39.0874],[-1.5386,39.0913],[-1.5486,39.0953],[-1.5505,39.1004],[-1.5555,39.1035],[-1.5524,39.1149],[-1.552,39.1205],[-1.5536,39.1234],[-1.5515,39.13],[-1.553,39.1332],[-1.55,39.1357],[-1.5485,39.1403],[-1.5435,39.1407],[-1.5438,39.1456],[-1.5364,39.1465]]},"properties":{"name":"Cañada Escalera","kind":"rambla","length_km":13.6,"pfafrio":"2002766","source":"CEDEX/DGA ríos 1:25.000"}},{"type":"Feature","geometry":{"type":"LineString","coordinates":[[-2.196,38.7732],[-2.1815,38.7836],[-2.1746,38.7928],[-2.1649,38.7959],[-2.1653,38.7995],[-2.1623,38.8067],[-2.1536,38.8175],[-2.1484,38.8275],[-2.149,38.8332],[-2.1397,38.8436],[-2.1372,38.8489],[-2.1375,38.868],[-2.1406,38.8712]]},"properties":{"name":"Cañada Juncosa","kind":"rambla","length_km":13.2,"pfafrio":"2002848424","source":"CEDEX/DGA ríos 1:25.000"}},{"type":"Feature","geometry":{"type":"LineString","coordinates":[[-1.5324,38.9715],[-1.5294,38.9687],[-1.532,38.955],[-1.529,38.9472],[-1.534,38.9415],[-1.5382,38.9396],[-1.5392,38.9336],[-1.5438,38.9312],[-1.5465,38.9271],[-1.5546,38.9226],[-1.5658,38.9212],[-1.5766,38.9235],[-1.5906,38.9228]]},"properties":{"name":"Vallejo de Morabio o de los Muleros","kind":"otro","length_km":10.1,"pfafrio":"2002846688","source":"CEDEX/DGA ríos 1:25.000"}},{"type":"Feature","geometry":{"type":"LineString","coordinates":[[-2.0703,39.6776],[-2.0725,39.6714],[-2.071,39.6636],[-2.068,39.6607],[-2.0691,39.6566],[-2.0594,39.6517],[-2.0582,39.6492],[-2.0697,39.6436],[-2.0703,39.641],[-2.0747,39.6399],[-2.0784,39.6357],[-2.0793,39.6313],[-2.085,39.6277],[-2.0913,39.6266],[-2.1039,39.616],[-2.1147,39.6152],[-2.1193,39.6124],[-2.1327,39.6131]]},"properties":{"name":"Arroyo de la Hoz","kind":"arroyo","length_km":12.5,"pfafrio":"20029542","source":"CEDEX/DGA ríos 1:25.000"}},{"type":"Feature","geometry":{"type":"LineString","coordinates":[[-1.7375,39.6665],[-1.7186,39.6603],[-1.7185,39.657],[-1.7121,39.6523],[-1.7036,39.6406],[-1.7028,39.6331],[-1.6994,39.631],[-1.699,39.6247],[-1.6954,39.62],[-1.7007,39.617],[-1.6974,39.6122],[-1.7043,39.61]]},"properties":{"name":"Vallejo de la Teja","kind":"otro","length_km":9.1,"pfafrio":"20027888844226","source":"CEDEX/DGA ríos 1:25.000"}},{"type":"Feature","geometry":{"type":"LineString","coordinates":[[-2.0648,38.7598],[-2.0628,38.7645],[-2.0626,38.7749],[-2.0652,38.7814],[-2.075,38.7938],[-2.076,38.8037],[-2.0686,38.8126],[-2.0506,38.8231],[-2.0424,38.8395],[-2.0354,38.8474],[-2.0275,38.8536],[-2.0192,38.8551]]},"properties":{"name":"Cañada de la Losa","kind":"rambla","length_km":13.6,"pfafrio":"2002846224","source":"CEDEX/DGA ríos 1:25.000"}},{"type":"Feature","geometry":{"type":"LineString","coordinates":[[-2.0433,38.8064],[-2.0345,38.812],[-2.0349,38.8269],[-2.0333,38.8319],[-2.0259,38.8398],[-2.0253,38.8484],[-2.0205,38.8527],[-2.0146,38.863],[-2.0048,38.8904],[-1.9722,38.9198],[-1.9675,38.9323],[-1.9599,38.9386],[-1.9597,38.9422],[-1.9534,38.9496],[-1.9493,38.9662]]},"properties":{"name":"Cañada del Acebuche","kind":"rambla","length_km":20.7,"pfafrio":"200284622","source":"CEDEX/DGA ríos 1:25.000"}},{"type":"Feature","geometry":{"type":"LineString","coordinates":[[-2.1109,38.7482],[-2.1054,38.7521],[-2.1057,38.7553],[-2.1014,38.7587],[-2.1056,38.7715],[-2.1106,38.7769],[-2.1053,38.7906],[-2.1075,38.7957],[-2.1064,38.8001],[-2.1099,38.8023],[-2.1097,38.8059],[-2.1084,38.8096],[-2.1028,38.8126],[-2.1017,38.8211],[-2.099,38.8224],[-2.0937,38.8303],[-2.0891,38.8308],[-2.0869,38.8338]]},"properties":{"name":"Cañada de los Navajuelos","kind":"rambla","length_km":11.7,"pfafrio":"2002846222422","source":"CEDEX/DGA ríos 1:25.000"}},{"type":"Feature","geometry":{"type":"LineString","coordinates":[[-2.1403,38.7377],[-2.136,38.7391],[-2.1361,38.7415],[-2.1465,38.7456],[-2.1508,38.7528],[-2.155,38.7556],[-2.1559,38.7589],[-2.1605,38.7597],[-2.1646,38.764],[-2.1641,38.7669],[-2.1574,38.7697],[-2.1569,38.7817],[-2.1537,38.7856],[-2.163,38.8035]]},"properties":{"name":"Rambla de Horiñuela","kind":"rambla","length_km":9.8,"pfafrio":"20028484242","source":"CEDEX/DGA ríos 1:25.000"}},{"type":"Feature","geometry":{"type":"LineString","coordinates":[[-1.5667,39.3324],[-1.5712,39.3238],[-1.572,39.3145],[-1.5706,39.3121],[-1.5721,39.3085],[-1.5679,39.3036],[-1.5677,39.2857],[-1.5646,39.2797],[-1.5681,39.2761],[-1.5649,39.2689],[-1.565,39.2588],[-1.5611,39.2552]]},"properties":{"name":"Rambla de Valladares","kind":"rambla","length_km":9.4,"pfafrio":"20027886","source":"CEDEX/DGA ríos 1:25.000"}},{"type":"Feature","geometry":{"type":"LineString","coordinates":[[-1.7012,39.5652],[-1.7056,39.5651],[-1.7108,39.5606],[-1.711,39.5507],[-1.724,39.5349],[-1.7204,39.5311],[-1.7186,39.5172],[-1.7231,39.504],[-1.7224,39.5009],[-1.7247,39.4977],[-1.7206,39.4948],[-1.723,39.4944],[-1.7239,39.4872],[-1.7266,39.485],[-1.726,39.483],[-1.7284,39.4815],[-1.729,39.4774],[-1.733,39.478],[-1.7353,39.4744],[-1.7316,39.4718],[-1.7336,39.4574],[-1.7485,39.4375]]},"properties":{"name":"Cañada del Monegrillo","kind":"rambla","length_km":17.5,"pfafrio":"20027888844","source":"CEDEX/DGA ríos 1:25.000"}},{"type":"Feature","geometry":{"type":"LineString","coordinates":[[-2.1515,38.777],[-2.1459,38.7862],[-2.1385,38.7925],[-2.1373,38.7961],[-2.1279,38.807],[-2.1271,38.8169],[-2.1291,38.8231],[-2.1241,38.8291],[-2.1259,38.8368],[-2.1223,38.8426],[-2.1132,38.8466]]},"properties":{"name":"Rambla de Cañada Honda","kind":"rambla","length_km":9.3,"pfafrio":"200284622246","source":"CEDEX/DGA ríos 1:25.000"}},{"type":"Feature","geometry":{"type":"LineString","coordinates":[[-1.4529,39.0638],[-1.4533,39.0676],[-1.4484,39.0717],[-1.4483,39.0742],[-1.4544,39.0792],[-1.455,39.0846],[-1.4472,39.098],[-1.4494,39.1013],[-1.4467,39.1082],[-1.4486,39.1099],[-1.4481,39.1124],[-1.4564,39.1227],[-1.4547,39.1275],[-1.4596,39.1305],[-1.4606,39.1349],[-1.4636,39.1368],[-1.4635,39.1425],[-1.4712,39.1483],[-1.4777,39.149],[-1.48,39.1526],[-1.4826,39.1516],[-1.4846,39.1552],[-1.4881,39.1541],[-1.4888,39.1576],[-1.4929,39.1571],[-1.4915,39.1629],[-1.4951,39.1685]]},"properties":{"name":"Cañada de la Cardosa","kind":"rambla","length_km":15.8,"pfafrio":"2002762","source":"CEDEX/DGA ríos 1:25.000"}},{"type":"Feature","geometry":{"type":"LineString","coordinates":[[-1.4692,39.0007],[-1.4702,39.002],[-1.4659,39.0098],[-1.4658,39.0134],[-1.4711,39.019],[-1.4712,39.0229],[-1.477,39.0277],[-1.4749,39.0347],[-1.4787,39.039],[-1.4805,39.0472],[-1.4888,39.0553],[-1.4882,39.0584],[-1.4918,39.0655],[-1.5026,39.0694],[-1.5029,39.0773],[-1.5086,39.0869],[-1.5106,39.0953],[-1.5151,39.0976],[-1.5162,39.1008],[-1.5201,39.1016],[-1.5239,39.1108],[-1.5281,39.1152],[-1.5328,39.1164],[-1.5322,39.1181],[-1.5407,39.1281],[-1.5397,39.1308],[-1.5427,39.1342],[-1.5412,39.1374],[-1.5437,39.1405]]},"properties":{"name":"Barranco de la Ramblada o Rambla Honda o Ramblilla del Tollo","kind":"barranco","length_km":19.2,"pfafrio":"20027662","source":"CEDEX/DGA ríos 1:25.000"}},{"type":"Feature","geometry":{"type":"LineString","coordinates":[[-1.6308,38.9833],[-1.6307,38.9868],[-1.6334,38.9895],[-1.6332,38.9939],[-1.6405,38.9992],[-1.6434,38.9975],[-1.6456,39.0036],[-1.6618,39.0077],[-1.6656,39.0074],[-1.6675,39.0042],[-1.6755,39.0045],[-1.6821,39.0068],[-1.6945,39.0163],[-1.7093,39.0164],[-1.7294,39.0241],[-1.7328,39.0264],[-1.7345,39.0313],[-1.7344,39.0416]]},"properties":{"name":"Rambla de las Cabras","kind":"rambla","length_km":14.0,"pfafrio":"20028424","source":"CEDEX/DGA ríos 1:25.000"}},{"type":"Feature","geometry":{"type":"LineString","coordinates":[[-1.9998,38.8021],[-2.002,38.8065],[-2.0096,38.8113],[-2.0111,38.8153],[-2.0118,38.822],[-2.0087,38.8283],[-2.0117,38.8347],[-2.0099,38.8388],[-1.9951,38.8418],[-1.9896,38.8411],[-1.9773,38.8448],[-1.968,38.8432],[-1.9628,38.8455],[-1.9508,38.8444]]},"properties":{"name":"Rambla del Tinajon","kind":"rambla","length_km":10.3,"pfafrio":"20028468","source":"CEDEX/DGA ríos 1:25.000"}},{"type":"Feature","geometry":{"type":"LineString","coordinates":[[-2.3557,39.0038],[-2.328,39.0161],[-2.3201,39.0143],[-2.3159,39.0158],[-2.3069,39.0113],[-2.3003,39.0112],[-2.2976,39.0085],[-2.2794,39.0083],[-2.2667,38.9979]]},"properties":{"name":"Cañada de Encinahermosa","kind":"rambla","length_km":9.4,"pfafrio":"200284448","source":"CEDEX/DGA ríos 1:25.000"}},{"type":"Feature","geometry":{"type":"LineString","coordinates":[[-1.3567,39.1487],[-1.36,39.1567],[-1.3675,39.1586],[-1.3726,39.1628],[-1.3821,39.1627],[-1.3945,39.1743],[-1.398,39.1745],[-1.3981,39.1764],[-1.4058,39.1813],[-1.4089,39.1813],[-1.411,39.1853],[-1.4167,39.1858],[-1.4182,39.1888],[-1.4216,39.1881],[-1.4284,39.1901]]},"properties":{"name":"Barranco de la Noguera","kind":"barranco","length_km":9.5,"pfafrio":"2002738","source":"CEDEX/DGA ríos 1:25.000"}},{"type":"Feature","geometry":{"type":"LineString","coordinates":[[-2.0838,39.6878],[-2.095,39.6876],[-2.0978,39.6806],[-2.1076,39.6805],[-2.1084,39.6711],[-2.1129,39.6693],[-2.1129,39.6597],[-2.1176,39.6502],[-2.1155,39.6411],[-2.1234,39.6367],[-2.1291,39.6285],[-2.1291,39.622],[-2.1313,39.6199],[-2.1327,39.6131],[-2.1455,39.6058],[-2.1524,39.5982]]},"properties":{"name":"Arroyo de la Dehesa","kind":"arroyo","length_km":14.0,"pfafrio":"2002954","source":"CEDEX/DGA ríos 1:25.000"}},{"type":"Feature","geometry":{"type":"LineString","coordinates":[[-2.3261,38.6684],[-2.3218,38.6757],[-2.322,38.6785],[-2.3297,38.683],[-2.3309,38.7002],[-2.3346,38.7058],[-2.336,38.7185],[-2.3418,38.7267],[-2.3373,38.7367],[-2.3306,38.7405],[-2.3269,38.7487],[-2.32,38.7531],[-2.3212,38.7588],[-2.3181,38.7629],[-2.3182,38.7684],[-2.3148,38.7722],[-2.3146,38.7777],[-2.3107,38.7825],[-2.3132,38.7835],[-2.3114,38.7897],[-2.3077,38.7912],[-2.309,38.7937],[-2.3057,38.7932],[-2.3064,38.8001],[-2.2977,38.8114]]},"properties":{"name":"Cañada del Rollo de la Tejera","kind":"rambla","length_km":19.3,"pfafrio":"200284846","source":"CEDEX/DGA ríos 1:25.000"}},{"type":"Feature","geometry":{"type":"LineString","coordinates":[[-0.9255,39.1395],[-0.9421,39.1483],[-0.9483,39.149],[-0.9509,39.1516],[-0.9545,39.1511],[-0.959,39.1549],[-0.9636,39.1542],[-0.9646,39.156],[-0.97,39.1569],[-0.9731,39.1559],[-0.9775,39.1577],[-0.9787,39.1606],[-0.9856,39.1604],[-0.9894,39.165],[-0.999,39.167],[-1.0021,39.1643],[-1.0138,39.164],[-1.0155,39.1625],[-1.0187,39.1655],[-1.0193,39.1637],[-1.0286,39.1599],[-1.0297,39.1569],[-1.032,39.1572],[-1.0334,39.16],[-1.0372,39.1584],[-1.0366,39.1643],[-1.0433,39.1666],[-1.0425,39.1717],[-1.0453,39.1726],[-1.0518,39.1694],[-1.0551,39.1748]]},"properties":{"name":"Rambla de Murell","kind":"rambla","length_km":17.1,"pfafrio":"2002728","source":"CEDEX/DGA ríos 1:25.000"}},{"type":"Feature","geometry":{"type":"LineString","coordinates":[[-2.3221,38.6524],[-2.3275,38.6509],[-2.3354,38.6539],[-2.3512,38.6655],[-2.3518,38.6701],[-2.3605,38.6743],[-2.3631,38.6792],[-2.3698,38.683],[-2.3702,38.6908],[-2.3767,38.6976],[-2.374,38.7082],[-2.3762,38.71],[-2.3766,38.7158],[-2.3808,38.7247],[-2.3785,38.7366],[-2.3734,38.7438]]},"properties":{"name":"Río del Pesebre","kind":"rio","length_km":13.5,"pfafrio":"20028484824","source":"CEDEX/DGA ríos 1:25.000"}},{"type":"Feature","geometry":{"type":"LineString","coordinates":[[-2.3364,38.6615],[-2.3334,38.6627],[-2.3316,38.6683],[-2.3405,38.6698],[-2.347,38.6751],[-2.3418,38.6813],[-2.3425,38.6846],[-2.3337,38.694],[-2.3345,38.6973],[-2.3513,38.7135],[-2.3612,38.7183],[-2.363,38.7216],[-2.3621,38.7314],[-2.3662,38.7413],[-2.3648,38.7434],[-2.3679,38.7473]]},"properties":{"name":"Río del Cilleruelo","kind":"rio","length_km":12.6,"pfafrio":"20028484822","source":"CEDEX/DGA ríos 1:25.000"}},{"type":"Feature","geometry":{"type":"LineString","coordinates":[[-1.9828,39.6409],[-1.9951,39.6294],[-1.9987,39.6288],[-2.0015,39.625],[-2.0045,39.6252],[-2.0078,39.6207],[-2.005,39.6193],[-2.0077,39.6162],[-2.0057,39.6111],[-2.008,39.6077],[-2.0061,39.6047],[-2.0051,39.5933],[-2.0064,39.5906],[-2.015,39.5859],[-2.0307,39.5661],[-2.0286,39.5613],[-2.0337,39.5578],[-2.0299,39.5559],[-2.0304,39.5529]]},"properties":{"name":"Vertiente del Vallejo del Herrero o Arroyo de Valencoso","kind":"otro","length_km":13.0,"pfafrio":"20029484","source":"CEDEX/DGA ríos 1:25.000"}},{"type":"Feature","geometry":{"type":"LineString","coordinates":[[-2.1192,38.8213],[-2.1167,38.825],[-2.1171,38.8324],[-2.1132,38.8466],[-2.1064,38.8506],[-2.1025,38.8589],[-2.0803,38.8706],[-2.0716,38.8709],[-2.0676,38.8729],[-2.0579,38.871]]},"properties":{"name":"Barranco de la Media Legua","kind":"barranco","length_km":9.2,"pfafrio":"20028462224","source":"CEDEX/DGA ríos 1:25.000"}},{"type":"Feature","geometry":{"type":"LineString","coordinates":[[-1.6251,38.8902],[-1.6248,38.9006],[-1.6218,38.9067],[-1.623,38.9101],[-1.6303,38.9122],[-1.6531,38.9109],[-1.6799,38.8984],[-1.7038,38.8769],[-1.7079,38.8692],[-1.7162,38.8611],[-1.7379,38.8582],[-1.7623,38.8498],[-1.7683,38.8519],[-1.7694,38.8604],[-1.7748,38.8642],[-1.78,38.8632],[-1.7942,38.8676],[-1.8028,38.8651],[-1.8104,38.8651],[-1.8267,38.8699],[-1.8327,38.8778],[-1.8332,38.8844],[-1.8369,38.8933],[-1.8413,38.898],[-1.842,38.9018],[-1.8382,38.9038],[-1.8348,38.9096],[-1.8374,38.9166],[-1.8562,38.9332],[-1.875,38.9406],[-1.9007,38.957],[-1.9086,38.9579],[-1.9169,38.9675]]},"properties":{"name":"Barranco de Escartana","kind":"barranco","length_km":39.9,"pfafrio":"20028466","source":"CEDEX/DGA ríos 1:25.000"}},{"type":"Feature","geometry":{"type":"LineString","coordinates":[[-2.4255,39.0086],[-2.4198,39.0188],[-2.4226,39.0229],[-2.4143,39.0292],[-2.4146,39.0376],[-2.4023,39.0454],[-2.3994,39.0616],[-2.3928,39.0713],[-2.3944,39.0771],[-2.3911,39.0784],[-2.3914,39.0849],[-2.3898,39.0879]]},"properties":{"name":"Cañada Barchi","kind":"rambla","length_km":10.6,"pfafrio":"20029066","source":"CEDEX/DGA ríos 1:25.000"}},{"type":"Feature","geometry":{"type":"LineString","coordinates":[[-1.9449,39.7122],[-1.9433,39.7094],[-1.9466,39.7056],[-1.9475,39.6914],[-1.9544,39.6867],[-1.9607,39.6776],[-1.9584,39.6705],[-1.9561,39.6696],[-1.9591,39.667],[-1.956,39.6655],[-1.9542,39.6576],[-1.9576,39.6555],[-1.9598,39.6568],[-1.9586,39.6532],[-1.9612,39.6527],[-1.9614,39.6502]]},"properties":{"name":"Rambla de la Hocecilla","kind":"rambla","length_km":9.0,"pfafrio":"200294888","source":"CEDEX/DGA ríos 1:25.000"}},{"type":"Feature","geometry":{"type":"LineString","coordinates":[[-2.0216,39.8293],[-2.0241,39.8259],[-2.0231,39.8237],[-2.0248,39.8199],[-2.0357,39.8196],[-2.0413,39.8241],[-2.044,39.8229],[-2.0455,39.8252],[-2.0482,39.8243],[-2.0504,39.8275],[-2.0563,39.8284],[-2.0594,39.8308],[-2.077,39.8318],[-2.079,39.8295],[-2.0775,39.8285],[-2.0835,39.8242],[-2.0785,39.8188],[-2.0799,39.8154],[-2.0896,39.8099]]},"properties":{"name":"Arroyo de la Dehesa","kind":"arroyo","length_km":10.5,"pfafrio":"2002968","source":"CEDEX/DGA ríos 1:25.000"}},{"type":"Feature","geometry":{"type":"LineString","coordinates":[[-2.3544,39.0146],[-2.3559,39.018],[-2.3525,39.02],[-2.3431,39.0194],[-2.3328,39.024],[-2.3228,39.0257],[-2.3175,39.0345],[-2.3042,39.0422],[-2.3017,39.05],[-2.2822,39.0637],[-2.2562,39.0688],[-2.2489,39.0682],[-2.2428,39.0715]]},"properties":{"name":"Cañada de Santo Domingo","kind":"rambla","length_km":13.1,"pfafrio":"20029084","source":"CEDEX/DGA ríos 1:25.000"}},{"type":"Feature","geometry":{"type":"LineString","coordinates":[[-1.7139,39.6022],[-1.7166,39.6046],[-1.7173,39.6095],[-1.708,39.6121],[-1.7001,39.6047],[-1.6924,39.6026],[-1.693,39.6006],[-1.6869,39.5928],[-1.6812,39.59],[-1.6847,39.5884],[-1.6816,39.5836],[-1.6825,39.5809],[-1.6717,39.5662],[-1.6732,39.5578],[-1.6664,39.5533],[-1.6674,39.5452],[-1.6658,39.5394],[-1.6676,39.5367],[-1.6663,39.5292],[-1.6845,39.5135],[-1.6902,39.5062],[-1.6896,39.5037],[-1.6954,39.4978]]},"properties":{"name":"Barranco de la Hoz del Candalar","kind":"barranco","length_km":18.4,"pfafrio":"2002788884422","source":"CEDEX/DGA ríos 1:25.000"}},{"type":"Feature","geometry":{"type":"LineString","coordinates":[[-1.9213,38.7755],[-1.9233,38.7763],[-1.9291,38.7728],[-1.9363,38.7752],[-1.9435,38.7802],[-1.949,38.7875],[-1.9524,38.7885],[-1.9535,38.7992],[-1.9511,38.8068],[-1.9567,38.8121],[-1.9574,38.824],[-1.9549,38.8366],[-1.9397,38.8639],[-1.9339,38.8645],[-1.9379,38.8715],[-1.9288,38.8788],[-1.9261,38.8856],[-1.9312,38.9213],[-1.9237,38.9279],[-1.9207,38.9334],[-1.926,38.9399],[-1.9293,38.9509],[-1.9169,38.9573],[-1.9157,38.9734],[-1.9174,38.9782],[-1.9143,38.9871]]},"properties":{"name":"Canal del Salobral","kind":"canal","length_km":28.7,"pfafrio":"2002846","source":"CEDEX/DGA ríos 1:25.000"}},{"type":"Feature","geometry":{"type":"LineString","coordinates":[[-2.0403,39.6612],[-2.0359,39.6531],[-2.0257,39.6483],[-2.0266,39.6442],[-2.0297,39.6422],[-2.0311,39.6355],[-2.0353,39.632],[-2.0312,39.6302],[-2.0258,39.6221],[-2.0237,39.6128],[-2.0284,39.6057],[-2.0349,39.6013],[-2.0356,39.5975],[-2.041,39.5974],[-2.0463,39.5916],[-2.0526,39.5884]]},"properties":{"name":"Vallejo de los Muertos","kind":"otro","length_km":11.1,"pfafrio":"2002948242","source":"CEDEX/DGA ríos 1:25.000"}},{"type":"Feature","geometry":{"type":"LineString","coordinates":[[-2.4141,38.6596],[-2.4198,38.6681],[-2.4163,38.6761],[-2.4234,38.6834],[-2.4191,38.6894],[-2.4134,38.6921],[-2.4143,38.6961],[-2.4093,38.7007],[-2.4088,38.7068],[-2.4199,38.7118],[-2.4187,38.717],[-2.4221,38.7208],[-2.4212,38.7227],[-2.4232,38.7232],[-2.423,38.7276],[-2.4328,38.7296],[-2.4356,38.7336],[-2.4365,38.7363],[-2.4337,38.7465],[-2.4289,38.7492]]},"properties":{"name":"Rambla del Hocico","kind":"rambla","length_km":13.8,"pfafrio":"20028484882","source":"CEDEX/DGA ríos 1:25.000"}},{"type":"Feature","geometry":{"type":"LineString","coordinates":[[-2.3316,39.0191],[-2.2984,39.0213],[-2.2881,39.0195],[-2.2784,39.0247],[-2.2725,39.0414],[-2.2609,39.0552],[-2.2602,39.0586],[-2.246,39.0652],[-2.2428,39.0715],[-2.2373,39.0743],[-2.2303,39.0824],[-2.231,39.0897],[-2.222,39.1013],[-2.2216,39.1053],[-2.2159,39.1098],[-2.2132,39.1255],[-2.2093,39.1283],[-2.1984,39.1523],[-2.1883,39.1554],[-2.1667,39.1669],[-2.166,39.1854],[-2.1609,39.1904],[-2.1595,39.1957]]},"properties":{"name":"Cañada del Cornudillo o del Moral","kind":"rambla","length_km":28.5,"pfafrio":"2002908","source":"CEDEX/DGA ríos 1:25.000"}},{"type":"Feature","geometry":{"type":"LineString","coordinates":[[-2.3814,39.0895],[-2.377,39.095],[-2.3765,39.1003],[-2.369,39.1025],[-2.3677,39.1059],[-2.3607,39.107],[-2.3479,39.1254],[-2.3454,39.1266],[-2.3418,39.1244],[-2.3332,39.1273],[-2.321,39.1386],[-2.3062,39.1447],[-2.2995,39.1495],[-2.2935,39.1496],[-2.2894,39.1524],[-2.2776,39.1528],[-2.2699,39.1575],[-2.2611,39.1574],[-2.2573,39.1543],[-2.2533,39.1542],[-2.2444,39.1608],[-2.2338,39.1608],[-2.2272,39.1566],[-2.219,39.1561],[-2.2094,39.1487],[-2.2009,39.1466]]},"properties":{"name":"Vallejo de los Chozos o Cañada de Santa Marta","kind":"otro","length_km":20.8,"pfafrio":"20029082","source":"CEDEX/DGA ríos 1:25.000"}},{"type":"Feature","geometry":{"type":"LineString","coordinates":[[-1.3329,39.0761],[-1.3324,39.0789],[-1.3399,39.083],[-1.346,39.0943],[-1.362,39.0944],[-1.3651,39.1025],[-1.3738,39.1134],[-1.3823,39.1147],[-1.3911,39.1229],[-1.3983,39.1268],[-1.4152,39.1248],[-1.4208,39.1288]]},"properties":{"name":"Rambla de Peñarrubia o Barranco del Reventon","kind":"rambla","length_km":11.5,"pfafrio":"2002746","source":"CEDEX/DGA ríos 1:25.000"}},{"type":"Feature","geometry":{"type":"LineString","coordinates":[[-2.1168,39.7016],[-2.1254,39.6994],[-2.1268,39.6953],[-2.1322,39.6902],[-2.1497,39.68],[-2.1492,39.6724],[-2.1529,39.6698],[-2.1586,39.659],[-2.1596,39.6504],[-2.1575,39.638],[-2.1862,39.6126]]},"properties":{"name":"Vallejo de San Pedro","kind":"otro","length_km":12.9,"pfafrio":"2002958","source":"CEDEX/DGA ríos 1:25.000"}},{"type":"Feature","geometry":{"type":"LineString","coordinates":[[-2.3276,39.0713],[-2.3227,39.075],[-2.3211,39.079],[-2.3235,39.0872],[-2.3155,39.0942],[-2.3142,39.0987],[-2.3058,39.1043],[-2.3055,39.1161],[-2.297,39.1172],[-2.2848,39.1217],[-2.2673,39.1351],[-2.2661,39.1387],[-2.2565,39.1456],[-2.2553,39.1495],[-2.2436,39.1577],[-2.2431,39.1601],[-2.2323,39.1602]]},"properties":{"name":"Cañada de San José","kind":"rambla","length_km":14.7,"pfafrio":"200290824","source":"CEDEX/DGA ríos 1:25.000"}},{"type":"Feature","geometry":{"type":"LineString","coordinates":[[-2.4062,38.9716],[-2.4015,38.9675],[-2.3962,38.9684],[-2.3844,38.9756],[-2.3817,38.9794],[-2.3666,38.9789],[-2.3648,38.9837],[-2.3606,38.9862],[-2.3733,39.011],[-2.3719,39.0172],[-2.3731,39.0215],[-2.377,39.0214],[-2.377,39.0277],[-2.3737,39.035],[-2.3772,39.0376],[-2.3767,39.0394],[-2.374,39.0397],[-2.3754,39.0447],[-2.3716,39.0493],[-2.3731,39.0617],[-2.3721,39.0669],[-2.376,39.0695]]},"properties":{"name":"Cañada de las Colmenas","kind":"rambla","length_km":16.5,"pfafrio":"20029068","source":"CEDEX/DGA ríos 1:25.000"}},{"type":"Feature","geometry":{"type":"LineString","coordinates":[[-2.4969,38.7368],[-2.5004,38.7464],[-2.5073,38.7566],[-2.4999,38.7612],[-2.4871,38.7634],[-2.4826,38.769],[-2.4729,38.7727],[-2.4693,38.7763],[-2.4695,38.78],[-2.4651,38.7865],[-2.4568,38.7866],[-2.4414,38.7916],[-2.435,38.7907],[-2.4189,38.7932],[-2.4133,38.7958],[-2.4071,38.7942],[-2.4001,38.7987],[-2.3846,38.7866]]},"properties":{"name":"Cañada del Charcon","kind":"rambla","length_km":16.2,"pfafrio":"2002848486","source":"CEDEX/DGA ríos 1:25.000"}},{"type":"Feature","geometry":{"type":"LineString","coordinates":[[-2.3033,38.6668],[-2.2933,38.673],[-2.2961,38.6762],[-2.2959,38.6807],[-2.3054,38.6901],[-2.3124,38.7015],[-2.3116,38.7098],[-2.3164,38.7222],[-2.315,38.7253],[-2.3162,38.7351],[-2.3126,38.7479],[-2.3034,38.7626],[-2.3038,38.7646],[-2.2922,38.7733],[-2.2841,38.7822]]},"properties":{"name":"Río de Masegoso","kind":"rio","length_km":15.2,"pfafrio":"2002848442","source":"CEDEX/DGA ríos 1:25.000"}},{"type":"Feature","geometry":{"type":"LineString","coordinates":[[-2.4202,39.7548],[-2.4013,39.7469],[-2.3972,39.7425],[-2.3974,39.7393],[-2.3915,39.7339],[-2.3917,39.7317],[-2.3785,39.722],[-2.3783,39.7181],[-2.3744,39.7134],[-2.3516,39.7],[-2.3498,39.6877],[-2.3456,39.6861],[-2.335,39.6876],[-2.3274,39.6805],[-2.3173,39.6842],[-2.3114,39.6837],[-2.3044,39.6889],[-2.3003,39.6955],[-2.2983,39.7041],[-2.2717,39.7159]]},"properties":{"name":"Arroyo del Molinillo o el Riato","kind":"arroyo","length_km":19.8,"pfafrio":"2002974","source":"CEDEX/DGA ríos 1:25.000"}},{"type":"Feature","geometry":{"type":"LineString","coordinates":[[-1.9314,39.6882],[-1.9304,39.6844],[-1.9318,39.6812],[-1.927,39.6763],[-1.9264,39.6724],[-1.93,39.6678],[-1.9284,39.6654],[-1.9318,39.6648],[-1.9316,39.6624],[-1.9347,39.66],[-1.9315,39.6559],[-1.9344,39.6458],[-1.9367,39.6445],[-1.935,39.6425],[-1.9362,39.64],[-1.9262,39.6334],[-1.9204,39.6314],[-1.9149,39.6329],[-1.9135,39.6292],[-1.9087,39.6295]]},"properties":{"name":"Vallejo de Cabañero o Juanquiton o de Olivares","kind":"otro","length_km":9.7,"pfafrio":"20029276","source":"CEDEX/DGA ríos 1:25.000"}},{"type":"Feature","geometry":{"type":"LineString","coordinates":[[-2.0571,39.6976],[-2.0621,39.7054],[-2.0788,39.7133],[-2.0905,39.7264],[-2.102,39.7296],[-2.1435,39.751],[-2.1636,39.7519]]},"properties":{"name":"Río de Piqueras","kind":"rio","length_km":11.7,"pfafrio":"2002964","source":"CEDEX/DGA ríos 1:25.000"}},{"type":"Feature","geometry":{"type":"LineString","coordinates":[[-2.3554,40.0134],[-2.3497,40.0038],[-2.3443,40.0002],[-2.3383,39.9895],[-2.3285,39.9835],[-2.326,39.9797],[-2.3243,39.9669],[-2.3206,39.965],[-2.3215,39.9538],[-2.3183,39.9457],[-2.3124,39.9381],[-2.3138,39.9328]]},"properties":{"name":"Río de Barbalimpia","kind":"rio","length_km":10.7,"pfafrio":"200299148","source":"CEDEX/DGA ríos 1:25.000"}},{"type":"Feature","geometry":{"type":"LineString","coordinates":[[-1.9957,40.11],[-2.0048,40.1039],[-2.0069,40.0995],[-2.0206,40.095],[-2.0314,40.0938],[-2.0348,40.0959],[-2.0426,40.0938],[-2.0481,40.0961],[-2.0511,40.0929],[-2.0517,40.0951],[-2.0607,40.0972],[-2.0696,40.0947],[-2.0753,40.0956],[-2.077,40.093],[-2.0798,40.0934],[-2.0825,40.0895],[-2.086,40.089],[-2.0886,40.0849]]},"properties":{"name":"Arroyo de la Cueva del Fraile","kind":"arroyo","length_km":10.7,"pfafrio":"20029962","source":"CEDEX/DGA ríos 1:25.000"}},{"type":"Feature","geometry":{"type":"LineString","coordinates":[[-2.2979,40.0735],[-2.2759,40.0689],[-2.2637,40.073],[-2.2484,40.073],[-2.2403,40.0761],[-2.2296,40.0743],[-2.2258,40.0713],[-2.2251,40.0683],[-2.2165,40.0628],[-2.215,40.0542],[-2.2187,40.0437]]},"properties":{"name":"Arroyo del Prado Colliguilla","kind":"arroyo","length_km":10.2,"pfafrio":"200299196","source":"CEDEX/DGA ríos 1:25.000"}},{"type":"Feature","geometry":{"type":"LineString","coordinates":[[-2.0092,39.7608],[-2.0058,39.7605],[-2.0003,39.7561],[-1.9933,39.745],[-1.9914,39.746],[-1.9863,39.7439],[-1.9682,39.7469],[-1.9481,39.7435],[-1.9436,39.7402],[-1.9394,39.7329],[-1.9062,39.7182]]},"properties":{"name":"Arroyo de los Angostos","kind":"arroyo","length_km":11.4,"pfafrio":"2002928","source":"CEDEX/DGA ríos 1:25.000"}},{"type":"Feature","geometry":{"type":"LineString","coordinates":[[-2.3196,40.0719],[-2.3216,40.0692],[-2.3189,40.0575],[-2.3065,40.0472],[-2.3021,40.0379],[-2.2972,40.035],[-2.2985,40.031],[-2.2959,40.0264],[-2.2988,40.0235],[-2.2989,40.0204],[-2.2952,40.0193],[-2.2917,40.0129],[-2.2815,40.0048],[-2.2703,40.0012],[-2.2579,39.9936],[-2.2523,39.9933]]},"properties":{"name":"Arroyo del Egidillo","kind":"arroyo","length_km":12.5,"pfafrio":"200299176","source":"CEDEX/DGA ríos 1:25.000"}},{"type":"Feature","geometry":{"type":"LineString","coordinates":[[-2.3659,39.9844],[-2.367,39.9747],[-2.3651,39.9695],[-2.3513,39.9614],[-2.3491,39.9546],[-2.3351,39.9419],[-2.3149,39.9343],[-2.3059,39.9215],[-2.2988,39.9163],[-2.297,39.9101],[-2.2985,39.9084],[-2.2947,39.9055],[-2.2904,39.8962],[-2.2845,39.8904],[-2.2779,39.8878],[-2.2793,39.8863],[-2.2737,39.881]]},"properties":{"name":"Arroyo de las Tejas","kind":"arroyo","length_km":15.7,"pfafrio":"20029914","source":"CEDEX/DGA ríos 1:25.000"}},{"type":"Feature","geometry":{"type":"LineString","coordinates":[[-2.0118,39.7681],[-2.0163,39.7714],[-2.0308,39.7736],[-2.0397,39.7674],[-2.0689,39.7703],[-2.076,39.7696],[-2.0835,39.7654],[-2.0878,39.7698],[-2.0921,39.7657],[-2.0945,39.7668],[-2.1001,39.7627]]},"properties":{"name":"Río de la Vega","kind":"rio","length_km":9.7,"pfafrio":"200296426","source":"CEDEX/DGA ríos 1:25.000"}},{"type":"Feature","geometry":{"type":"LineString","coordinates":[[-0.9358,39.0751],[-0.9675,39.09],[-0.9741,39.0863],[-0.9781,39.087],[-0.9764,39.0838],[-0.9847,39.0768],[-0.989,39.0772],[-0.997,39.0737],[-1.002,39.0744],[-1.0075,39.0789],[-1.0099,39.0771],[-1.0092,39.0801],[-1.0123,39.0808],[-1.0101,39.0827],[-1.0134,39.087],[-1.0182,39.0877],[-1.0221,39.0914],[-1.0261,39.0896],[-1.029,39.0944],[-1.0317,39.0939],[-1.0348,39.0964],[-1.0378,39.1022],[-1.0408,39.1025],[-1.0408,39.105],[-1.0438,39.1054],[-1.0426,39.1079],[-1.047,39.1118],[-1.0449,39.1165],[-1.0463,39.1177]]},"properties":{"name":"Río o Rambla de Argongeña","kind":"rio","length_km":16.5,"pfafrio":"20027268","source":"CEDEX/DGA ríos 1:25.000"}},{"type":"Feature","geometry":{"type":"LineString","coordinates":[[-0.6646,39.7666],[-0.6578,39.758],[-0.6477,39.7564],[-0.6463,39.7533],[-0.6423,39.7527],[-0.6386,39.7494],[-0.6322,39.7515],[-0.6291,39.7471],[-0.6243,39.7465],[-0.6292,39.74],[-0.6275,39.7396],[-0.6273,39.7374],[-0.6335,39.7309],[-0.6303,39.7271],[-0.6374,39.7171],[-0.6323,39.7109],[-0.6247,39.6923],[-0.6173,39.6657],[-0.6101,39.6637],[-0.6085,39.6611]]},"properties":{"name":"Rambla de las Veinticuatro","kind":"rambla","length_km":16.6,"pfafrio":"20034184","source":"CEDEX/DGA ríos 1:25.000"}},{"type":"Feature","geometry":{"type":"LineString","coordinates":[[-1.9349,40.1513],[-1.9431,40.1423],[-1.952,40.1366],[-1.9539,40.1267],[-1.943,40.1152],[-1.945,40.1115],[-1.9518,40.1094],[-1.9565,40.104],[-1.9616,40.1039],[-1.9643,40.0962],[-1.9618,40.0945],[-1.9661,40.0929],[-1.9636,40.0904],[-1.966,40.087]]},"properties":{"name":"Barranco de Calderon","kind":"barranco","length_km":10.3,"pfafrio":"200299688","source":"CEDEX/DGA ríos 1:25.000"}},{"type":"Feature","geometry":{"type":"LineString","coordinates":[[-1.946,39.6662],[-1.947,39.6606],[-1.9389,39.6421],[-1.9386,39.6348],[-1.9289,39.6278],[-1.9275,39.6174],[-1.9242,39.6131],[-1.9183,39.6118],[-1.9086,39.615],[-1.9053,39.6119],[-1.9012,39.6155],[-1.9005,39.6135],[-1.8979,39.6138]]},"properties":{"name":"Vallejo de Ana Maria o de la Malamerienda","kind":"otro","length_km":9.8,"pfafrio":"20029274","source":"CEDEX/DGA ríos 1:25.000"}},{"type":"Feature","geometry":{"type":"LineString","coordinates":[[-1.9725,40.1722],[-1.9831,40.1705],[-1.9995,40.1727],[-2.0041,40.1701],[-2.029,40.1647],[-2.0343,40.1599],[-2.0466,40.1535],[-2.062,40.1522],[-2.0773,40.1481],[-2.0866,40.1492],[-2.1045,40.1395],[-2.1154,40.1287],[-2.1255,40.1281],[-2.1341,40.1249]]},"properties":{"name":"Río de Valdecabras","kind":"rio","length_km":16.3,"pfafrio":"20029974","source":"CEDEX/DGA ríos 1:25.000"}},{"type":"Feature","geometry":{"type":"LineString","coordinates":[[-1.8452,39.3334],[-1.845,39.328],[-1.8371,39.322],[-1.8328,39.3146],[-1.8284,39.3138],[-1.8269,39.3104],[-1.8225,39.3093],[-1.8209,39.3049],[-1.8111,39.2945],[-1.7993,39.2876],[-1.7968,39.279],[-1.7961,39.2642],[-1.7904,39.2625],[-1.7861,39.2545],[-1.77,39.2533],[-1.763,39.2503],[-1.7459,39.2476],[-1.7435,39.2444],[-1.7449,39.2401],[-1.7302,39.2327],[-1.7264,39.2248],[-1.7145,39.2219],[-1.7162,39.2168],[-1.7127,39.2109],[-1.7204,39.2089],[-1.7148,39.1971],[-1.7103,39.1937],[-1.7159,39.1888],[-1.7209,39.19],[-1.7196,39.1849],[-1.7163,39.1824],[-1.7209,39.182]]},"properties":{"name":"Rambla de Mahora","kind":"rambla","length_km":26.6,"pfafrio":"2002922","source":"CEDEX/DGA ríos 1:25.000"}},{"type":"Feature","geometry":{"type":"LineString","coordinates":[[-1.7622,39.3095],[-1.7548,39.3091],[-1.7492,39.3065],[-1.7486,39.304],[-1.739,39.3018],[-1.7343,39.2978],[-1.73,39.2928],[-1.7312,39.2908],[-1.724,39.2847],[-1.7204,39.2764],[-1.7217,39.2747],[-1.7209,39.2705],[-1.7177,39.2692],[-1.7128,39.2623],[-1.7133,39.2598],[-1.7106,39.258],[-1.711,39.2555],[-1.707,39.2526],[-1.7063,39.2482],[-1.7019,39.2444],[-1.7054,39.2386],[-1.7033,39.2338],[-1.7195,39.2282],[-1.7207,39.223]]},"properties":{"name":"Cañada de Arriba o Cañada de Abajo","kind":"rambla","length_km":13.9,"pfafrio":"20029222","source":"CEDEX/DGA ríos 1:25.000"}},{"type":"Feature","geometry":{"type":"LineString","coordinates":[[-0.604,39.7492],[-0.6046,39.7448],[-0.5986,39.7399],[-0.5964,39.733],[-0.5984,39.7266],[-0.5965,39.7225],[-0.5998,39.7193],[-0.5984,39.7161],[-0.6,39.7052],[-0.6088,39.6965],[-0.6016,39.6659]]},"properties":{"name":"Barranc del Forat","kind":"barranco","length_km":10.4,"pfafrio":"20034186","source":"CEDEX/DGA ríos 1:25.000"}},{"type":"Feature","geometry":{"type":"LineString","coordinates":[[-1.877,40.2987],[-1.8826,40.3],[-1.8851,40.3027],[-1.887,40.3018],[-1.8915,40.2951],[-1.8935,40.2875],[-1.891,40.2837],[-1.8917,40.2793],[-1.8876,40.2765],[-1.8864,40.2719],[-1.889,40.2702],[-1.8885,40.2687],[-1.8824,40.2659],[-1.8844,40.2652],[-1.8856,40.26],[-1.8815,40.2562],[-1.8755,40.2546],[-1.8719,40.2491],[-1.8741,40.2478],[-1.8745,40.2393],[-1.8768,40.2387],[-1.8739,40.235],[-1.8749,40.2294],[-1.8774,40.2288],[-1.8754,40.2259],[-1.885,40.2156]]},"properties":{"name":"Arroyo de Valduerguina","kind":"arroyo","length_km":13.9,"pfafrio":"200299956","source":"CEDEX/DGA ríos 1:25.000"}},{"type":"Feature","geometry":{"type":"LineString","coordinates":[[-0.5148,39.2878],[-0.517,39.2861],[-0.5174,39.279],[-0.526,39.275],[-0.5294,39.2699],[-0.5292,39.2662],[-0.5115,39.2556],[-0.5014,39.2536],[-0.4903,39.2472],[-0.4866,39.2472],[-0.4814,39.2515],[-0.4761,39.2603],[-0.4714,39.2575]]},"properties":{"name":"Barranc de L`aigua","kind":"barranco","length_km":9.9,"pfafrio":"20031222","source":"CEDEX/DGA ríos 1:25.000"}},{"type":"Feature","geometry":{"type":"LineString","coordinates":[[-0.4402,39.3019],[-0.4309,39.3015],[-0.429,39.2955],[-0.421,39.2916],[-0.4157,39.2834],[-0.4071,39.2756],[-0.3961,39.2754],[-0.3847,39.2721],[-0.3826,39.265],[-0.378,39.2612],[-0.3731,39.25],[-0.3684,39.2462]]},"properties":{"name":"Barranc del Tramusser","kind":"barranco","length_km":10.0,"pfafrio":"2003124","source":"CEDEX/DGA ríos 1:25.000"}},{"type":"Feature","geometry":{"type":"LineString","coordinates":[[-0.6,39.4139],[-0.5874,39.4114],[-0.5724,39.4148],[-0.5625,39.4145],[-0.5578,39.4181],[-0.5555,39.4144],[-0.5483,39.4133],[-0.5467,39.4148],[-0.5484,39.4171],[-0.54,39.4196],[-0.5436,39.4208],[-0.5398,39.4254],[-0.5354,39.4234],[-0.5326,39.4243],[-0.5284,39.4308],[-0.5181,39.4336],[-0.5166,39.4357],[-0.5059,39.4322],[-0.4993,39.432],[-0.4948,39.4355],[-0.4864,39.4336],[-0.4733,39.4371],[-0.472,39.4398]]},"properties":{"name":"Barranco de la Horteta","kind":"barranco","length_km":15.0,"pfafrio":"200324","source":"CEDEX/DGA ríos 1:25.000"}},{"type":"Feature","geometry":{"type":"LineString","coordinates":[[-0.7361,39.6589],[-0.7312,39.6572],[-0.7244,39.6431],[-0.713,39.6312],[-0.6942,39.6252],[-0.6929,39.6221],[-0.6885,39.6198],[-0.6738,39.6185],[-0.665,39.6118]]},"properties":{"name":"Barranco de la Surada","kind":"barranco","length_km":9.4,"pfafrio":"2003422","source":"CEDEX/DGA ríos 1:25.000"}},{"type":"Feature","geometry":{"type":"LineString","coordinates":[[-0.513,39.3053],[-0.5099,39.3024],[-0.4951,39.3068],[-0.4876,39.316],[-0.487,39.3194],[-0.4795,39.3217],[-0.4674,39.3198],[-0.4567,39.3157],[-0.4521,39.3117],[-0.4456,39.3107],[-0.4424,39.3088],[-0.4402,39.3019]]},"properties":{"name":"Barranc Fondó","kind":"barranco","length_km":9.1,"pfafrio":"20031244","source":"CEDEX/DGA ríos 1:25.000"}},{"type":"Feature","geometry":{"type":"LineString","coordinates":[[-0.6844,39.7502],[-0.6763,39.7375],[-0.6757,39.732],[-0.6649,39.723],[-0.6617,39.7149],[-0.6452,39.6934],[-0.6361,39.6854],[-0.6321,39.6783],[-0.6236,39.6715],[-0.6237,39.6688],[-0.6168,39.6651]]},"properties":{"name":"Rambla de Casa Carlos","kind":"rambla","length_km":11.6,"pfafrio":"200341842","source":"CEDEX/DGA ríos 1:25.000"}},{"type":"Feature","geometry":{"type":"LineString","coordinates":[[-0.3684,39.2462],[-0.3622,39.2481],[-0.3565,39.2455],[-0.3487,39.2463],[-0.3288,39.2543],[-0.3123,39.2768],[-0.3033,39.2825],[-0.2725,39.2787]]},"properties":{"name":"Sequia Gran","kind":"otro","length_km":10.6,"pfafrio":"200312","source":"CEDEX/DGA ríos 1:25.000"}},{"type":"Feature","geometry":{"type":"LineString","coordinates":[[-0.6877,39.5205],[-0.6836,39.5166],[-0.671,39.5129],[-0.6574,39.519],[-0.6515,39.5191],[-0.6484,39.5132],[-0.6407,39.5131],[-0.6291,39.507],[-0.6235,39.4985],[-0.6171,39.4944],[-0.5785,39.49],[-0.5689,39.4862],[-0.5293,39.4831],[-0.5049,39.4759],[-0.4648,39.4811],[-0.4602,39.4861]]},"properties":{"name":"Barranco de Cañadafria o de Pozalet","kind":"barranco","length_km":22.9,"pfafrio":"20034122","source":"CEDEX/DGA ríos 1:25.000"}},{"type":"Feature","geometry":{"type":"LineString","coordinates":[[-0.844,39.6237],[-0.8471,39.6298],[-0.8431,39.631],[-0.8326,39.6405],[-0.8268,39.6409],[-0.8086,39.6566],[-0.8045,39.6568],[-0.7965,39.6529],[-0.7873,39.6534],[-0.7727,39.6561],[-0.7685,39.6602]]},"properties":{"name":"Rambla de Caracierzo","kind":"rambla","length_km":9.8,"pfafrio":"2003426","source":"CEDEX/DGA ríos 1:25.000"}},{"type":"Feature","geometry":{"type":"LineString","coordinates":[[-0.6037,39.433],[-0.6054,39.4324],[-0.6095,39.4368],[-0.6086,39.4399],[-0.6014,39.4465],[-0.5957,39.444],[-0.5804,39.4478],[-0.5622,39.4621],[-0.5512,39.4653],[-0.5338,39.4668]]},"properties":{"name":"Barranco del Gallego","kind":"barranco","length_km":9.1,"pfafrio":"20032622","source":"CEDEX/DGA ríos 1:25.000"}},{"type":"Feature","geometry":{"type":"LineString","coordinates":[[-1.98,40.1798],[-2.0043,40.187],[-2.0185,40.1855],[-2.0335,40.1954],[-2.0417,40.1964],[-2.0451,40.2013],[-2.0539,40.2062],[-2.0799,40.2076],[-2.0917,40.214],[-2.0992,40.2149]]},"properties":{"name":"Arroyo del Cambron","kind":"arroyo","length_km":12.1,"pfafrio":"200299918","source":"CEDEX/DGA ríos 1:25.000"}},{"type":"Feature","geometry":{"type":"LineString","coordinates":[[-0.8449,39.9266],[-0.8473,39.9244],[-0.8515,39.9256],[-0.8564,39.9242],[-0.8579,39.9196],[-0.8649,39.9137],[-0.8635,39.9108],[-0.8591,39.909],[-0.8572,39.9032],[-0.8584,39.9],[-0.8562,39.8975],[-0.8597,39.8926],[-0.8629,39.8825],[-0.8661,39.8793],[-0.8686,39.8705],[-0.8651,39.8665],[-0.8606,39.8538],[-0.8549,39.8511],[-0.855,39.849],[-0.8504,39.8479],[-0.8482,39.8451],[-0.8455,39.8457],[-0.8431,39.8415],[-0.8389,39.8391],[-0.8225,39.8387],[-0.8214,39.8276],[-0.81,39.8144],[-0.806,39.814],[-0.8031,39.8105],[-0.8001,39.8108],[-0.7884,39.7998],[-0.7749,39.7932],[-0.7744,39.7909],[-0.7782,39.7891],[-0.7772,39.7877],[-0.7828,39.7844],[-0.7792,39.7832],[-0.783,39.7805],[-0.7828,39.7766],[-0.7796,39.7716],[-0.7764,39.772],[-0.7716,39.7655]]},"properties":{"name":"Rambla de Andilla","kind":"rambla","length_km":27.4,"pfafrio":"20034244","source":"CEDEX/DGA ríos 1:25.000"}},{"type":"Feature","geometry":{"type":"LineString","coordinates":[[-0.6836,39.4406],[-0.6749,39.4386],[-0.6588,39.4436],[-0.643,39.4434],[-0.6359,39.4476],[-0.625,39.4492],[-0.6218,39.4528],[-0.6158,39.4544],[-0.6099,39.4586],[-0.6047,39.4575],[-0.5943,39.4659],[-0.5803,39.4657],[-0.5683,39.4612],[-0.5631,39.4615]]},"properties":{"name":"Barranco de Pelos","kind":"barranco","length_km":12.1,"pfafrio":"200326222","source":"CEDEX/DGA ríos 1:25.000"}},{"type":"Feature","geometry":{"type":"LineString","coordinates":[[-0.7128,39.4417],[-0.7077,39.447],[-0.6951,39.4502],[-0.6878,39.457],[-0.6752,39.4555],[-0.6663,39.4606],[-0.663,39.4603],[-0.6556,39.4635],[-0.6478,39.4717],[-0.6401,39.4758],[-0.6395,39.4806],[-0.6295,39.4814],[-0.6209,39.4859],[-0.6175,39.4849]]},"properties":{"name":"Barranco de la Canaleja o de Sechara","kind":"barranco","length_km":10.9,"pfafrio":"20032624","source":"CEDEX/DGA ríos 1:25.000"}},{"type":"Feature","geometry":{"type":"LineString","coordinates":[[-1.2097,39.8284],[-1.2072,39.814],[-1.2088,39.807],[-1.2066,39.801],[-1.201,39.7954],[-1.1987,39.7886],[-1.1857,39.7847],[-1.1771,39.7851],[-1.1693,39.7815],[-1.1658,39.7772],[-1.1667,39.7713],[-1.1652,39.7688],[-1.1677,39.7666],[-1.1647,39.7625]]},"properties":{"name":"Barranco del Mortero","kind":"barranco","length_km":10.2,"pfafrio":"200347216","source":"CEDEX/DGA ríos 1:25.000"}},{"type":"Feature","geometry":{"type":"LineString","coordinates":[[-0.6755,39.7058],[-0.6712,39.6988],[-0.6589,39.6904],[-0.6531,39.682],[-0.6494,39.6798],[-0.6502,39.6776],[-0.6441,39.6708],[-0.643,39.6679],[-0.6475,39.6609],[-0.641,39.6483],[-0.6421,39.64],[-0.6394,39.6399],[-0.6362,39.6355],[-0.6391,39.6341],[-0.6354,39.6333],[-0.6327,39.6301],[-0.6357,39.6288],[-0.6357,39.6259]]},"properties":{"name":"Barranc de Monte Aragón","kind":"barranco","length_km":11.6,"pfafrio":"20034182","source":"CEDEX/DGA ríos 1:25.000"}},{"type":"Feature","geometry":{"type":"LineString","coordinates":[[-0.8478,39.4805],[-0.8459,39.4749],[-0.8243,39.4651],[-0.8239,39.4618],[-0.8212,39.4593],[-0.8255,39.4585],[-0.82,39.4541],[-0.816,39.454],[-0.8154,39.4562],[-0.8109,39.4572],[-0.8055,39.4568],[-0.8031,39.4535],[-0.7988,39.4581],[-0.7933,39.4545],[-0.7946,39.4527],[-0.7927,39.447],[-0.7859,39.4425],[-0.7653,39.4376],[-0.731,39.4529],[-0.7255,39.4536],[-0.722,39.4629],[-0.7223,39.4687],[-0.7176,39.4741],[-0.7188,39.4764],[-0.7105,39.4781],[-0.7083,39.4811]]},"properties":{"name":"Barranco del Gayo","kind":"barranco","length_km":20.2,"pfafrio":"20032628","source":"CEDEX/DGA ríos 1:25.000"}},{"type":"Feature","geometry":{"type":"LineString","coordinates":[[-0.7914,39.5331],[-0.7709,39.5399],[-0.7685,39.5386],[-0.7696,39.5365],[-0.7607,39.5346],[-0.7596,39.5318],[-0.7563,39.5303],[-0.7553,39.5327],[-0.7427,39.533],[-0.7424,39.5364],[-0.7363,39.5365],[-0.7325,39.5386],[-0.7363,39.5394],[-0.7358,39.5451],[-0.7299,39.5525],[-0.732,39.5537],[-0.7306,39.5554],[-0.7331,39.558],[-0.7305,39.5593],[-0.7311,39.5637],[-0.7268,39.565],[-0.7283,39.5692],[-0.7272,39.571],[-0.73,39.5731],[-0.7253,39.577],[-0.726,39.5823],[-0.7284,39.5845],[-0.7242,39.5922],[-0.726,39.5961],[-0.7233,39.5983]]},"properties":{"name":"Barranco del Cuchilla","kind":"barranco","length_km":15.9,"pfafrio":"2003432","source":"CEDEX/DGA ríos 1:25.000"}},{"type":"Feature","geometry":{"type":"LineString","coordinates":[[-0.764,39.8417],[-0.7592,39.8443],[-0.7541,39.8434],[-0.7483,39.8399],[-0.7449,39.8354],[-0.7451,39.8323],[-0.7405,39.8322],[-0.7368,39.8297],[-0.7366,39.8206],[-0.7303,39.815],[-0.7272,39.8161],[-0.7251,39.8122],[-0.7275,39.8108],[-0.7169,39.8035],[-0.7172,39.7958],[-0.7195,39.7908],[-0.7223,39.7898]]},"properties":{"name":"Barranco del Pozuelo","kind":"barranco","length_km":9.6,"pfafrio":"20034248","source":"CEDEX/DGA ríos 1:25.000"}},{"type":"Feature","geometry":{"type":"LineString","coordinates":[[-0.728,39.4169],[-0.7212,39.4223],[-0.7097,39.4226],[-0.7086,39.4254],[-0.6992,39.4309],[-0.6865,39.4286],[-0.6787,39.4214],[-0.6606,39.4158],[-0.6491,39.4211],[-0.6416,39.4188],[-0.6388,39.4223],[-0.6341,39.4205],[-0.6295,39.4247],[-0.6245,39.425],[-0.622,39.4281],[-0.6177,39.4288],[-0.6193,39.4316],[-0.6176,39.4354],[-0.6086,39.4399]]},"properties":{"name":"Barranco de Murtal","kind":"barranco","length_km":13.9,"pfafrio":"200326226","source":"CEDEX/DGA ríos 1:25.000"}},{"type":"Feature","geometry":{"type":"LineString","coordinates":[[-0.8276,39.4823],[-0.8236,39.4849],[-0.8103,39.48],[-0.8032,39.4816],[-0.8015,39.4801],[-0.7892,39.4813],[-0.7844,39.4799],[-0.7753,39.4838],[-0.7711,39.4895],[-0.7639,39.4912],[-0.7598,39.4878],[-0.754,39.4886],[-0.7518,39.487],[-0.7481,39.4896],[-0.7418,39.4884],[-0.7386,39.4926],[-0.7317,39.494],[-0.7261,39.4936],[-0.7106,39.4866],[-0.6983,39.4868],[-0.6933,39.4851]]},"properties":{"name":"Barranco de la Cueva Morica","kind":"barranco","length_km":14.3,"pfafrio":"200326262","source":"CEDEX/DGA ríos 1:25.000"}},{"type":"Feature","geometry":{"type":"LineString","coordinates":[[-1.0824,40.0316],[-1.0936,40.0325],[-1.0958,40.0305],[-1.0955,40.0256],[-1.0924,40.0199],[-1.0924,40.0122],[-1.0844,40.0014],[-1.0845,39.9964],[-1.089,39.9936],[-1.1035,39.9914],[-1.1088,39.9883],[-1.1094,39.9835],[-1.1145,39.9772]]},"properties":{"name":"Rambla o Arroyo de las Dueñas","kind":"rambla","length_km":9.3,"pfafrio":"20034746","source":"CEDEX/DGA ríos 1:25.000"}},{"type":"Feature","geometry":{"type":"LineString","coordinates":[[-0.849,39.7299],[-0.8425,39.7365],[-0.8362,39.7377],[-0.8255,39.7244],[-0.8177,39.7211],[-0.818,39.7153],[-0.8128,39.7072],[-0.8177,39.6971],[-0.8193,39.6869],[-0.8248,39.6834],[-0.8274,39.6781],[-0.8236,39.6712],[-0.8081,39.6664],[-0.7938,39.6663],[-0.7852,39.6609],[-0.7846,39.6565],[-0.7804,39.6544]]},"properties":{"name":"Barranc de San Vicente","kind":"barranco","length_km":15.1,"pfafrio":"20034264","source":"CEDEX/DGA ríos 1:25.000"}},{"type":"Feature","geometry":{"type":"LineString","coordinates":[[-0.8513,39.5277],[-0.8455,39.5255],[-0.8423,39.5274],[-0.8343,39.5279],[-0.8304,39.5257],[-0.8194,39.5244],[-0.8107,39.5185],[-0.8104,39.5131],[-0.7936,39.5116],[-0.7935,39.5095],[-0.7894,39.5093],[-0.786,39.505],[-0.7831,39.5062],[-0.7799,39.5053],[-0.7791,39.5024],[-0.7643,39.4994],[-0.7596,39.4992],[-0.7548,39.5044],[-0.7482,39.5059],[-0.7372,39.5053],[-0.7272,39.5019],[-0.7141,39.4933],[-0.709,39.4932],[-0.7037,39.4897],[-0.6952,39.488],[-0.6922,39.4844]]},"properties":{"name":"Barranco Grande","kind":"barranco","length_km":18.0,"pfafrio":"20032626","source":"CEDEX/DGA ríos 1:25.000"}},{"type":"Feature","geometry":{"type":"LineString","coordinates":[[-0.4714,39.2575],[-0.4529,39.2569],[-0.4322,39.2482],[-0.421,39.2478],[-0.4099,39.2418],[-0.383,39.2407],[-0.3728,39.2433],[-0.3684,39.2462]]},"properties":{"name":"Sequia de Sollana","kind":"otro","length_km":9.7,"pfafrio":"2003122","source":"CEDEX/DGA ríos 1:25.000"}},{"type":"Feature","geometry":{"type":"LineString","coordinates":[[-0.825,39.5378],[-0.8181,39.5449],[-0.8086,39.5488],[-0.8096,39.5597],[-0.8066,39.5639],[-0.8072,39.5677],[-0.8026,39.567],[-0.8019,39.5701],[-0.796,39.5736],[-0.793,39.579],[-0.7917,39.5826],[-0.7953,39.5842],[-0.7957,39.5906],[-0.7915,39.5927],[-0.7928,39.5982],[-0.7909,39.5994],[-0.7924,39.601],[-0.7893,39.6032],[-0.791,39.605]]},"properties":{"name":"Barranco de la Escoba","kind":"barranco","length_km":10.3,"pfafrio":"2003434","source":"CEDEX/DGA ríos 1:25.000"}},{"type":"Feature","geometry":{"type":"LineString","coordinates":[[-1.1702,39.6771],[-1.1697,39.6794],[-1.1726,39.6821],[-1.1648,39.6876],[-1.1718,39.6925],[-1.172,39.6953],[-1.167,39.6997],[-1.1709,39.7047],[-1.1739,39.7166],[-1.1774,39.7227],[-1.1725,39.7331],[-1.1744,39.7407],[-1.1727,39.7445],[-1.1747,39.7467],[-1.1765,39.7455],[-1.1792,39.7487],[-1.1748,39.759]]},"properties":{"name":"Rambla Tejeira Vieja de las Surtideras","kind":"rambla","length_km":11.6,"pfafrio":"20034722","source":"CEDEX/DGA ríos 1:25.000"}},{"type":"Feature","geometry":{"type":"LineString","coordinates":[[-1.2462,39.8411],[-1.2564,39.8317],[-1.2505,39.8253],[-1.2487,39.8158],[-1.251,39.8125],[-1.2488,39.8117],[-1.2467,39.8047],[-1.2437,39.803],[-1.2459,39.8016],[-1.2474,39.7958],[-1.2439,39.7857],[-1.2452,39.7838],[-1.2431,39.7828],[-1.2403,39.7742]]},"properties":{"name":"Arroyo de la Hoz","kind":"arroyo","length_km":9.2,"pfafrio":"20034728","source":"CEDEX/DGA ríos 1:25.000"}},{"type":"Feature","geometry":{"type":"LineString","coordinates":[[-1.319,40.2149],[-1.3167,40.2111],[-1.3086,40.2059],[-1.3069,40.1951],[-1.3042,40.1919],[-1.3042,40.1849],[-1.2997,40.1783],[-1.2901,40.1748],[-1.2871,40.1677],[-1.2817,40.167],[-1.2779,40.1551],[-1.263,40.1427],[-1.256,40.1307],[-1.2503,40.127],[-1.2513,40.1253]]},"properties":{"name":"Barranco de Val del Agua","kind":"barranco","length_km":13.3,"pfafrio":"200347916","source":"CEDEX/DGA ríos 1:25.000"}},{"type":"Feature","geometry":{"type":"LineString","coordinates":[[-1.9835,40.3242],[-1.9875,40.3128],[-2.0147,40.3145],[-2.016,40.3128],[-2.0212,40.317],[-2.0258,40.3146],[-2.0346,40.3193],[-2.0413,40.3186],[-2.0478,40.3249],[-2.0535,40.3259],[-2.058,40.3292],[-2.064,40.3291],[-2.07,40.3264]]},"properties":{"name":"Arroyo de la Rocha","kind":"arroyo","length_km":10.1,"pfafrio":"200299928","source":"CEDEX/DGA ríos 1:25.000"}},{"type":"Feature","geometry":{"type":"LineString","coordinates":[[-0.8559,39.5104],[-0.8602,39.5004],[-0.8535,39.4934],[-0.8479,39.4922],[-0.8438,39.4944],[-0.84,39.493],[-0.837,39.4944],[-0.8338,39.4915],[-0.828,39.4935],[-0.8227,39.491],[-0.8169,39.4922],[-0.8142,39.49],[-0.7971,39.4936],[-0.7933,39.4959],[-0.7827,39.4963],[-0.7753,39.502]]},"properties":{"name":"Barranco de Ballesteros","kind":"barranco","length_km":11.3,"pfafrio":"200326266","source":"CEDEX/DGA ríos 1:25.000"}},{"type":"Feature","geometry":{"type":"LineString","coordinates":[[-1.2344,39.8865],[-1.2296,39.8785],[-1.208,39.8635],[-1.2001,39.8599],[-1.1853,39.8579],[-1.178,39.8532],[-1.1632,39.8494],[-1.1572,39.8458],[-1.1511,39.8385],[-1.147,39.8376]]},"properties":{"name":"Barranco o Rambla del Bercolon","kind":"barranco","length_km":10.2,"pfafrio":"20034736","source":"CEDEX/DGA ríos 1:25.000"}},{"type":"Feature","geometry":{"type":"LineString","coordinates":[[-1.966,40.3065],[-1.9608,40.2984],[-1.9615,40.2966],[-1.9575,40.2942],[-1.957,40.2918],[-1.9569,40.2844],[-1.9585,40.281],[-1.9619,40.28],[-1.9628,40.2755],[-1.9611,40.2739],[-1.9641,40.2692],[-1.962,40.2651],[-1.9585,40.2654],[-1.9565,40.2601],[-1.9529,40.2586],[-1.9532,40.2563],[-1.9554,40.256],[-1.9509,40.252],[-1.9501,40.249],[-1.9534,40.2477],[-1.9506,40.2454],[-1.9518,40.2435],[-1.9544,40.2438],[-1.9532,40.2358],[-1.9595,40.2343],[-1.9606,40.2291],[-1.9696,40.2263],[-1.9815,40.2257]]},"properties":{"name":"Barranco del Socarrado","kind":"barranco","length_km":13.9,"pfafrio":"20029994","source":"CEDEX/DGA ríos 1:25.000"}},{"type":"Feature","geometry":{"type":"LineString","coordinates":[[-1.0775,40.0551],[-1.0888,40.0392],[-1.1101,40.0326],[-1.1322,40.0295],[-1.1447,40.0307],[-1.154,40.0357],[-1.1614,40.0369],[-1.1637,40.0422]]},"properties":{"name":"Barranco de la Cañada de Jorge","kind":"barranco","length_km":9.7,"pfafrio":"2003477464","source":"CEDEX/DGA ríos 1:25.000"}},{"type":"Feature","geometry":{"type":"LineString","coordinates":[[-1.2088,39.8376],[-1.1959,39.8382],[-1.192,39.8363],[-1.1878,39.8315],[-1.1833,39.8193],[-1.1873,39.8133],[-1.1862,39.8098],[-1.1812,39.808],[-1.1798,39.8024],[-1.1759,39.7995],[-1.1709,39.7989],[-1.1696,39.7954],[-1.1659,39.7931],[-1.1567,39.7905],[-1.1444,39.7917],[-1.1427,39.797],[-1.1384,39.7997]]},"properties":{"name":"Barranco del Canjiron","kind":"barranco","length_km":11.4,"pfafrio":"20034732","source":"CEDEX/DGA ríos 1:25.000"}},{"type":"Feature","geometry":{"type":"LineString","coordinates":[[-1.0603,39.955],[-1.0567,39.952],[-1.0568,39.9438],[-1.0496,39.9345],[-1.0531,39.9264],[-1.0606,39.9217],[-1.0656,39.9149],[-1.0733,39.9111],[-1.0955,39.9055],[-1.1109,39.9121],[-1.1192,39.8998],[-1.1308,39.8951],[-1.1333,39.8917],[-1.135,39.8924],[-1.1358,39.8899],[-1.1422,39.8868],[-1.1431,39.8831],[-1.1559,39.8765],[-1.1525,39.8679],[-1.1554,39.8653],[-1.1582,39.8666]]},"properties":{"name":"Barranco del Regajo","kind":"barranco","length_km":18.2,"pfafrio":"20034738","source":"CEDEX/DGA ríos 1:25.000"}},{"type":"Feature","geometry":{"type":"LineString","coordinates":[[-1.0624,40.0759],[-1.0729,40.0732],[-1.0775,40.0692],[-1.0806,40.069],[-1.0966,40.0553],[-1.1087,40.0556],[-1.12,40.0594],[-1.1259,40.0556],[-1.1358,40.0545],[-1.1393,40.0491],[-1.1506,40.0435],[-1.162,40.0413],[-1.1773,40.0491],[-1.184,40.0482],[-1.1939,40.0526]]},"properties":{"name":"Barranco del Saladillo","kind":"barranco","length_km":14.0,"pfafrio":"200347746","source":"CEDEX/DGA ríos 1:25.000"}},{"type":"Feature","geometry":{"type":"LineString","coordinates":[[-0.9973,40.3265],[-1.0021,40.3328],[-1.0052,40.3334],[-1.0107,40.3309],[-1.0343,40.3324],[-1.0617,40.3297],[-1.0662,40.3246],[-1.066,40.3224],[-1.0731,40.3192],[-1.0746,40.3165],[-1.0779,40.3163],[-1.0832,40.3098],[-1.1058,40.3129],[-1.1169,40.3184],[-1.1207,40.3165]]},"properties":{"name":"Rambla de Valdelobos","kind":"rambla","length_km":13.2,"pfafrio":"20034798","source":"CEDEX/DGA ríos 1:25.000"}},{"type":"Feature","geometry":{"type":"LineString","coordinates":[[-1.3246,39.9999],[-1.3062,39.9893],[-1.293,39.9692],[-1.2749,39.9638],[-1.2655,39.9584],[-1.2599,39.9594],[-1.2597,39.9624],[-1.2541,39.967]]},"properties":{"name":"Arroyo de Valdentran o de Asturias","kind":"arroyo","length_km":9.1,"pfafrio":"20034756","source":"CEDEX/DGA ríos 1:25.000"}},{"type":"Feature","geometry":{"type":"LineString","coordinates":[[-1.2486,39.8911],[-1.2363,39.8982],[-1.2371,39.9019],[-1.2399,39.9038],[-1.2408,39.9103],[-1.2473,39.9159],[-1.2452,39.9192],[-1.249,39.9203],[-1.2508,39.9239],[-1.2494,39.9262],[-1.2538,39.9315],[-1.2527,39.9389],[-1.2451,39.9462],[-1.2492,39.9527],[-1.2462,39.9565]]},"properties":{"name":"Barranco de Abancon o del Abendon","kind":"barranco","length_km":9.6,"pfafrio":"20034752","source":"CEDEX/DGA ríos 1:25.000"}},{"type":"Feature","geometry":{"type":"LineString","coordinates":[[-1.2567,40.2325],[-1.2512,40.2249],[-1.2526,40.2219],[-1.2503,40.2099],[-1.2524,40.2058],[-1.2444,40.1988],[-1.2411,40.1915],[-1.2459,40.1835],[-1.2465,40.1768],[-1.243,40.1612],[-1.2434,40.1556],[-1.238,40.1483]]},"properties":{"name":"Río Regajo o de Tramacastiel","kind":"rio","length_km":10.6,"pfafrio":"200347932","source":"CEDEX/DGA ríos 1:25.000"}},{"type":"Feature","geometry":{"type":"LineString","coordinates":[[-0.9559,39.9078],[-0.9585,39.8858],[-0.9561,39.8795],[-0.9654,39.8761],[-0.9642,39.8724],[-0.9676,39.8684],[-0.9623,39.8636],[-0.9637,39.8601],[-0.96,39.857],[-0.9633,39.8523],[-0.9603,39.8486],[-0.9615,39.8389],[-0.9661,39.8359],[-0.9623,39.8313],[-0.962,39.8208],[-0.9699,39.818],[-0.975,39.8198],[-0.9801,39.8156],[-0.9931,39.8145],[-0.994,39.8126],[-0.9996,39.8113],[-0.9995,39.8094],[-1.0032,39.8103],[-1.011,39.8061],[-1.0165,39.8104],[-1.0192,39.8098]]},"properties":{"name":"Rambla de Ahillas","kind":"rambla","length_km":18.0,"pfafrio":"20034684","source":"CEDEX/DGA ríos 1:25.000"}},{"type":"Feature","geometry":{"type":"LineString","coordinates":[[-1.4219,40.1111],[-1.4103,40.1085],[-1.3998,40.1101],[-1.3946,40.1084],[-1.3853,40.097],[-1.3682,40.0865],[-1.3468,40.0936],[-1.3412,40.0935],[-1.3362,40.0886],[-1.3317,40.088],[-1.3302,40.0798],[-1.3236,40.0787],[-1.3199,40.0748],[-1.3158,40.0762]]},"properties":{"name":"Barranco o Rambla o Río de Tovedas","kind":"barranco","length_km":12.6,"pfafrio":"200347622","source":"CEDEX/DGA ríos 1:25.000"}},{"type":"Feature","geometry":{"type":"LineString","coordinates":[[-1.1175,40.7159],[-1.1121,40.7116],[-1.1081,40.7051],[-1.0995,40.7008],[-1.0871,40.6901],[-1.0861,40.6877],[-1.0884,40.6836],[-1.0587,40.676],[-1.0349,40.6761],[-1.024,40.668],[-1.0187,40.6548]]},"properties":{"name":"Barranco del Recuenco","kind":"barranco","length_km":12.5,"pfafrio":"200348682","source":"CEDEX/DGA ríos 1:25.000"}},{"type":"Feature","geometry":{"type":"LineString","coordinates":[[-1.0056,40.2743],[-0.9912,40.2798],[-0.9959,40.2941],[-0.996,40.306],[-1.0022,40.3145],[-1.0051,40.3137],[-1.0097,40.3174],[-1.0162,40.319],[-1.0273,40.3316]]},"properties":{"name":"Rambla del Puerto","kind":"rambla","length_km":9.0,"pfafrio":"200347986","source":"CEDEX/DGA ríos 1:25.000"}},{"type":"Feature","geometry":{"type":"LineString","coordinates":[[-1.1669,40.4287],[-1.1824,40.43],[-1.1889,40.4226],[-1.1934,40.4215],[-1.1981,40.4149],[-1.1976,40.4125],[-1.1792,40.3963],[-1.1657,40.3872],[-1.1565,40.3844],[-1.1488,40.3784],[-1.1435,40.3776],[-1.1254,40.3678],[-1.1238,40.3645],[-1.1189,40.3615]]},"properties":{"name":"Arroyo de Concud","kind":"arroyo","length_km":13.2,"pfafrio":"2003482","source":"CEDEX/DGA ríos 1:25.000"}},{"type":"Feature","geometry":{"type":"LineString","coordinates":[[-1.317,40.3023],[-1.3152,40.3012],[-1.2994,40.3046],[-1.2792,40.3017],[-1.2574,40.3075],[-1.2545,40.3106],[-1.2544,40.3159],[-1.2441,40.3266],[-1.2433,40.329],[-1.2456,40.3303],[-1.2427,40.3326]]},"properties":{"name":"Rambla del Cabello","kind":"rambla","length_km":9.1,"pfafrio":"2003491626","source":"CEDEX/DGA ríos 1:25.000"}},{"type":"Feature","geometry":{"type":"LineString","coordinates":[[-0.4633,39.7025],[-0.4685,39.6957],[-0.4719,39.6839],[-0.471,39.6766],[-0.4728,39.6695],[-0.4769,39.668],[-0.4799,39.6611],[-0.4785,39.6568],[-0.4717,39.6522],[-0.4692,39.6423],[-0.4626,39.6361],[-0.4632,39.6328],[-0.4522,39.617],[-0.4522,39.6143],[-0.4495,39.6129],[-0.4506,39.6109],[-0.4482,39.6095],[-0.4437,39.5988],[-0.4367,39.5892],[-0.4303,39.5864]]},"properties":{"name":"Barranc de Porta-Coeli","kind":"barranco","length_km":15.4,"pfafrio":"2003544","source":"CEDEX/DGA ríos 1:25.000"}},{"type":"Feature","geometry":{"type":"LineString","coordinates":[[-0.6398,39.9952],[-0.6423,39.9973],[-0.6493,39.9981],[-0.6528,39.9934],[-0.659,39.9906],[-0.6596,39.9879],[-0.6561,39.9842],[-0.6504,39.985],[-0.6373,39.9712],[-0.6315,39.9677],[-0.6263,39.9677],[-0.6211,39.9634],[-0.6192,39.9506],[-0.6135,39.9418],[-0.6137,39.9375],[-0.5996,39.9296],[-0.5969,39.9236],[-0.5983,39.9206],[-0.5936,39.915],[-0.5948,39.9122]]},"properties":{"name":"Barranco de Val del Huron","kind":"barranco","length_km":14.5,"pfafrio":"2003672","source":"CEDEX/DGA ríos 1:25.000"}},{"type":"Feature","geometry":{"type":"LineString","coordinates":[[-0.9104,40.7192],[-0.9097,40.7138],[-0.907,40.7098],[-0.9101,40.698],[-0.9232,40.6922],[-0.9289,40.6924],[-0.9363,40.6879],[-0.9403,40.6886],[-0.9492,40.6854],[-0.9502,40.6813],[-0.9544,40.6798],[-0.9607,40.6728],[-0.9612,40.6686],[-0.9648,40.6646],[-0.966,40.6573]]},"properties":{"name":"Barranco de las Cañadas de la Piedra Larga","kind":"barranco","length_km":10.2,"pfafrio":"200348664","source":"CEDEX/DGA ríos 1:25.000"}},{"type":"Feature","geometry":{"type":"LineString","coordinates":[[-1.223,40.281],[-1.2274,40.2788],[-1.237,40.2782],[-1.2379,40.2761],[-1.2363,40.2733],[-1.2293,40.2708],[-1.232,40.2674],[-1.231,40.2636],[-1.2266,40.2627],[-1.2284,40.261],[-1.2261,40.2587],[-1.2217,40.2594],[-1.2193,40.2545],[-1.213,40.2524],[-1.2089,40.2468],[-1.1996,40.2465],[-1.1935,40.2367],[-1.1873,40.2358]]},"properties":{"name":"Rambla Chartera","kind":"rambla","length_km":9.8,"pfafrio":"200347952","source":"CEDEX/DGA ríos 1:25.000"}},{"type":"Feature","geometry":{"type":"LineString","coordinates":[[-0.144,40.3476],[-0.1337,40.3466],[-0.1317,40.3436],[-0.1231,40.341],[-0.1093,40.3429],[-0.0946,40.3409],[-0.0922,40.3372],[-0.0878,40.3373],[-0.0829,40.3342],[-0.0791,40.336],[-0.0766,40.3346],[-0.066,40.3366],[-0.0605,40.3349],[-0.0546,40.339],[-0.0467,40.3359],[-0.0414,40.3369],[-0.0367,40.3277],[-0.0377,40.323],[-0.0346,40.321]]},"properties":{"name":"Rambla dels Estrets","kind":"rambla","length_km":12.8,"pfafrio":"20038284","source":"CEDEX/DGA ríos 1:25.000"}},{"type":"Feature","geometry":{"type":"LineString","coordinates":[[-0.2402,39.8661],[-0.2367,39.8698],[-0.2325,39.8697],[-0.2276,39.8723],[-0.2265,39.8788],[-0.2213,39.8853],[-0.2155,39.8853],[-0.2078,39.8886],[-0.1984,39.8866],[-0.1873,39.8885],[-0.1776,39.8842],[-0.1591,39.8644],[-0.1673,39.8469],[-0.1234,39.8272],[-0.1083,39.8319],[-0.1055,39.8309]]},"properties":{"name":"Barranco Rodador","kind":"barranco","length_km":18.2,"pfafrio":"200376","source":"CEDEX/DGA ríos 1:25.000"}},{"type":"Feature","geometry":{"type":"LineString","coordinates":[[-0.4828,39.9921],[-0.4841,39.9946],[-0.49,39.996],[-0.5009,39.9905],[-0.5045,39.9835],[-0.5038,39.9796],[-0.5072,39.979],[-0.5073,39.9754],[-0.5107,39.9719],[-0.5083,39.9687],[-0.515,39.9644],[-0.5161,39.9597],[-0.5204,39.9591],[-0.5179,39.9561],[-0.5183,39.9538],[-0.514,39.9505],[-0.516,39.9493],[-0.5141,39.947],[-0.5167,39.947],[-0.5187,39.9425],[-0.5177,39.9343],[-0.5155,39.9326],[-0.5253,39.9317],[-0.5242,39.9286],[-0.5207,39.9267],[-0.5242,39.9222],[-0.5152,39.92],[-0.5186,39.9155],[-0.5167,39.9139]]},"properties":{"name":"Barranco del Villarejo o Rambla de Peña Roya","kind":"barranco","length_km":15.0,"pfafrio":"2003642","source":"CEDEX/DGA ríos 1:25.000"}},{"type":"Feature","geometry":{"type":"LineString","coordinates":[[-0.5602,39.9869],[-0.5474,39.9827],[-0.5448,39.9796],[-0.5505,39.9725],[-0.55,39.9616],[-0.5454,39.9563],[-0.5462,39.9535],[-0.5413,39.9486],[-0.5392,39.9372],[-0.5362,39.935],[-0.5399,39.9329],[-0.5406,39.93],[-0.5339,39.9288],[-0.5351,39.927],[-0.5333,39.9254],[-0.5345,39.9224],[-0.5407,39.9188],[-0.5398,39.9124]]},"properties":{"name":"Barranco de Pilares","kind":"barranco","length_km":11.1,"pfafrio":"2003662","source":"CEDEX/DGA ríos 1:25.000"}},{"type":"Feature","geometry":{"type":"LineString","coordinates":[[-0.3142,40.099],[-0.3062,40.0969],[-0.2963,40.0863],[-0.2782,40.0809],[-0.2769,40.0792],[-0.2791,40.0725],[-0.2765,40.0656],[-0.2729,40.0621],[-0.2742,40.0604],[-0.2726,40.0553],[-0.2598,40.0482],[-0.2612,40.0464],[-0.2595,40.0436],[-0.2571,40.0434]]},"properties":{"name":"Barranc de la Llosa o de Araja","kind":"barranco","length_km":9.7,"pfafrio":"20038326","source":"CEDEX/DGA ríos 1:25.000"}},{"type":"Feature","geometry":{"type":"LineString","coordinates":[[-0.4897,39.7111],[-0.4879,39.7103],[-0.4871,39.7056],[-0.496,39.7035],[-0.4972,39.6999],[-0.5005,39.6997],[-0.5023,39.6968],[-0.5073,39.6982],[-0.5096,39.6961],[-0.5075,39.693],[-0.5117,39.6918],[-0.512,39.6894],[-0.5101,39.688],[-0.5163,39.687],[-0.5174,39.6801],[-0.5155,39.6782],[-0.5121,39.679],[-0.5067,39.6732],[-0.5144,39.6654],[-0.5136,39.66],[-0.5162,39.6564],[-0.5149,39.6545],[-0.5187,39.6392],[-0.5177,39.6344]]},"properties":{"name":"Barranc de Pedralvilla","kind":"barranco","length_km":12.9,"pfafrio":"2003546","source":"CEDEX/DGA ríos 1:25.000"}},{"type":"Feature","geometry":{"type":"LineString","coordinates":[[-0.8678,40.5681],[-0.8565,40.5715],[-0.8497,40.5714],[-0.8439,40.5696],[-0.8299,40.5562],[-0.8234,40.5536],[-0.8139,40.5548],[-0.8071,40.563],[-0.7993,40.5833]]},"properties":{"name":"Barranco del Regajo o del Tollo","kind":"barranco","length_km":9.4,"pfafrio":"20034878","source":"CEDEX/DGA ríos 1:25.000"}},{"type":"Feature","geometry":{"type":"LineString","coordinates":[[-0.3272,39.6316],[-0.325,39.6269],[-0.3225,39.6263],[-0.3002,39.6327],[-0.2755,39.6309],[-0.2665,39.6359],[-0.2415,39.6436],[-0.233,39.6377]]},"properties":{"name":"Barranco del Arenal","kind":"barranco","length_km":9.6,"pfafrio":"200358","source":"CEDEX/DGA ríos 1:25.000"}},{"type":"Feature","geometry":{"type":"LineString","coordinates":[[-0.2489,40.0979],[-0.2409,40.0918],[-0.2367,40.0857],[-0.2312,40.0774],[-0.2326,40.0751],[-0.2307,40.0711],[-0.2259,40.071],[-0.2244,40.0685],[-0.2207,40.0686],[-0.2208,40.0665],[-0.2177,40.0652],[-0.2124,40.0662],[-0.1947,40.0635],[-0.1962,40.0609],[-0.1893,40.0572],[-0.1917,40.0556],[-0.189,40.0546],[-0.1883,40.0511],[-0.1844,40.0499],[-0.1823,40.0469],[-0.1802,40.0474],[-0.1766,40.0425],[-0.1773,40.039],[-0.1723,40.0377],[-0.1639,40.0294]]},"properties":{"name":"Barranc del Regatell","kind":"barranco","length_km":13.4,"pfafrio":"20038214","source":"CEDEX/DGA ríos 1:25.000"}},{"type":"Feature","geometry":{"type":"LineString","coordinates":[[-0.0028,40.2615],[-0.003,40.2592],[-0.0108,40.2586],[-0.0136,40.2567],[-0.0155,40.2493],[-0.0198,40.2428],[-0.0188,40.2372],[-0.0156,40.2375],[-0.0113,40.234],[-0.0107,40.2315],[-0.0125,40.2298],[-0.0076,40.2283],[-0.0108,40.2248],[-0.008,40.2219],[-0.0094,40.2175],[-0.0068,40.2097],[-0.0037,40.207],[0.0052,40.2066],[0.0114,40.204],[0.0193,40.1951],[0.0204,40.1903],[0.0308,40.1867],[0.0349,40.1791]]},"properties":{"name":"Rambla del Metje","kind":"rambla","length_km":13.7,"pfafrio":"20038246264","source":"CEDEX/DGA ríos 1:25.000"}},{"type":"Feature","geometry":{"type":"LineString","coordinates":[[-0.7653,40.0875],[-0.7512,40.0902],[-0.7323,40.0988],[-0.7275,40.0987],[-0.7233,40.1021],[-0.7147,40.1007],[-0.7065,40.1042],[-0.7021,40.1076],[-0.7033,40.111],[-0.6966,40.1157],[-0.6953,40.1223],[-0.6904,40.1236],[-0.6849,40.1295]]},"properties":{"name":"Barranco de Linares","kind":"barranco","length_km":9.7,"pfafrio":"20038772","source":"CEDEX/DGA ríos 1:25.000"}},{"type":"Feature","geometry":{"type":"LineString","coordinates":[[0.0565,40.3421],[0.0593,40.3477],[0.0719,40.3489],[0.0794,40.352],[0.09,40.351],[0.0917,40.3474],[0.0981,40.3441],[0.0999,40.3402],[0.1054,40.3359],[0.1043,40.3274],[0.1071,40.3225],[0.1162,40.3202],[0.121,40.3208],[0.1231,40.3143]]},"properties":{"name":"Barranco de la Rabosera","kind":"barranco","length_km":9.8,"pfafrio":"20039272","source":"CEDEX/DGA ríos 1:25.000"}},{"type":"Feature","geometry":{"type":"LineString","coordinates":[[-0.6579,39.8333],[-0.6479,39.8309],[-0.6468,39.8351],[-0.6408,39.8369],[-0.6356,39.8433],[-0.6339,39.8431],[-0.6331,39.8461],[-0.6196,39.8478],[-0.6168,39.8509],[-0.6131,39.85],[-0.6108,39.8524],[-0.6028,39.8542],[-0.6001,39.8579],[-0.5943,39.8523],[-0.5853,39.8531],[-0.5831,39.8516],[-0.5803,39.852],[-0.572,39.8586],[-0.5652,39.8581],[-0.5646,39.8532],[-0.5576,39.8512],[-0.5638,39.8495],[-0.5634,39.8474],[-0.5578,39.8437],[-0.5538,39.844],[-0.5565,39.8385],[-0.5537,39.8354],[-0.5389,39.8379],[-0.5366,39.8438],[-0.5323,39.8417],[-0.529,39.8351],[-0.5234,39.831],[-0.5104,39.835],[-0.5108,39.8366],[-0.5151,39.8355],[-0.516,39.837],[-0.51,39.8398],[-0.4956,39.8389],[-0.4936,39.8413],[-0.4896,39.84],[-0.4848,39.8427]]},"properties":{"name":"Rambla de la Torrecilla Montero","kind":"rambla","length_km":24.9,"pfafrio":"2003622","source":"CEDEX/DGA ríos 1:25.000"}},{"type":"Feature","geometry":{"type":"LineString","coordinates":[[0.1761,40.3484],[0.1752,40.3424],[0.1669,40.3364],[0.168,40.3353],[0.165,40.3351],[0.1652,40.3329],[0.1619,40.3331],[0.1606,40.3281],[0.1578,40.3279],[0.1594,40.3251],[0.1547,40.3204],[0.1576,40.3191],[0.1544,40.3117],[0.1573,40.3071],[0.1655,40.304],[0.1657,40.2979],[0.1603,40.2936],[0.1624,40.2924],[0.1656,40.2944],[0.1684,40.2936],[0.1661,40.2927],[0.165,40.2871]]},"properties":{"name":"Barranc del Codines","kind":"barranco","length_km":10.4,"pfafrio":"2003924","source":"CEDEX/DGA ríos 1:25.000"}},{"type":"Feature","geometry":{"type":"LineString","coordinates":[[-0.9051,40.1702],[-0.8917,40.176],[-0.8817,40.1745],[-0.8587,40.1815],[-0.8508,40.1805],[-0.8423,40.1819],[-0.833,40.179],[-0.8261,40.1802],[-0.8191,40.1764],[-0.8084,40.177],[-0.7967,40.1817]]},"properties":{"name":"Rambla de la Tejeria","kind":"rambla","length_km":10.3,"pfafrio":"20038918","source":"CEDEX/DGA ríos 1:25.000"}},{"type":"Feature","geometry":{"type":"LineString","coordinates":[[-0.2086,40.443],[-0.2046,40.4433],[-0.1993,40.4391],[-0.1843,40.4357],[-0.1831,40.4287],[-0.1865,40.4189],[-0.1846,40.415],[-0.1806,40.4145],[-0.1747,40.4088],[-0.1758,40.4061],[-0.1733,40.4041],[-0.1845,40.3896],[-0.1883,40.3874],[-0.1856,40.384],[-0.1905,40.3841],[-0.1878,40.3834],[-0.1914,40.3815],[-0.1926,40.3783]]},"properties":{"name":"Barranc dels Arbres","kind":"barranco","length_km":11.4,"pfafrio":"200382666","source":"CEDEX/DGA ríos 1:25.000"}},{"type":"Feature","geometry":{"type":"LineString","coordinates":[[-0.3674,40.2491],[-0.3447,40.2531],[-0.3398,40.2567],[-0.3351,40.2557],[-0.3252,40.2608],[-0.3247,40.2636],[-0.3265,40.2656],[-0.3319,40.2676],[-0.3313,40.2722],[-0.3193,40.3017],[-0.3184,40.3087],[-0.315,40.3111],[-0.3036,40.3114],[-0.2821,40.3211],[-0.279,40.3257],[-0.2787,40.3318],[-0.2822,40.343]]},"properties":{"name":"Rambla del Pla","kind":"rambla","length_km":16.6,"pfafrio":"20038260","source":"CEDEX/DGA ríos 1:25.000"}},{"type":"Feature","geometry":{"type":"LineString","coordinates":[[0.29,40.6109],[0.2922,40.6022],[0.2973,40.5951],[0.3016,40.5926],[0.3049,40.5823],[0.3159,40.5774],[0.3166,40.5745],[0.3196,40.5751],[0.3206,40.5724],[0.3295,40.5695],[0.3372,40.5642],[0.3409,40.5644],[0.3456,40.5614],[0.3483,40.5624],[0.3513,40.5577],[0.3563,40.5624],[0.3615,40.5604],[0.363,40.5622],[0.3666,40.558],[0.3686,40.5607],[0.3714,40.5574],[0.393,40.5514],[0.4093,40.5388],[0.425,40.5346],[0.4297,40.5282],[0.4473,40.5221],[0.4497,40.518],[0.469,40.5093],[0.4811,40.4992],[0.49,40.4983],[0.4952,40.492]]},"properties":{"name":"Barranco de la Barbiguera","kind":"barranco","length_km":26.6,"pfafrio":"2003974","source":"CEDEX/DGA ríos 1:25.000"}},{"type":"Feature","geometry":{"type":"LineString","coordinates":[[0.2862,40.4007],[0.2768,40.4021],[0.2773,40.4071],[0.2833,40.409],[0.2826,40.4108],[0.2851,40.413],[0.2992,40.4149],[0.2986,40.4163],[0.3035,40.4193],[0.3093,40.4174],[0.3089,40.4157],[0.3147,40.4117],[0.3167,40.4137],[0.3199,40.4135],[0.3245,40.4113],[0.3251,40.4092],[0.3301,40.4092],[0.335,40.4036],[0.3336,40.4023],[0.3424,40.3967],[0.3441,40.3894]]},"properties":{"name":"Barranc de la Garrotxa","kind":"barranco","length_km":11.0,"pfafrio":"20039382","source":"CEDEX/DGA ríos 1:25.000"}},{"type":"Feature","geometry":{"type":"LineString","coordinates":[[-0.2042,40.1432],[-0.1876,40.1407],[-0.1788,40.1448],[-0.1711,40.1456],[-0.1695,40.1425],[-0.1619,40.1433],[-0.1604,40.1416],[-0.1504,40.14],[-0.1453,40.1453],[-0.14,40.1459],[-0.132,40.1403],[-0.1313,40.1383],[-0.1342,40.1361],[-0.1304,40.1297]]},"properties":{"name":"Barranc de las Hoyas","kind":"barranco","length_km":9.3,"pfafrio":"20038236","source":"CEDEX/DGA ríos 1:25.000"}},{"type":"Feature","geometry":{"type":"LineString","coordinates":[[-0.6225,40.3655],[-0.6331,40.356],[-0.6349,40.3523],[-0.6372,40.3428],[-0.6331,40.3367],[-0.6343,40.3291],[-0.6421,40.3197],[-0.6377,40.3161],[-0.623,40.3103],[-0.6124,40.3133],[-0.6078,40.3112],[-0.6051,40.3121]]},"properties":{"name":"Barranco Hondo","kind":"barranco","length_km":9.9,"pfafrio":"200384846","source":"CEDEX/DGA ríos 1:25.000"}},{"type":"Feature","geometry":{"type":"LineString","coordinates":[[-0.6729,40.2652],[-0.6752,40.2538],[-0.6791,40.2515],[-0.6804,40.2472],[-0.6861,40.2428],[-0.6903,40.2359],[-0.6944,40.2141],[-0.6985,40.2114],[-0.6936,40.2037],[-0.6945,40.1993],[-0.6927,40.1965],[-0.6938,40.193],[-0.6917,40.1918],[-0.6917,40.1801]]},"properties":{"name":"Río Estrecho","kind":"rio","length_km":11.1,"pfafrio":"20038764","source":"CEDEX/DGA ríos 1:25.000"}},{"type":"Feature","geometry":{"type":"LineString","coordinates":[[-0.9408,40.3221],[-0.9366,40.3179],[-0.9249,40.3206],[-0.9219,40.3189],[-0.9207,40.3127],[-0.9129,40.3057],[-0.9102,40.3007],[-0.9021,40.2969],[-0.8913,40.2879],[-0.8871,40.282],[-0.887,40.2768],[-0.8829,40.2771],[-0.88,40.2719],[-0.8817,40.263]]},"properties":{"name":"Rambla de Barberan","kind":"rambla","length_km":10.1,"pfafrio":"20038962422","source":"CEDEX/DGA ríos 1:25.000"}},{"type":"Feature","geometry":{"type":"LineString","coordinates":[[-0.9316,40.0763],[-0.9274,40.0758],[-0.9238,40.072],[-0.918,40.0721],[-0.9159,40.0738],[-0.9097,40.0723],[-0.9058,40.0665],[-0.9018,40.0641],[-0.8876,40.0672],[-0.8764,40.0667],[-0.8732,40.0641],[-0.8621,40.0619],[-0.8549,40.056],[-0.8373,40.0514]]},"properties":{"name":"Río de los Olmos","kind":"rio","length_km":9.9,"pfafrio":"2003888","source":"CEDEX/DGA ríos 1:25.000"}},{"type":"Feature","geometry":{"type":"LineString","coordinates":[[0.2583,40.7458],[0.2562,40.7421],[0.256,40.7363],[0.2441,40.725],[0.2438,40.7227],[0.2482,40.7203],[0.248,40.7155],[0.2447,40.7155],[0.2435,40.7124],[0.2373,40.7114],[0.2346,40.7039],[0.231,40.7021],[0.2283,40.7029],[0.2269,40.699],[0.2237,40.697],[0.2247,40.6937],[0.2205,40.6907],[0.2232,40.6886],[0.2243,40.6844],[0.2305,40.6806],[0.232,40.6721]]},"properties":{"name":"Barranc de la Fou","kind":"barranco","length_km":11.4,"pfafrio":"2003984","source":"CEDEX/DGA ríos 1:25.000"}},{"type":"Feature","geometry":{"type":"LineString","coordinates":[[-0.9057,40.5074],[-0.8964,40.5101],[-0.8906,40.5083],[-0.8702,40.5098],[-0.8639,40.5081],[-0.8539,40.5018],[-0.846,40.5016],[-0.8344,40.5103],[-0.8179,40.5126],[-0.8156,40.5183]]},"properties":{"name":"Barranco de la Quiñoneria","kind":"barranco","length_km":9.2,"pfafrio":"20034886","source":"CEDEX/DGA ríos 1:25.000"}},{"type":"Feature","geometry":{"type":"LineString","coordinates":[[-1.0966,40.6116],[-1.0812,40.6067],[-1.0739,40.6023],[-1.0625,40.5859],[-1.0566,40.5825],[-1.0545,40.5784],[-1.0457,40.5758],[-1.0213,40.5773],[-1.0164,40.5724]]},"properties":{"name":"Barranco de Altabas","kind":"barranco","length_km":9.3,"pfafrio":"20034862","source":"CEDEX/DGA ríos 1:25.000"}},{"type":"Feature","geometry":{"type":"LineString","coordinates":[[-1.0546,40.2066],[-1.0614,40.204],[-1.0692,40.2041],[-1.0729,40.2062],[-1.0769,40.2102],[-1.077,40.2138],[-1.0839,40.2189],[-1.0853,40.223],[-1.0904,40.2254],[-1.1026,40.2371],[-1.1072,40.2382],[-1.1161,40.2478],[-1.1223,40.2494],[-1.133,40.2463],[-1.1402,40.249],[-1.1569,40.2473],[-1.1636,40.2519]]},"properties":{"name":"Arroyo de la Cañada","kind":"arroyo","length_km":12.7,"pfafrio":"20034796","source":"CEDEX/DGA ríos 1:25.000"}},{"type":"Feature","geometry":{"type":"LineString","coordinates":[[-0.9403,40.4243],[-0.9433,40.4295],[-0.9509,40.4338],[-0.9546,40.4388],[-0.962,40.4386],[-0.9658,40.4429],[-0.9746,40.4443],[-0.9758,40.4467],[-0.9819,40.4452],[-0.9921,40.4485],[-1.0011,40.4473],[-1.0081,40.4447],[-1.012,40.441],[-1.0253,40.4385]]},"properties":{"name":"Barranco de Santa Maria","kind":"barranco","length_km":9.5,"pfafrio":"200348524","source":"CEDEX/DGA ríos 1:25.000"}},{"type":"Feature","geometry":{"type":"LineString","coordinates":[[-0.4204,39.6882],[-0.4213,39.6854],[-0.4262,39.6818],[-0.424,39.671],[-0.4264,39.6669],[-0.4256,39.6595],[-0.4225,39.6585],[-0.425,39.656],[-0.4272,39.6576],[-0.431,39.6559],[-0.4307,39.651],[-0.434,39.6495],[-0.4305,39.6472],[-0.4274,39.6411],[-0.4285,39.639],[-0.4213,39.6331],[-0.4225,39.6303],[-0.4153,39.6238],[-0.4149,39.6202],[-0.4247,39.611],[-0.4243,39.608],[-0.4264,39.6064],[-0.4256,39.5975],[-0.4295,39.5925],[-0.4297,39.5863]]},"properties":{"name":"Barranc de l'Horta Nova","kind":"barranco","length_km":14.7,"pfafrio":"2003542","source":"CEDEX/DGA ríos 1:25.000"}},{"type":"Feature","geometry":{"type":"LineString","coordinates":[[-0.38,39.8967],[-0.3654,39.8882],[-0.3842,39.8773],[-0.3938,39.878],[-0.4068,39.8726],[-0.4099,39.8691],[-0.4184,39.87],[-0.423,39.8664],[-0.4286,39.8563],[-0.4331,39.854],[-0.4317,39.8491],[-0.4359,39.8436],[-0.4263,39.8212]]},"properties":{"name":"Rambla de Almedíjar","kind":"rambla","length_km":13.9,"pfafrio":"20036178","source":"CEDEX/DGA ríos 1:25.000"}},{"type":"Feature","geometry":{"type":"LineString","coordinates":[[-0.2542,40.1808],[-0.2469,40.1864],[-0.2428,40.1832],[-0.2355,40.1849],[-0.2285,40.1815],[-0.2173,40.182],[-0.216,40.1832],[-0.2172,40.185],[-0.214,40.1884],[-0.21,40.1894],[-0.2073,40.1946],[-0.2025,40.195],[-0.1977,40.1988],[-0.1931,40.1983],[-0.1906,40.2024],[-0.1819,40.2059],[-0.1722,40.2068],[-0.1714,40.2123],[-0.1663,40.2128],[-0.1665,40.2168],[-0.1603,40.2207],[-0.1558,40.2203],[-0.1439,40.2272],[-0.1433,40.2316],[-0.1405,40.2322],[-0.1349,40.2384]]},"properties":{"name":"Barranc del Castell","kind":"barranco","length_km":15.3,"pfafrio":"20038262","source":"CEDEX/DGA ríos 1:25.000"}},{"type":"Feature","geometry":{"type":"LineString","coordinates":[[-0.181,39.908],[-0.1783,39.909],[-0.1721,39.9058],[-0.1705,39.8963],[-0.1664,39.8885],[-0.1632,39.8878],[-0.1386,39.867],[-0.1297,39.8622],[-0.1266,39.857],[-0.1288,39.8512],[-0.1241,39.8475],[-0.1248,39.8415],[-0.1069,39.8319]]},"properties":{"name":"Barranc de Betxí","kind":"barranco","length_km":12.0,"pfafrio":"2003762","source":"CEDEX/DGA ríos 1:25.000"}},{"type":"Feature","geometry":{"type":"LineString","coordinates":[[-0.1231,40.2161],[-0.1202,40.2128],[-0.1202,40.2098],[-0.1235,40.1992],[-0.1181,40.1931],[-0.1155,40.1847],[-0.1173,40.1817],[-0.1164,40.1783],[-0.1218,40.1731],[-0.1167,40.1705],[-0.1198,40.1699],[-0.1208,40.1644],[-0.1235,40.1613],[-0.1156,40.1562],[-0.1162,40.1542],[-0.1122,40.1518],[-0.1107,40.1472],[-0.1083,40.1457],[-0.1063,40.1363],[-0.1043,40.1354]]},"properties":{"name":"Barranc de la Rambleta","kind":"barranco","length_km":11.2,"pfafrio":"20038238","source":"CEDEX/DGA ríos 1:25.000"}},{"type":"Feature","geometry":{"type":"LineString","coordinates":[[-0.7865,40.0097],[-0.7837,40.0108],[-0.7745,40.0088],[-0.7676,40.0149],[-0.7525,40.0102],[-0.747,40.0186],[-0.735,40.0262],[-0.7229,40.0289],[-0.715,40.0281],[-0.7121,40.0355],[-0.7163,40.0405]]},"properties":{"name":"Rambla del Palancar","kind":"rambla","length_km":9.7,"pfafrio":"20038688","source":"CEDEX/DGA ríos 1:25.000"}},{"type":"Feature","geometry":{"type":"LineString","coordinates":[[-0.3482,40.1539],[-0.3422,40.1464],[-0.3329,40.1437],[-0.3304,40.1446],[-0.3239,40.1387],[-0.3147,40.1382],[-0.3119,40.133],[-0.3152,40.1303],[-0.3147,40.1286],[-0.3019,40.1286],[-0.2953,40.1249],[-0.296,40.1219],[-0.2942,40.1219],[-0.2915,40.1128],[-0.2922,40.1098],[-0.2952,40.1084],[-0.2957,40.1047],[-0.2932,40.1052],[-0.2876,40.1011],[-0.29,40.0958],[-0.2852,40.091],[-0.2783,40.0898],[-0.2783,40.0878],[-0.2807,40.0876],[-0.2769,40.0833],[-0.2743,40.0839],[-0.2736,40.0793],[-0.2691,40.0794],[-0.2634,40.0755],[-0.2646,40.0724],[-0.2596,40.0689],[-0.2605,40.0656],[-0.2567,40.0644],[-0.2562,40.0611],[-0.2536,40.0602],[-0.2549,40.0571],[-0.2525,40.055],[-0.2551,40.0477],[-0.2538,40.0445],[-0.2571,40.0434]]},"properties":{"name":"Barranc del Salto del Caballo","kind":"barranco","length_km":21.0,"pfafrio":"20038328","source":"CEDEX/DGA ríos 1:25.000"}},{"type":"Feature","geometry":{"type":"LineString","coordinates":[[-0.9908,40.1295],[-0.985,40.1313],[-0.9737,40.1309],[-0.9689,40.1346],[-0.9573,40.1363],[-0.9525,40.1391],[-0.9488,40.1479],[-0.9414,40.1517],[-0.9322,40.1527],[-0.9225,40.1487],[-0.9146,40.1502],[-0.9061,40.1558],[-0.8947,40.1575],[-0.8806,40.1632],[-0.8355,40.1642]]},"properties":{"name":"Barranco de Santa Maria","kind":"barranco","length_km":15.4,"pfafrio":"2003891642","source":"CEDEX/DGA ríos 1:25.000"}},{"type":"Feature","geometry":{"type":"LineString","coordinates":[[-0.913,40.2592],[-0.9099,40.2548],[-0.8857,40.2475],[-0.8795,40.2429],[-0.8728,40.2411],[-0.8661,40.2346],[-0.8539,40.2298],[-0.8487,40.2237],[-0.8446,40.2136],[-0.8387,40.2109]]},"properties":{"name":"Rambla de la Peñuela","kind":"rambla","length_km":9.4,"pfafrio":"20038962","source":"CEDEX/DGA ríos 1:25.000"}},{"type":"Feature","geometry":{"type":"LineString","coordinates":[[-0.9744,40.749],[-0.9741,40.7458],[-0.9843,40.7346],[-0.9796,40.7277],[-0.9818,40.7217],[-0.9793,40.7158],[-0.9823,40.7033],[-0.9811,40.6998],[-0.9763,40.6958],[-0.9748,40.6878],[-0.9805,40.6789],[-0.9883,40.6717],[-1.0064,40.6702]]},"properties":{"name":"Barranco de la Vega","kind":"barranco","length_km":11.4,"pfafrio":"200348688","source":"CEDEX/DGA ríos 1:25.000"}},{"type":"Feature","geometry":{"type":"LineString","coordinates":[[-0.4617,39.7309],[-0.4611,39.7348],[-0.4648,39.7391],[-0.4599,39.7517],[-0.4517,39.7522],[-0.4505,39.7552],[-0.4354,39.7542],[-0.4355,39.756],[-0.4306,39.7579],[-0.4306,39.7597],[-0.4268,39.7585],[-0.4275,39.7621],[-0.4251,39.7619],[-0.4239,39.7659],[-0.4188,39.7673],[-0.4183,39.7694],[-0.4144,39.7711]]},"properties":{"name":"Barranco de la Saborita o de Saberola","kind":"barranco","length_km":9.1,"pfafrio":"20036144","source":"CEDEX/DGA ríos 1:25.000"}},{"type":"Feature","geometry":{"type":"LineString","coordinates":[[-0.3483,39.6378],[-0.3463,39.6302],[-0.3372,39.6244],[-0.3326,39.6174],[-0.3126,39.6042],[-0.3017,39.601],[-0.2678,39.5982]]},"properties":{"name":"Barranc del Puig","kind":"barranco","length_km":9.1,"pfafrio":"200356","source":"CEDEX/DGA ríos 1:25.000"}},{"type":"Feature","geometry":{"type":"LineString","coordinates":[[-1.5048,40.5636],[-1.5047,40.5506],[-1.5005,40.5426],[-1.5043,40.5368],[-1.5017,40.5329],[-1.5051,40.5284],[-1.5041,40.524],[-1.5001,40.5207],[-1.495,40.5204],[-1.4946,40.5161],[-1.4917,40.5155],[-1.4931,40.5138],[-1.492,40.5097],[-1.4841,40.507],[-1.4787,40.5028]]},"properties":{"name":"Barranco del Chorrillo","kind":"barranco","length_km":9.1,"pfafrio":"20034944","source":"CEDEX/DGA ríos 1:25.000"}},{"type":"Feature","geometry":{"type":"LineString","coordinates":[[-0.6202,40.4227],[-0.6198,40.4248],[-0.6255,40.4331],[-0.6258,40.4374],[-0.6326,40.4409],[-0.6307,40.4484],[-0.6357,40.455],[-0.6465,40.4638],[-0.6628,40.4696],[-0.669,40.4686],[-0.6761,40.4705],[-0.6798,40.4742],[-0.6968,40.4817],[-0.7049,40.4884],[-0.7119,40.4877],[-0.7194,40.4914],[-0.7277,40.4909],[-0.742,40.4856]]},"properties":{"name":"Río de Sollavientos","kind":"rio","length_km":15.5,"pfafrio":"20034896","source":"CEDEX/DGA ríos 1:25.000"}},{"type":"Feature","geometry":{"type":"LineString","coordinates":[[-1.211,40.6674],[-1.2029,40.666],[-1.2014,40.6681],[-1.2036,40.6713],[-1.2029,40.6734],[-1.1947,40.6736],[-1.1844,40.681],[-1.1737,40.6849],[-1.152,40.677],[-1.1453,40.6709],[-1.1373,40.6682],[-1.1356,40.6658],[-1.1269,40.6659]]},"properties":{"name":"Rambla de la Fuentecilla","kind":"rambla","length_km":9.5,"pfafrio":"20034860","source":"CEDEX/DGA ríos 1:25.000"}},{"type":"Feature","geometry":{"type":"LineString","coordinates":[[-0.9096,40.5453],[-0.9366,40.548],[-0.9517,40.5388],[-0.9783,40.546],[-0.9959,40.5432],[-1.0122,40.5446],[-1.027,40.5417]]},"properties":{"name":"Barranco de la Fuen Blanca","kind":"barranco","length_km":10.9,"pfafrio":"200348592","source":"CEDEX/DGA ríos 1:25.000"}},{"type":"Feature","geometry":{"type":"LineString","coordinates":[[-1.3624,39.9974],[-1.3481,40.0029],[-1.3501,40.0048],[-1.3495,40.0091],[-1.3562,40.0201],[-1.3535,40.0295],[-1.3497,40.0344],[-1.3355,40.0388],[-1.3313,40.0373],[-1.3259,40.0397],[-1.3216,40.0387],[-1.3088,40.0459],[-1.3084,40.0497],[-1.2987,40.0514],[-1.2917,40.0576]]},"properties":{"name":"Rambla de Negron","kind":"rambla","length_km":12.0,"pfafrio":"20034764","source":"CEDEX/DGA ríos 1:25.000"}},{"type":"Feature","geometry":{"type":"LineString","coordinates":[[-1.0956,40.1353],[-1.1032,40.1435],[-1.1036,40.1473],[-1.111,40.1541],[-1.111,40.1573],[-1.1167,40.1614],[-1.1279,40.1641],[-1.1349,40.1632],[-1.154,40.171],[-1.162,40.1714],[-1.1754,40.1665],[-1.1821,40.1753],[-1.214,40.1808]]},"properties":{"name":"Arroyo del Juncal","kind":"arroyo","length_km":13.5,"pfafrio":"200347936","source":"CEDEX/DGA ríos 1:25.000"}},{"type":"Feature","geometry":{"type":"LineString","coordinates":[[-1.2815,40.2533],[-1.2799,40.2452],[-1.275,40.2427],[-1.2526,40.2364],[-1.2394,40.2375],[-1.2339,40.2326],[-1.2303,40.2321],[-1.2226,40.2314],[-1.2174,40.2337],[-1.214,40.2322],[-1.2103,40.2354],[-1.199,40.2304],[-1.1903,40.2228]]},"properties":{"name":"Barranco del Hocino","kind":"barranco","length_km":10.5,"pfafrio":"200347938","source":"CEDEX/DGA ríos 1:25.000"}},{"type":"Feature","geometry":{"type":"LineString","coordinates":[[-0.3009,39.7365],[-0.3085,39.7434],[-0.2954,39.7463],[-0.2883,39.7433],[-0.2772,39.7428],[-0.2716,39.7451],[-0.251,39.7314],[-0.2258,39.7245],[-0.2228,39.7259],[-0.2034,39.7209],[-0.1978,39.714],[-0.1929,39.7119]]},"properties":{"name":"Barranc de la Font","kind":"barranco","length_km":12.8,"pfafrio":"2003712","source":"CEDEX/DGA ríos 1:25.000"}},{"type":"Feature","geometry":{"type":"LineString","coordinates":[[-0.8896,40.5808],[-0.8927,40.5859],[-0.9021,40.5897],[-0.9054,40.5949],[-0.9081,40.5937],[-0.9182,40.5965],[-0.9285,40.593],[-0.949,40.5912],[-0.9629,40.5962],[-0.9687,40.5954],[-0.9806,40.6031]]},"properties":{"name":"Barranco del Vallejo de la Fuente","kind":"barranco","length_km":9.7,"pfafrio":"200348732","source":"CEDEX/DGA ríos 1:25.000"}},{"type":"Feature","geometry":{"type":"LineString","coordinates":[[-1.3709,40.3539],[-1.3576,40.3548],[-1.3601,40.3678],[-1.3539,40.3794],[-1.3327,40.3839],[-1.3163,40.3808],[-1.3123,40.3855],[-1.307,40.3851],[-1.2975,40.3907],[-1.2927,40.3909],[-1.2915,40.3934]]},"properties":{"name":"Barranco del Valle de Bezas","kind":"barranco","length_km":11.0,"pfafrio":"2003492","source":"CEDEX/DGA ríos 1:25.000"}},{"type":"Feature","geometry":{"type":"LineString","coordinates":[[-0.6352,40.4231],[-0.6482,40.4311],[-0.6505,40.4383],[-0.6713,40.4424],[-0.6754,40.4455],[-0.6922,40.4503],[-0.7018,40.4552],[-0.7129,40.4561],[-0.7258,40.4488],[-0.7361,40.4512]]},"properties":{"name":"Rambla de las Umbrias","kind":"rambla","length_km":10.7,"pfafrio":"20034898","source":"CEDEX/DGA ríos 1:25.000"}},{"type":"Feature","geometry":{"type":"LineString","coordinates":[[-0.9218,40.3517],[-0.9272,40.3474],[-0.9427,40.3544],[-0.9511,40.3503],[-0.9571,40.3559],[-0.9625,40.3553],[-0.9687,40.3603],[-0.9771,40.3596],[-0.9926,40.3658],[-0.9962,40.3689],[-1.0008,40.3694],[-1.0141,40.3616],[-1.041,40.3615],[-1.0618,40.3582],[-1.0699,40.3611],[-1.0772,40.3554],[-1.0851,40.3549],[-1.093,40.3598],[-1.1021,40.3704]]},"properties":{"name":"Rambla del Río Seco","kind":"rambla","length_km":19.2,"pfafrio":"2003484","source":"CEDEX/DGA ríos 1:25.000"}},{"type":"Feature","geometry":{"type":"LineString","coordinates":[[-0.951,40.7074],[-0.9475,40.7047],[-0.9413,40.7048],[-0.9248,40.7083],[-0.9184,40.7055],[-0.9173,40.7026],[-0.9463,40.6901],[-0.9631,40.6901],[-0.967,40.6869],[-0.9685,40.6889],[-0.9748,40.6878]]},"properties":{"name":"Barranco de Val de las Pozas o del Hocino","kind":"barranco","length_km":9.2,"pfafrio":"2003486882","source":"CEDEX/DGA ríos 1:25.000"}},{"type":"Feature","geometry":{"type":"LineString","coordinates":[[-1.3302,40.2779],[-1.3294,40.2723],[-1.3239,40.2681],[-1.3145,40.2678],[-1.3007,40.2625],[-1.2789,40.263],[-1.26,40.2556],[-1.2467,40.2576],[-1.2426,40.2614],[-1.2409,40.2661],[-1.2328,40.2716]]},"properties":{"name":"Rambla de Valdemadera","kind":"rambla","length_km":10.6,"pfafrio":"2003479524","source":"CEDEX/DGA ríos 1:25.000"}},{"type":"Feature","geometry":{"type":"LineString","coordinates":[[-0.3239,39.8468],[-0.3283,39.8379],[-0.3321,39.8383],[-0.3425,39.8344],[-0.3532,39.8349],[-0.3662,39.8394],[-0.3715,39.8365],[-0.3684,39.8301],[-0.3711,39.8254],[-0.3771,39.8219],[-0.3773,39.8191],[-0.3681,39.8065],[-0.3695,39.7971],[-0.3773,39.7881]]},"properties":{"name":"Rambla de Azuébar o de Jallar o de Chóvar","kind":"rambla","length_km":11.7,"pfafrio":"2003616","source":"CEDEX/DGA ríos 1:25.000"}},{"type":"Feature","geometry":{"type":"LineString","coordinates":[[-0.4288,39.9375],[-0.4343,39.9379],[-0.4381,39.9338],[-0.4383,39.9306],[-0.4454,39.9247],[-0.4391,39.918],[-0.4409,39.91],[-0.4514,39.9084],[-0.4523,39.905],[-0.4631,39.8987],[-0.4683,39.898],[-0.4754,39.8901],[-0.474,39.8837],[-0.4797,39.8766],[-0.4772,39.8743],[-0.4802,39.8712],[-0.4766,39.8691],[-0.4771,39.8655],[-0.4724,39.8618],[-0.4724,39.8543],[-0.4748,39.8531]]},"properties":{"name":"Río Chico o Rambla de Algimia","kind":"rio","length_km":13.8,"pfafrio":"2003632","source":"CEDEX/DGA ríos 1:25.000"}},{"type":"Feature","geometry":{"type":"LineString","coordinates":[[-0.4505,39.7744],[-0.4456,39.775],[-0.4379,39.7822],[-0.4366,39.7775],[-0.4325,39.7803],[-0.4327,39.7768],[-0.4296,39.7774],[-0.425,39.7722],[-0.4206,39.7739],[-0.4122,39.7691],[-0.3955,39.7712],[-0.3926,39.7743],[-0.3904,39.7689],[-0.3819,39.7695],[-0.3792,39.7666],[-0.3713,39.7711],[-0.3675,39.7701],[-0.3675,39.7672],[-0.3613,39.767],[-0.3603,39.7655],[-0.3553,39.7682]]},"properties":{"name":"Rambla de Somat o Barranco de Arginas","kind":"rambla","length_km":12.4,"pfafrio":"2003614","source":"CEDEX/DGA ríos 1:25.000"}},{"type":"Feature","geometry":{"type":"LineString","coordinates":[[-0.8593,40.0929],[-0.855,40.0941],[-0.8536,40.0965],[-0.8448,40.0972],[-0.8454,40.0999],[-0.8422,40.1035],[-0.8405,40.1123],[-0.8381,40.1145],[-0.835,40.1133],[-0.831,40.1154],[-0.8297,40.1206],[-0.8229,40.1268],[-0.8167,40.1294],[-0.8177,40.1321],[-0.8156,40.1362],[-0.808,40.1389],[-0.7944,40.135],[-0.7921,40.1366],[-0.7835,40.1362],[-0.769,40.141],[-0.7662,40.1402],[-0.7637,40.1423],[-0.7605,40.1416]]},"properties":{"name":"Barranco de los Judios","kind":"barranco","length_km":12.9,"pfafrio":"2003882","source":"CEDEX/DGA ríos 1:25.000"}},{"type":"Feature","geometry":{"type":"LineString","coordinates":[[-0.9202,40.1049],[-0.9097,40.1071],[-0.8991,40.1135],[-0.8916,40.121],[-0.8724,40.1277],[-0.8586,40.127],[-0.8553,40.1249],[-0.8491,40.1273],[-0.8244,40.1255]]},"properties":{"name":"Barranco de Montesinos","kind":"barranco","length_km":9.5,"pfafrio":"20038828","source":"CEDEX/DGA ríos 1:25.000"}},{"type":"Feature","geometry":{"type":"LineString","coordinates":[[-0.4552,39.9481],[-0.4581,39.9464],[-0.4589,39.9428],[-0.4641,39.9426],[-0.4663,39.9401],[-0.4812,39.9377],[-0.4896,39.9395],[-0.4924,39.9368],[-0.4897,39.9312],[-0.4918,39.9299],[-0.4923,39.9258],[-0.4995,39.9212],[-0.5013,39.9226],[-0.5098,39.9196],[-0.5087,39.9179],[-0.51,39.9151],[-0.5116,39.9167],[-0.5134,39.9153],[-0.5123,39.9123],[-0.5167,39.9139],[-0.5174,39.9087],[-0.5151,39.9046],[-0.5164,39.9029],[-0.514,39.9018],[-0.5165,39.8961],[-0.5266,39.8916]]},"properties":{"name":"Rambla de Gaibiel","kind":"rambla","length_km":13.2,"pfafrio":"200364","source":"CEDEX/DGA ríos 1:25.000"}},{"type":"Feature","geometry":{"type":"LineString","coordinates":[[-0.4845,40.0058],[-0.4681,39.9961],[-0.4595,39.994],[-0.4506,39.9948],[-0.4435,39.9926],[-0.44,39.9944],[-0.4365,39.9937],[-0.4341,39.9969],[-0.4338,40.0027],[-0.4287,40.0062],[-0.4322,40.0091],[-0.4297,40.0119],[-0.4308,40.0184],[-0.4263,40.0221],[-0.4121,40.0156],[-0.4085,40.0121],[-0.4098,40.0108],[-0.4075,40.008],[-0.4028,40.0077],[-0.398,40.0041],[-0.3958,40.0058],[-0.3886,40.003],[-0.3843,40.0039],[-0.3813,39.9981],[-0.3658,39.9973],[-0.3577,40.0011],[-0.3575,40.0037],[-0.3532,40.0034],[-0.3506,40.0069],[-0.3516,40.0157],[-0.3484,40.0168],[-0.3507,40.0214],[-0.3542,40.0234],[-0.352,40.0292]]},"properties":{"name":"Rambla del Catalan o Rambla de Ayódar o Río Pequeño","kind":"rambla","length_km":21.7,"pfafrio":"2003852","source":"CEDEX/DGA ríos 1:25.000"}},{"type":"Feature","geometry":{"type":"LineString","coordinates":[[-0.0053,40.0782],[-0.0044,40.087],[-0.0065,40.0905],[0.0071,40.1081],[0.0047,40.1212],[0.0022,40.1246],[-0.0021,40.1271],[-0.0057,40.1259],[-0.0209,40.1303],[-0.0292,40.1293],[-0.0467,40.1377],[-0.0703,40.1354]]},"properties":{"name":"Barranc de la Puebla","kind":"barranco","length_km":12.8,"pfafrio":"20038246","source":"CEDEX/DGA ríos 1:25.000"}},{"type":"Feature","geometry":{"type":"LineString","coordinates":[[-0.4938,40.3099],[-0.4931,40.3015],[-0.4909,40.2987],[-0.4913,40.2928],[-0.4874,40.2884],[-0.473,40.2799],[-0.4617,40.2798],[-0.4538,40.2832],[-0.4524,40.281],[-0.4489,40.2814],[-0.4491,40.2844],[-0.4467,40.2855],[-0.4425,40.2853],[-0.4413,40.2832],[-0.4323,40.2848],[-0.4226,40.2835],[-0.4202,40.2855],[-0.4182,40.2813],[-0.4137,40.2837],[-0.412,40.287],[-0.4085,40.2871],[-0.4068,40.2905]]},"properties":{"name":"Rambla de Puertomingalvo","kind":"rambla","length_km":12.5,"pfafrio":"200382698","source":"CEDEX/DGA ríos 1:25.000"}},{"type":"Feature","geometry":{"type":"LineString","coordinates":[[-0.5124,40.2288],[-0.4976,40.2157],[-0.4951,40.2089],[-0.4951,40.1984],[-0.4878,40.1867],[-0.4868,40.1814],[-0.4831,40.1778],[-0.482,40.1706],[-0.475,40.1703],[-0.4729,40.1632],[-0.4696,40.1599]]},"properties":{"name":"Barranc del Carro o de Pereta","kind":"barranco","length_km":9.5,"pfafrio":"20038426","source":"CEDEX/DGA ríos 1:25.000"}},{"type":"Feature","geometry":{"type":"LineString","coordinates":[[0.2594,40.2874],[0.2551,40.2733],[0.2494,40.2657],[0.2406,40.2612],[0.2383,40.2572],[0.2397,40.2518],[0.2365,40.2478],[0.2415,40.2404],[0.2484,40.2385],[0.2493,40.2342],[0.2589,40.2301],[0.2697,40.2216]]},"properties":{"name":"Rambla d'Estopet","kind":"rambla","length_km":9.8,"pfafrio":"2003932","source":"CEDEX/DGA ríos 1:25.000"}},{"type":"Feature","geometry":{"type":"LineString","coordinates":[[-0.2757,39.766],[-0.2717,39.7604],[-0.2738,39.7551],[-0.2719,39.7508],[-0.2572,39.7428],[-0.2462,39.7429],[-0.2329,39.7382],[-0.2263,39.7389],[-0.2192,39.7367],[-0.2054,39.7419],[-0.1943,39.7393],[-0.1724,39.746]]},"properties":{"name":"Barranc de Romaneles","kind":"barranco","length_km":11.5,"pfafrio":"200372","source":"CEDEX/DGA ríos 1:25.000"}},{"type":"Feature","geometry":{"type":"LineString","coordinates":[[-0.0376,40.2641],[-0.0397,40.2634],[-0.0396,40.2593],[-0.0348,40.2526],[-0.032,40.2467],[-0.0329,40.2453],[-0.0284,40.2423],[-0.0299,40.2338],[-0.0245,40.2259],[-0.0257,40.2211],[-0.0216,40.2179],[-0.0207,40.2122],[-0.0167,40.2082],[-0.0233,40.2041],[-0.0319,40.2058],[-0.0389,40.2035],[-0.038,40.201],[-0.0441,40.1993],[-0.0453,40.1968],[-0.0495,40.197],[-0.0537,40.1912],[-0.0654,40.1938],[-0.0741,40.1929],[-0.0765,40.1898]]},"properties":{"name":"Barranc de la Estela","kind":"barranco","length_km":14.7,"pfafrio":"20038254","source":"CEDEX/DGA ríos 1:25.000"}},{"type":"Feature","geometry":{"type":"LineString","coordinates":[[0.2499,40.5142],[0.2627,40.5131],[0.2659,40.5144],[0.2715,40.5125],[0.2797,40.5167],[0.2953,40.5177],[0.3024,40.5221],[0.3044,40.5191],[0.3082,40.5182],[0.3157,40.5214],[0.3145,40.5292],[0.32,40.5361],[0.3233,40.5349],[0.335,40.538],[0.3363,40.5368],[0.3342,40.5341],[0.3339,40.5274],[0.338,40.5259],[0.3387,40.5229]]},"properties":{"name":"Barranc del Capero","kind":"barranco","length_km":12.2,"pfafrio":"200395282","source":"CEDEX/DGA ríos 1:25.000"}},{"type":"Feature","geometry":{"type":"LineString","coordinates":[[-0.3419,39.9073],[-0.3453,39.9053],[-0.3437,39.9035],[-0.3276,39.8989],[-0.3251,39.8954],[-0.3221,39.8958],[-0.3222,39.8935],[-0.3177,39.8923],[-0.3125,39.8841],[-0.3023,39.8812],[-0.2919,39.8854],[-0.2763,39.882],[-0.2672,39.8889],[-0.2605,39.8987]]},"properties":{"name":"Barranco de Eslida","kind":"barranco","length_km":11.0,"pfafrio":"20037848","source":"CEDEX/DGA ríos 1:25.000"}},{"type":"Feature","geometry":{"type":"LineString","coordinates":[[-0.9518,40.1159],[-0.9463,40.1149],[-0.9423,40.1174],[-0.9386,40.115],[-0.9314,40.1159],[-0.9282,40.1117],[-0.9222,40.1139],[-0.9206,40.1108],[-0.9127,40.1113],[-0.9069,40.1133],[-0.9014,40.1185],[-0.8994,40.1231],[-0.8943,40.126],[-0.8845,40.1267],[-0.8793,40.1302],[-0.8715,40.1303],[-0.864,40.1336],[-0.8405,40.1341],[-0.8199,40.1274]]},"properties":{"name":"Barranco de Mediavilla","kind":"barranco","length_km":14.0,"pfafrio":"20038826","source":"CEDEX/DGA ríos 1:25.000"}},{"type":"Feature","geometry":{"type":"LineString","coordinates":[[-0.5532,40.2252],[-0.553,40.2138],[-0.5502,40.2069],[-0.5443,40.2004],[-0.5421,40.1931],[-0.545,40.176],[-0.5447,40.1592],[-0.542,40.1539],[-0.529,40.1416],[-0.5289,40.1388],[-0.5268,40.1377],[-0.5282,40.1341],[-0.5256,40.1335],[-0.5236,40.1293],[-0.5184,40.125]]},"properties":{"name":"Río de Cortes de Arenoso","kind":"rio","length_km":12.8,"pfafrio":"200385682","source":"CEDEX/DGA ríos 1:25.000"}},{"type":"Feature","geometry":{"type":"LineString","coordinates":[[0.1194,40.1736],[0.1214,40.1726],[0.1279,40.1761],[0.1302,40.1788],[0.1307,40.1849],[0.1386,40.1863],[0.1395,40.1886],[0.1599,40.1953],[0.166,40.1924],[0.1688,40.1929],[0.1832,40.1968],[0.1875,40.2006],[0.2096,40.1842]]},"properties":{"name":"Barranc del Toll","kind":"barranco","length_km":10.4,"pfafrio":"2003918","source":"CEDEX/DGA ríos 1:25.000"}},{"type":"Feature","geometry":{"type":"LineString","coordinates":[[-0.241,40.2751],[-0.2479,40.2816],[-0.2473,40.2942],[-0.2495,40.2951],[-0.2471,40.2993],[-0.2403,40.3009],[-0.2416,40.3033],[-0.2379,40.3041],[-0.2401,40.3067],[-0.2283,40.313],[-0.2305,40.3162],[-0.2333,40.316],[-0.2325,40.3205],[-0.2355,40.3218],[-0.2334,40.3246],[-0.2341,40.3266],[-0.2302,40.326],[-0.227,40.3287],[-0.2234,40.3258],[-0.2171,40.3268],[-0.2093,40.3235]]},"properties":{"name":"Barranc del Forcall","kind":"barranco","length_km":11.8,"pfafrio":"20038264","source":"CEDEX/DGA ríos 1:25.000"}},{"type":"Feature","geometry":{"type":"LineString","coordinates":[[-0.6664,40.309],[-0.6671,40.3026],[-0.6586,40.2936],[-0.6458,40.2894],[-0.642,40.2844],[-0.6468,40.2743],[-0.6537,40.2713],[-0.6619,40.2576],[-0.6607,40.2486],[-0.6569,40.2453],[-0.6556,40.2402],[-0.6574,40.2304],[-0.6607,40.2282],[-0.669,40.228],[-0.677,40.2242]]},"properties":{"name":"Rambla de la Pila","kind":"rambla","length_km":13.1,"pfafrio":"20038768","source":"CEDEX/DGA ríos 1:25.000"}},{"type":"Feature","geometry":{"type":"LineString","coordinates":[[0.2994,40.4467],[0.3033,40.4468],[0.3142,40.4416],[0.336,40.4453],[0.3488,40.4412],[0.3578,40.4415],[0.3612,40.4514],[0.3697,40.4534],[0.3709,40.4578],[0.3758,40.4592],[0.3781,40.4582],[0.3782,40.4548],[0.384,40.4502],[0.3887,40.4501]]},"properties":{"name":"Barranc de l'Oriol","kind":"barranco","length_km":10.3,"pfafrio":"2003942","source":"CEDEX/DGA ríos 1:25.000"}},{"type":"Feature","geometry":{"type":"LineString","coordinates":[[-0.3998,39.951],[-0.4,39.956],[-0.4033,39.9588],[-0.4006,39.9616],[-0.4012,39.9641],[-0.3984,39.9646],[-0.4004,39.967],[-0.3946,39.97],[-0.3921,39.9678],[-0.3844,39.9672],[-0.3836,39.964],[-0.3774,39.9664],[-0.3782,39.9684],[-0.3744,39.9678],[-0.3725,39.9694],[-0.3744,39.9738],[-0.3804,39.9776],[-0.378,39.9789],[-0.3791,39.9844],[-0.3778,39.9864],[-0.3708,39.9912],[-0.3731,39.997]]},"properties":{"name":"Rambla de Villamalur o Río Pequeño","kind":"rambla","length_km":10.1,"pfafrio":"20038524","source":"CEDEX/DGA ríos 1:25.000"}},{"type":"Feature","geometry":{"type":"LineString","coordinates":[[-0.9473,40.2365],[-0.9338,40.2346],[-0.9239,40.2287],[-0.9099,40.2262],[-0.9095,40.2235],[-0.905,40.2242],[-0.9,40.2215],[-0.8965,40.2236],[-0.8722,40.214],[-0.8594,40.2135],[-0.8482,40.2095],[-0.8416,40.2091],[-0.8387,40.2109],[-0.8288,40.2063],[-0.8223,40.2081]]},"properties":{"name":"Rambla del Cubillo","kind":"rambla","length_km":12.9,"pfafrio":"2003896","source":"CEDEX/DGA ríos 1:25.000"}},{"type":"Feature","geometry":{"type":"LineString","coordinates":[[-0.9471,40.1027],[-0.9439,40.0993],[-0.9419,40.1001],[-0.94,40.0975],[-0.9345,40.0958],[-0.9106,40.102],[-0.9102,40.0984],[-0.9023,40.0947],[-0.8981,40.0861],[-0.8902,40.0822],[-0.8892,40.076],[-0.8808,40.0664]]},"properties":{"name":"Rambla de la Hoz o de Valbona","kind":"rambla","length_km":9.3,"pfafrio":"20038884","source":"CEDEX/DGA ríos 1:25.000"}},{"type":"Feature","geometry":{"type":"LineString","coordinates":[[-0.7046,40.241],[-0.7096,40.2332],[-0.7133,40.2319],[-0.7124,40.228],[-0.7164,40.2203],[-0.7269,40.2155],[-0.7286,40.2127],[-0.7377,40.2118],[-0.7406,40.209],[-0.7439,40.1986],[-0.7469,40.1976],[-0.747,40.1887],[-0.7535,40.1834],[-0.7515,40.179],[-0.7482,40.1774],[-0.7489,40.1639]]},"properties":{"name":"Arroyo del Hocino","kind":"arroyo","length_km":11.4,"pfafrio":"20038782","source":"CEDEX/DGA ríos 1:25.000"}},{"type":"Feature","geometry":{"type":"LineString","coordinates":[[-0.9495,40.2001],[-0.9446,40.2008],[-0.9417,40.1984],[-0.9191,40.2029],[-0.889,40.1914],[-0.8744,40.1906],[-0.8561,40.1981],[-0.8234,40.1928],[-0.8113,40.1948]]},"properties":{"name":"Rambla de Peñaflor","kind":"rambla","length_km":13.4,"pfafrio":"2003892","source":"CEDEX/DGA ríos 1:25.000"}},{"type":"Feature","geometry":{"type":"LineString","coordinates":[[0.1868,40.3818],[0.1833,40.3689],[0.1854,40.3673],[0.1854,40.3631],[0.1939,40.358],[0.1966,40.3582],[0.1993,40.355],[0.1998,40.3529],[0.1973,40.3498],[0.1985,40.3366],[0.1939,40.3331],[0.1939,40.3292],[0.1894,40.3272],[0.1861,40.3215],[0.1865,40.3168],[0.1804,40.315],[0.1765,40.3085],[0.1731,40.3087],[0.17,40.3035],[0.1657,40.3017]]},"properties":{"name":"Rambla de la Vall d'Angel","kind":"rambla","length_km":11.9,"pfafrio":"20039242","source":"CEDEX/DGA ríos 1:25.000"}},{"type":"Feature","geometry":{"type":"LineString","coordinates":[[0.142,40.6363],[0.146,40.637],[0.1597,40.6332],[0.1608,40.6315],[0.1802,40.636],[0.1912,40.6337],[0.1972,40.6359],[0.2045,40.6354],[0.2088,40.6322],[0.2127,40.6331],[0.2123,40.631],[0.2167,40.6284],[0.2189,40.6225],[0.2173,40.6198],[0.2183,40.6163],[0.2156,40.6121],[0.2245,40.6093],[0.2266,40.6102],[0.2328,40.6057],[0.237,40.6059],[0.2384,40.6038],[0.248,40.6002],[0.2546,40.5917],[0.2519,40.5861],[0.2602,40.5813],[0.2571,40.575]]},"properties":{"name":"Barranco de Requena","kind":"barranco","length_km":17.2,"pfafrio":"20039654","source":"CEDEX/DGA ríos 1:25.000"}},{"type":"Feature","geometry":{"type":"LineString","coordinates":[[-0.9702,40.2782],[-0.9777,40.2682],[-0.9744,40.2627],[-0.9687,40.2595],[-0.9683,40.2564],[-0.9568,40.2482],[-0.9424,40.2431],[-0.9387,40.2383],[-0.9337,40.2398],[-0.9327,40.2376],[-0.9297,40.2371],[-0.9295,40.2349],[-0.9182,40.2353],[-0.9145,40.2304],[-0.9102,40.231],[-0.9122,40.228],[-0.9099,40.2262]]},"properties":{"name":"Barranco del Hocino","kind":"barranco","length_km":10.7,"pfafrio":"20038966","source":"CEDEX/DGA ríos 1:25.000"}},{"type":"Feature","geometry":{"type":"LineString","coordinates":[[-0.7569,40.3971],[-0.7653,40.4054],[-0.7749,40.4105],[-0.7886,40.4127],[-0.7946,40.4178],[-0.8031,40.4203],[-0.8061,40.4254],[-0.8125,40.429],[-0.8199,40.4318],[-0.8255,40.4314],[-0.8352,40.4378],[-0.8467,40.438],[-0.8501,40.4356]]},"properties":{"name":"Barranco de Valdespino","kind":"barranco","length_km":10.1,"pfafrio":"2003898","source":"CEDEX/DGA ríos 1:25.000"}},{"type":"Feature","geometry":{"type":"LineString","coordinates":[[-2.2465,37.5922],[-2.2229,37.5985],[-2.1922,37.6123],[-2.1864,37.6122],[-2.1809,37.6175],[-2.1672,37.6156],[-2.1562,37.6174],[-2.1507,37.6219],[-2.1349,37.6259],[-2.1308,37.6259],[-2.1287,37.6234],[-2.1154,37.6313],[-2.1142,37.6367],[-2.11,37.6401],[-2.1069,37.6399],[-2.1039,37.6354],[-2.0978,37.6351],[-2.0968,37.6369],[-2.0784,37.6428],[-2.0676,37.637],[-2.0597,37.6399],[-2.0578,37.6468],[-2.0432,37.6449],[-2.0387,37.6491],[-2.0386,37.6518],[-2.0315,37.653],[-2.0306,37.6606],[-2.0234,37.6637],[-2.0195,37.6694],[-2.0195,37.674],[-2.016,37.6756]]},"properties":{"name":"Rambla de Chirivel","kind":"rambla","length_km":26.3,"source":"OpenStreetMap contributors (ODbL), waterway=river"}},{"type":"Feature","geometry":{"type":"LineString","coordinates":[[-0.1381,40.5027],[-0.1448,40.5138],[-0.1485,40.5154],[-0.1514,40.5142],[-0.1581,40.5198],[-0.1614,40.52],[-0.1605,40.5233],[-0.1659,40.5218],[-0.1615,40.5274],[-0.165,40.5297],[-0.1609,40.533],[-0.1628,40.5352],[-0.1626,40.5428],[-0.1569,40.546],[-0.157,40.5498],[-0.1632,40.5494],[-0.1695,40.5432],[-0.173,40.5472],[-0.1694,40.5542],[-0.1723,40.5549],[-0.1783,40.5521],[-0.1791,40.5534],[-0.1748,40.5558],[-0.175,40.56],[-0.186,40.5604]]},"properties":{"name":"Rambla de la Canada d'Ares","kind":"rambla","length_km":13.4,"source":"OpenStreetMap contributors (ODbL), waterway=river"}},{"type":"Feature","geometry":{"type":"LineString","coordinates":[[-0.192,40.65],[-0.1906,40.6551],[-0.1943,40.6633],[-0.1937,40.6687],[-0.1789,40.6927],[-0.1823,40.6954],[-0.1833,40.701],[-0.1735,40.7059],[-0.1694,40.7106],[-0.1694,40.7131],[-0.1771,40.7187],[-0.1689,40.7312],[-0.1674,40.7372],[-0.176,40.7423],[-0.1737,40.7443],[-0.1672,40.7414],[-0.1629,40.7426],[-0.168,40.7468],[-0.1677,40.7485],[-0.1619,40.747],[-0.1594,40.7492],[-0.1649,40.7538],[-0.1644,40.7575],[-0.1539,40.757],[-0.1554,40.7617],[-0.1508,40.7645],[-0.1546,40.7673],[-0.1549,40.7714],[-0.1577,40.7707],[-0.1609,40.7729],[-0.1557,40.7784],[-0.1584,40.7824],[-0.1535,40.7815],[-0.1517,40.7833],[-0.1527,40.7856],[-0.1481,40.7845],[-0.1456,40.7859]]},"properties":{"name":"Riu Bergantes","kind":"rio","length_km":22.5,"source":"OpenStreetMap contributors (ODbL), waterway=river"}},{"type":"Feature","geometry":{"type":"LineString","coordinates":[[-0.1818,40.5817],[-0.1887,40.5885],[-0.1867,40.5963],[-0.1867,40.6082],[-0.2008,40.6184],[-0.1978,40.6268],[-0.1933,40.6323],[-0.1986,40.6358],[-0.2019,40.6409],[-0.192,40.65]]},"properties":{"name":"Riu de Calders","kind":"rio","length_km":9.0,"source":"OpenStreetMap contributors (ODbL), waterway=river"}},{"type":"Feature","geometry":{"type":"LineString","coordinates":[[-0.3221,40.6029],[-0.3116,40.6117],[-0.3023,40.6115],[-0.2848,40.6148],[-0.2763,40.6128],[-0.2755,40.6154],[-0.268,40.6181],[-0.2646,40.623],[-0.2615,40.6228],[-0.2479,40.6388],[-0.244,40.639],[-0.2394,40.6422],[-0.2359,40.6476],[-0.2235,40.6467],[-0.2051,40.6497],[-0.1968,40.6482],[-0.1917,40.6505]]},"properties":{"name":"Riu de Cantavella","kind":"rio","length_km":13.7,"source":"OpenStreetMap contributors (ODbL), waterway=river"}},{"type":"Feature","geometry":{"type":"MultiLineString","coordinates":[[[-2.1619,38.1843],[-2.1632,38.1884],[-2.1608,38.1926],[-2.1459,38.2028],[-2.1306,38.2015],[-2.119,38.1967],[-2.1114,38.1981]],[[-2.1109,38.1983],[-2.101,38.1978],[-2.0786,38.1915],[-2.0694,38.191],[-2.0624,38.1948],[-2.0563,38.191],[-2.0515,38.1938],[-2.0442,38.1926],[-2.043,38.1909],[-2.0369,38.1925],[-2.0205,38.2086],[-2.0063,38.2112],[-1.999,38.2096],[-1.995,38.2066],[-1.9883,38.2064],[-1.9674,38.2172],[-1.9589,38.2119],[-1.949,38.2099],[-1.9455,38.2101],[-1.9429,38.2144],[-1.9381,38.2148],[-1.938,38.2161],[-1.9348,38.2128],[-1.9297,38.2136],[-1.9254,38.2106],[-1.9222,38.2123],[-1.9195,38.2095],[-1.9129,38.2129],[-1.9057,38.2093],[-1.8914,38.2123],[-1.8786,38.2098],[-1.8733,38.2118],[-1.859,38.2088],[-1.8545,38.2095],[-1.8539,38.2071],[-1.8435,38.21],[-1.8405,38.2077],[-1.8277,38.2144],[-1.8081,38.2155]]]},"properties":{"name":"Río Alhárabe","kind":"rio","length_km":36.6,"source":"OpenStreetMap contributors (ODbL), waterway=river"}},{"type":"Feature","geometry":{"type":"LineString","coordinates":[[-1.9843,38.0869],[-1.9855,38.0859],[-1.9781,38.078],[-1.9701,38.0766],[-1.9638,38.0714],[-1.9602,38.0726],[-1.9547,38.0707],[-1.9508,38.0724],[-1.9479,38.0705],[-1.9343,38.0761],[-1.9297,38.0757],[-1.927,38.078],[-1.9062,38.0782],[-1.8957,38.0859],[-1.8902,38.0855],[-1.8889,38.0881],[-1.8879,38.0859],[-1.8794,38.0842],[-1.8714,38.0901],[-1.8613,38.092],[-1.8498,38.1005],[-1.8312,38.1027],[-1.8247,38.099],[-1.8146,38.0989],[-1.8037,38.0952],[-1.8023,38.101],[-1.7949,38.1008],[-1.7926,38.1058],[-1.7834,38.1089],[-1.7801,38.1174],[-1.7653,38.1309],[-1.7563,38.1423],[-1.7532,38.1434],[-1.7501,38.1481],[-1.7507,38.1505],[-1.7441,38.1533],[-1.7434,38.1637],[-1.7309,38.1752],[-1.7262,38.1759],[-1.7239,38.1792],[-1.7198,38.1808],[-1.7179,38.186],[-1.7222,38.189],[-1.7225,38.192],[-1.7179,38.1967],[-1.7183,38.2029],[-1.7118,38.2043],[-1.7083,38.2083],[-1.7068,38.2131],[-1.7096,38.2141],[-1.7101,38.217],[-1.7006,38.218],[-1.7019,38.2229],[-1.6979,38.226],[-1.6951,38.2231],[-1.6873,38.2204],[-1.6884,38.2223],[-1.6864,38.2252],[-1.6895,38.2269],[-1.6891,38.229],[-1.686,38.2284],[-1.6865,38.2303],[-1.6835,38.231],[-1.6842,38.2338],[-1.6791,38.2341],[-1.6763,38.2368],[-1.6766,38.2388],[-1.6815,38.2386],[-1.6833,38.2403],[-1.6816,38.2452]]},"properties":{"name":"Río Argos","kind":"rio","length_km":44.6,"source":"OpenStreetMap contributors (ODbL), waterway=river"}},{"type":"Feature","geometry":{"type":"LineString","coordinates":[[-2.2628,38.6071],[-2.2585,38.6071],[-2.2469,38.6008],[-2.2434,38.6015],[-2.2394,38.5978],[-2.24,38.5955],[-2.2341,38.5918],[-2.235,38.5845],[-2.2376,38.5826],[-2.2364,38.5798],[-2.2239,38.5788],[-2.2207,38.5762],[-2.2156,38.5776],[-2.2137,38.5801],[-2.1971,38.582],[-2.1819,38.5739],[-2.1783,38.569],[-2.1788,38.566],[-2.1809,38.5653],[-2.1776,38.5629],[-2.1795,38.5625],[-2.1796,38.5602],[-2.175,38.5607],[-2.1785,38.5552],[-2.1771,38.5508],[-2.1791,38.5477]]},"properties":{"name":"Río Bogarra","kind":"rio","length_km":14.1,"source":"OpenStreetMap contributors (ODbL), waterway=river"}},{"type":"Feature","geometry":{"type":"MultiLineString","coordinates":[[[-0.4253,40.5279],[-0.4102,40.5304],[-0.4104,40.532],[-0.4041,40.5349],[-0.3907,40.5353]],[[-0.353,40.5486],[-0.3475,40.5518],[-0.3479,40.5543],[-0.3455,40.5573],[-0.3483,40.5597],[-0.3475,40.5664],[-0.3494,40.5664],[-0.3437,40.5761],[-0.3468,40.5779],[-0.3318,40.5984],[-0.325,40.6018],[-0.3245,40.6037],[-0.3221,40.6029]]]},"properties":{"name":"Río Cantavieja","kind":"rio","length_km":11.0,"source":"OpenStreetMap contributors (ODbL), waterway=river"}},{"type":"Feature","geometry":{"type":"LineString","coordinates":[[-2.1762,37.7554],[-2.1731,37.7565],[-2.1642,37.7673],[-2.1629,37.7746],[-2.1582,37.7818],[-2.143,37.7909],[-2.1233,37.7927],[-2.1191,37.7909],[-2.112,37.7926],[-2.0999,37.789],[-2.0942,37.791],[-2.0894,37.7986],[-2.086,37.8005],[-2.0837,37.7982],[-2.0709,37.7981],[-2.0692,37.7963],[-2.0651,37.7993],[-2.0469,37.8011],[-2.0468,37.8063],[-2.041,37.8103],[-2.0324,37.8122],[-2.0242,37.811],[-2.0228,37.8146],[-2.0186,37.8156],[-2.0175,37.8181],[-2.0137,37.8153],[-2.0121,37.8169],[-2.0039,37.816],[-2.0023,37.818],[-2.0065,37.8203],[-2.0033,37.824],[-1.9971,37.8227],[-1.9908,37.8251]]},"properties":{"name":"Río Caramel o del Alcaide","kind":"rio","length_km":22.4,"source":"OpenStreetMap contributors (ODbL), waterway=river"}},{"type":"Feature","geometry":{"type":"LineString","coordinates":[[-0.9954,38.2654],[-1.0022,38.261],[-1.0024,38.2572],[-0.9997,38.2541],[-1.0022,38.2468],[-1.015,38.244],[-1.0153,38.2422],[-1.0204,38.2405],[-1.0274,38.2421],[-1.0344,38.2409],[-1.0359,38.2374],[-1.0416,38.2357],[-1.0446,38.2312],[-1.0521,38.23],[-1.0502,38.2268],[-1.0577,38.2232],[-1.0514,38.2139],[-1.0565,38.2078],[-1.0556,38.204],[-1.0589,38.199],[-1.0545,38.1989],[-1.0498,38.1943],[-1.0513,38.1908],[-1.0491,38.1846],[-1.0412,38.1783],[-1.0393,38.1716],[-1.0274,38.1649],[-1.0252,38.1601],[-1.0171,38.1591]]},"properties":{"name":"Río Chícamo","kind":"rio","length_km":18.4,"source":"OpenStreetMap contributors (ODbL), waterway=river"}},{"type":"Feature","geometry":{"type":"MultiLineString","coordinates":[[[-2.1267,37.7056],[-2.1199,37.705],[-2.1102,37.7097]],[[-2.11,37.7097],[-2.0992,37.7132],[-2.0928,37.7232],[-2.0876,37.7226],[-2.0783,37.7174],[-2.0706,37.7169],[-2.0605,37.7081],[-2.0602,37.7051],[-2.0567,37.7025],[-2.0578,37.7003],[-2.0428,37.6897],[-2.0433,37.6878],[-2.0378,37.6866],[-2.0278,37.6787],[-2.0223,37.6794],[-2.016,37.6756]]]},"properties":{"name":"Río Claro","kind":"rio","length_km":13.3,"source":"OpenStreetMap contributors (ODbL), waterway=river"}},{"type":"Feature","geometry":{"type":"LineString","coordinates":[[-2.016,37.6756],[-2.0111,37.6752],[-2.006,37.6701],[-2.0016,37.6747],[-1.9948,37.6744],[-1.9894,37.6783],[-1.9802,37.6786],[-1.9742,37.6821],[-1.9742,37.6879],[-1.9695,37.6871],[-1.9669,37.6895],[-1.9692,37.6916],[-1.9681,37.6927],[-1.957,37.6914],[-1.9386,37.6988],[-1.9351,37.7022],[-1.9337,37.7073],[-1.9284,37.7058],[-1.9242,37.71],[-1.9232,37.7138],[-1.9154,37.7162],[-1.9073,37.7151],[-1.9003,37.7247],[-1.8807,37.7267],[-1.8733,37.7249],[-1.8652,37.7258],[-1.8536,37.7311],[-1.8431,37.73],[-1.84,37.7381],[-1.8298,37.7387]]},"properties":{"name":"Río Corneros","kind":"rio","length_km":21.6,"source":"OpenStreetMap contributors (ODbL), waterway=river"}},{"type":"Feature","geometry":{"type":"LineString","coordinates":[[-1.5657,37.8553],[-1.5532,37.8593],[-1.5459,37.8575],[-1.5329,37.8587],[-1.5265,37.862],[-1.525,37.8599],[-1.5142,37.8596],[-1.5129,37.8617],[-1.5061,37.864],[-1.5012,37.862],[-1.4981,37.865],[-1.4892,37.8671],[-1.4884,37.8694],[-1.479,37.8676],[-1.4784,37.8695],[-1.4748,37.8702],[-1.4735,37.8747],[-1.4696,37.8786],[-1.461,37.8764],[-1.4602,37.8741],[-1.4576,37.8736],[-1.4622,37.8686],[-1.462,37.8622]]},"properties":{"name":"Río Espuña","kind":"rio","length_km":12.9,"source":"OpenStreetMap contributors (ODbL), waterway=river"}},{"type":"Feature","geometry":{"type":"LineString","coordinates":[[-1.8195,37.7349],[-1.8071,37.7327],[-1.802,37.7205],[-1.7924,37.7131],[-1.791,37.7086],[-1.784,37.7095],[-1.7803,37.7052],[-1.7553,37.6964],[-1.7414,37.6854],[-1.7293,37.6851],[-1.7187,37.6799],[-1.703,37.6828],[-1.6872,37.675],[-1.6762,37.6729],[-1.6704,37.6684],[-1.6662,37.6735],[-1.6616,37.675],[-1.653,37.6676],[-1.6503,37.6689],[-1.6526,37.6721],[-1.6513,37.675],[-1.6417,37.6753],[-1.6411,37.6714],[-1.6386,37.6703],[-1.6263,37.6718],[-1.622,37.6747],[-1.6189,37.6816],[-1.6135,37.682],[-1.6029,37.6874],[-1.5971,37.6863],[-1.5855,37.6948],[-1.5791,37.6923],[-1.5731,37.6966],[-1.5684,37.6954],[-1.5617,37.697],[-1.5565,37.7013],[-1.5381,37.704],[-1.536,37.7069],[-1.5319,37.7065],[-1.5279,37.7098],[-1.5251,37.7079],[-1.5248,37.7039],[-1.5213,37.7038],[-1.5115,37.7129],[-1.5109,37.7201],[-1.5032,37.72],[-1.4989,37.7219],[-1.491,37.7209],[-1.484,37.7261],[-1.4709,37.7227],[-1.4642,37.7248],[-1.4511,37.7249],[-1.4398,37.7313],[-1.4256,37.7275],[-1.4256,37.7344],[-1.4216,37.7415],[-1.4152,37.7474],[-1.4114,37.7542],[-1.395,37.767],[-1.394,37.7697],[-1.3974,37.7723],[-1.3975,37.7764],[-1.3919,37.7823],[-1.3866,37.7845],[-1.3818,37.7982],[-1.3826,37.8055],[-1.3772,37.8128],[-1.3844,37.8257],[-1.3788,37.8283],[-1.378,37.8354],[-1.3749,37.8402],[-1.3759,37.8479],[-1.3684,37.8524],[-1.3702,37.8555],[-1.3679,37.859],[-1.3541,37.8618],[-1.3505,37.8598],[-1.3361,37.8686],[-1.3319,37.8732],[-1.3169,37.8753],[-1.3137,37.8781],[-1.3129,37.8835],[-1.3071,37.8885],[-1.2973,37.8905],[-1.2931,37.8978],[-1.2687,37.9121],[-1.2666,37.9167],[-1.2618,37.9203],[-1.2486,37.9199],[-1.2307,37.9313],[-1.2243,37.9321],[-1.2187,37.936],[-1.1933,37.9408],[-1.1846,37.9392],[-1.1775,37.9422],[-1.1626,37.9435],[-1.1161,37.9544],[-1.0989,37.9631],[-1.0729,37.9916]]},"properties":{"name":"Río Guadalentín","kind":"rio","length_km":93.8,"source":"OpenStreetMap contributors (ODbL), waterway=river"}},{"type":"Feature","geometry":{"type":"LineString","coordinates":[[-1.9708,37.8615],[-1.9906,37.8482],[-1.9924,37.8422],[-1.9958,37.8403],[-1.9977,37.8314],[-1.9908,37.8251],[-1.9819,37.8216],[-1.9815,37.8192],[-1.9707,37.8088],[-1.9623,37.8033],[-1.9637,37.8012],[-1.9604,37.8014],[-1.9604,37.7995],[-1.9586,37.8016],[-1.9546,37.8014],[-1.9515,37.7976],[-1.9522,37.7945],[-1.949,37.7929],[-1.9498,37.7899],[-1.9401,37.7872],[-1.9366,37.7829],[-1.9356,37.7872],[-1.9331,37.7855],[-1.9289,37.7883],[-1.9273,37.7836],[-1.9233,37.7809],[-1.915,37.7853],[-1.9165,37.7827],[-1.9135,37.781],[-1.9134,37.7789],[-1.9034,37.7773],[-1.8931,37.7721],[-1.8892,37.7717],[-1.8868,37.7739],[-1.8828,37.7701],[-1.8803,37.7712],[-1.877,37.7682],[-1.8679,37.7668],[-1.8645,37.7628],[-1.8613,37.762],[-1.8613,37.757],[-1.8591,37.7544],[-1.8537,37.7535],[-1.8486,37.7482],[-1.8415,37.7469],[-1.8387,37.7427],[-1.832,37.7418],[-1.8298,37.7387],[-1.8195,37.7349]]},"properties":{"name":"Río Luchena","kind":"rio","length_km":28.1,"source":"OpenStreetMap contributors (ODbL), waterway=river"}},{"type":"Feature","geometry":{"type":"MultiLineString","coordinates":[[[-2.5708,38.2715],[-2.5634,38.2761],[-2.5628,38.2794],[-2.5654,38.2831],[-2.5724,38.284],[-2.5763,38.2866],[-2.5907,38.2841],[-2.6022,38.2757],[-2.6041,38.2712],[-2.6084,38.2708],[-2.6127,38.2667],[-2.6195,38.2517],[-2.6172,38.2456],[-2.6132,38.2437],[-2.616,38.2408],[-2.6118,38.239],[-2.6095,38.2349],[-2.6133,38.2312],[-2.6175,38.2208],[-2.6158,38.2099],[-2.6196,38.203],[-2.6171,38.1967],[-2.6132,38.196],[-2.608,38.19],[-2.6076,38.1852],[-2.6108,38.1797],[-2.6078,38.1767],[-2.6089,38.1747],[-2.6064,38.1732],[-2.6061,38.1696]],[[-2.372,38.5657],[-2.3601,38.5693],[-2.3516,38.5775],[-2.3471,38.5794],[-2.3387,38.5778],[-2.3362,38.5747],[-2.3265,38.5742],[-2.3127,38.5882],[-2.2982,38.5951],[-2.2931,38.6001],[-2.2628,38.6071]]]},"properties":{"name":"Río Madera","kind":"rio","length_km":30.9,"source":"OpenStreetMap contributors (ODbL), waterway=river"}},{"type":"Feature","geometry":{"type":"LineString","coordinates":[[-1.8081,38.2155],[-1.7973,38.2178],[-1.7975,38.2213],[-1.7914,38.2201],[-1.7887,38.2237],[-1.7747,38.2235],[-1.7728,38.2244],[-1.7739,38.2265],[-1.7725,38.2275],[-1.7621,38.2265],[-1.7543,38.2311],[-1.7556,38.2345],[-1.7501,38.2355],[-1.7518,38.2376],[-1.7479,38.2401],[-1.7515,38.2458],[-1.7459,38.2448],[-1.7439,38.2475],[-1.7385,38.2468],[-1.73,38.2541],[-1.7268,38.2537],[-1.7229,38.2603],[-1.7195,38.2621],[-1.7145,38.2601]]},"properties":{"name":"Río Moratalla","kind":"rio","length_km":12.6,"source":"OpenStreetMap contributors (ODbL), waterway=river"}},{"type":"Feature","geometry":{"type":"LineString","coordinates":[[-1.7109,38.0125],[-1.706,38.0216],[-1.6876,38.0204],[-1.674,38.0264],[-1.6607,38.028],[-1.6538,38.0333],[-1.6459,38.0313],[-1.6378,38.032],[-1.6339,38.0357],[-1.6215,38.0399],[-1.6187,38.0428],[-1.6094,38.0404],[-1.594,38.0457],[-1.5875,38.0454],[-1.5849,38.0486],[-1.5807,38.0474],[-1.5771,38.0543],[-1.5737,38.0532],[-1.5711,38.055],[-1.5675,38.0523],[-1.5676,38.0536],[-1.5631,38.0544],[-1.5529,38.0503],[-1.5453,38.0532],[-1.5445,38.0507],[-1.5422,38.0517],[-1.5402,38.0488],[-1.5353,38.0518],[-1.5299,38.0508],[-1.5283,38.0519],[-1.5298,38.055],[-1.5207,38.056],[-1.5209,38.0592],[-1.5165,38.0594],[-1.5118,38.0636],[-1.5091,38.0623],[-1.5053,38.067],[-1.4966,38.0649],[-1.4908,38.0675],[-1.492,38.0654],[-1.4889,38.0606],[-1.473,38.0545],[-1.4731,38.0502],[-1.4664,38.0485],[-1.4667,38.0443],[-1.4641,38.0454],[-1.4635,38.0428],[-1.4588,38.0392],[-1.4598,38.0376],[-1.4554,38.0379],[-1.4558,38.0361],[-1.4397,38.0338],[-1.4358,38.0377],[-1.4327,38.0358],[-1.4273,38.0367],[-1.4229,38.0428],[-1.4078,38.037],[-1.407,38.033],[-1.3993,38.0305],[-1.3958,38.0314],[-1.3934,38.0274],[-1.3889,38.0267],[-1.3819,38.031],[-1.3808,38.025],[-1.3757,38.0299],[-1.3711,38.0276],[-1.3616,38.032],[-1.3608,38.0335],[-1.3629,38.0349],[-1.3609,38.0371],[-1.3545,38.0345],[-1.3485,38.0351],[-1.3448,38.0376],[-1.3469,38.0405],[-1.3405,38.0443],[-1.339,38.0427],[-1.3401,38.0389],[-1.3355,38.0383],[-1.3344,38.0433],[-1.328,38.0395],[-1.3218,38.0422],[-1.3195,38.0397],[-1.3122,38.045],[-1.3084,38.0397],[-1.3036,38.0393],[-1.3019,38.041],[-1.3054,38.0441],[-1.3024,38.046],[-1.2945,38.0434],[-1.2895,38.0391],[-1.279,38.0438],[-1.2754,38.04],[-1.2633,38.0406],[-1.262,38.0378],[-1.256,38.0356],[-1.2555,38.0389],[-1.251,38.0399],[-1.2531,38.0423],[-1.2522,38.0461],[-1.2485,38.0455],[-1.2466,38.0478],[-1.2411,38.0487],[-1.2284,38.0449],[-1.2239,38.0377]]},"properties":{"name":"Río Mula","kind":"rio","length_km":60.8,"source":"OpenStreetMap contributors (ODbL), waterway=river"}},{"type":"Feature","geometry":{"type":"MultiLineString","coordinates":[[[-2.437,38.45],[-2.439,38.4583],[-2.4349,38.4682],[-2.4274,38.4738],[-2.4158,38.4765],[-2.4018,38.487],[-2.3595,38.4835],[-2.3571,38.4853],[-2.3518,38.4851],[-2.3477,38.4891],[-2.3403,38.4888],[-2.3373,38.4851],[-2.3328,38.4858],[-2.3263,38.4883],[-2.3235,38.4931],[-2.3171,38.4958],[-2.314,38.4943],[-2.3064,38.4961],[-2.302,38.493],[-2.2961,38.4931],[-2.2915,38.4952],[-2.29,38.4998],[-2.2867,38.5],[-2.2827,38.5036],[-2.2791,38.5099],[-2.2686,38.5133],[-2.262,38.5112],[-2.2598,38.513],[-2.2523,38.5113],[-2.2472,38.5144],[-2.2438,38.5132],[-2.2252,38.5165],[-2.2286,38.5203],[-2.2227,38.5216],[-2.2269,38.5227],[-2.2264,38.5269],[-2.2217,38.5275],[-2.2213,38.5303],[-2.2181,38.5327],[-2.2111,38.5337],[-2.2102,38.5367],[-2.2065,38.5363],[-2.2056,38.5384],[-2.1959,38.5435],[-2.1748,38.5477],[-2.1742,38.5492],[-2.1571,38.5463],[-2.1533,38.539],[-2.1486,38.5403],[-2.1468,38.545],[-2.1434,38.5406],[-2.1381,38.5387],[-2.1319,38.5395],[-2.1266,38.5425],[-2.1243,38.547],[-2.1188,38.5506],[-2.1081,38.5494],[-2.1044,38.5512],[-2.0982,38.5504],[-2.0957,38.5522],[-2.0855,38.5501],[-2.083,38.5531],[-2.0803,38.5513],[-2.0754,38.5548],[-2.0709,38.5495],[-2.0612,38.5488],[-2.0596,38.546],[-2.0539,38.5485],[-2.0472,38.547],[-2.0391,38.548],[-2.0255,38.5427],[-2.0182,38.5418],[-2.0142,38.5438],[-2.0149,38.5418],[-2.0097,38.5412],[-2.0068,38.5356],[-2.0028,38.5392],[-1.9947,38.5403],[-1.9915,38.5387],[-1.9861,38.5402],[-1.9835,38.5379],[-1.9786,38.5395],[-1.9763,38.5429],[-1.9797,38.5442],[-1.9771,38.5457],[-1.9745,38.5431],[-1.9664,38.5439],[-1.9631,38.5412],[-1.9506,38.5374],[-1.9497,38.5343],[-1.9454,38.535],[-1.9448,38.528],[-1.9347,38.5258],[-1.9339,38.5233],[-1.9305,38.5246],[-1.9315,38.5204],[-1.9278,38.5159],[-1.9346,38.5124],[-1.9326,38.5104],[-1.9272,38.5127],[-1.9241,38.5117]],[[-1.9241,38.5117],[-1.9233,38.5096],[-1.9221,38.5089]],[[-1.9241,38.5117],[-1.9221,38.5089]],[[-1.9221,38.5089],[-1.9158,38.5078],[-1.9136,38.5102],[-1.909,38.5109],[-1.9025,38.5064],[-1.9012,38.5108],[-1.8925,38.513],[-1.8695,38.5058],[-1.8649,38.507],[-1.8637,38.5099],[-1.8524,38.5015],[-1.8498,38.5023],[-1.8486,38.5063],[-1.8398,38.5053],[-1.8387,38.5004],[-1.83,38.4968],[-1.8273,38.4911],[-1.8222,38.4898],[-1.8246,38.4843],[-1.817,38.482],[-1.8172,38.477],[-1.8138,38.4754],[-1.8147,38.4709],[-1.8074,38.4711],[-1.8012,38.4672],[-1.7889,38.4649],[-1.7785,38.4685],[-1.7734,38.4581],[-1.761,38.4582],[-1.7595,38.4527],[-1.7482,38.4399],[-1.7358,38.4307],[-1.7272,38.4281],[-1.7187,38.421],[-1.7093,38.4243],[-1.7024,38.4244],[-1.6972,38.4172],[-1.6904,38.4152],[-1.6762,38.4156],[-1.6763,38.4127],[-1.671,38.4124],[-1.6646,38.4073],[-1.6527,38.4034],[-1.6507,38.4057],[-1.6449,38.4032],[-1.6416,38.3952],[-1.6361,38.3899],[-1.6354,38.3811]],[[-1.6379,38.3776],[-1.6346,38.3664],[-1.6358,38.3524],[-1.6439,38.346],[-1.6421,38.3434],[-1.6452,38.3429],[-1.6548,38.3343],[-1.6598,38.3325],[-1.6589,38.3293],[-1.6631,38.3264],[-1.6617,38.3232],[-1.6643,38.3158],[-1.6691,38.3147]],[[-1.6354,38.3811],[-1.6331,38.3781],[-1.6379,38.3776]],[[-1.6354,38.3811],[-1.6379,38.3776]]]},"properties":{"name":"Río Mundo","kind":"rio","length_km":109.8,"source":"OpenStreetMap contributors (ODbL), waterway=river"}},{"type":"Feature","geometry":{"type":"LineString","coordinates":[[-0.8783,37.9524],[-0.8718,37.9477],[-0.8677,37.9411],[-0.8492,37.9365],[-0.846,37.9329],[-0.8475,37.9304],[-0.8349,37.9242],[-0.8302,37.9245],[-0.8249,37.922],[-0.8204,37.9177],[-0.8098,37.9142],[-0.8094,37.911],[-0.7988,37.9162],[-0.7849,37.9129],[-0.7799,37.9149],[-0.774,37.9132],[-0.7626,37.915],[-0.7594,37.913],[-0.7601,37.9085],[-0.7479,37.9111],[-0.7509,37.9059],[-0.7458,37.9021]]},"properties":{"name":"Río Nacimiento","kind":"rio","length_km":16.0,"source":"OpenStreetMap contributors (ODbL), waterway=river"}},{"type":"Feature","geometry":{"type":"LineString","coordinates":[[-1.525,37.9842],[-1.5252,37.9897],[-1.5229,37.9906],[-1.5249,37.9918],[-1.5226,37.994],[-1.5236,37.9956],[-1.5212,38.001],[-1.5247,38.0064],[-1.5239,38.0095],[-1.5172,38.0095],[-1.5103,38.0176],[-1.5067,38.0182],[-1.5042,38.016],[-1.5022,38.0189],[-1.4982,38.0175],[-1.4932,38.021],[-1.4899,38.0191],[-1.4886,38.0206],[-1.4899,38.0238],[-1.4873,38.0253],[-1.4842,38.0242],[-1.4834,38.0279],[-1.4782,38.0277],[-1.4777,38.0307],[-1.4602,38.0307],[-1.4618,38.0331],[-1.4554,38.034],[-1.4538,38.0363]]},"properties":{"name":"Río Pliego","kind":"rio","length_km":12.3,"source":"OpenStreetMap contributors (ODbL), waterway=river"}},{"type":"Feature","geometry":{"type":"LineString","coordinates":[[-1.9384,37.9822],[-1.9212,37.9948],[-1.921,38.0016],[-1.9184,38.0044],[-1.9198,38.0054],[-1.9134,38.0169],[-1.903,38.0217],[-1.8982,38.0254],[-1.8979,38.0277],[-1.894,38.028],[-1.8921,38.0328],[-1.8859,38.0357],[-1.8851,38.0383],[-1.8789,38.0419],[-1.8797,38.0437],[-1.878,38.0452],[-1.8743,38.0467],[-1.8641,38.0446],[-1.8623,38.0417],[-1.8565,38.0401],[-1.8478,38.0403],[-1.844,38.043],[-1.8327,38.0422],[-1.8288,38.0456],[-1.8228,38.0463],[-1.8125,38.0516],[-1.8135,38.0546],[-1.8016,38.063],[-1.7936,38.0621],[-1.792,38.0661],[-1.79,38.0665],[-1.7829,38.0645],[-1.7837,38.066],[-1.7817,38.0655],[-1.7792,38.0683],[-1.7787,38.0739],[-1.7765,38.0734],[-1.7769,38.0808],[-1.7722,38.0905],[-1.7625,38.09],[-1.7502,38.0951],[-1.7427,38.0925],[-1.7353,38.0963],[-1.7331,38.0947],[-1.733,38.0967],[-1.7293,38.0993],[-1.7202,38.0978],[-1.7183,38.1003],[-1.7131,38.1008],[-1.7136,38.103],[-1.71,38.103],[-1.7098,38.106],[-1.7029,38.1067],[-1.7042,38.1083],[-1.7024,38.1101],[-1.6832,38.1149],[-1.6815,38.118],[-1.6772,38.1173],[-1.6738,38.1209],[-1.6737,38.1238],[-1.6692,38.1242],[-1.6674,38.1266],[-1.6594,38.1293],[-1.6581,38.1332],[-1.6547,38.1345],[-1.6572,38.1362],[-1.6537,38.1413],[-1.6556,38.1468],[-1.6497,38.1501],[-1.6507,38.1588],[-1.6545,38.1617],[-1.6512,38.168],[-1.6526,38.1718],[-1.6505,38.1735],[-1.646,38.1725],[-1.6477,38.1764],[-1.6425,38.1834],[-1.6299,38.1851],[-1.6262,38.1883],[-1.6207,38.1886],[-1.6197,38.1915]]},"properties":{"name":"Río Quípar","kind":"rio","length_km":46.3,"source":"OpenStreetMap contributors (ODbL), waterway=river"}},{"type":"Feature","geometry":{"type":"LineString","coordinates":[[-0.9072,37.941],[-0.8828,37.9331],[-0.8796,37.9287],[-0.8717,37.9269],[-0.8711,37.9232],[-0.8673,37.9194],[-0.8571,37.9134],[-0.8486,37.9126],[-0.8379,37.9146],[-0.8316,37.9131],[-0.8307,37.9043],[-0.8284,37.9039],[-0.83,37.9013],[-0.8281,37.9008],[-0.8242,37.892],[-0.8171,37.8903],[-0.8063,37.8926],[-0.8046,37.891],[-0.788,37.8914],[-0.7858,37.889],[-0.7767,37.8897],[-0.7716,37.8881],[-0.7667,37.8904],[-0.7652,37.8872],[-0.7603,37.8854],[-0.7606,37.8833],[-0.7534,37.8808]]},"properties":{"name":"Río Seco","kind":"rio","length_km":17.9,"source":"OpenStreetMap contributors (ODbL), waterway=river"}},{"type":"Feature","geometry":{"type":"MultiLineString","coordinates":[[[-2.6995,38.0914],[-2.6916,38.1047],[-2.6946,38.108],[-2.6858,38.1141],[-2.6859,38.1156],[-2.6765,38.1189],[-2.6674,38.1194],[-2.6675,38.1234],[-2.6584,38.1283],[-2.658,38.1332],[-2.6336,38.1426],[-2.6315,38.1488],[-2.6247,38.1529],[-2.6228,38.1564],[-2.6195,38.1571],[-2.6206,38.1597],[-2.6142,38.1653],[-2.6065,38.1698],[-2.6054,38.1651],[-2.5906,38.1591],[-2.5836,38.1606],[-2.5731,38.1687],[-2.5638,38.1708],[-2.5606,38.1784],[-2.5616,38.1854],[-2.5579,38.1853],[-2.5539,38.1883],[-2.5532,38.1911],[-2.5391,38.1984],[-2.5362,38.2007],[-2.5372,38.2032],[-2.5301,38.2047],[-2.5198,38.2117],[-2.5169,38.2173],[-2.5072,38.2245],[-2.4829,38.2311],[-2.4717,38.2273],[-2.4602,38.2198],[-2.4538,38.219]],[[-2.4538,38.219],[-2.451,38.2203]],[[-2.4538,38.219],[-2.453,38.2201],[-2.451,38.2203]],[[-2.451,38.2203],[-2.4404,38.233],[-2.443,38.2353],[-2.4422,38.2423],[-2.4435,38.2444],[-2.4466,38.2446],[-2.4427,38.2473],[-2.4447,38.2503],[-2.4394,38.2586],[-2.4403,38.2606],[-2.4355,38.2605],[-2.4372,38.2625],[-2.4349,38.2649],[-2.4366,38.2695],[-2.4334,38.2765],[-2.4344,38.28],[-2.4301,38.2826],[-2.4252,38.2828],[-2.4221,38.2892],[-2.4243,38.2911],[-2.4233,38.2933],[-2.4181,38.2926],[-2.4109,38.2974]],[[-2.4109,38.2974],[-2.4092,38.2974]],[[-2.4109,38.2974],[-2.4078,38.2977]],[[-2.4092,38.2974],[-2.4056,38.2968]],[[-2.4092,38.2974],[-2.4078,38.2977]],[[-2.4078,38.2977],[-2.4056,38.2968]],[[-2.4056,38.2968],[-2.4053,38.2967]],[[-2.4053,38.2967],[-2.4046,38.2963],[-2.4038,38.2963]],[[-2.4053,38.2967],[-2.4038,38.2963]],[[-2.4038,38.2963],[-2.3775,38.2997],[-2.3682,38.2955],[-2.365,38.2991],[-2.3557,38.3005],[-2.3489,38.305],[-2.3467,38.3092],[-2.3388,38.3113],[-2.3382,38.3146],[-2.3328,38.3152],[-2.3284,38.3233],[-2.314,38.3272],[-2.3121,38.334],[-2.3062,38.3358],[-2.3019,38.3411],[-2.2965,38.3436],[-2.292,38.3427],[-2.2706,38.3523],[-2.2654,38.3518],[-2.2613,38.3574],[-2.2536,38.3614],[-2.2481,38.3684],[-2.2351,38.3741],[-2.2354,38.3766],[-2.2333,38.3766],[-2.2318,38.3804],[-2.2284,38.38],[-2.2269,38.3852],[-2.2226,38.3864],[-2.2222,38.3899],[-2.2185,38.3901],[-2.2144,38.3867],[-2.2124,38.3902],[-2.2072,38.3892],[-2.2093,38.3964],[-2.2077,38.398],[-2.2023,38.3935],[-2.1999,38.397],[-2.1946,38.3943],[-2.1901,38.3963],[-2.1881,38.401],[-2.1847,38.3982],[-2.1798,38.4015],[-2.1716,38.4003],[-2.1703,38.397],[-2.1634,38.3992],[-2.1595,38.3932],[-2.1571,38.3926],[-2.1562,38.3971],[-2.1458,38.3977],[-2.1409,38.4018],[-2.1374,38.3987],[-2.136,38.4029],[-2.1277,38.4021],[-2.1261,38.4046],[-2.1281,38.4058],[-2.1264,38.4066],[-2.1102,38.4066],[-2.1072,38.4102],[-2.0939,38.4034],[-2.0905,38.4041],[-2.0898,38.4073],[-2.0856,38.4085],[-2.0832,38.4081],[-2.0816,38.405],[-2.0765,38.4045],[-2.0725,38.408],[-2.0726,38.4131],[-2.07,38.4142],[-2.0669,38.413],[-2.0656,38.4082],[-2.0628,38.4064],[-2.0603,38.4075],[-2.0615,38.4097],[-2.0558,38.413],[-2.0517,38.4112],[-2.0514,38.4084],[-2.047,38.4053],[-2.0423,38.4064],[-2.0378,38.4042],[-2.03,38.4101],[-2.0283,38.4082]],[[-2.0283,38.4082],[-2.0283,38.4076]],[[-2.0283,38.4082],[-2.0284,38.4078],[-2.0283,38.4076]],[[-2.0283,38.4076],[-2.0187,38.4024],[-2.0113,38.4106],[-2.0041,38.4118],[-1.9968,38.4104],[-1.9953,38.4081],[-1.9908,38.4111],[-1.9872,38.4077],[-1.981,38.4066],[-1.9794,38.4046],[-1.9798,38.3986],[-1.9769,38.3974],[-1.9771,38.395],[-1.9704,38.3931],[-1.968,38.3963],[-1.9636,38.3918],[-1.9593,38.3927],[-1.9578,38.3959],[-1.9462,38.3977],[-1.9354,38.3948],[-1.9259,38.3952],[-1.9245,38.3977],[-1.9273,38.399],[-1.9308,38.4049]],[[-1.7748,38.3654],[-1.7709,38.3641],[-1.7695,38.3655],[-1.7708,38.3745]],[[-1.7708,38.3745],[-1.7706,38.3761]],[[-1.7708,38.3745],[-1.7708,38.3756],[-1.7706,38.3761]],[[-1.7706,38.3761],[-1.7701,38.3791],[-1.7667,38.3797],[-1.7633,38.3774]],[[-1.7633,38.3774],[-1.7618,38.3772]],[[-1.7633,38.3774],[-1.7629,38.3773],[-1.7618,38.3772]],[[-1.7618,38.3772],[-1.7547,38.3725],[-1.7521,38.3739],[-1.7516,38.3794],[-1.7431,38.3806],[-1.735,38.3753],[-1.7343,38.37],[-1.7311,38.3725],[-1.724,38.3681],[-1.7194,38.3682],[-1.718,38.3668],[-1.7191,38.3631],[-1.7139,38.3634],[-1.7132,38.3721],[-1.7076,38.3705],[-1.7039,38.3747],[-1.702,38.3746],[-1.6977,38.3708],[-1.6988,38.3688],[-1.6908,38.3678],[-1.6838,38.3608]],[[-1.6838,38.3608],[-1.6824,38.3604]],[[-1.6838,38.3608],[-1.6832,38.3603],[-1.6824,38.3604]],[[-1.6824,38.3604],[-1.6823,38.3576],[-1.6856,38.3535],[-1.6815,38.3495],[-1.6851,38.3469],[-1.692,38.3471],[-1.6909,38.3407],[-1.6933,38.3376],[-1.6873,38.3361],[-1.6854,38.3285],[-1.6723,38.3206],[-1.6691,38.3147],[-1.6707,38.3128],[-1.6697,38.3093],[-1.6722,38.3061],[-1.6714,38.3018],[-1.675,38.2982],[-1.6853,38.2979],[-1.6874,38.296],[-1.6844,38.293],[-1.69,38.2893],[-1.6893,38.2862],[-1.6928,38.2822],[-1.6944,38.2841],[-1.6977,38.2835],[-1.7,38.2922],[-1.705,38.2897],[-1.7094,38.2931],[-1.7126,38.2887],[-1.7087,38.2842],[-1.7105,38.2807],[-1.7212,38.2813],[-1.7326,38.2792],[-1.7297,38.2752],[-1.7306,38.2687],[-1.7238,38.2677],[-1.7232,38.2641],[-1.716,38.2632],[-1.7144,38.2595],[-1.7118,38.2585],[-1.7096,38.2593],[-1.7136,38.2632],[-1.7124,38.2661],[-1.7005,38.2645],[-1.6992,38.2607],[-1.7029,38.2554],[-1.7007,38.2497],[-1.6888,38.245],[-1.6871,38.249],[-1.6794,38.2444],[-1.6744,38.2485],[-1.6706,38.2469],[-1.6643,38.2483],[-1.6613,38.2453],[-1.6587,38.2485],[-1.661,38.2554],[-1.6574,38.2582],[-1.6544,38.2587],[-1.6521,38.2563],[-1.6465,38.2593],[-1.6433,38.256],[-1.6394,38.2581],[-1.6318,38.2565],[-1.6238,38.2588],[-1.6188,38.2563],[-1.6181,38.2547],[-1.6202,38.2533],[-1.6166,38.2513],[-1.6173,38.2483],[-1.6228,38.248],[-1.623,38.2442],[-1.6197,38.2379],[-1.6072,38.2322],[-1.5925,38.239],[-1.5875,38.2377],[-1.5835,38.2421],[-1.5733,38.2414],[-1.5699,38.2379],[-1.5656,38.2371],[-1.5573,38.2378],[-1.5531,38.241],[-1.5449,38.2425],[-1.5278,38.2378],[-1.5303,38.2326],[-1.5272,38.2299],[-1.516,38.2369],[-1.5058,38.2368],[-1.5044,38.2349],[-1.5076,38.2302],[-1.5059,38.2288],[-1.4985,38.2334],[-1.4949,38.2332],[-1.4923,38.2374],[-1.4873,38.237],[-1.4825,38.2396],[-1.4764,38.24],[-1.4742,38.2426],[-1.4687,38.2418],[-1.4551,38.2455],[-1.4413,38.2418],[-1.4328,38.2469],[-1.428,38.24],[-1.4282,38.2382],[-1.4327,38.236],[-1.4302,38.2334],[-1.4131,38.2326],[-1.4124,38.2303],[-1.4182,38.226],[-1.4151,38.2221],[-1.4154,38.2182],[-1.4088,38.2186],[-1.409,38.2149],[-1.4024,38.2092],[-1.4054,38.2062],[-1.404,38.2002],[-1.399,38.198],[-1.3945,38.2002],[-1.3933,38.2031],[-1.3881,38.2011],[-1.3829,38.1937],[-1.3848,38.1863],[-1.3764,38.1774],[-1.3663,38.1759],[-1.3554,38.1663],[-1.3495,38.1594],[-1.3493,38.1555],[-1.3399,38.1498],[-1.3412,38.1418],[-1.3359,38.1355],[-1.3304,38.1332],[-1.3221,38.1423],[-1.313,38.1288],[-1.3081,38.1271],[-1.3079,38.13],[-1.3055,38.1307],[-1.3003,38.1257],[-1.2939,38.1245],[-1.2926,38.1182],[-1.2942,38.1127],[-1.2914,38.1105],[-1.2996,38.1067],[-1.2971,38.1012],[-1.2723,38.1038],[-1.27,38.0967],[-1.2614,38.0933],[-1.2647,38.0902],[-1.2583,38.0866],[-1.2623,38.0745],[-1.2559,38.0752],[-1.2504,38.068],[-1.2479,38.0672],[-1.2449,38.0669],[-1.2424,38.0694],[-1.2347,38.0565],[-1.2302,38.053],[-1.234,38.0507],[-1.2311,38.048],[-1.2264,38.0503],[-1.2131,38.0474],[-1.2148,38.0427],[-1.2241,38.037],[-1.223,38.0334],[-1.2175,38.035],[-1.2157,38.0336],[-1.2149,38.0315],[-1.219,38.0294],[-1.2101,38.0208],[-1.2173,38.0202],[-1.2193,38.0129],[-1.2147,38.0129],[-1.2136,38.011],[-1.2174,38.0052],[-1.2163,38.0005],[-1.2192,37.9984],[-1.2194,37.9951],[-1.2114,37.9937],[-1.2075,37.9895],[-1.2088,37.9866],[-1.2121,37.9851],[-1.2141,37.9793],[-1.2038,37.9771],[-1.1986,37.9836],[-1.1856,37.983],[-1.1806,37.9792],[-1.1755,37.9791],[-1.1717,37.9809],[-1.1715,37.9845],[-1.1616,37.9851],[-1.1589,37.9788],[-1.1542,37.9757],[-1.1456,37.9818],[-1.1391,37.9786],[-1.1328,37.9826],[-1.1246,37.981],[-1.0913,37.9876],[-1.0836,37.9948],[-1.0744,37.9908],[-1.0634,37.9979],[-1.0589,37.9986],[-1.0538,38.0045],[-1.049,38.0055],[-1.0484,38.0083],[-1.04,38.0173],[-1.0379,38.0256],[-1.0275,38.0293],[-1.0248,38.0323],[-1.0212,38.0316],[-1.0144,38.0348],[-1.0044,38.0499]],[[-1.0044,38.0499],[-1.0027,38.0564]],[[-1.0044,38.0499],[-1.0006,38.0492],[-0.9979,38.0526],[-1.0027,38.0564]],[[-1.0027,38.0564],[-0.9969,38.0606],[-0.9954,38.0651],[-0.9715,38.0755],[-0.9655,38.0822],[-0.9578,38.0871],[-0.9512,38.0842],[-0.9382,38.0847],[-0.9326,38.0821],[-0.9275,38.0863],[-0.9128,38.0878],[-0.9032,38.0864],[-0.8867,38.0762],[-0.8628,38.0709],[-0.8445,38.0831],[-0.819,38.0869],[-0.7998,38.0938],[-0.7633,38.0829],[-0.7592,38.0847],[-0.7566,38.0827],[-0.752,38.0837],[-0.7492,38.0821],[-0.7396,38.0859],[-0.7324,38.0853],[-0.729,38.0878],[-0.7256,38.087],[-0.7208,38.0895],[-0.7173,38.089],[-0.7109,38.0933],[-0.7029,38.0937],[-0.6976,38.0962],[-0.6939,38.0945]]]},"properties":{"name":"Río Segura","kind":"rio","length_km":292.5,"source":"OpenStreetMap contributors (ODbL), waterway=river"}},{"type":"Feature","geometry":{"type":"LineString","coordinates":[[-2.4415,38.1178],[-2.4351,38.1181],[-2.428,38.1238],[-2.4216,38.124],[-2.41,38.1309],[-2.4062,38.129],[-2.3963,38.1357],[-2.3873,38.1375],[-2.3807,38.1354],[-2.3785,38.1384],[-2.3739,38.1386],[-2.371,38.1412],[-2.3532,38.1416],[-2.3475,38.1479],[-2.3396,38.1478],[-2.3245,38.1431],[-2.3221,38.1469],[-2.3062,38.1462],[-2.297,38.1539],[-2.2901,38.1543],[-2.2889,38.1605],[-2.2834,38.1618],[-2.2814,38.1667],[-2.2706,38.1685],[-2.2607,38.1745],[-2.2613,38.1768],[-2.2576,38.1844],[-2.2586,38.1882],[-2.2609,38.1925],[-2.2659,38.194],[-2.2658,38.1973],[-2.269,38.1992],[-2.269,38.2021],[-2.2659,38.205],[-2.2703,38.2079],[-2.2682,38.2091],[-2.2688,38.2108],[-2.2734,38.2108],[-2.2739,38.2132],[-2.2716,38.2171],[-2.2743,38.2175],[-2.2723,38.2186],[-2.2748,38.2203],[-2.2742,38.2256],[-2.2721,38.2256],[-2.2738,38.2287],[-2.2724,38.2298],[-2.2751,38.2308],[-2.2694,38.2345],[-2.2693,38.2364],[-2.2721,38.2367],[-2.2776,38.2439],[-2.2728,38.2442],[-2.2737,38.2468],[-2.2717,38.2507],[-2.2674,38.2505],[-2.2678,38.2539],[-2.271,38.2567],[-2.2673,38.2579],[-2.2654,38.2618],[-2.2669,38.2737],[-2.2624,38.2754],[-2.2622,38.2799],[-2.2568,38.2853],[-2.2552,38.2922],[-2.2578,38.295],[-2.2529,38.2957],[-2.2489,38.2999],[-2.2501,38.3017],[-2.2462,38.301],[-2.2416,38.3075],[-2.2379,38.3078],[-2.2363,38.311],[-2.2341,38.3101],[-2.2298,38.3193],[-2.2266,38.3199],[-2.2191,38.327],[-2.2155,38.3272],[-2.2047,38.3358],[-2.2052,38.3376],[-2.201,38.3398],[-2.201,38.3431],[-2.1982,38.3449],[-2.202,38.3461],[-2.202,38.3491],[-2.1983,38.3503],[-2.2,38.3516],[-2.1981,38.3524],[-2.1995,38.3549],[-2.1924,38.3604],[-2.1876,38.3685],[-2.1822,38.3681],[-2.1786,38.3712],[-2.1802,38.3721],[-2.1791,38.3753],[-2.1765,38.3762],[-2.1756,38.3808],[-2.1735,38.3814],[-2.1722,38.3798],[-2.1707,38.3827],[-2.1724,38.3839],[-2.1696,38.3834],[-2.1621,38.3881],[-2.1654,38.3913],[-2.1591,38.393]]},"properties":{"name":"Río Taibilla","kind":"rio","length_km":54.9,"source":"OpenStreetMap contributors (ODbL), waterway=river"}},{"type":"Feature","geometry":{"type":"LineString","coordinates":[[-1.864,37.8897],[-1.8677,37.8859],[-1.8562,37.8762],[-1.8579,37.8666],[-1.8566,37.8612],[-1.8588,37.8592],[-1.8575,37.8457],[-1.8594,37.8422],[-1.8589,37.8372],[-1.8634,37.8299],[-1.8629,37.8247],[-1.8675,37.8197],[-1.8693,37.812],[-1.8733,37.8066],[-1.8728,37.8028],[-1.8889,37.7913],[-1.8848,37.7774],[-1.8868,37.7739]]},"properties":{"name":"Río Turilla","kind":"rio","length_km":14.6,"source":"OpenStreetMap contributors (ODbL), waterway=river"}},{"type":"Feature","geometry":{"type":"MultiLineString","coordinates":[[[-2.541,38.3232],[-2.5316,38.3254],[-2.522,38.3363],[-2.5147,38.3411],[-2.5166,38.3453],[-2.5204,38.3467],[-2.5175,38.3508],[-2.5178,38.354],[-2.5147,38.3561],[-2.5077,38.3551],[-2.5064,38.357],[-2.5015,38.3557],[-2.4972,38.3585],[-2.4865,38.3585],[-2.4787,38.364],[-2.4556,38.3656],[-2.4367,38.371],[-2.4319,38.3693],[-2.4161,38.3704],[-2.4103,38.3673],[-2.4046,38.3675],[-2.3831,38.376],[-2.3788,38.3759],[-2.3718,38.3808],[-2.3637,38.3831],[-2.3617,38.3864],[-2.3477,38.3932],[-2.3463,38.3988],[-2.3366,38.4006],[-2.3348,38.4041],[-2.329,38.4078],[-2.3159,38.4118],[-2.3141,38.41],[-2.3075,38.4097]],[[-2.3075,38.4097],[-2.3064,38.4101]],[[-2.3075,38.4097],[-2.3072,38.4101],[-2.3064,38.4101]],[[-2.3064,38.4101],[-2.2888,38.4165],[-2.2785,38.4168],[-2.2712,38.4102],[-2.2619,38.4072],[-2.2593,38.4028],[-2.2504,38.4031],[-2.2507,38.3997],[-2.2459,38.3979],[-2.245,38.3938],[-2.2371,38.3879],[-2.2334,38.3861],[-2.2294,38.3893],[-2.2226,38.3893]]]},"properties":{"name":"Río Tús","kind":"rio","length_km":35.8,"source":"OpenStreetMap contributors (ODbL), waterway=river"}},{"type":"Feature","geometry":{"type":"LineString","coordinates":[[-2.6073,38.0603],[-2.6057,38.0622],[-2.5942,38.0645],[-2.5945,38.0669],[-2.5923,38.0671],[-2.592,38.0694],[-2.5826,38.0716],[-2.5826,38.0738],[-2.5786,38.0723],[-2.5746,38.0736],[-2.5724,38.0755],[-2.574,38.0772],[-2.5703,38.0781],[-2.5662,38.0831],[-2.5578,38.0812],[-2.553,38.0827],[-2.5493,38.0868],[-2.5495,38.0898],[-2.5404,38.0922],[-2.5377,38.0984],[-2.5279,38.1022],[-2.526,38.1065],[-2.5226,38.1067],[-2.5176,38.1118],[-2.5153,38.1162],[-2.5163,38.119],[-2.5118,38.1218],[-2.5134,38.1255],[-2.5107,38.126],[-2.5107,38.1286],[-2.4987,38.1315],[-2.4888,38.144],[-2.4873,38.1488],[-2.4825,38.1508],[-2.4819,38.1534],[-2.4745,38.1558],[-2.473,38.1619],[-2.4667,38.1687],[-2.4677,38.1729],[-2.4603,38.1748],[-2.4558,38.1802],[-2.4464,38.1851],[-2.4481,38.1905],[-2.4465,38.1939],[-2.448,38.195],[-2.4454,38.2049],[-2.4535,38.2106],[-2.4539,38.2187]]},"properties":{"name":"Río Zumeta","kind":"rio","length_km":27.3,"source":"OpenStreetMap contributors (ODbL), waterway=river"}},{"type":"Feature","geometry":{"type":"LineString","coordinates":[[-1.9929,38.2464],[-1.9945,38.2479],[-1.9928,38.2511],[-1.9826,38.2636],[-1.9874,38.2728],[-1.9862,38.2791],[-1.9929,38.2841],[-1.9916,38.2897],[-1.9851,38.2965],[-1.988,38.2988],[-1.9862,38.3006],[-1.9895,38.3012],[-1.9892,38.3054],[-1.9915,38.3068],[-1.9921,38.3129],[-1.9886,38.32],[-1.9798,38.3247],[-1.9726,38.3245],[-1.9662,38.3269],[-1.9674,38.3295],[-1.9659,38.3315],[-1.9558,38.3305],[-1.9479,38.3356],[-1.9352,38.3363],[-1.9284,38.3398],[-1.9248,38.3353],[-1.9224,38.3377],[-1.9108,38.3375],[-1.9024,38.3453],[-1.8994,38.3451],[-1.9011,38.3468],[-1.8949,38.3526],[-1.8874,38.3503],[-1.8856,38.3525],[-1.8827,38.3514],[-1.8823,38.3543],[-1.8788,38.3568],[-1.8791,38.3595],[-1.8771,38.3604],[-1.8773,38.364],[-1.8692,38.3688],[-1.8617,38.3791]]},"properties":{"name":"Arroyo de Benízar","kind":"arroyo","length_km":25.5,"source":"OpenStreetMap contributors (ODbL), waterway=stream"}},{"type":"Feature","geometry":{"type":"LineString","coordinates":[[-1.8041,38.0282],[-1.7909,38.0451],[-1.7811,38.0457],[-1.7801,38.0482],[-1.7672,38.0519],[-1.7628,38.058],[-1.7644,38.0595],[-1.7506,38.0718],[-1.749,38.0778],[-1.7462,38.0777],[-1.7438,38.0863],[-1.742,38.0855],[-1.7373,38.0879],[-1.7375,38.0922],[-1.733,38.0914],[-1.7331,38.0947]]},"properties":{"name":"Arroyo de Burete","kind":"arroyo","length_km":11.2,"source":"OpenStreetMap contributors (ODbL), waterway=stream"}},{"type":"Feature","geometry":{"type":"LineString","coordinates":[[-2.1051,38.3137],[-2.1077,38.3166],[-2.1058,38.3246],[-2.0941,38.3239],[-2.0929,38.3295],[-2.0884,38.3303],[-2.0937,38.3316],[-2.0942,38.3343],[-2.0889,38.3344],[-2.0889,38.3367],[-2.0856,38.3347],[-2.0851,38.3394],[-2.0825,38.3401],[-2.0861,38.3408],[-2.0858,38.3433],[-2.089,38.3453],[-2.0871,38.3486],[-2.0905,38.3513],[-2.0905,38.3552],[-2.0926,38.3545],[-2.0942,38.3581],[-2.1035,38.3608],[-2.1019,38.3656],[-2.0985,38.3649],[-2.0974,38.3678],[-2.1027,38.3698],[-2.105,38.3733],[-2.1098,38.374],[-2.1069,38.3803],[-2.1088,38.3829],[-2.1056,38.3865],[-2.1083,38.3889],[-2.1093,38.396],[-2.1125,38.3976],[-2.1095,38.4028],[-2.1041,38.4031],[-2.1052,38.4088]]},"properties":{"name":"Arroyo de Letur","kind":"arroyo","length_km":17.0,"source":"OpenStreetMap contributors (ODbL), waterway=stream"}},{"type":"Feature","geometry":{"type":"LineString","coordinates":[[-1.5589,38.5383],[-1.561,38.5369],[-1.5595,38.5338],[-1.563,38.5266],[-1.5722,38.5214],[-1.5746,38.5117],[-1.5809,38.5098],[-1.5851,38.5115],[-1.5958,38.5066],[-1.6008,38.5012],[-1.6093,38.4978],[-1.61,38.4906],[-1.6142,38.4859],[-1.6098,38.481],[-1.6104,38.4775],[-1.6071,38.4727],[-1.6058,38.4658],[-1.6112,38.4556],[-1.6112,38.4415],[-1.6199,38.4257],[-1.6298,38.4127],[-1.6341,38.4028],[-1.643,38.399]]},"properties":{"name":"Arroyo de Tobarra","kind":"arroyo","length_km":19.5,"source":"OpenStreetMap contributors (ODbL), waterway=stream"}},{"type":"Feature","geometry":{"type":"LineString","coordinates":[[-2.1945,38.4851],[-2.1893,38.481],[-2.1774,38.4811],[-2.1695,38.4779],[-2.1593,38.4777],[-2.1266,38.4636],[-2.1028,38.4624],[-2.0985,38.4569],[-2.1001,38.4549],[-2.096,38.4551],[-2.093,38.4516],[-2.0855,38.4498],[-2.0731,38.4507],[-2.0714,38.453],[-2.0729,38.4534],[-2.0725,38.456],[-2.0707,38.4567],[-2.0632,38.4532],[-2.064,38.4515],[-2.0622,38.4498],[-2.0606,38.4515],[-2.0541,38.451],[-2.0538,38.4476],[-2.0507,38.4468],[-2.0513,38.4418],[-2.0487,38.4374],[-2.0459,38.4366],[-2.0436,38.4328],[-2.0389,38.4332],[-2.0354,38.4269],[-2.0279,38.4211],[-2.0251,38.4141],[-2.0214,38.4126],[-2.0216,38.4093],[-2.0185,38.4086]]},"properties":{"name":"Arroyo de la Anchura","kind":"arroyo","length_km":21.6,"source":"OpenStreetMap contributors (ODbL), waterway=stream"}},{"type":"Feature","geometry":{"type":"LineString","coordinates":[[-1.9469,38.2402],[-1.9335,38.247],[-1.928,38.2469],[-1.9209,38.2532],[-1.9153,38.2549],[-1.9118,38.2591],[-1.9096,38.2588],[-1.8983,38.2663],[-1.8926,38.2665],[-1.891,38.2683],[-1.8882,38.2672],[-1.8765,38.2735],[-1.8541,38.2715],[-1.8458,38.2752],[-1.8442,38.2777],[-1.8376,38.2765],[-1.8334,38.2796],[-1.8267,38.278],[-1.8256,38.275],[-1.8252,38.2764],[-1.8208,38.2761],[-1.8204,38.2741],[-1.8147,38.2717],[-1.8013,38.269],[-1.7951,38.265],[-1.7924,38.2656],[-1.7898,38.2628],[-1.784,38.2641],[-1.7697,38.2612],[-1.7647,38.2623],[-1.7631,38.2652],[-1.7561,38.2661],[-1.747,38.2709],[-1.7489,38.2724],[-1.742,38.2742]]},"properties":{"name":"Arroyo de las Murtas","kind":"arroyo","length_km":21.8,"source":"OpenStreetMap contributors (ODbL), waterway=stream"}},{"type":"Feature","geometry":{"type":"LineString","coordinates":[[-0.5208,40.3478],[-0.501,40.366],[-0.4952,40.3685],[-0.4938,40.3716],[-0.4758,40.3782],[-0.474,40.3815],[-0.4699,40.3831],[-0.4705,40.3844],[-0.4674,40.385],[-0.4655,40.3902],[-0.4624,40.3906],[-0.4626,40.393],[-0.4581,40.3972],[-0.4519,40.3975],[-0.4468,40.4007],[-0.4428,40.4056],[-0.4436,40.4074],[-0.4412,40.4079],[-0.4419,40.4132],[-0.4389,40.4182],[-0.4303,40.4225],[-0.4283,40.4248],[-0.4298,40.4272],[-0.4274,40.4283]]},"properties":{"name":"Arroyo de los Pellejeros","kind":"arroyo","length_km":13.3,"source":"OpenStreetMap contributors (ODbL), waterway=stream"}},{"type":"Feature","geometry":{"type":"MultiLineString","coordinates":[[[-1.9854,38.4296],[-1.9723,38.43],[-1.9658,38.4273],[-1.9567,38.4284],[-1.9496,38.423],[-1.9404,38.4226],[-1.9063,38.4076],[-1.908,38.4033]],[[-1.5124,37.909],[-1.5011,37.9098],[-1.4932,37.915],[-1.4799,37.9167]]]},"properties":{"name":"Arroyo del Acebuchar","kind":"arroyo","length_km":11.2,"source":"OpenStreetMap contributors (ODbL), waterway=stream"}},{"type":"Feature","geometry":{"type":"MultiLineString","coordinates":[[[-0.7735,38.2828],[-0.7682,38.2836],[-0.7635,38.2797]],[[-0.7699,38.28],[-0.7635,38.2797]],[[-0.764,38.2768],[-0.7552,38.2714]],[[-0.7635,38.2797],[-0.7589,38.2759],[-0.7566,38.2773],[-0.7519,38.2731]],[[-0.76,38.2674],[-0.7552,38.2714]],[[-0.7517,38.272],[-0.7542,38.2655],[-0.7502,38.2621],[-0.7528,38.2601],[-0.7496,38.2583],[-0.7507,38.2556],[-0.7482,38.2525],[-0.7489,38.2488],[-0.7522,38.2471],[-0.7512,38.245],[-0.7557,38.2441],[-0.7613,38.2343],[-0.761,38.2287],[-0.7568,38.2199]],[[-0.7552,38.2714],[-0.7517,38.272]],[[-0.7521,38.2785],[-0.7519,38.2731]],[[-0.7519,38.2731],[-0.7517,38.272]]]},"properties":{"name":"Barranc de Barbàsena","kind":"barranco","length_km":12.7,"source":"OpenStreetMap contributors (ODbL), waterway=stream"}},{"type":"Feature","geometry":{"type":"LineString","coordinates":[[-0.0719,40.5415],[-0.0697,40.5439],[-0.0629,40.5452],[-0.0577,40.5616],[-0.0611,40.5685],[-0.0678,40.5663],[-0.0724,40.5682],[-0.0782,40.5677],[-0.0858,40.5645],[-0.1132,40.5614],[-0.1172,40.5585],[-0.1168,40.5556],[-0.125,40.5523],[-0.1272,40.5466],[-0.1383,40.537],[-0.1422,40.5355],[-0.1454,40.5385],[-0.1458,40.5349],[-0.1501,40.5378],[-0.1566,40.5347],[-0.1624,40.5369]]},"properties":{"name":"Barranc de la Torre Segura","kind":"barranco","length_km":14.8,"source":"OpenStreetMap contributors (ODbL), waterway=stream"}},{"type":"Feature","geometry":{"type":"MultiLineString","coordinates":[[[-1.9618,37.7747],[-1.9534,37.7765],[-1.9497,37.7741],[-1.9438,37.7743],[-1.9339,37.7795],[-1.9334,37.7812],[-1.9363,37.7829]],[[-1.2638,37.851],[-1.2687,37.8592],[-1.2692,37.8653],[-1.2645,37.8686],[-1.2645,37.873],[-1.2698,37.8789],[-1.2708,37.8846],[-1.2806,37.8934],[-1.2793,37.8979]],[[-0.9462,38.1041],[-0.9476,38.1099],[-0.9463,38.1135]]]},"properties":{"name":"Barranco Oscuro","kind":"barranco","length_km":10.3,"source":"OpenStreetMap contributors (ODbL), waterway=stream"}},{"type":"Feature","geometry":{"type":"LineString","coordinates":[[-1.5714,37.87],[-1.5708,37.8721],[-1.5734,37.876],[-1.5703,37.879],[-1.567,37.8881],[-1.5671,37.8929],[-1.5634,37.8958],[-1.5645,37.8982],[-1.5623,37.8989],[-1.5627,37.9007],[-1.5591,37.9025],[-1.5525,37.9021],[-1.5451,37.9096],[-1.5363,37.912],[-1.5332,37.9166],[-1.5343,37.9217],[-1.5304,37.9269],[-1.5314,37.9286],[-1.5292,37.9356],[-1.5205,37.9423],[-1.5219,37.9502],[-1.5323,37.9565],[-1.5332,37.9589],[-1.5351,37.9586],[-1.537,37.9617]]},"properties":{"name":"Barranco de La Hoz","kind":"barranco","length_km":13.5,"source":"OpenStreetMap contributors (ODbL), waterway=stream"}},{"type":"Feature","geometry":{"type":"LineString","coordinates":[[-0.0706,40.7296],[-0.0658,40.7327],[-0.065,40.737],[-0.0674,40.7401],[-0.0651,40.7439],[-0.0777,40.7644],[-0.0844,40.773],[-0.0897,40.7754],[-0.0898,40.7775],[-0.0955,40.7778],[-0.099,40.7823],[-0.1008,40.7822],[-0.1005,40.7846],[-0.1074,40.7867],[-0.1098,40.7899],[-0.125,40.7942],[-0.1418,40.7911],[-0.1435,40.786],[-0.1456,40.7862]]},"properties":{"name":"Barranco de Torre de Arcas","kind":"barranco","length_km":12.4,"source":"OpenStreetMap contributors (ODbL), waterway=stream"}},{"type":"Feature","geometry":{"type":"MultiLineString","coordinates":[[[-1.8449,38.0303],[-1.8429,38.0339],[-1.8444,38.0422]],[[-1.612,37.8569],[-1.6158,37.8451],[-1.6132,37.844],[-1.6135,37.8392],[-1.611,37.8377],[-1.6129,37.8347]],[[-1.3762,37.9219],[-1.3781,37.918],[-1.3774,37.9123],[-1.3795,37.9094]],[[-1.1492,38.2878],[-1.1475,38.2877],[-1.1452,38.2834],[-1.1328,38.2781],[-1.123,38.2675],[-1.1074,38.2671]],[[-1.0219,38.0966],[-1.0208,38.0989]],[[-1.0208,38.0989],[-1.0216,38.1013]],[[-1.0195,38.0949],[-1.0208,38.0989]]]},"properties":{"name":"Barranco del Infierno","kind":"barranco","length_km":11.4,"source":"OpenStreetMap contributors (ODbL), waterway=stream"}},{"type":"Feature","geometry":{"type":"MultiLineString","coordinates":[[[-1.7158,37.8998],[-1.7226,37.8986],[-1.729,37.9014],[-1.7441,37.8962],[-1.7516,37.8968],[-1.7611,37.8948]],[[-1.7254,37.8949],[-1.7348,37.8943],[-1.7401,37.8877],[-1.7378,37.8837],[-1.7311,37.8802],[-1.7293,37.8754],[-1.7289,37.8719],[-1.732,37.8678],[-1.7304,37.8652],[-1.7315,37.8563],[-1.7293,37.851],[-1.7318,37.8459],[-1.7276,37.8378]]]},"properties":{"name":"Barranco del Madroño","kind":"barranco","length_km":12.1,"source":"OpenStreetMap contributors (ODbL), waterway=stream"}},{"type":"Feature","geometry":{"type":"LineString","coordinates":[[-1.2196,38.267],[-1.2169,38.2668],[-1.214,38.2566],[-1.215,38.2525],[-1.2185,38.2497],[-1.2189,38.2448],[-1.2252,38.238],[-1.2242,38.2351],[-1.2196,38.2334],[-1.2236,38.2282],[-1.2186,38.2252],[-1.2234,38.223],[-1.2282,38.2237],[-1.2321,38.2208],[-1.2318,38.219],[-1.2382,38.2139],[-1.238,38.2106],[-1.2433,38.2033],[-1.2503,38.1986],[-1.2509,38.1963],[-1.2551,38.1965],[-1.257,38.1957],[-1.255,38.1957],[-1.256,38.1928],[-1.2593,38.1927],[-1.2632,38.1878]]},"properties":{"name":"Barranco del Mulo","kind":"barranco","length_km":12.5,"source":"OpenStreetMap contributors (ODbL), waterway=stream"}},{"type":"Feature","geometry":{"type":"MultiLineString","coordinates":[[[-1.5656,37.828],[-1.5714,37.8218],[-1.573,37.8154],[-1.5763,37.8125]],[[-1.5192,37.8202],[-1.5178,37.82],[-1.5175,37.8161],[-1.5138,37.8162],[-1.5039,37.8115],[-1.4961,37.8122],[-1.4958,37.814],[-1.4921,37.8151],[-1.4888,37.8133],[-1.472,37.8116],[-1.4622,37.8203],[-1.4507,37.8263],[-1.4411,37.8266],[-1.4322,37.8091]]]},"properties":{"name":"Rambla Celada","kind":"rambla","length_km":12.5,"source":"OpenStreetMap contributors (ODbL), waterway=stream"}},{"type":"Feature","geometry":{"type":"LineString","coordinates":[[-2.2054,37.8575],[-2.1933,37.8621],[-2.1721,37.8651],[-2.1665,37.8691],[-2.1421,37.8721],[-2.1325,37.8695],[-2.1248,37.87],[-2.1222,37.8681],[-2.1168,37.8687],[-2.1045,37.8619],[-2.088,37.8614],[-2.086,37.8569],[-2.0833,37.8559],[-2.069,37.8545],[-2.0635,37.8582],[-2.0551,37.8586],[-2.0538,37.8565],[-2.0447,37.8558],[-2.0437,37.8523],[-2.0372,37.8462],[-2.0374,37.8422],[-2.0299,37.8403],[-2.0241,37.8301],[-2.0209,37.8299],[-2.0134,37.8236],[-2.01,37.8236],[-2.0104,37.8214],[-2.0056,37.8213]]},"properties":{"name":"Rambla Mayor","kind":"rambla","length_km":21.4,"source":"OpenStreetMap contributors (ODbL), waterway=stream"}},{"type":"Feature","geometry":{"type":"MultiLineString","coordinates":[[[-1.9807,37.8926],[-1.9761,37.8903],[-1.9753,37.8877],[-1.97,37.8881],[-1.9692,37.8863],[-1.9623,37.8841],[-1.9598,37.8807],[-1.9583,37.8723],[-1.954,37.8691],[-1.948,37.8694],[-1.9417,37.8637],[-1.9315,37.8613],[-1.9292,37.8581],[-1.931,37.8491],[-1.9294,37.8501],[-1.9276,37.8465],[-1.9249,37.8456],[-1.9258,37.8429],[-1.9211,37.8397],[-1.9209,37.836],[-1.9185,37.8367],[-1.9163,37.832],[-1.9114,37.8315]],[[-1.426,37.9764],[-1.4232,37.9763],[-1.421,37.9804],[-1.4087,37.9801],[-1.3983,37.983],[-1.3957,37.9854],[-1.3945,37.9839],[-1.3857,37.9831],[-1.3683,37.9844],[-1.3656,37.986],[-1.3506,37.985],[-1.333,37.9869],[-1.327,37.9847],[-1.3179,37.9861],[-1.312,37.984],[-1.3037,37.987],[-1.3004,37.9859],[-1.2971,37.9895],[-1.292,37.9914],[-1.2908,37.9887],[-1.2856,37.9909],[-1.2829,37.9888],[-1.2758,37.9911],[-1.2741,37.9885],[-1.2673,37.9904],[-1.2671,37.994],[-1.2646,37.9933],[-1.2612,37.997],[-1.2525,37.9985],[-1.2446,37.9955],[-1.2432,37.9976],[-1.2464,37.9989],[-1.2452,38.0007],[-1.2318,38.0062],[-1.2252,38.0112],[-1.2178,38.0119]],[[-1.3886,38.0537],[-1.3873,38.049],[-1.3777,38.0412],[-1.3735,38.0332]],[[-1.1506,38.1481],[-1.1452,38.1455],[-1.144,38.1428],[-1.141,38.1429],[-1.1407,38.1398],[-1.138,38.1388],[-1.1374,38.1354],[-1.134,38.1325],[-1.1365,38.1313],[-1.1356,38.1282],[-1.1332,38.128],[-1.1334,38.1253],[-1.1214,38.1258],[-1.1179,38.1236],[-1.1148,38.1256],[-1.113,38.1225],[-1.1046,38.1243],[-1.1012,38.1229],[-1.1024,38.12],[-1.0998,38.1196],[-1.097,38.1223],[-1.0888,38.117],[-1.0857,38.1111],[-1.0936,38.1076],[-1.0909,38.0977],[-1.0879,38.0954]],[[-0.9464,38.2549],[-0.9501,38.2538],[-0.9506,38.245],[-0.9522,38.2435],[-0.9496,38.2397],[-0.9478,38.2399],[-0.9493,38.2389],[-0.9475,38.2369],[-0.9486,38.235],[-0.9425,38.2298],[-0.942,38.2201],[-0.935,38.2169],[-0.931,38.2103],[-0.9211,38.2074],[-0.9199,38.2053],[-0.9136,38.2039],[-0.9133,38.2021],[-0.9086,38.2018],[-0.904,38.1963],[-0.9029,38.1901],[-0.9008,38.1884],[-0.9028,38.1805],[-0.8957,38.1737],[-0.8967,38.1684],[-0.8948,38.1607]]]},"properties":{"name":"Rambla Salada","kind":"rambla","length_km":61.2,"source":"OpenStreetMap contributors (ODbL), waterway=stream"}},{"type":"Feature","geometry":{"type":"LineString","coordinates":[[-2.0538,37.7613],[-2.0558,37.7672],[-2.0523,37.7698],[-2.0515,37.7756],[-2.045,37.7802],[-2.031,37.787],[-2.0176,37.7907],[-1.9958,37.7928],[-1.9943,37.797],[-1.9848,37.7988],[-1.9832,37.8013],[-1.9696,37.8081]]},"properties":{"name":"Rambla Seca","kind":"rambla","length_km":10.2,"source":"OpenStreetMap contributors (ODbL), waterway=stream"}},{"type":"Feature","geometry":{"type":"LineString","coordinates":[[-1.5044,37.9052],[-1.5039,37.9026],[-1.5007,37.9016],[-1.4969,37.8983],[-1.496,37.8949],[-1.4927,37.8947],[-1.4925,37.8929],[-1.4889,37.8955],[-1.4843,37.8945],[-1.4833,37.8974],[-1.4796,37.8983],[-1.4784,37.8963],[-1.4741,37.8969],[-1.4738,37.894],[-1.4694,37.898],[-1.4672,37.8949],[-1.4649,37.8976],[-1.4608,37.8945],[-1.4542,37.8992],[-1.4512,37.8935],[-1.4475,37.8927],[-1.4445,37.8946],[-1.4425,37.8927],[-1.4362,37.892],[-1.4356,37.8903],[-1.4279,37.8902],[-1.4273,37.8918],[-1.4223,37.8902],[-1.4186,37.8939],[-1.4145,37.8942],[-1.4082,37.8922],[-1.4026,37.893],[-1.3846,37.8867],[-1.3803,37.8872],[-1.3735,37.8849],[-1.3704,37.8817],[-1.3617,37.8795],[-1.3626,37.8768],[-1.3566,37.8709],[-1.3567,37.8671],[-1.3589,37.8671],[-1.3611,37.86]]},"properties":{"name":"Rambla de Algeciras","kind":"rambla","length_km":19.4,"source":"OpenStreetMap contributors (ODbL), waterway=stream"}},{"type":"Feature","geometry":{"type":"LineString","coordinates":[[-1.6618,37.6082],[-1.6545,37.6073],[-1.647,37.6156],[-1.6383,37.6161],[-1.6246,37.6317],[-1.6222,37.6373],[-1.6234,37.6427],[-1.6156,37.6498],[-1.6152,37.6535],[-1.6026,37.6588],[-1.5944,37.6674],[-1.5908,37.6675],[-1.577,37.6751],[-1.5721,37.6842],[-1.5667,37.6872],[-1.5614,37.6972]]},"properties":{"name":"Rambla de Biznaga","kind":"rambla","length_km":14.5,"source":"OpenStreetMap contributors (ODbL), waterway=stream"}},{"type":"Feature","geometry":{"type":"LineString","coordinates":[[-1.1173,38.2946],[-1.1099,38.2846],[-1.1119,38.2809],[-1.1108,38.2787],[-1.1127,38.2718],[-1.1091,38.2704],[-1.1071,38.2669],[-1.1082,38.2638],[-1.1055,38.2623],[-1.1073,38.2606],[-1.105,38.2571],[-1.1072,38.2546],[-1.1055,38.2519],[-1.0985,38.2491],[-1.0961,38.2453],[-1.0872,38.2459],[-1.0779,38.2428],[-1.0724,38.2354],[-1.0698,38.2364],[-1.0692,38.2344],[-1.0725,38.2328],[-1.0671,38.232],[-1.0696,38.2302],[-1.0673,38.2276],[-1.0626,38.2255],[-1.0615,38.2221],[-1.0577,38.2232]]},"properties":{"name":"Rambla de Bolanga","kind":"rambla","length_km":12.5,"source":"OpenStreetMap contributors (ODbL), waterway=stream"}},{"type":"Feature","geometry":{"type":"LineString","coordinates":[[-1.6916,37.91],[-1.6875,37.9118],[-1.6808,37.9106],[-1.6578,37.9194],[-1.647,37.914],[-1.637,37.9129],[-1.6334,37.9101],[-1.6205,37.9193],[-1.6078,37.9217],[-1.6056,37.9239],[-1.6016,37.9241],[-1.5995,37.9273],[-1.5925,37.9254],[-1.5902,37.927],[-1.5918,37.9291],[-1.5887,37.9283],[-1.5871,37.9311],[-1.5842,37.9308]]},"properties":{"name":"Rambla de Calvillo","kind":"rambla","length_km":11.5,"source":"OpenStreetMap contributors (ODbL), waterway=stream"}},{"type":"Feature","geometry":{"type":"LineString","coordinates":[[-2.3628,37.5554],[-2.3644,37.5607],[-2.3583,37.5621],[-2.3561,37.5653],[-2.3501,37.568],[-2.3478,37.5741],[-2.3412,37.5755],[-2.3285,37.5843],[-2.3236,37.5843],[-2.3203,37.5885],[-2.3142,37.5909],[-2.3113,37.5942],[-2.3062,37.5923],[-2.2906,37.5923],[-2.2851,37.5943],[-2.2713,37.5934],[-2.2609,37.5953],[-2.2465,37.5922]]},"properties":{"name":"Rambla de Chirivel","kind":"rambla","length_km":12.9,"source":"OpenStreetMap contributors (ODbL), waterway=stream"}},{"type":"Feature","geometry":{"type":"LineString","coordinates":[[-1.6129,37.8347],[-1.6155,37.8312],[-1.6119,37.8222],[-1.6057,37.8185],[-1.6019,37.8123],[-1.6027,37.811],[-1.6002,37.8098],[-1.5997,37.8066],[-1.5971,37.8061],[-1.5944,37.8005],[-1.594,37.794],[-1.5965,37.789],[-1.595,37.7853],[-1.597,37.7832],[-1.5946,37.7748],[-1.5884,37.771],[-1.5884,37.7685],[-1.5813,37.7658],[-1.5785,37.7579],[-1.5767,37.7598],[-1.5673,37.7573],[-1.5624,37.7587],[-1.5617,37.7569],[-1.5526,37.7585],[-1.5468,37.756],[-1.5454,37.7549],[-1.5469,37.7533],[-1.5449,37.7439],[-1.5417,37.7439],[-1.533,37.7387],[-1.529,37.7343],[-1.5057,37.7396]]},"properties":{"name":"Rambla de Lébor","kind":"rambla","length_km":18.8,"source":"OpenStreetMap contributors (ODbL), waterway=stream"}},{"type":"Feature","geometry":{"type":"LineString","coordinates":[[-1.6346,37.8963],[-1.6257,37.8999],[-1.6186,37.8986],[-1.6146,37.9],[-1.5946,37.9149],[-1.5941,37.9185],[-1.5909,37.9182],[-1.5886,37.9223],[-1.5864,37.922],[-1.587,37.9237],[-1.5828,37.9271],[-1.5846,37.9305],[-1.5766,37.9336],[-1.5783,37.9372],[-1.572,37.939],[-1.5665,37.937],[-1.5656,37.9398],[-1.5595,37.9376],[-1.5535,37.943],[-1.5549,37.9456],[-1.5454,37.9479],[-1.5391,37.9555],[-1.5356,37.9543],[-1.5368,37.9592],[-1.5391,37.9593],[-1.5369,37.9618],[-1.5381,37.9658],[-1.53,37.9702],[-1.5328,37.9722],[-1.5297,37.9725],[-1.5314,37.9748],[-1.5259,37.9754],[-1.526,37.9796],[-1.5224,37.9818],[-1.525,37.9842]]},"properties":{"name":"Rambla de Malvariche","kind":"rambla","length_km":18.4,"source":"OpenStreetMap contributors (ODbL), waterway=stream"}},{"type":"Feature","geometry":{"type":"LineString","coordinates":[[-2.1687,38.1281],[-2.1723,38.1208],[-2.1664,38.1168],[-2.1695,38.1092],[-2.1626,38.1022],[-2.1592,38.1039],[-2.1567,38.102],[-2.1539,38.1049],[-2.1466,38.1057],[-2.1297,38.0966],[-2.1247,38.0975],[-2.1204,38.1008],[-2.1167,38.1],[-2.1147,38.1053],[-2.1043,38.1034],[-2.0979,38.1059],[-2.0925,38.1047],[-2.0818,38.1075],[-2.0714,38.1045],[-2.0534,38.1079],[-2.0357,38.1053],[-2.0299,38.1019],[-2.0051,38.1034]]},"properties":{"name":"Rambla de Parriel","kind":"rambla","length_km":18.8,"source":"OpenStreetMap contributors (ODbL), waterway=stream"}},{"type":"Feature","geometry":{"type":"LineString","coordinates":[[-1.5047,38.0857],[-1.5021,38.0847],[-1.5026,38.0793],[-1.4958,38.0788],[-1.4928,38.0749],[-1.4921,38.0776],[-1.4821,38.0822],[-1.4663,38.0793],[-1.4646,38.0762],[-1.4654,38.0737],[-1.4595,38.0738],[-1.4591,38.0673],[-1.455,38.0631],[-1.4523,38.0636],[-1.4546,38.0585],[-1.447,38.0568],[-1.4432,38.0511],[-1.4425,38.0529],[-1.4393,38.0529],[-1.4391,38.0514],[-1.4361,38.0536],[-1.4309,38.053],[-1.4239,38.0425]]},"properties":{"name":"Rambla de Perea","kind":"rambla","length_km":12.2,"source":"OpenStreetMap contributors (ODbL), waterway=stream"}},{"type":"Feature","geometry":{"type":"LineString","coordinates":[[-0.2713,40.4785],[-0.2685,40.4779],[-0.2689,40.4747],[-0.267,40.4738],[-0.2611,40.4748],[-0.2629,40.4782],[-0.2542,40.4776],[-0.2568,40.4821],[-0.2526,40.4859],[-0.2559,40.4907],[-0.248,40.4925],[-0.2467,40.4972],[-0.2502,40.5017],[-0.2443,40.4996],[-0.2434,40.5005],[-0.2455,40.5021],[-0.2427,40.5039],[-0.249,40.5086],[-0.2465,40.5122],[-0.2489,40.5164],[-0.2476,40.518],[-0.2434,40.5171],[-0.243,40.5238],[-0.2397,40.5197],[-0.2359,40.5204],[-0.2443,40.527],[-0.245,40.5304],[-0.2403,40.5293],[-0.2362,40.5313],[-0.2392,40.5337],[-0.2348,40.5405],[-0.2368,40.5415],[-0.2363,40.5453],[-0.2344,40.5459],[-0.2324,40.5435],[-0.2273,40.5448],[-0.2264,40.5477],[-0.2188,40.5459],[-0.2171,40.5506],[-0.2102,40.5508],[-0.2097,40.5548],[-0.2047,40.5534],[-0.2042,40.5576],[-0.1999,40.554],[-0.2005,40.5517],[-0.1925,40.5537],[-0.187,40.5502],[-0.1855,40.5518],[-0.1873,40.5532],[-0.1856,40.5541],[-0.186,40.5604]]},"properties":{"name":"Rambla de Sellumbres","kind":"rambla","length_km":23.0,"source":"OpenStreetMap contributors (ODbL), waterway=stream"}},{"type":"Feature","geometry":{"type":"LineString","coordinates":[[-1.9448,38.5744],[-1.9419,38.5698],[-1.9379,38.5687],[-1.939,38.5663],[-1.9338,38.567],[-1.937,38.5629],[-1.9345,38.5578],[-1.9307,38.5552],[-1.9258,38.5566],[-1.9152,38.5534],[-1.9146,38.5496],[-1.9053,38.5438],[-1.9053,38.5422],[-1.8987,38.5421],[-1.9019,38.5385],[-1.8951,38.5336],[-1.8973,38.5323],[-1.895,38.5311],[-1.8957,38.5288],[-1.8941,38.5268],[-1.8945,38.5243],[-1.8967,38.5252],[-1.9004,38.5226],[-1.9,38.5197]]},"properties":{"name":"Rambla de Talave","kind":"rambla","length_km":10.5,"source":"OpenStreetMap contributors (ODbL), waterway=stream"}},{"type":"Feature","geometry":{"type":"MultiLineString","coordinates":[[[-1.7188,37.7222],[-1.7215,37.7189],[-1.7256,37.7199],[-1.7262,37.7185],[-1.7232,37.7156],[-1.7306,37.7124],[-1.7305,37.7056],[-1.7401,37.7029],[-1.7453,37.6985],[-1.7448,37.6962],[-1.7472,37.693],[-1.7406,37.6881],[-1.7404,37.6851]],[[-1.7336,37.7397],[-1.7265,37.7315],[-1.72,37.7283],[-1.721,37.7265],[-1.7188,37.7222]],[[-1.7008,37.793],[-1.7036,37.7894],[-1.7053,37.7795],[-1.7037,37.7784],[-1.7059,37.7766],[-1.7039,37.7755],[-1.7042,37.77],[-1.7021,37.7649],[-1.7062,37.7583],[-1.702,37.753],[-1.7049,37.7517],[-1.7029,37.7473],[-1.7047,37.7449],[-1.7022,37.7447],[-1.6977,37.7398],[-1.7014,37.7388],[-1.7018,37.736],[-1.7058,37.7354],[-1.7084,37.7292],[-1.711,37.7295],[-1.714,37.7261],[-1.7171,37.7259],[-1.7188,37.7222]]]},"properties":{"name":"Rambla de Torrealvilla","kind":"rambla","length_km":18.9,"source":"OpenStreetMap contributors (ODbL), waterway=stream"}},{"type":"Feature","geometry":{"type":"LineString","coordinates":[[-1.6755,37.8994],[-1.6836,37.8996],[-1.691,37.8945],[-1.6934,37.8876],[-1.6976,37.8841],[-1.699,37.8793],[-1.7047,37.8747],[-1.7067,37.8696],[-1.7037,37.8631],[-1.6997,37.8634],[-1.6922,37.8582],[-1.6907,37.8499],[-1.6869,37.8449],[-1.68,37.8404],[-1.6761,37.8401],[-1.6776,37.836],[-1.6739,37.8336],[-1.6748,37.8325]]},"properties":{"name":"Rambla de Zarzadilla de Totana","kind":"rambla","length_km":10.5,"source":"OpenStreetMap contributors (ODbL), waterway=stream"}},{"type":"Feature","geometry":{"type":"LineString","coordinates":[[-1.128,38.346],[-1.1494,38.3437],[-1.1526,38.3388],[-1.1583,38.3413],[-1.1741,38.342],[-1.1984,38.3367],[-1.2089,38.3312],[-1.2157,38.3334],[-1.2254,38.3301],[-1.2261,38.3272],[-1.2316,38.3288],[-1.2357,38.3243],[-1.2387,38.3267],[-1.2439,38.3258],[-1.2611,38.3167],[-1.2716,38.3165],[-1.2833,38.3196],[-1.2964,38.3142],[-1.3007,38.316],[-1.3119,38.3123],[-1.3187,38.3131]]},"properties":{"name":"Rambla de la Raja","kind":"rambla","length_km":18.8,"source":"OpenStreetMap contributors (ODbL), waterway=stream"}},{"type":"Feature","geometry":{"type":"MultiLineString","coordinates":[[[-2.1447,37.8988],[-2.143,37.8951],[-2.1357,37.891],[-2.1262,37.8821],[-2.1208,37.8724],[-2.1148,37.8675]],[[-1.4237,37.7785],[-1.42,37.7821],[-1.4162,37.7914],[-1.4151,37.7954],[-1.4176,37.7986],[-1.415,37.8063],[-1.4011,37.8213],[-1.4018,37.8255],[-1.3869,37.8375],[-1.3866,37.8438],[-1.3783,37.8571],[-1.3753,37.8588],[-1.3681,37.8588]],[[-1.2962,37.9526],[-1.2788,37.9497],[-1.2713,37.9458],[-1.2599,37.9434],[-1.2479,37.9321],[-1.242,37.9391]]]},"properties":{"name":"Rambla de las Salinas","kind":"rambla","length_km":21.5,"source":"OpenStreetMap contributors (ODbL), waterway=stream"}},{"type":"Feature","geometry":{"type":"LineString","coordinates":[[-0.3533,40.4375],[-0.3547,40.4388],[-0.3496,40.4433],[-0.3477,40.442],[-0.346,40.4441],[-0.3427,40.4424],[-0.3425,40.4464],[-0.3388,40.4479],[-0.3387,40.4528],[-0.3338,40.458],[-0.321,40.4595],[-0.3089,40.4654],[-0.2938,40.4654],[-0.2946,40.4701],[-0.2872,40.4721],[-0.2856,40.4698],[-0.2826,40.4732],[-0.2791,40.4724],[-0.2775,40.4754],[-0.2728,40.4733],[-0.2713,40.4785]]},"properties":{"name":"Rambla de les Truites","kind":"rambla","length_km":11.0,"source":"OpenStreetMap contributors (ODbL), waterway=stream"}},{"type":"Feature","geometry":{"type":"LineString","coordinates":[[-1.957,38.4668],[-1.9406,38.4614],[-1.9373,38.4579],[-1.9331,38.4586],[-1.9319,38.4562],[-1.9288,38.4568],[-1.9285,38.4547],[-1.9084,38.4544],[-1.9082,38.4527],[-1.9011,38.4518],[-1.8951,38.4445],[-1.8899,38.4456],[-1.8861,38.444],[-1.8876,38.4419],[-1.8847,38.4421],[-1.8733,38.4353],[-1.8694,38.4349],[-1.8669,38.4277],[-1.8706,38.4232],[-1.8687,38.4199],[-1.8763,38.4199],[-1.8778,38.4172],[-1.8852,38.4177],[-1.886,38.4167],[-1.8827,38.4153],[-1.8873,38.4112]]},"properties":{"name":"Rambla de los Algarrobos","kind":"rambla","length_km":14.2,"source":"OpenStreetMap contributors (ODbL), waterway=stream"}},{"type":"Feature","geometry":{"type":"LineString","coordinates":[[-1.5536,37.8307],[-1.5552,37.8265],[-1.5541,37.8219],[-1.5457,37.8203],[-1.5444,37.8152],[-1.5465,37.8135],[-1.5392,37.8107],[-1.5382,37.8076],[-1.5332,37.8072],[-1.5324,37.8033],[-1.5255,37.8003],[-1.5201,37.7951],[-1.4978,37.786],[-1.4961,37.7839],[-1.4971,37.7809],[-1.4934,37.7789],[-1.4924,37.7746],[-1.4879,37.7731]]},"properties":{"name":"Rambla de los Arcos","kind":"rambla","length_km":10.1,"source":"OpenStreetMap contributors (ODbL), waterway=stream"}},{"type":"Feature","geometry":{"type":"MultiLineString","coordinates":[[[-1.0036,37.9235],[-1.0083,37.9277],[-1.0069,37.9329],[-1.0094,37.9359],[-1.0079,37.9422],[-1.01,37.9482],[-1.0004,37.9514],[-1.0011,37.954],[-0.9982,37.961],[-0.9889,37.9688],[-0.9908,37.9743],[-0.9891,37.9765],[-0.9896,37.9818],[-0.9913,37.9838],[-0.9869,37.9904],[-0.9898,37.999],[-0.9935,38.0005],[-1.0088,37.9987],[-1.0152,38.0018],[-1.023,38.0135],[-1.0215,38.0173]],[[-0.9981,37.9722],[-0.998,37.9722]],[[-0.9921,37.9832],[-0.9921,37.9832]]]},"properties":{"name":"Rambla de los Romos","kind":"rambla","length_km":14.1,"source":"OpenStreetMap contributors (ODbL), waterway=stream"}},{"type":"Feature","geometry":{"type":"LineString","coordinates":[[-1.8163,38.6202],[-1.8083,38.6158],[-1.8058,38.6076],[-1.7917,38.5922],[-1.779,38.5867],[-1.7684,38.5673],[-1.7692,38.5623],[-1.7721,38.559],[-1.7812,38.5545],[-1.7941,38.5443],[-1.7938,38.5425],[-1.7921,38.5434],[-1.7902,38.5413],[-1.7915,38.5359],[-1.7898,38.5313],[-1.7815,38.5317],[-1.7759,38.527],[-1.7694,38.5262],[-1.7705,38.5242],[-1.7583,38.5198],[-1.7584,38.5159],[-1.7541,38.5187],[-1.7526,38.5144],[-1.7432,38.5081],[-1.7378,38.501]]},"properties":{"name":"Rambla del Boquerón","kind":"rambla","length_km":19.7,"source":"OpenStreetMap contributors (ODbL), waterway=stream"}},{"type":"Feature","geometry":{"type":"LineString","coordinates":[[-1.2007,38.2616],[-1.2005,38.2531],[-1.2025,38.2506],[-1.2008,38.2469],[-1.2024,38.2411],[-1.2055,38.2377],[-1.2002,38.2348],[-1.2032,38.2297],[-1.2009,38.2209],[-1.2064,38.2166],[-1.2091,38.2095],[-1.2054,38.2045],[-1.2082,38.2036],[-1.2059,38.2025],[-1.207,38.199],[-1.205,38.1981],[-1.2053,38.1963],[-1.2123,38.1915],[-1.2118,38.1895],[-1.2249,38.1885],[-1.2288,38.1835],[-1.2367,38.1854]]},"properties":{"name":"Rambla del Chorro","kind":"rambla","length_km":12.0,"source":"OpenStreetMap contributors (ODbL), waterway=stream"}},{"type":"Feature","geometry":{"type":"LineString","coordinates":[[-1.0507,37.9272],[-1.0534,37.9298],[-1.0501,37.9354],[-1.0555,37.9392],[-1.0517,37.9412],[-1.0532,37.9428],[-1.0574,37.9418],[-1.0569,37.9451],[-1.0622,37.944],[-1.0613,37.9464],[-1.0689,37.9536],[-1.068,37.9582],[-1.0706,37.9593],[-1.071,37.9642],[-1.0644,37.9781],[-1.0558,37.9801],[-1.0548,37.9843],[-1.051,37.9878],[-1.0442,37.9884],[-1.0317,38.0037]]},"properties":{"name":"Rambla del Garruchal","kind":"rambla","length_km":12.3,"source":"OpenStreetMap contributors (ODbL), waterway=stream"}},{"type":"Feature","geometry":{"type":"LineString","coordinates":[[-1.6885,37.9694],[-1.6839,37.9724],[-1.673,37.9751],[-1.6535,37.9705],[-1.6342,37.9695],[-1.6233,37.9713],[-1.6196,37.9689],[-1.6016,37.9686],[-1.5992,37.9662],[-1.5915,37.9654],[-1.5894,37.9608],[-1.5713,37.9552],[-1.5606,37.9589],[-1.5542,37.9569],[-1.5498,37.9584],[-1.5458,37.9563],[-1.5433,37.9575],[-1.5441,37.959],[-1.5386,37.9602]]},"properties":{"name":"Rambla del Huérfano","kind":"rambla","length_km":14.6,"source":"OpenStreetMap contributors (ODbL), waterway=stream"}},{"type":"Feature","geometry":{"type":"MultiLineString","coordinates":[[[-1.44,38.3572],[-1.4423,38.3477],[-1.4474,38.3444],[-1.446,38.3305],[-1.4412,38.3139],[-1.4371,38.309],[-1.4384,38.2988],[-1.4316,38.2927],[-1.4305,38.2862],[-1.4327,38.2817],[-1.4509,38.2676],[-1.4506,38.262],[-1.4556,38.2539],[-1.4553,38.2455]],[[-1.3363,38.482],[-1.3371,38.4746],[-1.3313,38.4662],[-1.3329,38.4599]]]},"properties":{"name":"Rambla del Judío","kind":"rambla","length_km":16.5,"source":"OpenStreetMap contributors (ODbL), waterway=stream"}},{"type":"Feature","geometry":{"type":"LineString","coordinates":[[-1.3187,38.3131],[-1.3211,38.3089],[-1.3214,38.2951],[-1.327,38.2915],[-1.3321,38.2844],[-1.3381,38.2825],[-1.3412,38.2768],[-1.3392,38.2673],[-1.342,38.2647],[-1.339,38.2613],[-1.3398,38.2593],[-1.3478,38.2493],[-1.3578,38.2435],[-1.3613,38.2338],[-1.3669,38.2326],[-1.3663,38.2298],[-1.3648,38.2297],[-1.3658,38.2248],[-1.3804,38.222],[-1.3874,38.2228],[-1.3971,38.2188],[-1.3989,38.2159],[-1.4049,38.217],[-1.4088,38.2146]]},"properties":{"name":"Rambla del Moro","kind":"rambla","length_km":16.2,"source":"OpenStreetMap contributors (ODbL), waterway=stream"}},{"type":"Feature","geometry":{"type":"LineString","coordinates":[[-1.7339,38.5558],[-1.7285,38.5587],[-1.726,38.5651],[-1.7214,38.568],[-1.7139,38.5653],[-1.7116,38.5571],[-1.7117,38.5481],[-1.7156,38.537],[-1.7154,38.5318],[-1.725,38.5241],[-1.7228,38.5206],[-1.7255,38.5194],[-1.7228,38.5157],[-1.7315,38.5116],[-1.7373,38.5037],[-1.7387,38.4986],[-1.7327,38.4899],[-1.7338,38.4824],[-1.7427,38.4784],[-1.7432,38.4715],[-1.7489,38.469],[-1.7497,38.465],[-1.7601,38.4592],[-1.7602,38.4569]]},"properties":{"name":"Rambla del Pepino","kind":"rambla","length_km":17.2,"source":"OpenStreetMap contributors (ODbL), waterway=stream"}},{"type":"Feature","geometry":{"type":"MultiLineString","coordinates":[[[-1.1577,37.8924],[-1.1532,37.892]],[[-1.1527,37.8937],[-1.1498,37.8903],[-1.1477,37.8903]],[[-1.1438,37.893],[-1.1401,37.8948],[-1.142,37.8972],[-1.1406,37.8981],[-1.1467,37.9047],[-1.1517,37.9069],[-1.1582,37.9061],[-1.1589,37.9085],[-1.164,37.9083],[-1.169,37.9142],[-1.1643,37.9191],[-1.166,37.9225],[-1.1639,37.9293],[-1.158,37.9333],[-1.1519,37.9424],[-1.1524,37.9459]],[[-1.1512,37.8936],[-1.1467,37.8904]],[[-1.1496,37.8893],[-1.1494,37.8891]],[[-1.1493,37.8917],[-1.1477,37.8903]],[[-1.1477,37.8903],[-1.1467,37.8904]],[[-1.1467,37.8904],[-1.146,37.8901]]]},"properties":{"name":"Rambla del Puerto","kind":"rambla","length_km":10.4,"source":"OpenStreetMap contributors (ODbL), waterway=stream"}},{"type":"Feature","geometry":{"type":"MultiLineString","coordinates":[[[-0.0125,40.6922],[-0.013,40.6997],[-0.0148,40.7015],[-0.0133,40.7048],[-0.0159,40.7067],[-0.0129,40.7103],[-0.0106,40.7099],[-0.0074,40.7167],[-0.0017,40.719],[-0.0006,40.7241],[0.0067,40.7291],[0.009,40.7351],[0.022,40.7358],[0.0232,40.7379]],[[-0.0043,40.6777],[-0.0069,40.6796],[-0.0075,40.6836],[-0.0141,40.6896],[-0.0125,40.6922]],[[0.0381,40.6739],[0.0311,40.6779],[0.0294,40.6769],[0.0285,40.6805],[0.0151,40.6802],[0.0006,40.6857],[-0.0017,40.6909],[-0.0125,40.6922]],[[0.0631,40.6674],[0.0574,40.666],[0.0549,40.6683],[0.0568,40.6703],[0.0531,40.6705],[0.0498,40.6655],[0.0481,40.6685],[0.045,40.6685],[0.0475,40.6697],[0.0426,40.672],[0.0433,40.674]]]},"properties":{"name":"Riu Escalona","kind":"rio","length_km":18.2,"source":"OpenStreetMap contributors (ODbL), waterway=stream"}},{"type":"Feature","geometry":{"type":"LineString","coordinates":[[-0.0556,40.5765],[-0.0528,40.5812],[-0.0544,40.5848],[-0.0695,40.5871],[-0.0769,40.5866],[-0.0873,40.5821],[-0.1035,40.5818],[-0.1052,40.579],[-0.1105,40.5785],[-0.11,40.5762],[-0.1164,40.5787],[-0.1198,40.5759],[-0.1255,40.578],[-0.1251,40.5749],[-0.1305,40.5788],[-0.129,40.5818],[-0.1334,40.5801],[-0.1311,40.5777],[-0.1347,40.5764],[-0.1377,40.5778],[-0.149,40.5763],[-0.1626,40.5802],[-0.1679,40.5782],[-0.1723,40.5812],[-0.1742,40.5786],[-0.1796,40.5779],[-0.1792,40.581],[-0.1818,40.5817]]},"properties":{"name":"Riu de Calders","kind":"rio","length_km":15.2,"source":"OpenStreetMap contributors (ODbL), waterway=stream"}},{"type":"Feature","geometry":{"type":"LineString","coordinates":[[-0.0714,40.6065],[-0.0795,40.607],[-0.0856,40.6042],[-0.0933,40.6074],[-0.1026,40.6048],[-0.1101,40.6086],[-0.115,40.6057],[-0.1204,40.6084],[-0.1232,40.6125],[-0.1262,40.6097],[-0.1283,40.6157],[-0.1353,40.6182],[-0.1369,40.6217],[-0.1401,40.6228],[-0.1399,40.6258],[-0.149,40.6292],[-0.1546,40.6342],[-0.1545,40.6373],[-0.1589,40.6376],[-0.1595,40.6412],[-0.167,40.6403],[-0.1713,40.6439],[-0.176,40.6438],[-0.1769,40.6466],[-0.1821,40.6488],[-0.192,40.65]]},"properties":{"name":"Riu de Morella","kind":"rio","length_km":14.0,"source":"OpenStreetMap contributors (ODbL), waterway=stream"}},{"type":"Feature","geometry":{"type":"LineString","coordinates":[[-0.3519,40.4899],[-0.3408,40.4944],[-0.3399,40.5017],[-0.3347,40.5032],[-0.3313,40.5076],[-0.3217,40.5097],[-0.3079,40.5164],[-0.3064,40.5228],[-0.2934,40.537],[-0.2903,40.5442],[-0.2926,40.5472],[-0.2903,40.5528],[-0.2938,40.5541],[-0.292,40.5565],[-0.2964,40.5626],[-0.2943,40.5701],[-0.2989,40.5737],[-0.2976,40.5748],[-0.2994,40.5774],[-0.2947,40.5818],[-0.2955,40.586],[-0.2933,40.5916],[-0.2955,40.5952],[-0.2931,40.5963],[-0.2948,40.6004],[-0.2917,40.6047],[-0.2932,40.6094],[-0.2837,40.6143]]},"properties":{"name":"Riu de la Cuba","kind":"rio","length_km":17.9,"source":"OpenStreetMap contributors (ODbL), waterway=stream"}},{"type":"Feature","geometry":{"type":"LineString","coordinates":[[-1.963,38.1608],[-1.939,38.1588],[-1.91,38.1751],[-1.9029,38.1741],[-1.9028,38.1756],[-1.8975,38.1774],[-1.8983,38.1786],[-1.8952,38.1782],[-1.8812,38.1865],[-1.8606,38.1902],[-1.8536,38.1941],[-1.8463,38.2017],[-1.8458,38.2054],[-1.841,38.2077]]},"properties":{"name":"Río Benamor","kind":"rio","length_km":13.1,"source":"OpenStreetMap contributors (ODbL), waterway=stream"}},{"type":"Feature","geometry":{"type":"MultiLineString","coordinates":[[[-2.1721,37.9244],[-2.1703,37.9249]],[[-2.1699,37.9249],[-2.1622,37.9242],[-2.1596,37.9274],[-2.1562,37.9279],[-2.1489,37.9264],[-2.1394,37.9278],[-2.1265,37.9252],[-2.1129,37.9335],[-2.1057,37.9324],[-2.1018,37.9351],[-2.0961,37.9357],[-2.0864,37.9421],[-2.0792,37.9424],[-2.0781,37.9457],[-2.0666,37.947],[-2.0464,37.9534],[-2.0428,37.9567],[-2.0335,37.9579],[-2.0193,37.9688],[-2.0157,37.9673],[-2.0079,37.9711],[-2.0052,37.9732],[-2.0052,37.9763],[-1.9931,37.9779],[-1.974,37.9867],[-1.9478,37.982],[-1.9384,37.9822]]]},"properties":{"name":"Río Quípar","kind":"rio","length_km":23.5,"source":"OpenStreetMap contributors (ODbL), waterway=stream"}},{"type":"Feature","geometry":{"type":"LineString","coordinates":[[0.0232,40.7379],[0.0224,40.7412],[0.0271,40.7434],[0.0226,40.748],[0.0232,40.7499],[0.0258,40.7499],[0.0225,40.752],[0.0228,40.7569],[0.02,40.7612],[0.025,40.7658],[0.0254,40.769],[0.0279,40.768],[0.0348,40.7727],[0.0315,40.7757],[0.0366,40.7833],[0.0342,40.7853],[0.035,40.7904],[0.0331,40.7907],[0.0314,40.795],[0.0315,40.7995],[0.0343,40.8076],[0.0391,40.8095],[0.0398,40.8114],[0.0376,40.8153],[0.0393,40.8181],[0.0301,40.8238],[0.0337,40.8278],[0.0333,40.8307],[0.0418,40.8337],[0.042,40.8375],[0.0398,40.8403],[0.0414,40.8417],[0.0531,40.8432],[0.057,40.8453],[0.0571,40.8501],[0.0703,40.8549],[0.0706,40.8588],[0.074,40.8614],[0.0723,40.8653],[0.0741,40.8673],[0.0857,40.8655],[0.09,40.8776],[0.102,40.8831],[0.1101,40.8917]]},"properties":{"name":"Río Tastavins","kind":"rio","length_km":24.4,"source":"OpenStreetMap contributors (ODbL), waterway=stream"}},{"type":"Feature","geometry":{"type":"LineString","coordinates":[[-2.4369,38.5356],[-2.435,38.5324],[-2.4301,38.5312],[-2.414,38.5326],[-2.4122,38.5357],[-2.3913,38.5409],[-2.3871,38.5443],[-2.3832,38.5439],[-2.3816,38.5466],[-2.377,38.5459],[-2.3726,38.5487],[-2.3639,38.5504],[-2.3617,38.553],[-2.3492,38.5554],[-2.3361,38.5619],[-2.329,38.5735]]},"properties":{"name":"Río de los Endrinales","kind":"rio","length_km":11.7,"source":"OpenStreetMap contributors (ODbL), waterway=stream"}}]}