pid,name,area,regulated,t0,t1,src,rain,rain1,rain12,rain1_cell,dur_h,rain5d,rain30d,api,cover,obs_cov,base,q_obs,runoff_mm,rc,lag_h,lag_i1_h,censored,release_peak,flat,glitch,excluded,rain_gauges
chj-2690,EA 103 TORREALTA,2090.0,True,2024-10-25T14,2024-11-08T16,truth,112.3,5.1,30.6,34.5,339,0.8,23.2,21.7,1.0,1.0,2.16,35.7,4.05,0.036,12.1,2,False,0.0,False,False,,
chj-2690,EA 103 TORREALTA,2090.0,True,2025-03-01T08,2025-03-05T22,truth,20.1,0.9,7.8,4.5,111,1.3,5.8,21.0,1.0,1.0,3.11,2.1,0.16,0.0081,2.4,6,False,1.1,False,False,,
chj-2690,EA 103 TORREALTA,2090.0,True,2025-07-01T13,2025-07-05T21,gauges,22.0,3.9,11.6,25.6,105,,,,0.99,1.0,0.52,14.0,0.51,0.0234,27.2,7,False,0.26,False,False,,
chj-2690,EA 103 TORREALTA,2090.0,True,2025-09-28T03,2025-09-29T11,truth,23.1,5.5,19.8,61.7,33,0.6,5.7,26.3,1.0,1.0,1.25,15.78,0.24,0.0102,8.3,10,False,0.01,False,False,,15.4
chj-2690,EA 103 TORREALTA,2090.0,True,2025-10-10T18,2025-10-17T17,gauges,15.1,2.5,5.1,14.8,168,7.5,35.3,46.9,1.0,1.0,1.53,9.19,0.09,0.0061,-6.3,7,False,0.06,False,False,,
chj-2690,EA 103 TORREALTA,2090.0,True,2026-01-25T18,2026-01-31T00,gauges,19.6,2.7,6.0,9.2,127,2.9,14.9,33.9,1.0,1.0,2.69,3.69,0.07,0.0034,49.2,7,False,0.01,False,False,,
chj-2690,EA 103 TORREALTA,2090.0,True,2026-03-05T07,2026-03-09T19,gauges,23.9,1.8,8.4,11.7,109,0.5,16.4,36.0,1.0,1.0,4.69,0.79,0.04,0.0018,51.7,64,False,1.38,False,False,,
chj-2690,EA 103 TORREALTA,2090.0,True,2026-08-05T18,2026-08-08T22,gauges,29.6,7.6,12.9,44.2,77,0.4,4.5,15.3,1.0,1.0,1.2,11.58,0.21,0.007,2.0,26,False,0.01,False,False,,
chj-2690,EA 103 TORREALTA,2090.0,True,2026-09-16T16,2026-09-18T13,gauges,17.3,4.6,15.9,16.4,46,0.1,1.7,32.8,1.0,1.0,1.73,4.74,0.04,0.0025,4.9,7,False,0.01,False,False,,
chj-2690,EA 103 TORREALTA,2090.0,True,2026-09-28T19,2026-10-01T21,gauges,15.3,2.0,7.3,7.6,75,0.1,17.8,39.4,1.0,0.99,1.38,0.89,0.02,0.0016,-23.7,9,False,-0.02,False,False,,
chj-2683,EA 104 LOS SANTOS,243.1,False,2024-10-27T16,2024-10-28T04,gauges,17.8,5.6,17.4,6.5,13,14.6,37.2,35.5,1.0,1.0,1.04,0.12,0.03,0.0017,9.3,8,False,0.0,False,False,,
chj-2683,EA 104 LOS SANTOS,243.1,False,2024-10-29T06,2024-10-30T06,truth,81.7,7.6,51.2,12.5,25,32.7,55.3,52.1,1.0,1.0,1.11,20.34,4.44,0.0543,12.0,5,False,0.0,False,False,,52.7
chj-2683,EA 104 LOS SANTOS,243.1,False,2025-03-07T22,2025-03-08T21,gauges,25.7,5.8,19.1,7.4,24,14.0,26.5,42.8,1.0,1.0,0.94,3.34,0.89,0.0346,16.4,11,False,0.0,False,False,,
chj-2683,EA 104 LOS SANTOS,243.1,False,2025-06-15T17,2025-06-15T22,gauges,18.2,11.8,18.2,22.4,6,,18.3,52.9,1.0,1.0,0.89,0.06,0.0,0.0001,-1.8,-2,False,0.0,False,False,,
chj-2683,EA 104 LOS SANTOS,243.1,False,2025-07-05T14,2025-07-05T21,gauges,23.6,6.4,23.6,12.2,8,7.6,,,1.0,1.0,0.84,0.13,0.01,0.0003,2.5,5,False,0.0,False,False,,
chj-2683,EA 104 LOS SANTOS,243.1,False,2025-11-03T14,2025-11-03T14,gauges,19.2,19.2,19.2,89.0,1,5.0,55.9,58.2,1.0,1.0,0.92,0.01,0.0,0.0001,5.0,5,False,0.0,False,False,,
chj-2683,EA 104 LOS SANTOS,243.1,False,2025-11-08T22,2025-11-08T22,gauges,21.3,21.3,21.3,99.0,1,15.3,79.2,84.1,1.0,1.0,0.93,0.01,0.0,0.0,21.0,21,False,0.0,False,False,,
chj-2683,EA 104 LOS SANTOS,243.1,False,2026-02-05T06,2026-02-06T03,gauges,18.0,3.0,15.1,4.7,22,4.8,43.9,66.0,1.0,1.0,1.55,2.36,0.74,0.041,14.6,19,False,0.0,False,False,,
chj-2683,EA 104 LOS SANTOS,243.1,False,2026-03-06T08,2026-03-07T21,gauges,20.4,2.5,8.4,11.7,38,7.2,57.2,73.2,1.0,1.0,1.72,0.29,0.04,0.002,17.1,5,False,0.0,False,False,,
chj-2683,EA 104 LOS SANTOS,243.1,False,2026-05-02T19,2026-05-04T10,gauges,18.1,2.8,9.0,6.8,40,11.0,42.0,64.5,1.0,1.0,1.2,0.18,0.04,0.0022,31.6,49,False,0.0,False,False,,
chj-13617,EA 120 CALLES,418.5,False,2024-10-25T16,2024-10-26T01,gauges,24.4,5.4,24.4,14.1,10,1.5,30.3,30.2,1.0,1.0,0.55,1.75,0.08,0.0032,-0.0,2,False,0.0,False,False,,
chj-13617,EA 120 CALLES,418.5,False,2024-10-27T17,2024-10-30T07,truth,171.8,15.6,95.1,62.2,63,27.1,55.9,53.7,1.0,0.81,0.64,59.36,12.28,0.0715,9.1,2,True,0.0,False,False,,
chj-13617,EA 120 CALLES,418.5,False,2024-11-03T20,2024-11-04T03,truth,17.8,6.7,17.8,14.9,8,73.8,229.4,204.3,1.0,1.0,60.0,0.0,0.0,0.0,-3.0,-3,True,0.0,True,False,,4.3
chj-13617,EA 120 CALLES,418.5,False,2025-03-01T22,2025-03-03T16,truth,36.4,4.8,28.8,9.2,43,2.1,7.0,33.4,1.0,1.0,0.59,0.98,0.07,0.0018,7.6,6,False,0.0,False,False,,
chj-13617,EA 120 CALLES,418.5,False,2025-03-07T23,2025-03-08T22,gauges,23.8,7.0,18.8,10.8,24,46.3,57.1,76.2,1.0,1.0,0.67,2.3,0.11,0.0046,5.5,1,False,0.0,False,False,,
chj-13617,EA 120 CALLES,418.5,False,2025-03-13T13,2025-03-14T15,gauges,17.3,2.1,10.4,3.1,27,26.5,88.1,97.5,1.0,1.0,0.76,0.17,0.04,0.0021,35.7,49,False,0.0,False,False,,
chj-13617,EA 120 CALLES,418.5,False,2025-05-10T16,2025-05-10T22,gauges,41.6,19.0,41.6,47.6,7,,,,1.0,1.0,0.99,7.31,0.44,0.0105,1.0,1,False,0.0,False,False,,
chj-13617,EA 120 CALLES,418.5,False,2025-07-05T15,2025-07-05T23,gauges,20.2,5.0,20.2,16.8,9,5.4,,,1.0,1.0,0.5,0.48,0.05,0.0025,1.7,4,False,0.0,False,False,,
chj-13617,EA 120 CALLES,418.5,False,2025-09-28T17,2025-09-29T19,truth,41.2,5.9,25.6,9.5,27,1.3,7.9,30.7,1.0,1.0,0.52,2.19,0.17,0.0042,4.3,0,False,0.0,False,False,,36.5
chj-13617,EA 120 CALLES,418.5,False,2025-12-15T06,2025-12-17T03,gauges,23.6,2.6,11.4,5.0,46,4.8,15.0,50.1,1.0,1.0,0.73,0.21,0.03,0.0014,21.7,34,False,0.0,False,False,,
chj-13617,EA 120 CALLES,418.5,False,2025-12-28T13,2025-12-29T01,truth,16.6,4.0,16.1,14.4,13,3.7,33.6,61.1,1.0,1.0,0.73,0.55,0.04,0.0024,4.0,1,False,0.0,False,False,,14.6
chj-13617,EA 120 CALLES,418.5,False,2026-03-05T04,2026-03-07T16,gauges,34.7,2.3,14.1,5.3,61,0.6,28.3,59.1,1.0,1.0,0.68,0.2,0.06,0.0016,-14.1,-17,False,0.0,False,False,,
chj-13617,EA 120 CALLES,418.5,False,2026-08-15T10,2026-08-15T18,gauges,20.1,12.1,20.1,24.8,9,6.7,19.1,36.0,1.0,1.0,0.65,1.49,0.06,0.0031,4.6,5,False,0.0,False,False,,
chj-13617,EA 120 CALLES,418.5,False,2026-09-16T17,2026-09-17T00,gauges,21.5,11.0,21.5,25.8,8,0.0,3.5,32.3,1.0,1.0,0.62,0.2,0.02,0.0008,5.4,7,False,0.0,False,False,,
chj-2689,EA 126 MOLINO DE JUAN ROMERO,276.9,False,2024-09-18T16,2024-09-18T20,gauges,20.7,8.4,20.7,13.5,5,,,,1.0,0.0,,,,,,,,,,,,
chj-2689,EA 126 MOLINO DE JUAN ROMERO,276.9,False,2024-10-15T12,2024-10-17T17,gauges,29.0,2.4,13.1,4.2,54,14.6,,,1.0,1.0,1.08,2.28,0.68,0.0234,26.8,55,False,0.0,False,False,,
chj-2689,EA 126 MOLINO DE JUAN ROMERO,276.9,False,2024-10-25T09,2024-10-26T01,gauges,17.6,6.6,16.9,11.8,17,0.2,65.9,64.7,1.0,1.0,0.96,2.02,0.26,0.0149,9.6,8,False,0.0,False,False,,
chj-2689,EA 126 MOLINO DE JUAN ROMERO,276.9,False,2024-10-27T17,2024-10-28T04,gauges,15.5,5.1,15.5,6.9,12,18.8,83.8,79.7,1.0,1.0,1.25,3.04,0.35,0.0228,6.6,6,False,0.0,False,False,,
chj-2689,EA 126 MOLINO DE JUAN ROMERO,276.9,False,2024-10-29T07,2024-10-30T05,truth,77.5,9.7,46.9,21.9,23,34.9,100.0,93.0,1.0,1.0,1.65,86.04,12.45,0.1607,13.2,7,False,0.0,False,False,,62.9
chj-2689,EA 126 MOLINO DE JUAN ROMERO,276.9,False,2025-01-20T11,2025-01-23T08,gauges,21.4,1.4,6.1,1.8,70,0.4,6.9,45.4,0.97,0.99,1.03,1.7,0.87,0.0405,44.5,71,False,0.0,False,False,,
chj-2689,EA 126 MOLINO DE JUAN ROMERO,276.9,False,2025-01-26T22,2025-01-28T10,gauges,48.7,9.1,31.7,14.7,37,9.1,30.5,61.3,1.0,0.91,1.7,50.7,11.91,0.2446,7.7,7,False,0.0,False,False,,
chj-2689,EA 126 MOLINO DE JUAN ROMERO,276.9,False,2025-03-07T21,2025-03-09T23,gauges,39.2,5.8,19.4,8.0,51,15.8,40.8,86.5,1.0,1.0,2.56,27.04,8.77,0.2237,10.9,7,False,0.0,False,False,,
chj-2689,EA 126 MOLINO DE JUAN ROMERO,276.9,False,2025-03-18T06,2025-03-18T23,gauges,16.8,1.9,14.2,3.5,18,11.6,89.3,123.6,1.0,1.0,7.5,17.12,4.33,0.2575,5.6,3,False,0.0,False,False,,
chj-2689,EA 126 MOLINO DE JUAN ROMERO,276.9,False,2025-03-21T03,2025-03-23T05,gauges,30.4,2.3,13.4,3.0,51,23.0,106.8,133.2,1.0,1.0,9.05,19.4,9.4,0.3091,7.1,29,False,0.0,False,False,,
chj-2689,EA 126 MOLINO DE JUAN ROMERO,276.9,False,2025-04-14T09,2025-04-15T22,gauges,17.8,2.9,8.2,4.4,38,14.9,96.0,137.1,1.0,1.0,5.29,4.3,1.44,0.0809,18.9,24,False,0.0,False,False,,
chj-2689,EA 126 MOLINO DE JUAN ROMERO,276.9,False,2025-04-18T22,2025-04-20T17,gauges,22.2,3.2,16.7,4.3,44,18.7,91.8,142.4,1.0,1.0,5.14,8.77,2.87,0.1295,2.9,10,False,0.0,False,False,,
chj-2689,EA 126 MOLINO DE JUAN ROMERO,276.9,False,2025-10-29T02,2025-10-29T18,gauges,18.0,2.1,13.2,3.7,17,10.2,58.5,61.4,1.0,0.59,,,,,,,,,,,,
chj-2689,EA 126 MOLINO DE JUAN ROMERO,276.9,False,2025-11-14T00,2025-11-16T23,gauges,35.4,3.6,16.2,4.3,72,0.0,71.4,72.4,1.0,0.95,0.73,2.05,0.54,0.0153,16.2,10,False,0.0,False,False,,
chj-2689,EA 126 MOLINO DE JUAN ROMERO,276.9,False,2025-12-03T13,2025-12-03T13,gauges,33.6,33.6,33.6,80.2,1,4.8,67.3,86.7,1.0,0.9,0.86,0.03,0.0,0.0,12.0,12,False,0.0,False,False,,
chj-2689,EA 126 MOLINO DE JUAN ROMERO,276.9,False,2026-01-26T11,2026-01-29T16,gauges,62.1,5.4,21.2,7.9,78,30.5,43.2,90.1,1.0,1.0,2.11,51.53,16.87,0.2717,33.3,7,False,0.0,False,False,,
chj-2689,EA 126 MOLINO DE JUAN ROMERO,276.9,False,2026-02-01T21,2026-02-10T20,gauges,101.3,4.3,26.3,5.6,216,56.5,117.8,150.2,1.0,1.0,7.16,81.69,50.97,0.5032,-9.9,10,False,0.0,False,False,,
chj-2689,EA 126 MOLINO DE JUAN ROMERO,276.9,False,2026-02-11T10,2026-02-11T23,gauges,21.0,3.9,20.4,5.8,14,38.4,214.8,215.3,1.0,1.0,0.0,138.46,30.79,1.4662,6.8,8,False,0.0,False,False,,
chj-2689,EA 126 MOLINO DE JUAN ROMERO,276.9,False,2026-02-12T23,2026-02-13T23,gauges,34.7,6.3,26.4,7.4,25,43.7,235.9,229.3,1.0,1.0,34.97,61.93,10.04,0.2895,4.3,8,False,0.0,False,False,,
chj-2689,EA 126 MOLINO DE JUAN ROMERO,276.9,False,2026-03-05T16,2026-03-07T21,gauges,15.8,2.2,5.7,3.4,54,2.6,147.3,178.6,1.0,1.0,6.33,1.22,0.43,0.0275,25.6,37,False,0.0,False,False,,
chj-2689,EA 126 MOLINO DE JUAN ROMERO,276.9,False,2026-05-02T19,2026-05-04T14,gauges,32.1,5.4,17.5,8.3,44,10.0,40.4,98.1,1.0,1.0,2.1,5.17,0.81,0.0254,6.0,8,False,0.0,False,False,,
chj-2689,EA 126 MOLINO DE JUAN ROMERO,276.9,False,2026-06-28T14,2026-06-28T22,gauges,16.8,8.0,16.8,16.2,9,0.2,10.2,61.1,1.0,1.0,1.25,0.7,0.08,0.0049,8.2,10,False,0.0,False,False,,
chj-2689,EA 126 MOLINO DE JUAN ROMERO,276.9,False,2026-09-16T14,2026-09-16T20,gauges,18.5,8.1,18.5,11.1,7,0.1,5.8,25.8,1.0,1.0,0.86,0.24,0.04,0.0022,14.8,16,False,0.0,False,False,,
chj-2725,EA 134 LOS CANTOS,1407.5,False,2024-10-15T08,2024-10-15T17,gauges,24.9,9.1,24.9,20.4,10,4.1,,,1.0,1.0,1.6,4.46,0.1,0.0041,9.8,11,False,0.0,False,False,,
chj-2725,EA 134 LOS CANTOS,1407.5,False,2024-10-25T05,2024-10-26T04,gauges,18.5,4.2,16.1,6.3,24,2.2,38.5,33.9,1.0,1.0,1.57,1.25,0.05,0.0028,13.8,13,False,0.0,False,False,,
chj-2725,EA 134 LOS CANTOS,1407.5,False,2024-10-27T00,2024-10-30T09,truth,112.9,8.3,44.2,33.7,82,20.9,57.2,51.0,1.0,1.0,2.1,347.9,10.94,0.0969,22.3,1,True,0.0,False,False,,
chj-2725,EA 134 LOS CANTOS,1407.5,False,2025-03-02T20,2025-03-03T23,truth,37.7,4.3,33.2,14.8,28,5.4,9.2,30.2,1.0,1.0,2.34,13.78,0.34,0.009,8.5,4,False,0.0,False,False,,36.6
chj-2725,EA 134 LOS CANTOS,1407.5,False,2025-03-04T19,2025-03-06T15,truth,16.9,0.9,7.9,8.9,45,44.5,47.3,67.2,1.0,1.0,4.3,14.63,0.56,0.0331,19.0,19,False,0.0,False,False,,6.5
chj-2725,EA 134 LOS CANTOS,1407.5,False,2025-03-07T19,2025-03-08T22,gauges,23.8,5.8,19.1,11.5,28,57.0,65.0,80.2,1.0,1.0,5.32,25.86,1.1,0.0461,9.0,4,False,0.0,False,False,,
chj-2725,EA 134 LOS CANTOS,1407.5,False,2025-04-13T15,2025-04-14T13,gauges,15.9,2.5,12.5,17.0,23,3.8,25.6,75.1,1.0,1.0,4.32,2.33,0.14,0.0088,16.2,22,False,0.0,False,False,,
chj-2725,EA 134 LOS CANTOS,1407.5,False,2025-05-10T16,2025-05-10T21,gauges,15.1,5.0,15.1,18.4,6,,,,1.0,1.0,4.73,1.95,0.1,0.0067,11.4,13,False,0.0,False,False,,
chj-2725,EA 134 LOS CANTOS,1407.5,False,2025-07-05T06,2025-07-05T21,gauges,16.5,7.8,15.7,29.8,16,13.2,,,1.0,1.0,4.44,1.36,0.05,0.0032,9.9,10,False,0.0,False,False,,
chj-2725,EA 134 LOS CANTOS,1407.5,False,2025-07-12T00,2025-07-12T18,gauges,21.5,10.0,20.8,29.7,19,0.7,46.4,72.5,1.0,1.0,3.98,18.83,0.45,0.021,6.9,6,False,0.0,False,False,,
chj-2725,EA 134 LOS CANTOS,1407.5,False,2025-09-28T16,2025-09-29T15,truth,25.9,3.1,16.2,28.5,24,0.9,13.6,36.6,1.0,1.0,2.47,0.91,0.04,0.0014,9.6,17,False,0.0,False,False,,15.8
chj-2725,EA 134 LOS CANTOS,1407.5,False,2026-03-05T05,2026-03-09T00,gauges,39.3,2.4,11.0,30.5,92,0.5,17.5,42.7,1.0,0.87,3.39,2.71,0.27,0.0068,32.1,38,False,0.0,False,False,,
chj-2725,EA 134 LOS CANTOS,1407.5,False,2026-09-16T17,2026-09-17T16,gauges,23.8,7.2,22.5,19.4,24,0.3,2.3,24.4,1.0,1.0,2.66,0.76,0.02,0.0009,17.7,19,False,0.0,False,False,,
chj-2687,EA 137 TÍRIEZ,189.1,False,2024-10-25T18,2024-10-26T00,gauges,18.8,8.6,18.8,9.8,7,0.1,30.1,24.6,1.0,1.0,0.01,0.03,0.0,0.0001,2.4,3,False,0.0,False,False,,
chj-2687,EA 137 TÍRIEZ,189.1,False,2024-10-28T16,2024-10-29T23,truth,66.0,30.6,53.4,41.8,32,31.0,60.5,52.9,1.0,1.0,0.01,5.83,0.59,0.0089,5.5,2,False,0.0,False,False,,54.3
chj-2687,EA 137 TÍRIEZ,189.1,False,2025-03-01T16,2025-03-07T02,truth,66.6,2.8,10.4,3.6,131,0.1,9.6,29.0,1.0,1.0,0.0,0.08,0.04,0.0006,69.2,86,False,0.0,False,False,,
chj-2687,EA 137 TÍRIEZ,189.1,False,2025-03-13T11,2025-03-14T20,gauges,15.5,2.6,6.9,3.1,34,22.8,105.1,105.5,1.0,1.0,0.08,0.05,0.02,0.001,-6.0,-3,False,0.0,False,False,,
chj-2687,EA 137 TÍRIEZ,189.1,False,2025-03-16T03,2025-03-18T17,gauges,24.1,2.4,12.0,2.8,63,23.5,116.7,114.9,1.0,1.0,0.09,0.04,0.03,0.0011,6.8,12,False,0.0,False,False,,
chj-2687,EA 137 TÍRIEZ,189.1,False,2025-12-16T06,2025-12-17T18,gauges,15.8,2.4,9.1,2.7,37,11.8,17.1,40.9,1.0,1.0,0.01,0.0,0.0,0.0,41.9,55,False,0.0,False,False,,
chj-2687,EA 137 TÍRIEZ,189.1,False,2026-01-27T12,2026-01-28T10,gauges,22.7,8.3,14.9,9.0,23,14.3,31.4,53.9,1.0,1.0,0.01,0.06,0.01,0.0003,17.6,11,False,0.0,False,False,,
chj-2687,EA 137 TÍRIEZ,189.1,False,2026-01-29T00,2026-01-29T19,gauges,20.7,4.9,15.4,5.3,20,33.5,53.3,75.0,1.0,1.0,0.05,0.03,0.0,0.0,6.1,2,False,0.0,False,False,,
chj-2687,EA 137 TÍRIEZ,189.1,False,2026-02-03T14,2026-02-05T16,gauges,45.1,4.3,19.6,4.8,51,21.5,80.9,93.8,1.0,0.99,0.03,2.02,0.56,0.0123,25.7,17,False,0.0,False,False,,
chj-2687,EA 137 TÍRIEZ,189.1,False,2026-02-10T14,2026-02-12T01,gauges,23.5,2.9,11.3,3.3,36,28.1,143.3,146.9,1.0,1.0,1.36,3.05,1.56,0.0666,24.7,16,False,0.0,False,False,,
chj-2687,EA 137 TÍRIEZ,189.1,False,2026-03-06T16,2026-03-07T23,gauges,23.5,3.6,16.0,4.1,32,11.3,98.8,120.8,1.0,1.0,0.41,0.82,0.45,0.0193,26.6,33,False,0.0,False,False,,
chj-2687,EA 137 TÍRIEZ,189.1,False,2026-03-09T23,2026-03-11T03,gauges,31.6,4.5,20.4,4.8,29,37.9,85.5,138.5,1.0,0.87,0.78,1.46,0.77,0.0245,27.2,35,False,0.0,False,False,,
chj-2679,EA 138 BALAZOTE,648.1,False,2024-10-25T18,2024-10-25T23,gauges,20.9,8.3,20.9,11.7,6,0.3,29.3,23.0,1.0,1.0,0.16,2.22,0.07,0.0033,3.9,5,False,0.0,False,False,,
chj-2679,EA 138 BALAZOTE,648.1,False,2024-10-28T22,2024-10-29T22,truth,40.7,14.0,36.1,51.0,25,29.1,57.9,49.0,1.0,1.0,0.13,6.49,0.34,0.0084,7.6,5,False,0.0,False,False,,53.0
chj-2679,EA 138 BALAZOTE,648.1,False,2025-03-01T16,2025-03-03T15,truth,22.0,4.1,10.7,5.8,48,0.4,7.8,29.0,1.0,1.0,0.2,1.18,0.04,0.0016,19.2,3,False,0.0,False,False,,
chj-2679,EA 138 BALAZOTE,648.1,False,2025-03-09T17,2025-03-12T00,gauges,20.4,2.8,8.0,4.2,56,25.3,55.6,68.4,1.0,1.0,0.25,0.18,0.01,0.0003,-18.7,-40,False,0.0,False,False,,
chj-2679,EA 138 BALAZOTE,648.1,False,2025-03-13T11,2025-03-14T20,gauges,16.7,2.2,8.9,3.1,34,28.4,75.3,83.0,1.0,1.0,0.26,0.18,0.01,0.0009,13.9,2,False,0.0,False,False,,
chj-2679,EA 138 BALAZOTE,648.1,False,2025-03-16T03,2025-03-18T17,gauges,28.4,3.3,15.5,4.0,63,28.7,88.2,95.0,1.0,0.85,0.39,0.76,0.03,0.0012,47.7,51,False,0.0,False,False,,
chj-2679,EA 138 BALAZOTE,648.1,False,2025-04-13T13,2025-04-16T01,gauges,15.8,2.6,6.4,5.3,61,2.5,58.3,86.9,1.0,0.58,,,,,,,,,,,,
chj-2679,EA 138 BALAZOTE,648.1,False,2025-12-14T17,2025-12-15T02,truth,15.6,3.5,15.6,8.9,10,1.9,26.3,33.5,1.0,0.24,,,,,,,,,,,,14.0
chj-2679,EA 138 BALAZOTE,648.1,False,2026-01-27T06,2026-01-29T19,gauges,37.7,6.0,12.8,9.0,62,15.4,36.3,60.2,1.0,1.0,0.2,1.06,0.06,0.0017,48.9,57,False,0.0,False,False,,
chj-2679,EA 138 BALAZOTE,648.1,False,2026-02-02T11,2026-02-12T02,gauges,105.7,3.9,20.9,6.0,232,20.7,71.5,91.0,1.0,0.83,0.21,7.41,3.88,0.0367,153.8,199,False,0.0,False,False,,
chj-2679,EA 138 BALAZOTE,648.1,False,2026-03-06T16,2026-03-08T16,gauges,18.9,2.3,12.1,4.1,49,15.7,111.1,129.2,1.0,1.0,2.47,0.27,0.02,0.0009,-13.2,-2,False,0.0,False,False,,
chj-2679,EA 138 BALAZOTE,648.1,False,2026-03-09T23,2026-03-11T05,gauges,42.2,4.8,22.5,5.8,31,33.9,81.4,139.2,1.0,1.0,2.21,0.89,0.22,0.0052,36.3,45,False,0.0,False,False,,
chj-12799,EA 139 VÍLLORA,1239.8,False,2024-10-15T12,2024-10-17T16,gauges,16.8,1.8,6.1,5.4,53,14.0,,,1.0,1.0,6.49,0.38,0.07,0.004,66.8,90,False,0.0,False,False,,
chj-12799,EA 139 VÍLLORA,1239.8,False,2024-10-25T14,2024-10-30T07,gauges,113.2,9.1,48.2,32.4,114,0.4,44.0,41.5,1.0,0.83,6.61,872.45,22.61,0.1997,41.4,20,False,0.0,False,False,,
chj-12799,EA 139 VÍLLORA,1239.8,False,2025-01-26T19,2025-01-29T23,gauges,23.0,1.9,8.7,8.3,77,5.2,20.8,49.4,0.97,0.58,,,,,,,,,,,,
chj-12799,EA 139 VÍLLORA,1239.8,False,2025-03-01T05,2025-03-14T12,gauges,93.9,5.3,20.7,8.0,320,0.6,11.9,45.9,1.0,0.61,,,,,,,,,,,,
chj-12799,EA 139 VÍLLORA,1239.8,False,2025-03-16T08,2025-03-19T00,gauges,21.8,1.4,12.0,2.8,65,17.6,96.2,114.0,1.0,0.59,,,,,,,,,,,,
chj-12799,EA 139 VÍLLORA,1239.8,False,2025-03-21T03,2025-03-24T20,gauges,22.0,1.4,10.1,3.0,90,22.5,118.2,124.3,1.0,0.94,24.42,16.46,1.52,0.069,32.0,56,False,0.0,False,False,,
chj-12799,EA 139 VÍLLORA,1239.8,False,2025-04-11T14,2025-04-15T20,gauges,20.8,2.2,5.0,6.0,103,0.5,68.9,108.4,1.0,1.0,14.86,2.03,0.47,0.0224,58.6,105,False,0.0,False,False,,
chj-12799,EA 139 VÍLLORA,1239.8,False,2025-06-14T18,2025-06-22T17,gauges,22.9,7.9,9.7,26.1,192,,10.1,59.9,0.99,1.0,9.57,4.73,0.24,0.0105,84.2,44,False,0.0,False,False,,
chj-12799,EA 139 VÍLLORA,1239.8,False,2025-07-01T18,2025-07-05T22,gauges,16.5,2.6,10.8,8.1,101,,,,1.0,1.0,8.29,1.44,0.21,0.0128,-50.0,-74,False,0.0,False,False,,
chj-12799,EA 139 VÍLLORA,1239.8,False,2025-10-15T18,2025-10-17T17,gauges,20.0,3.7,10.7,17.8,48,11.3,34.7,43.7,1.0,0.99,6.4,0.43,0.07,0.0037,33.1,16,False,0.0,False,False,,
chj-12799,EA 139 VÍLLORA,1239.8,False,2025-11-05T17,2025-11-08T22,gauges,20.6,5.2,13.0,17.2,78,1.4,70.8,67.5,1.0,1.0,6.31,0.3,0.05,0.0025,62.2,79,False,0.0,False,False,,
chj-12799,EA 139 VÍLLORA,1239.8,False,2025-11-14T00,2025-11-17T16,gauges,26.8,3.1,14.5,5.5,89,0.0,71.4,74.9,1.0,0.93,6.18,2.25,0.26,0.0096,32.0,30,False,0.0,False,False,,
chj-12799,EA 139 VÍLLORA,1239.8,False,2026-01-21T15,2026-01-31T00,gauges,72.8,3.6,13.1,8.3,226,1.5,15.8,52.4,1.0,0.73,,,,,,,,,,,,
chj-12799,EA 139 VÍLLORA,1239.8,False,2026-02-02T02,2026-02-13T22,gauges,118.2,4.5,22.7,8.2,285,42.1,86.7,108.7,1.0,0.75,,,,,,,,,,,,
chj-12799,EA 139 VÍLLORA,1239.8,False,2026-03-05T06,2026-03-10T15,gauges,30.2,1.6,6.6,3.8,130,1.2,114.9,131.8,1.0,1.0,15.92,2.22,0.51,0.0168,64.6,102,False,0.0,False,False,,
chj-12799,EA 139 VÍLLORA,1239.8,False,2026-04-12T05,2026-04-12T23,gauges,18.2,1.9,11.8,5.4,19,0.2,2.5,77.7,1.0,1.0,13.56,1.54,0.13,0.0071,51.9,57,False,0.0,False,False,,
chj-12799,EA 139 VÍLLORA,1239.8,False,2026-04-29T20,2026-05-04T10,gauges,24.9,4.1,9.9,19.6,111,0.9,31.3,77.9,1.0,1.0,7.91,17.2,3.09,0.1239,77.1,98,False,0.0,False,False,,
chj-12799,EA 139 VÍLLORA,1239.8,False,2026-09-16T14,2026-09-18T17,gauges,23.1,5.8,14.7,19.1,52,0.0,4.2,18.6,1.0,1.0,6.47,4.47,0.19,0.0082,-0.3,14,False,0.0,False,False,,
chj-2737,EA 14 TRAMACASTILLA,96.1,False,2024-10-25T14,2024-10-26T02,gauges,17.4,4.9,17.1,5.8,13,0.2,38.9,35.4,1.0,1.0,0.47,0.04,0.02,0.0009,2.0,0,False,0.0,False,False,,
chj-2737,EA 14 TRAMACASTILLA,96.1,False,2024-10-29T07,2024-10-30T05,truth,76.3,10.9,50.8,13.6,23,28.7,67.4,60.0,1.0,1.0,0.51,37.28,9.97,0.1307,7.6,2,False,0.0,False,False,,83.9
chj-2737,EA 14 TRAMACASTILLA,96.1,False,2025-01-26T16,2025-01-28T14,gauges,40.6,5.2,29.9,6.9,47,10.3,19.6,45.3,1.0,0.92,0.46,8.78,4.25,0.1046,2.7,6,False,0.0,False,False,,
chj-2737,EA 14 TRAMACASTILLA,96.1,False,2025-02-28T23,2025-03-03T18,truth,27.6,2.4,10.7,3.6,68,1.1,15.4,56.5,1.0,0.91,0.56,0.67,0.59,0.0214,45.5,32,False,0.0,False,False,,
chj-2737,EA 14 TRAMACASTILLA,96.1,False,2025-03-07T22,2025-03-09T20,gauges,29.2,3.7,12.4,5.0,47,20.9,48.5,80.9,1.0,1.0,0.97,3.47,4.57,0.1565,5.2,3,False,0.0,False,False,,
chj-2737,EA 14 TRAMACASTILLA,96.1,False,2025-03-21T03,2025-03-22T21,gauges,21.7,2.2,10.7,3.2,43,10.2,97.1,111.0,1.0,1.0,1.52,4.38,4.74,0.2184,9.5,26,False,0.0,False,False,,
chj-2737,EA 14 TRAMACASTILLA,96.1,False,2025-06-15T19,2025-06-15T21,gauges,16.9,13.7,16.9,23.9,3,4.3,15.4,65.5,1.0,1.0,0.51,0.27,0.05,0.0032,6.9,7,False,0.0,False,False,,
chj-2737,EA 14 TRAMACASTILLA,96.1,False,2025-07-05T03,2025-07-05T20,gauges,28.2,7.3,18.2,8.9,18,10.5,,,1.0,1.0,0.49,0.03,0.01,0.0003,-6.4,1,False,0.0,False,False,,
chj-2737,EA 14 TRAMACASTILLA,96.1,False,2025-10-29T02,2025-10-29T19,gauges,17.6,2.7,14.4,4.8,18,9.7,48.3,55.3,1.0,0.98,0.47,0.01,0.0,0.0001,5.6,0,False,0.0,False,False,,
chj-2737,EA 14 TRAMACASTILLA,96.1,False,2025-11-14T01,2025-11-16T23,gauges,26.3,4.2,13.4,4.6,71,0.1,56.4,63.5,1.0,1.0,0.44,0.02,0.01,0.0003,7.1,1,False,0.0,False,False,,
chj-2737,EA 14 TRAMACASTILLA,96.1,False,2026-01-28T09,2026-01-29T16,gauges,22.2,3.3,12.6,4.5,32,18.7,32.1,62.5,1.0,1.0,1.28,6.66,2.45,0.1106,14.4,4,False,0.0,False,False,,
chj-2737,EA 14 TRAMACASTILLA,96.1,False,2026-02-04T09,2026-02-06T21,gauges,36.9,3.6,20.8,4.6,61,15.3,66.3,88.5,1.0,1.0,1.22,19.74,10.87,0.2945,-1.2,7,False,0.0,False,False,,
chj-2737,EA 14 TRAMACASTILLA,96.1,False,2026-02-07T16,2026-02-10T21,gauges,23.0,3.7,9.5,4.2,78,40.4,102.6,118.7,1.0,1.0,3.15,4.75,3.63,0.1579,13.8,4,False,0.0,False,False,,
chj-2737,EA 14 TRAMACASTILLA,96.1,False,2026-02-11T10,2026-02-11T22,gauges,21.0,4.1,20.8,5.0,13,27.4,125.4,132.2,1.0,1.0,4.79,13.71,4.37,0.2082,5.4,7,False,0.0,False,False,,
chj-2737,EA 14 TRAMACASTILLA,96.1,False,2026-02-13T05,2026-02-13T21,gauges,24.1,4.7,21.6,6.3,17,39.6,146.8,148.2,1.0,1.0,5.02,17.99,5.34,0.2214,1.4,4,False,0.0,False,False,,
chj-2737,EA 14 TRAMACASTILLA,96.1,False,2026-03-06T08,2026-03-08T17,gauges,27.2,3.4,11.3,4.0,58,4.9,113.2,119.2,1.0,1.0,1.08,0.76,1.66,0.0609,20.5,38,False,0.0,False,False,,
chj-2737,EA 14 TRAMACASTILLA,96.1,False,2026-05-02T19,2026-05-04T15,gauges,25.3,5.9,13.0,8.9,45,15.0,42.2,83.4,1.0,1.0,0.57,0.29,0.29,0.0115,6.5,7,False,0.0,False,False,,
chj-2737,EA 14 TRAMACASTILLA,96.1,False,2026-09-16T13,2026-09-16T20,gauges,23.9,10.2,23.9,11.2,8,0.0,12.0,23.6,1.0,1.0,0.63,0.0,0.0,0.0,-3.4,-2,False,0.0,False,False,,
chj-2680,EA 140 RIO HUÉRCEMES,730.1,False,2024-10-12T04,2024-10-12T15,gauges,15.7,4.9,15.7,6.9,12,10.3,,,1.0,1.0,0.44,0.06,0.0,0.0003,2.9,3,False,0.0,False,False,,
chj-2680,EA 140 RIO HUÉRCEMES,730.1,False,2024-10-15T12,2024-10-17T16,gauges,20.6,3.8,8.4,8.6,53,16.3,,,1.0,1.0,0.45,0.06,0.0,0.0002,-23.3,2,False,0.0,False,False,,
chj-2680,EA 140 RIO HUÉRCEMES,730.1,False,2024-10-25T14,2024-10-30T04,gauges,106.1,9.9,40.8,32.4,111,0.2,50.2,43.7,1.0,1.0,0.46,12.31,1.38,0.013,58.1,31,False,0.0,False,False,,
chj-2680,EA 140 RIO HUÉRCEMES,730.1,False,2025-01-20T11,2025-01-23T08,gauges,18.9,1.7,6.0,2.3,70,0.1,5.4,41.9,0.97,0.99,0.49,0.03,0.01,0.0005,74.0,74,False,0.0,False,False,,
chj-2680,EA 140 RIO HUÉRCEMES,730.1,False,2025-01-26T23,2025-01-30T00,gauges,39.0,4.1,16.7,14.7,74,7.6,26.4,55.9,0.93,0.95,0.51,4.53,0.8,0.0205,13.4,26,False,0.0,False,False,,
chj-2680,EA 140 RIO HUÉRCEMES,730.1,False,2025-03-01T01,2025-03-14T11,gauges,108.5,6.4,18.6,8.5,323,0.1,17.2,61.2,1.0,0.97,0.37,10.39,4.3,0.0397,116.7,98,False,0.0,False,False,,
chj-2680,EA 140 RIO HUÉRCEMES,730.1,False,2025-03-18T05,2025-03-18T23,gauges,19.6,1.5,15.3,3.5,19,16.5,116.8,138.6,1.0,1.0,1.89,10.87,1.59,0.0812,28.7,26,False,0.0,False,False,,
chj-2680,EA 140 RIO HUÉRCEMES,730.1,False,2025-03-21T03,2025-03-23T04,gauges,19.2,1.3,8.3,2.8,50,26.4,136.9,149.8,1.0,1.0,4.31,6.54,0.99,0.0516,24.8,32,False,0.0,False,False,,
chj-2680,EA 140 RIO HUÉRCEMES,730.1,False,2025-04-02T18,2025-04-04T23,gauges,16.3,4.5,6.4,7.1,54,0.1,140.1,133.1,1.0,1.0,1.57,0.66,0.08,0.0047,40.4,25,False,0.0,False,False,,
chj-2680,EA 140 RIO HUÉRCEMES,730.1,False,2025-04-11T14,2025-04-16T21,gauges,25.9,3.3,7.5,6.8,128,0.5,76.2,126.0,1.0,1.0,1.34,0.9,0.23,0.0091,62.0,97,False,0.0,False,False,,
chj-2680,EA 140 RIO HUÉRCEMES,730.1,False,2025-04-18T22,2025-04-20T07,gauges,15.6,3.0,12.0,5.3,34,15.8,64.8,132.6,1.0,1.0,1.56,0.92,0.14,0.0092,23.1,29,False,0.0,False,False,,
chj-2680,EA 140 RIO HUÉRCEMES,730.1,False,2025-10-13T15,2025-10-13T21,gauges,15.1,3.6,15.1,13.5,7,3.8,16.3,27.0,1.0,1.0,0.45,0.11,0.01,0.0004,42.2,43,False,0.0,False,False,,
chj-2680,EA 140 RIO HUÉRCEMES,730.1,False,2025-11-14T00,2025-11-17T16,gauges,28.8,4.3,14.1,5.8,89,0.0,63.4,68.7,1.0,0.96,0.43,0.05,0.0,0.0001,9.2,6,False,0.0,False,False,,
chj-2680,EA 140 RIO HUÉRCEMES,730.1,False,2026-01-21T15,2026-01-30T23,gauges,90.8,4.7,19.6,8.3,225,2.7,18.9,55.5,1.0,1.0,0.28,12.49,2.65,0.0292,87.6,31,False,0.0,False,False,,
chj-2680,EA 140 RIO HUÉRCEMES,730.1,False,2026-02-01T20,2026-02-13T22,gauges,145.4,4.8,24.2,6.9,291,50.5,106.0,126.6,1.0,1.0,3.33,18.26,14.36,0.0987,148.8,225,True,0.0,False,False,,
chj-2680,EA 140 RIO HUÉRCEMES,730.1,False,2026-03-05T14,2026-03-10T15,gauges,29.8,3.1,11.5,3.9,122,1.4,137.5,158.0,1.0,1.0,1.77,0.92,0.12,0.004,61.2,27,False,0.0,False,False,,
chj-2680,EA 140 RIO HUÉRCEMES,730.1,False,2026-04-12T05,2026-04-12T23,gauges,19.2,3.2,13.8,11.1,19,0.1,3.5,91.1,1.0,1.0,1.17,0.31,0.04,0.0019,24.4,20,False,0.0,False,False,,
chj-2680,EA 140 RIO HUÉRCEMES,730.1,False,2026-05-01T14,2026-05-04T14,gauges,16.6,3.0,7.5,10.5,73,2.9,28.6,82.5,1.0,1.0,0.88,0.18,0.02,0.0013,45.6,28,False,0.0,False,False,,
chj-2680,EA 140 RIO HUÉRCEMES,730.1,False,2026-09-16T14,2026-09-18T17,gauges,17.7,4.6,10.4,14.9,52,0.0,2.4,17.9,1.0,1.0,0.5,0.02,0.0,0.0002,52.3,66,False,0.0,False,False,,
chj-2681,EA 141 SAN MARTÍN,67.6,False,2024-10-12T04,2024-10-12T11,gauges,15.6,5.5,15.6,6.0,8,5.8,,,1.0,1.0,0.03,0.05,0.05,0.0029,0.1,0,False,0.0,False,False,,
chj-2681,EA 141 SAN MARTÍN,67.6,False,2024-10-25T14,2024-10-26T01,gauges,19.1,4.2,19.1,6.5,12,0.2,37.5,32.0,1.0,1.0,0.04,0.9,0.54,0.0281,8.5,7,False,0.0,False,False,,
chj-2681,EA 141 SAN MARTÍN,67.6,False,2024-10-27T17,2024-10-28T03,gauges,15.8,3.5,15.8,5.6,11,19.9,56.9,49.7,1.0,1.0,0.11,0.93,0.28,0.0177,9.2,7,False,0.0,False,False,,
chj-2681,EA 141 SAN MARTÍN,67.6,False,2024-10-28T20,2024-10-30T03,truth,119.2,21.8,79.9,29.9,32,35.9,73.1,64.5,1.0,0.98,0.36,53.89,24.4,0.2047,9.4,3,False,0.0,False,False,,64.9
chj-2681,EA 141 SAN MARTÍN,67.6,False,2025-01-27T00,2025-01-28T11,gauges,18.2,3.0,8.7,4.7,36,4.5,18.0,54.7,1.0,0.9,2.92,1.03,1.22,0.0673,24.3,30,False,0.0,False,False,,
chj-2681,EA 141 SAN MARTÍN,67.6,False,2025-03-04T08,2025-03-06T23,truth,28.5,1.1,8.0,1.6,64,17.3,30.5,63.7,1.0,1.0,3.07,0.59,0.78,0.0272,21.2,24,False,0.0,False,False,,12.0
chj-2681,EA 141 SAN MARTÍN,67.6,False,2025-03-07T21,2025-03-08T21,gauges,25.8,5.3,18.4,7.0,25,39.6,59.1,86.9,1.0,1.0,3.37,6.69,4.77,0.1848,9.9,4,False,0.0,False,False,,
chj-2681,EA 141 SAN MARTÍN,67.6,False,2025-09-27T17,2025-09-29T20,truth,26.9,3.9,17.9,12.6,52,0.0,1.2,18.8,1.0,1.0,0.01,0.66,0.12,0.0044,-1.6,0,False,0.0,False,False,,16.6
chj-2681,EA 141 SAN MARTÍN,67.6,False,2025-11-14T08,2025-11-16T00,gauges,19.7,3.4,13.9,4.2,41,0.4,56.9,73.2,1.0,0.91,0.03,0.2,0.07,0.0036,19.0,15,False,0.0,False,False,,
chj-2681,EA 141 SAN MARTÍN,67.6,False,2026-01-26T14,2026-01-29T16,gauges,42.5,2.8,15.8,3.8,75,18.9,43.9,69.5,1.0,1.0,0.16,5.25,5.64,0.1327,31.0,29,False,0.0,False,False,,
chj-2681,EA 141 SAN MARTÍN,67.6,False,2026-02-02T11,2026-02-06T02,gauges,37.9,5.1,19.9,7.2,88,31.9,84.2,105.6,1.0,1.0,0.3,9.04,8.91,0.2351,19.6,3,False,0.0,False,False,,
chj-2681,EA 141 SAN MARTÍN,67.6,False,2026-02-09T03,2026-02-12T01,gauges,37.9,3.8,19.6,5.7,71,44.6,126.5,140.3,1.0,1.0,1.46,6.08,6.57,0.1734,-1.6,-23,False,0.0,False,False,,
chj-2681,EA 141 SAN MARTÍN,67.6,False,2026-04-12T04,2026-04-13T00,gauges,19.0,2.3,12.2,3.3,21,0.0,3.4,74.0,1.0,1.0,0.07,0.09,0.1,0.0054,18.2,14,False,0.0,False,False,,
chj-2720,EA 148 JÉRICA,328.0,False,2024-10-15T03,2024-10-15T17,gauges,25.5,5.2,24.7,8.0,15,6.8,,,1.0,1.0,0.15,1.96,0.14,0.0054,15.0,18,False,0.0,False,False,,
chj-2720,EA 148 JÉRICA,328.0,False,2024-10-25T05,2024-10-26T04,gauges,17.6,2.4,17.0,4.9,24,7.4,43.4,40.9,1.0,1.0,0.03,0.02,0.0,0.0001,3.6,5,False,0.0,False,False,,
chj-2720,EA 148 JÉRICA,328.0,False,2024-10-27T00,2024-10-30T05,truth,124.5,19.7,50.0,30.9,78,25.2,61.1,56.8,1.0,0.99,0.03,42.84,1.38,0.0111,7.4,6,False,0.0,False,False,,
chj-2720,EA 148 JÉRICA,328.0,False,2024-11-03T20,2024-11-04T03,truth,17.4,7.3,17.4,11.1,8,49.4,189.4,164.1,1.0,0.0,,,,,,,,,,,,11.5
chj-2720,EA 148 JÉRICA,328.0,False,2024-11-13T09,2024-11-14T04,truth,16.4,4.5,8.4,10.4,20,1.7,204.6,155.5,1.0,1.0,0.0,0.09,0.01,0.0004,14.6,23,False,0.0,False,False,,10.1
chj-2720,EA 148 JÉRICA,328.0,False,2025-03-01T02,2025-03-03T19,truth,81.0,9.9,56.5,19.9,66,0.1,5.5,29.0,1.0,1.0,0.01,3.02,0.46,0.0057,18.3,10,False,0.0,False,False,,
chj-2720,EA 148 JÉRICA,328.0,False,2025-03-04T18,2025-03-06T17,truth,54.1,4.2,26.9,8.9,48,82.7,87.4,107.0,1.0,1.0,0.89,11.52,2.45,0.0454,8.4,7,False,0.0,False,False,,21.2
chj-2720,EA 148 JÉRICA,328.0,False,2025-03-07T21,2025-03-08T22,gauges,17.2,4.5,12.9,6.8,26,124.2,142.5,153.4,1.0,1.0,1.89,5.62,0.43,0.0252,11.7,6,False,0.0,False,False,,
chj-2720,EA 148 JÉRICA,328.0,False,2025-03-13T13,2025-03-14T16,gauges,15.6,1.9,8.4,2.5,28,19.5,166.8,159.7,1.0,1.0,0.6,0.22,0.04,0.0025,22.4,35,False,0.0,False,False,,
chj-2720,EA 148 JÉRICA,328.0,False,2025-03-18T03,2025-03-19T12,gauges,23.3,2.3,13.5,3.5,34,19.3,185.2,163.5,1.0,0.98,0.46,2.72,0.91,0.039,11.3,18,False,0.0,False,False,,
chj-2720,EA 148 JÉRICA,328.0,False,2025-04-22T05,2025-04-22T18,gauges,15.2,3.9,14.4,11.4,14,0.4,16.1,105.8,1.0,0.98,0.27,0.26,0.03,0.0023,6.5,7,False,0.0,False,False,,
chj-2720,EA 148 JÉRICA,328.0,False,2025-05-10T16,2025-05-10T21,gauges,30.5,16.6,30.5,28.3,6,,,,1.0,1.0,0.33,0.48,0.08,0.0027,2.5,3,False,0.0,False,False,,
chj-2720,EA 148 JÉRICA,328.0,False,2025-07-12T08,2025-07-12T18,gauges,30.7,9.4,30.7,22.9,11,3.4,20.9,58.0,1.0,1.0,0.08,1.14,0.17,0.0057,7.7,5,False,0.0,False,False,,
chj-2720,EA 148 JÉRICA,328.0,False,2025-09-28T22,2025-09-30T04,truth,55.6,8.4,48.5,11.5,31,1.8,6.7,35.5,1.0,1.0,0.02,0.72,0.18,0.0032,5.0,6,False,0.0,False,False,,40.0
chj-2720,EA 148 JÉRICA,328.0,False,2025-10-11T05,2025-10-12T07,gauges,18.0,3.8,10.9,5.9,27,17.9,76.4,89.5,1.0,1.0,0.2,0.2,0.05,0.0026,10.6,16,False,0.0,False,False,,
chj-2720,EA 148 JÉRICA,328.0,False,2025-10-13T14,2025-10-14T03,gauges,15.8,8.8,14.6,31.7,14,36.6,95.2,103.4,1.0,1.0,0.24,0.5,0.03,0.002,-0.8,2,False,0.0,False,False,,
chj-2720,EA 148 JÉRICA,328.0,False,2025-12-14T07,2025-12-15T22,truth,27.6,2.9,16.3,8.2,40,1.5,7.9,55.2,1.0,1.0,0.15,0.3,0.08,0.0029,-3.3,3,False,0.0,False,False,,24.4
chj-2720,EA 148 JÉRICA,328.0,False,2025-12-16T11,2025-12-17T13,gauges,15.7,1.6,10.5,2.8,27,29.4,32.7,79.9,1.0,1.0,0.24,0.16,0.05,0.0033,8.9,16,False,0.0,False,False,,
chj-2720,EA 148 JÉRICA,328.0,False,2025-12-28T13,2025-12-29T03,truth,21.6,6.4,19.9,14.3,15,8.0,53.9,83.1,1.0,1.0,0.17,0.54,0.13,0.0062,21.7,21,False,0.0,False,False,,13.4
chj-2720,EA 148 JÉRICA,328.0,False,2026-03-05T06,2026-03-07T21,gauges,69.6,8.8,22.6,59.2,64,0.9,19.0,56.9,1.0,1.0,0.07,4.51,1.21,0.0173,25.5,22,False,0.0,False,False,,
chj-2720,EA 148 JÉRICA,328.0,False,2026-09-16T18,2026-09-17T01,gauges,24.0,8.5,24.0,20.0,8,0.1,5.7,26.8,1.0,1.0,0.03,0.07,0.01,0.0002,4.1,5,False,0.0,False,False,,
chj-2688,EA 149 GEA DE ALBARRACÍN,735.9,False,2024-10-27T16,2024-10-28T07,gauges,16.0,3.6,14.9,6.7,16,15.5,44.5,41.2,1.0,1.0,0.61,0.4,0.03,0.0022,13.2,12,False,0.0,False,False,,
chj-2688,EA 149 GEA DE ALBARRACÍN,735.9,False,2024-10-29T07,2024-10-30T05,truth,79.5,9.0,52.6,25.6,23,31.5,60.6,55.5,1.0,1.0,0.86,22.46,2.9,0.0365,22.1,16,False,0.0,False,False,,76.3
chj-2688,EA 149 GEA DE ALBARRACÍN,735.9,False,2025-01-27T03,2025-01-28T14,gauges,24.0,5.2,17.9,6.9,36,4.6,11.2,36.6,1.0,0.91,0.66,4.91,0.55,0.0231,14.1,17,False,0.0,False,False,,
chj-2688,EA 149 GEA DE ALBARRACÍN,735.9,False,2025-03-01T03,2025-03-03T18,truth,26.4,2.1,10.0,3.6,64,1.0,11.0,40.2,1.0,0.95,,,,,,,,,,,,
chj-2688,EA 149 GEA DE ALBARRACÍN,735.9,False,2025-03-07T22,2025-03-09T20,gauges,24.7,2.8,13.9,7.0,47,20.6,42.5,66.0,1.0,1.0,2.5,6.21,1.07,0.0434,14.3,11,False,0.0,False,False,,
chj-2688,EA 149 GEA DE ALBARRACÍN,735.9,False,2025-04-12T17,2025-04-15T21,gauges,16.3,2.5,5.2,4.0,77,3.9,46.2,81.4,1.0,1.0,2.97,0.36,0.1,0.0064,50.7,80,False,0.0,False,False,,
chj-2688,EA 149 GEA DE ALBARRACÍN,735.9,False,2025-06-15T17,2025-06-15T22,gauges,15.3,4.5,15.3,23.9,6,,15.1,52.9,1.0,0.98,1.13,6.73,0.37,0.0241,8.1,7,False,0.0,False,False,,
chj-2688,EA 149 GEA DE ALBARRACÍN,735.9,False,2025-07-04T15,2025-07-05T20,gauges,29.2,7.1,20.8,25.6,30,,,,1.0,1.0,1.42,4.96,0.09,0.0032,3.0,1,False,0.0,False,False,,
chj-2688,EA 149 GEA DE ALBARRACÍN,735.9,False,2026-01-27T08,2026-01-29T16,gauges,22.0,2.9,8.2,5.4,57,7.3,16.7,37.6,1.0,1.0,0.93,5.38,0.53,0.0243,37.3,15,False,0.0,False,False,,
chj-2688,EA 149 GEA DE ALBARRACÍN,735.9,False,2026-02-04T09,2026-02-12T01,gauges,50.0,2.3,13.1,5.0,185,11.3,46.5,62.2,1.0,1.0,2.67,11.22,4.32,0.0864,107.1,170,False,0.0,False,False,,
chj-2688,EA 149 GEA DE ALBARRACÍN,735.9,False,2026-03-05T12,2026-03-08T18,gauges,25.0,2.5,8.3,4.0,79,0.9,68.9,77.1,1.0,1.0,2.69,3.29,0.98,0.039,18.7,29,False,0.0,False,False,,
chj-2688,EA 149 GEA DE ALBARRACÍN,735.9,False,2026-05-02T19,2026-05-04T15,gauges,18.6,3.6,8.1,8.9,45,13.3,35.6,62.6,1.0,0.86,1.79,0.73,0.09,0.0048,16.8,18,False,0.0,False,False,,
chj-2688,EA 149 GEA DE ALBARRACÍN,735.9,False,2026-09-16T14,2026-09-16T20,gauges,20.4,5.1,20.4,11.2,7,0.1,7.8,23.6,1.0,1.0,0.39,0.67,0.03,0.0017,8.0,6,False,0.0,False,False,,
chj-12927,EA 15 TERUEL TURIA,1359.5,True,2024-10-27T10,2024-10-31T12,truth,63.1,4.9,22.4,23.6,99,16.6,42.0,38.5,1.0,1.0,1.03,45.65,1.81,0.0287,23.7,2,False,0.0,False,False,,
chj-12927,EA 15 TERUEL TURIA,1359.5,True,2025-03-02T21,2025-03-05T15,truth,16.2,1.2,8.5,4.5,67,3.5,6.9,21.5,1.0,1.0,1.65,1.58,0.22,0.0139,88.0,99,False,1.08,False,False,,11.5
chj-12927,EA 15 TERUEL TURIA,1359.5,True,2025-07-01T13,2025-07-05T20,gauges,18.8,3.0,7.8,25.6,104,,,,0.99,0.99,0.99,8.73,0.31,0.0168,-15.7,-43,False,0.26,False,False,,
chj-12927,EA 15 TERUEL TURIA,1359.5,True,2025-09-28T14,2025-09-29T08,truth,19.0,5.9,17.1,35.8,19,0.8,7.2,27.2,1.0,1.0,0.67,11.81,0.25,0.0131,2.3,3,False,0.0,False,False,,15.0
chj-12927,EA 15 TERUEL TURIA,1359.5,True,2026-01-25T18,2026-01-30T21,gauges,16.3,2.1,5.9,9.2,124,3.1,17.0,29.7,1.0,1.0,1.27,1.39,0.02,0.0013,47.2,29,False,0.01,False,False,,
chj-12927,EA 15 TERUEL TURIA,1359.5,True,2026-03-05T07,2026-03-08T21,gauges,20.9,2.1,9.1,4.3,87,0.5,12.4,30.3,1.0,0.06,,,,,,,,,,,,
chj-12927,EA 15 TERUEL TURIA,1359.5,True,2026-08-05T18,2026-08-08T22,gauges,38.1,11.7,19.3,44.2,77,0.6,1.9,12.4,1.0,1.0,0.59,7.38,0.31,0.0081,2.4,25,False,0.02,False,False,,
chj-12927,EA 15 TERUEL TURIA,1359.5,True,2026-08-10T16,2026-08-10T19,gauges,20.1,10.3,20.1,25.1,4,38.6,39.3,46.8,1.0,1.0,1.04,6.27,0.2,0.0102,7.4,7,False,0.03,False,False,,
chj-12927,EA 15 TERUEL TURIA,1359.5,True,2026-09-16T16,2026-09-17T16,gauges,16.6,4.8,16.1,11.3,25,0.1,1.5,38.0,1.0,1.0,0.6,2.22,0.08,0.0049,0.6,1,False,0.02,False,False,,
chj-13670,EA 18 ZAGRA,3044.3,True,2024-10-23T17,2024-11-04T03,truth,121.9,6.1,41.3,41.9,275,0.3,22.2,22.0,1.0,1.0,4.53,150.38,6.74,0.0553,20.5,3,False,0.0,False,False,,
chj-13670,EA 18 ZAGRA,3044.3,True,2025-03-01T04,2025-03-18T14,gauges,56.8,3.3,12.5,9.8,419,0.7,6.2,23.6,1.0,1.0,6.07,10.98,1.37,0.0242,24.7,17,False,4.44,False,False,,
chj-13670,EA 18 ZAGRA,3044.3,True,2025-05-07T17,2025-05-10T20,gauges,20.0,3.9,9.7,22.7,76,,,,1.0,0.99,6.31,5.71,0.06,0.0032,33.9,6,False,0.85,False,False,,
chj-13670,EA 18 ZAGRA,3044.3,True,2025-06-14T18,2025-06-22T18,gauges,20.1,3.4,9.7,28.1,193,,15.1,45.5,0.99,1.0,6.08,17.76,0.1,0.0048,-23.0,17,False,5.67,False,False,,
chj-13670,EA 18 ZAGRA,3044.3,True,2025-07-01T13,2025-07-05T22,gauges,24.0,3.2,14.5,25.6,106,,,,0.99,1.0,3.77,14.48,0.23,0.0094,33.1,15,False,0.27,False,False,,
chj-13670,EA 18 ZAGRA,3044.3,True,2025-09-28T03,2025-09-29T19,truth,24.7,4.1,19.3,61.7,41,0.7,4.7,25.8,1.0,1.0,4.13,18.25,0.2,0.0082,14.3,16,False,-0.01,False,False,,17.5
chj-13670,EA 18 ZAGRA,3044.3,True,2025-10-08T17,2025-10-17T17,gauges,28.7,2.1,8.0,17.3,217,0.1,29.5,41.8,1.0,1.0,3.95,10.61,0.29,0.01,36.4,15,False,0.02,False,False,,
chj-13670,EA 18 ZAGRA,3044.3,True,2025-11-05T21,2025-11-08T22,gauges,27.5,13.7,13.7,99.0,74,12.5,54.0,63.8,1.0,1.0,4.07,3.14,0.09,0.0031,-26.5,-53,False,0.52,False,False,,
chj-13670,EA 18 ZAGRA,3044.3,True,2026-01-25T17,2026-02-13T18,gauges,52.5,2.9,7.7,9.2,458,4.3,16.7,39.8,1.0,1.0,6.52,6.74,0.95,0.0181,63.9,178,False,9.73,False,False,,
chj-13670,EA 18 ZAGRA,3044.3,True,2026-03-05T11,2026-03-10T06,gauges,27.6,1.7,7.6,11.7,116,1.0,27.9,48.4,1.0,1.0,8.36,1.52,0.15,0.0054,145.9,132,False,1.38,False,False,,
chj-13670,EA 18 ZAGRA,3044.3,True,2026-05-01T13,2026-05-12T13,gauges,25.3,1.7,5.5,19.1,265,0.6,19.8,40.0,1.0,1.0,5.04,3.04,0.16,0.0062,60.0,-38,False,1.2,False,False,,
chj-13670,EA 18 ZAGRA,3044.3,True,2026-08-05T18,2026-08-10T19,gauges,33.7,5.5,10.5,44.2,122,0.3,5.1,17.4,1.0,1.0,2.51,18.17,0.42,0.0124,-18.4,15,False,0.03,False,False,,
chj-13670,EA 18 ZAGRA,3044.3,True,2026-09-16T16,2026-09-18T15,gauges,19.2,5.0,16.3,22.7,48,0.1,2.0,30.1,1.0,1.0,3.37,97.19,0.24,0.0124,0.5,6,False,0.02,False,False,,
chj-1523,EA 25 AGUAS POTABLES,1101.1,True,2024-10-15T03,2024-10-15T17,gauges,18.8,4.8,18.1,14.1,15,10.0,,,1.0,1.0,3.1,56.59,1.48,0.0785,17.4,21,False,0.07,False,False,,
chj-1523,EA 25 AGUAS POTABLES,1101.1,True,2024-10-25T05,2024-10-26T03,gauges,24.5,6.4,24.3,21.2,23,3.3,38.2,33.2,1.0,1.0,3.34,4.66,0.12,0.0049,8.1,10,False,0.01,False,False,,
chj-1523,EA 25 AGUAS POTABLES,1101.1,True,2024-10-27T17,2024-10-30T04,truth,162.6,16.6,95.3,93.1,60,28.9,63.9,56.3,1.0,0.53,,,,,,,,,,,,
chj-1523,EA 25 AGUAS POTABLES,1101.1,True,2024-11-03T18,2024-11-04T02,truth,20.4,5.4,20.4,15.7,9,82.2,227.0,196.9,1.0,0.0,,,,,,,,,,,,9.4
chj-1523,EA 25 AGUAS POTABLES,1101.1,True,2024-11-13T09,2024-11-15T00,truth,22.1,4.4,17.3,25.7,40,1.1,239.9,184.0,1.0,1.0,6.19,4.28,0.15,0.0068,9.2,5,False,0.23,False,False,,
chj-1523,EA 25 AGUAS POTABLES,1101.1,True,2025-03-01T03,2025-03-03T22,truth,85.5,8.6,67.4,29.3,68,0.1,5.4,33.4,1.0,1.0,4.42,93.71,1.25,0.0146,9.0,8,False,0.0,False,False,,
chj-1523,EA 25 AGUAS POTABLES,1101.1,True,2025-03-04T21,2025-03-06T08,truth,16.4,1.4,7.4,12.6,36,86.7,90.6,114.9,1.0,1.0,9.61,4.47,0.39,0.024,23.3,17,False,0.04,False,False,,19.4
chj-1523,EA 25 AGUAS POTABLES,1101.1,True,2025-03-13T13,2025-03-19T11,gauges,50.8,2.9,16.9,6.9,143,15.1,125.3,127.6,1.0,1.0,7.17,16.29,1.62,0.0318,53.4,20,False,0.04,False,False,,
chj-1523,EA 25 AGUAS POTABLES,1101.1,True,2025-05-08T14,2025-05-08T22,gauges,20.5,8.3,20.5,17.2,9,,,,1.0,1.0,5.86,36.71,0.1,0.0049,2.1,2,False,0.55,False,False,,
chj-1523,EA 25 AGUAS POTABLES,1101.1,True,2025-05-10T16,2025-05-10T20,gauges,20.1,11.9,20.1,36.1,5,,,,1.0,0.96,0.26,6.27,0.12,0.0059,41.5,42,False,0.13,False,False,,
chj-1523,EA 25 AGUAS POTABLES,1101.1,True,2025-09-28T04,2025-09-30T09,truth,59.6,6.3,40.0,49.6,54,0.3,6.7,24.9,1.0,0.0,,,,,,,,,,,,47.4
chj-1523,EA 25 AGUAS POTABLES,1101.1,True,2025-10-09T00,2025-10-12T03,gauges,53.9,5.1,20.8,14.4,76,0.4,60.8,69.7,1.0,0.0,,,,,,,,,,,,
chj-1523,EA 25 AGUAS POTABLES,1101.1,True,2025-12-13T18,2025-12-17T10,truth,36.3,2.9,14.5,9.6,89,0.7,7.4,53.9,1.0,0.0,,,,,,,,,,,,
chj-1523,EA 25 AGUAS POTABLES,1101.1,True,2025-12-28T11,2025-12-29T01,truth,37.9,12.6,37.0,27.6,15,5.8,43.8,74.7,1.0,1.0,4.47,31.04,0.92,0.0242,1.1,-2,False,0.04,False,False,,31.4
chj-1523,EA 25 AGUAS POTABLES,1101.1,True,2026-03-05T07,2026-03-07T18,gauges,55.1,4.8,30.8,8.0,60,0.6,13.6,52.7,1.0,1.0,4.96,13.63,0.71,0.0129,-10.6,1,False,5.69,False,False,,
chj-1523,EA 25 AGUAS POTABLES,1101.1,True,2026-04-12T04,2026-04-13T03,gauges,16.6,2.6,13.1,8.0,24,0.1,1.1,57.1,1.0,1.0,3.98,3.18,0.24,0.0143,7.9,6,False,0.05,False,False,,
chj-1523,EA 25 AGUAS POTABLES,1101.1,True,2026-09-16T18,2026-09-17T01,gauges,27.3,15.0,27.3,50.9,8,0.0,11.1,21.9,1.0,1.0,4.41,59.85,0.78,0.0286,1.1,2,False,1.75,False,False,,
chj-1523,EA 25 AGUAS POTABLES,1101.1,True,2026-09-30T19,2026-10-01T19,gauges,17.8,5.1,11.1,25.4,25,5.8,42.7,42.9,1.0,0.96,3.04,0.86,0.04,0.002,12.7,5,False,0.11,False,False,,
chj-12924,EA 27 TERUEL ALFAMBRA,1319.3,False,2024-10-25T14,2024-10-26T02,gauges,15.0,4.2,14.8,8.3,13,1.2,26.9,24.7,1.0,1.0,0.32,0.34,0.02,0.0013,8.3,6,False,0.0,False,False,,
chj-12924,EA 27 TERUEL ALFAMBRA,1319.3,False,2024-10-27T10,2024-10-31T13,truth,61.7,4.9,21.4,23.6,100,16.6,42.4,38.8,1.0,1.0,0.48,31.16,1.31,0.0213,22.6,50,True,0.0,False,False,,
chj-12924,EA 27 TERUEL ALFAMBRA,1319.3,False,2025-03-02T21,2025-03-05T15,truth,16.2,1.2,8.6,4.5,67,3.3,6.7,21.2,1.0,1.0,0.32,1.3,0.17,0.0106,86.9,98,False,0.0,False,False,,11.6
chj-12924,EA 27 TERUEL ALFAMBRA,1319.3,False,2025-07-01T13,2025-07-05T20,gauges,18.5,2.6,7.5,25.6,104,,,,0.99,0.99,0.29,11.7,0.19,0.0102,-14.9,-43,False,0.0,False,False,,
chj-12924,EA 27 TERUEL ALFAMBRA,1319.3,False,2025-09-28T14,2025-09-29T08,truth,19.2,6.0,17.2,35.8,19,0.8,7.3,27.2,1.0,1.0,0.22,15.8,0.22,0.0114,2.3,3,False,0.0,False,False,,15.0
chj-12924,EA 27 TERUEL ALFAMBRA,1319.3,False,2026-03-05T07,2026-03-07T06,gauges,16.7,2.1,9.1,4.3,48,0.5,12.3,30.2,1.0,0.86,0.73,1.74,0.04,0.0023,41.0,37,False,0.0,False,False,,
chj-12924,EA 27 TERUEL ALFAMBRA,1319.3,False,2026-08-05T18,2026-08-08T22,gauges,38.8,12.1,19.9,44.2,77,0.6,1.9,12.3,1.0,1.0,0.16,8.79,0.32,0.0083,-17.4,5,False,0.0,False,False,,
chj-12924,EA 27 TERUEL ALFAMBRA,1319.3,False,2026-08-10T16,2026-08-10T19,gauges,20.4,10.6,20.4,25.1,4,39.3,40.0,47.4,1.0,1.0,0.33,7.38,0.25,0.0122,7.4,7,False,0.0,False,False,,
chj-12924,EA 27 TERUEL ALFAMBRA,1319.3,False,2026-09-16T16,2026-09-17T16,gauges,16.7,4.8,16.2,11.3,25,0.1,1.4,38.4,1.0,1.0,0.16,0.49,0.01,0.0008,0.6,1,False,0.0,False,False,,
chj-13683,EA 28 VILLALBA ALTA,486.6,False,2024-10-25T13,2024-10-26T02,gauges,15.3,4.4,14.7,8.3,14,1.0,29.9,24.5,1.0,1.0,0.45,0.24,0.02,0.001,4.5,2,False,0.0,False,False,,
chj-13683,EA 28 VILLALBA ALTA,486.6,False,2024-10-27T10,2024-10-28T12,gauges,23.5,3.5,18.3,8.1,27,17.0,45.8,39.1,1.0,1.0,0.42,0.15,0.01,0.0005,13.3,13,False,0.0,False,False,,
chj-13683,EA 28 VILLALBA ALTA,486.6,False,2024-10-29T08,2024-10-30T09,truth,26.0,5.6,17.8,17.9,26,39.9,69.6,60.8,1.0,1.0,0.47,20.2,1.2,0.0462,13.1,8,False,0.0,False,False,,18.6
chj-13683,EA 28 VILLALBA ALTA,486.6,False,2025-03-02T21,2025-03-05T15,truth,20.7,2.0,12.3,4.5,67,2.6,7.3,21.5,1.0,1.0,0.58,0.85,0.26,0.0127,16.8,23,False,0.0,False,False,,17.7
chj-13683,EA 28 VILLALBA ALTA,486.6,False,2025-09-28T14,2025-09-29T08,truth,15.2,2.9,11.5,11.6,19,0.9,7.9,28.9,1.0,1.0,0.11,1.37,0.05,0.0031,8.5,12,False,0.0,False,False,,12.7
chj-13683,EA 28 VILLALBA ALTA,486.6,False,2026-03-05T07,2026-03-07T14,gauges,23.3,2.5,11.6,4.3,56,0.6,14.9,34.2,1.0,1.0,0.13,1.17,0.25,0.0105,32.0,31,False,0.0,False,False,,
chj-13683,EA 28 VILLALBA ALTA,486.6,False,2026-08-05T18,2026-08-06T16,gauges,32.0,11.3,20.0,44.2,23,1.4,2.4,15.0,1.0,1.0,0.09,15.97,0.46,0.0144,-1.1,7,False,0.0,False,False,,
chj-13683,EA 28 VILLALBA ALTA,486.6,False,2026-08-10T17,2026-08-10T19,gauges,19.2,11.0,19.2,25.1,3,41.7,43.3,51.9,1.0,1.0,0.33,12.01,0.16,0.0083,1.2,1,False,0.0,False,False,,
chj-13683,EA 28 VILLALBA ALTA,486.6,False,2026-09-16T17,2026-09-17T17,gauges,22.0,6.5,20.5,11.3,25,0.4,2.0,38.9,1.0,1.0,0.14,0.03,0.0,0.0001,0.6,1,False,0.0,False,False,,
chj-12827,EA 29 MONTAVERNER,319.9,False,2024-10-22T09,2024-10-23T18,gauges,33.9,6.3,26.6,14.7,34,0.2,2.3,5.6,1.0,1.0,0.12,7.33,0.71,0.021,1.5,2,False,0.0,False,False,,
chj-12827,EA 29 MONTAVERNER,319.9,False,2025-01-16T15,2025-01-18T16,gauges,82.6,5.0,39.0,8.9,50,0.2,8.7,30.9,1.0,1.0,0.22,10.42,3.05,0.0369,8.5,-2,False,0.0,False,False,,
chj-12827,EA 29 MONTAVERNER,319.9,False,2025-03-01T03,2025-03-03T09,truth,45.8,3.2,23.4,7.6,55,0.9,17.7,61.6,1.0,1.0,0.27,6.85,1.39,0.0305,9.8,8,False,0.0,False,False,,
chj-12827,EA 29 MONTAVERNER,319.9,False,2025-03-04T07,2025-03-07T16,truth,126.2,7.3,39.6,17.2,82,46.4,57.6,102.4,1.0,1.0,0.62,17.04,6.21,0.0492,-21.4,2,False,0.0,False,False,,
chj-12827,EA 29 MONTAVERNER,319.9,False,2025-03-17T04,2025-03-19T06,gauges,33.5,3.3,18.2,5.6,51,13.2,198.5,194.1,1.0,1.0,0.63,7.17,1.54,0.0458,19.2,4,False,0.0,False,False,,
chj-12827,EA 29 MONTAVERNER,319.9,False,2025-09-28T22,2025-09-30T08,truth,17.7,4.3,8.2,14.2,35,0.2,17.2,38.1,1.0,1.0,0.1,1.07,0.18,0.0104,12.0,27,False,0.0,False,False,,10.7
chj-12827,EA 29 MONTAVERNER,319.9,False,2025-10-09T09,2025-10-12T09,gauges,130.7,10.7,62.0,23.6,73,2.4,32.6,48.7,1.0,1.0,0.2,18.47,4.65,0.0356,-1.0,11,False,0.0,False,False,,
chj-12827,EA 29 MONTAVERNER,319.9,False,2025-12-13T17,2025-12-15T07,truth,27.5,6.2,15.5,10.3,39,0.2,6.6,58.2,1.0,1.0,0.45,5.02,0.54,0.0195,14.5,2,False,0.0,False,False,,23.4
chj-12827,EA 29 MONTAVERNER,319.9,False,2025-12-25T12,2025-12-26T09,gauges,58.8,7.7,50.8,10.8,22,0.7,43.5,79.7,1.0,1.0,0.47,17.14,2.32,0.0395,3.6,2,False,0.0,False,False,,
chj-12827,EA 29 MONTAVERNER,319.9,False,2026-01-03T18,2026-01-05T21,gauges,42.9,3.9,21.1,6.8,52,0.6,103.9,118.5,1.0,1.0,0.49,7.46,1.59,0.037,-5.0,2,False,0.0,False,False,,
chj-12827,EA 29 MONTAVERNER,319.9,False,2026-03-02T17,2026-03-05T20,gauges,51.4,9.1,35.6,15.5,76,0.7,4.7,64.8,1.0,1.0,0.58,15.23,1.39,0.027,13.6,2,False,0.0,False,False,,
chj-12827,EA 29 MONTAVERNER,319.9,False,2026-03-10T06,2026-03-11T09,gauges,44.2,5.7,22.6,7.4,28,49.2,68.6,116.5,1.0,1.0,0.69,8.16,2.5,0.0566,15.2,25,False,0.0,False,False,,
chj-12827,EA 29 MONTAVERNER,319.9,False,2026-04-12T21,2026-04-13T03,gauges,21.3,6.0,21.3,7.7,7,2.8,13.2,91.2,1.0,1.0,0.73,7.76,0.64,0.03,4.2,3,False,0.0,False,False,,
chj-12827,EA 29 MONTAVERNER,319.9,False,2026-05-04T09,2026-05-04T15,gauges,15.0,3.7,15.0,12.7,7,6.8,34.3,82.2,1.0,1.0,0.62,6.42,0.53,0.0353,-0.1,1,False,0.0,False,False,,
chj-12827,EA 29 MONTAVERNER,319.9,False,2026-05-07T14,2026-05-07T19,gauges,22.3,11.3,22.3,21.8,6,17.3,50.1,91.9,1.0,1.0,0.66,9.44,0.5,0.0225,4.7,5,False,0.0,False,False,,
chj-12827,EA 29 MONTAVERNER,319.9,False,2026-05-09T07,2026-05-09T13,gauges,27.2,6.3,27.2,10.8,7,38.5,72.7,110.7,1.0,1.0,0.78,8.8,0.84,0.031,3.5,2,False,0.0,False,False,,
chj-12827,EA 29 MONTAVERNER,319.9,False,2026-08-20T13,2026-08-20T20,gauges,34.6,13.7,34.6,23.0,8,8.8,22.9,38.4,1.0,1.0,0.13,19.98,1.31,0.0379,3.1,2,False,0.0,False,False,,
chj-12827,EA 29 MONTAVERNER,319.9,False,2026-09-09T13,2026-09-09T20,gauges,17.3,5.2,17.3,19.5,8,0.0,54.8,49.0,1.0,1.0,0.21,6.21,0.29,0.0169,4.9,2,False,0.0,False,False,,
chj-13526,EA 30 EL TERDE,660.7,False,2024-10-15T08,2024-10-15T17,gauges,21.7,9.0,21.7,19.9,10,2.7,,,1.0,0.0,,,,,,,,,,,,
chj-13526,EA 30 EL TERDE,660.7,False,2024-10-25T13,2024-10-26T03,gauges,16.5,4.1,14.9,6.3,15,0.8,33.7,29.5,1.0,0.0,,,,,,,,,,,,
chj-13526,EA 30 EL TERDE,660.7,False,2024-10-27T02,2024-10-28T14,gauges,31.1,5.3,22.8,7.8,37,17.7,50.6,45.1,1.0,0.0,,,,,,,,,,,,
chj-13526,EA 30 EL TERDE,660.7,False,2024-10-29T07,2024-10-30T09,truth,61.0,9.4,37.2,33.3,27,48.8,82.3,74.1,1.0,0.0,,,,,,,,,,,,38.5
chj-13526,EA 30 EL TERDE,660.7,False,2025-03-03T00,2025-03-03T23,truth,23.1,3.3,20.7,10.7,24,4.2,7.8,26.7,1.0,1.0,0.21,0.71,0.06,0.0024,23.1,19,False,0.0,False,False,,28.1
chj-13526,EA 30 EL TERDE,660.7,False,2025-03-08T00,2025-03-08T23,gauges,20.8,4.7,17.4,10.4,24,33.9,40.3,55.6,1.0,1.0,0.35,9.09,0.66,0.0318,14.1,10,False,0.0,False,False,,
chj-13526,EA 30 EL TERDE,660.7,False,2025-07-12T00,2025-07-12T15,gauges,24.2,16.4,23.6,29.7,16,1.2,42.8,68.0,1.0,1.0,0.3,20.89,0.72,0.0299,4.2,3,False,0.0,False,False,,
chj-13526,EA 30 EL TERDE,660.7,False,2025-09-28T15,2025-09-29T15,truth,20.3,2.9,13.2,28.5,25,0.6,13.2,34.2,1.0,1.0,0.15,0.01,0.0,0.0,34.8,40,False,0.0,False,False,,10.9
chj-13526,EA 30 EL TERDE,660.7,False,2026-03-05T06,2026-03-07T20,gauges,22.5,2.0,9.0,4.9,63,0.4,13.6,36.0,1.0,1.0,0.21,0.52,0.09,0.0042,30.6,32,False,0.0,False,False,,
chj-13526,EA 30 EL TERDE,660.7,False,2026-09-16T17,2026-09-16T23,gauges,21.6,6.5,21.6,13.6,7,0.6,2.4,21.6,1.0,1.0,0.1,0.04,0.0,0.0001,2.9,3,False,0.0,False,False,,
chj-2736,EA 32 CUENCA,626.5,True,2024-10-12T04,2024-10-12T16,gauges,16.7,3.5,16.4,4.8,13,15.5,,,1.0,1.0,5.76,0.4,0.03,0.0017,1.6,2,False,0.0,False,False,,
chj-2736,EA 32 CUENCA,626.5,True,2024-10-15T10,2024-10-17T23,gauges,30.3,3.0,15.2,4.2,62,16.9,,,1.0,0.98,5.79,5.6,0.68,0.0226,41.5,33,False,0.0,False,False,,
chj-2736,EA 32 CUENCA,626.5,True,2024-10-25T09,2024-10-26T01,gauges,15.8,5.7,15.4,10.1,17,0.0,67.3,61.9,1.0,1.0,6.01,5.43,0.07,0.0045,6.0,5,False,0.0,False,False,,
chj-2736,EA 32 CUENCA,626.5,True,2024-10-27T18,2024-10-30T04,truth,107.4,12.1,46.8,19.6,59,17.5,83.9,75.9,1.0,1.0,1.86,24.99,5.2,0.0484,35.2,58,False,0.0,False,False,,
chj-2736,EA 32 CUENCA,626.5,True,2025-01-20T10,2025-01-21T17,gauges,16.2,2.1,7.0,2.6,32,0.3,7.8,50.8,1.0,0.98,4.36,0.01,0.0,0.0,3.8,16,False,0.0,False,False,,
chj-2736,EA 32 CUENCA,626.5,True,2025-01-26T22,2025-01-28T12,gauges,46.4,8.3,29.0,13.8,39,9.8,34.4,68.6,1.0,0.91,4.34,39.28,6.54,0.141,14.3,14,False,0.0,False,False,,
chj-2736,EA 32 CUENCA,626.5,True,2025-03-02T00,2025-03-03T19,truth,17.3,0.6,6.1,1.9,44,2.2,21.6,79.2,1.0,1.0,4.7,8.57,0.73,0.0423,27.8,28,False,0.0,False,False,,8.7
chj-2736,EA 32 CUENCA,626.5,True,2025-03-07T20,2025-03-09T22,gauges,32.0,5.2,14.2,6.7,51,24.7,54.2,100.9,1.0,1.0,9.01,17.91,3.25,0.1015,36.0,36,False,0.0,False,False,,
chj-2736,EA 32 CUENCA,626.5,True,2025-03-10T19,2025-03-12T03,gauges,18.3,1.9,8.7,4.1,33,39.7,83.0,126.4,1.0,1.0,24.89,15.62,2.97,0.1621,20.0,30,False,0.0,False,False,,
chj-2736,EA 32 CUENCA,626.5,True,2025-03-21T02,2025-03-23T14,gauges,27.4,1.9,10.5,5.0,61,17.0,112.3,140.5,1.0,1.0,30.3,42.28,9.62,0.351,23.4,34,False,0.0,False,False,,
chj-2736,EA 32 CUENCA,626.5,True,2025-04-02T17,2025-04-03T10,gauges,19.9,6.1,11.8,14.6,18,0.0,123.5,133.5,1.0,1.0,16.42,1.39,0.13,0.0067,21.9,28,False,0.0,False,False,,
chj-2736,EA 32 CUENCA,626.5,True,2025-04-13T15,2025-04-15T22,gauges,23.2,3.2,9.6,6.0,56,9.2,88.0,141.3,1.0,1.0,14.47,4.44,0.42,0.0179,40.2,41,False,0.0,False,False,,
chj-2736,EA 32 CUENCA,626.5,True,2025-04-18T22,2025-04-20T12,gauges,26.4,4.2,19.8,5.4,39,20.8,94.9,149.2,1.0,1.0,15.77,8.38,2.29,0.0868,35.2,42,False,0.0,False,False,,
chj-2736,EA 32 CUENCA,626.5,True,2025-11-14T00,2025-11-16T14,gauges,30.3,4.2,15.0,5.3,63,0.0,80.1,81.8,1.0,1.0,1.29,2.89,0.68,0.0224,-2.8,-9,False,0.0,False,False,,
chj-2736,EA 32 CUENCA,626.5,True,2026-01-25T07,2026-01-29T16,gauges,75.0,8.1,24.7,13.0,106,22.9,41.3,80.5,1.0,1.0,6.41,82.63,14.27,0.1903,44.1,12,False,0.0,False,False,,
chj-2736,EA 32 CUENCA,626.5,True,2026-02-01T15,2026-02-11T23,gauges,134.9,3.9,23.0,5.5,249,61.7,125.6,149.2,1.0,1.0,37.18,258.83,100.49,0.7449,126.0,174,True,0.0,False,False,,
chj-2736,EA 32 CUENCA,626.5,True,2026-02-12T23,2026-02-13T21,gauges,29.5,6.4,22.8,7.1,23,58.7,254.7,239.5,1.0,1.0,230.12,21.27,0.7,0.0238,19.5,22,False,0.0,False,False,,
chj-2736,EA 32 CUENCA,626.5,True,2026-03-09T14,2026-03-10T08,gauges,17.3,4.0,13.2,4.7,19,17.4,119.3,183.4,1.0,1.0,15.51,15.43,1.41,0.0815,11.1,9,False,0.0,False,False,,
chj-2736,EA 32 CUENCA,626.5,True,2026-05-02T18,2026-05-04T14,gauges,26.1,5.9,13.2,15.1,45,3.1,23.4,85.1,1.0,1.0,4.17,7.59,1.12,0.0428,31.0,31,False,0.0,False,False,,
chj-2736,EA 32 CUENCA,626.5,True,2026-05-09T08,2026-05-10T21,gauges,16.6,2.3,9.3,3.5,38,3.9,50.8,99.0,1.0,1.0,5.67,3.9,0.14,0.0086,48.8,39,False,0.0,False,False,,
chj-2736,EA 32 CUENCA,626.5,True,2026-10-01T15,2026-10-01T21,gauges,18.9,9.9,18.9,28.6,7,7.2,23.1,33.2,1.0,0.88,1.49,1.8,0.0,0.0002,3.7,5,False,0.0,False,False,,
chj-13403,EA 60 REQUENA,673.2,False,2024-10-25T16,2024-10-26T01,gauges,29.3,5.8,29.3,12.5,10,1.6,25.1,26.1,1.0,0.0,,,,,,,,,,,,
chj-13403,EA 60 REQUENA,673.2,False,2024-10-27T17,2024-10-30T02,truth,225.7,35.9,156.7,86.3,58,31.5,55.0,53.9,1.0,0.0,,,,,,,,,,,,
chj-13403,EA 60 REQUENA,673.2,False,2025-03-02T15,2025-03-06T23,truth,46.9,1.8,11.3,7.8,105,4.1,10.8,41.1,1.0,1.0,0.0,0.81,0.13,0.0027,37.1,35,False,0.0,False,False,,50.9
chj-13403,EA 60 REQUENA,673.2,False,2025-03-07T22,2025-03-08T22,gauges,16.4,5.5,14.4,6.8,25,45.5,57.6,81.4,1.0,1.0,0.11,0.23,0.01,0.0008,4.0,2,False,0.0,False,False,,
chj-13403,EA 60 REQUENA,673.2,False,2025-03-13T13,2025-03-14T15,gauges,16.3,1.8,9.6,4.8,27,29.5,87.9,101.9,1.0,1.0,0.13,0.42,0.03,0.0019,10.5,1,False,0.0,False,False,,
chj-13403,EA 60 REQUENA,673.2,False,2025-05-10T15,2025-05-10T23,gauges,18.2,7.4,18.2,18.5,9,,,,1.0,0.0,,,,,,,,,,,,
chj-13403,EA 60 REQUENA,673.2,False,2025-09-28T16,2025-09-29T21,truth,15.4,1.9,8.9,26.8,30,1.1,2.7,18.0,1.0,0.0,,,,,,,,,,,,23.6
chj-13403,EA 60 REQUENA,673.2,False,2025-10-08T22,2025-10-11T14,gauges,34.3,8.0,16.1,19.8,65,0.2,18.2,28.7,1.0,1.0,0.07,1.52,0.06,0.0018,-16.7,6,False,0.0,False,False,,
chj-13403,EA 60 REQUENA,673.2,False,2025-10-13T15,2025-10-14T01,gauges,17.5,7.0,17.5,14.1,11,35.6,53.6,59.1,1.0,1.0,0.08,17.28,0.27,0.0153,3.7,3,False,0.0,False,False,,
chj-13403,EA 60 REQUENA,673.2,False,2025-12-15T08,2025-12-17T05,gauges,18.3,1.6,6.7,4.6,46,3.4,15.6,47.5,1.0,1.0,0.07,0.2,0.03,0.0015,-6.4,-10,False,0.0,False,False,,
chj-13403,EA 60 REQUENA,673.2,False,2025-12-28T12,2025-12-29T00,truth,49.7,8.4,48.9,14.9,13,2.8,29.2,55.2,1.0,1.0,0.09,7.94,0.4,0.008,6.3,9,False,0.0,False,False,,38.6
chj-13403,EA 60 REQUENA,673.2,False,2026-01-26T19,2026-01-29T17,gauges,23.6,2.5,11.1,5.4,71,7.6,75.1,78.8,1.0,1.0,0.1,0.56,0.03,0.0014,7.5,6,False,0.0,False,False,,
chj-13403,EA 60 REQUENA,673.2,False,2026-02-03T14,2026-02-06T20,gauges,22.4,2.3,10.0,6.5,79,8.8,53.1,93.8,1.0,1.0,0.12,0.33,0.03,0.0015,8.4,2,False,0.0,False,False,,
chj-13403,EA 60 REQUENA,673.2,False,2026-03-05T11,2026-03-08T22,gauges,35.6,2.6,13.6,4.5,84,1.3,45.8,79.3,1.0,1.0,0.11,0.33,0.05,0.0014,-17.5,10,False,0.0,False,False,,
chj-13403,EA 60 REQUENA,673.2,False,2026-04-12T04,2026-04-13T01,gauges,17.2,2.4,12.7,5.9,22,0.1,4.2,63.1,1.0,1.0,0.24,0.42,0.04,0.0022,16.7,11,False,0.0,False,False,,
chj-13403,EA 60 REQUENA,673.2,False,2026-08-13T20,2026-08-14T21,gauges,17.6,13.0,16.8,50.6,26,5.6,9.6,24.6,1.0,1.0,0.07,0.59,0.01,0.0006,1.7,1,False,0.0,False,False,,
chj-13403,EA 60 REQUENA,673.2,False,2026-09-28T16,2026-09-29T02,gauges,15.5,8.7,15.5,66.9,11,0.0,14.0,29.3,1.0,1.0,0.05,8.61,0.1,0.0064,0.2,1,False,0.0,False,False,,
chj-12810,EA 74 FUENTE DEL BAÑO,476.7,False,2024-10-15T03,2024-10-15T17,gauges,26.7,5.6,25.9,11.6,15,5.9,,,1.0,1.0,0.1,0.19,0.01,0.0005,26.1,29,False,0.0,False,False,,
chj-12810,EA 74 FUENTE DEL BAÑO,476.7,False,2024-10-25T05,2024-10-26T04,gauges,16.7,2.5,16.2,4.9,24,8.4,44.1,42.1,1.0,1.0,0.15,0.02,0.0,0.0001,6.3,8,False,0.0,False,False,,
chj-12810,EA 74 FUENTE DEL BAÑO,476.7,False,2024-10-27T00,2024-10-30T07,truth,130.6,16.8,50.2,30.9,80,25.3,61.0,57.1,1.0,1.0,0.15,11.94,2.18,0.0167,24.8,24,False,0.0,False,False,,
chj-12810,EA 74 FUENTE DEL BAÑO,476.7,False,2024-11-03T20,2024-11-04T02,truth,17.1,6.4,17.1,11.8,7,51.7,196.3,170.7,1.0,1.0,0.73,0.05,0.0,0.0001,3.1,3,False,0.0,False,False,,11.9
chj-12810,EA 74 FUENTE DEL BAÑO,476.7,False,2024-11-13T09,2024-11-14T04,truth,17.3,3.7,10.9,16.2,20,2.2,213.4,161.6,1.0,1.0,0.13,0.86,0.01,0.0008,-7.8,2,False,0.0,False,False,,9.9
chj-12810,EA 74 FUENTE DEL BAÑO,476.7,False,2025-03-01T21,2025-03-04T00,truth,86.3,10.3,66.6,32.9,52,4.1,9.1,33.7,1.0,1.0,0.17,11.93,1.79,0.0208,8.8,4,False,0.0,False,False,,
chj-12810,EA 74 FUENTE DEL BAÑO,476.7,False,2025-03-04T18,2025-03-06T17,truth,53.6,4.1,25.9,10.2,48,91.8,96.5,117.1,1.0,1.0,5.3,6.8,0.55,0.0102,15.8,9,False,0.0,False,False,,21.6
chj-12810,EA 74 FUENTE DEL BAÑO,476.7,False,2025-03-07T18,2025-03-08T22,gauges,16.1,3.5,11.2,6.8,29,135.3,150.9,162.6,1.0,1.0,0.0,0.0,0.0,0.0,-20.1,-27,False,0.0,False,False,,
chj-12810,EA 74 FUENTE DEL BAÑO,476.7,False,2025-03-18T05,2025-03-19T12,gauges,20.5,2.0,11.9,3.5,32,18.3,192.5,169.1,1.0,1.0,1.75,0.5,0.02,0.0009,43.8,51,False,0.0,False,False,,
chj-12810,EA 74 FUENTE DEL BAÑO,476.7,False,2025-05-10T16,2025-05-10T21,gauges,29.0,13.4,29.0,28.3,6,,,,1.0,1.0,0.88,0.28,0.0,0.0001,0.4,1,False,0.0,False,False,,
chj-12810,EA 74 FUENTE DEL BAÑO,476.7,False,2025-07-12T08,2025-07-12T18,gauges,29.2,7.7,29.2,22.9,11,4.0,19.6,57.1,1.0,1.0,0.31,0.13,0.01,0.0002,-3.2,-6,False,0.0,False,False,,
chj-12810,EA 74 FUENTE DEL BAÑO,476.7,False,2025-09-28T19,2025-09-29T21,truth,56.6,8.3,49.2,32.8,27,2.1,9.1,36.1,1.0,1.0,0.17,0.7,0.13,0.0023,10.6,13,False,0.0,False,False,,43.7
chj-12810,EA 74 FUENTE DEL BAÑO,476.7,False,2025-10-11T05,2025-10-12T07,gauges,20.0,4.0,12.2,7.1,27,19.3,79.7,92.4,1.0,1.0,0.55,0.04,0.0,0.0002,-1.3,4,False,0.0,False,False,,
chj-12810,EA 74 FUENTE DEL BAÑO,476.7,False,2025-10-13T14,2025-10-14T04,gauges,20.6,11.6,18.9,31.7,15,40.1,100.7,108.3,1.0,1.0,0.28,1.27,0.11,0.0055,17.7,20,False,0.0,False,False,,
chj-12810,EA 74 FUENTE DEL BAÑO,476.7,False,2025-12-14T07,2025-12-15T22,truth,33.5,4.5,21.2,16.6,40,1.7,7.1,56.0,1.0,1.0,0.2,0.06,0.0,0.0001,-4.4,0,False,0.0,False,False,,29.8
chj-12810,EA 74 FUENTE DEL BAÑO,476.7,False,2025-12-16T11,2025-12-17T13,gauges,15.8,1.8,10.3,2.8,27,35.5,38.5,86.5,1.0,1.0,0.21,0.02,0.0,0.0001,5.6,13,False,0.0,False,False,,
chj-12810,EA 74 FUENTE DEL BAÑO,476.7,False,2025-12-28T12,2025-12-29T04,truth,21.7,6.7,19.3,14.3,17,8.7,60.8,89.1,1.0,1.0,0.06,0.15,0.02,0.0008,15.8,15,False,0.0,False,False,,14.0
chj-12810,EA 74 FUENTE DEL BAÑO,476.7,False,2026-03-05T06,2026-03-07T21,gauges,73.1,9.3,22.9,59.2,64,0.9,16.1,56.0,1.0,1.0,0.23,2.78,0.04,0.0005,50.5,47,False,0.0,False,False,,
chj-12810,EA 74 FUENTE DEL BAÑO,476.7,False,2026-09-16T18,2026-09-17T01,gauges,22.3,8.1,22.3,20.0,8,0.0,5.0,23.4,1.0,1.0,0.28,0.02,0.0,0.0001,3.0,4,False,0.0,False,False,,
chj-14051,EA 87 MARIMOTA,186.5,False,2024-10-12T03,2024-10-12T15,gauges,18.2,5.7,17.8,6.0,13,9.7,,,1.0,0.0,,,,,,,,,,,,
chj-14051,EA 87 MARIMOTA,186.5,False,2024-10-28T18,2024-10-30T04,truth,44.0,5.2,22.9,10.0,35,17.7,58.9,48.5,1.0,0.0,,,,,,,,,,,,23.8
chj-14051,EA 87 MARIMOTA,186.5,False,2025-01-27T05,2025-01-28T09,gauges,15.3,2.9,9.9,3.4,29,7.2,21.9,37.8,1.0,1.0,0.59,0.25,0.11,0.0072,17.9,19,False,0.0,False,False,,
chj-14051,EA 87 MARIMOTA,186.5,False,2025-03-04T21,2025-03-06T23,truth,29.9,2.1,16.3,2.9,51,14.1,28.2,51.2,1.0,1.0,0.67,0.98,0.43,0.0143,31.2,23,False,0.0,False,False,,26.7
chj-14051,EA 87 MARIMOTA,186.5,False,2025-03-07T19,2025-03-08T04,gauges,15.4,9.7,15.4,10.6,10,35.8,58.1,77.2,1.0,1.0,1.43,1.41,0.28,0.0182,15.2,16,False,0.0,False,False,,
chj-14051,EA 87 MARIMOTA,186.5,False,2025-03-08T17,2025-03-09T02,gauges,16.8,11.0,16.8,11.4,10,46.3,73.8,91.3,1.0,1.0,2.76,1.0,0.14,0.0081,8.5,10,False,0.0,False,False,,
chj-14051,EA 87 MARIMOTA,186.5,False,2025-03-09T18,2025-03-11T23,gauges,16.1,1.6,6.3,1.8,54,63.6,89.1,106.8,1.0,1.0,2.49,0.07,0.0,0.0002,9.9,12,False,0.0,False,False,,
chj-14051,EA 87 MARIMOTA,186.5,False,2025-03-18T05,2025-03-18T22,gauges,27.3,3.4,22.0,3.5,18,20.5,115.4,123.7,1.0,1.0,1.12,8.07,2.13,0.0779,6.6,5,False,0.0,False,False,,
chj-14051,EA 87 MARIMOTA,186.5,False,2025-11-14T05,2025-11-15T23,gauges,19.2,4.3,13.0,4.6,43,0.2,43.1,41.3,1.0,1.0,0.32,0.51,0.17,0.0088,7.0,0,False,0.0,False,False,,
chj-14051,EA 87 MARIMOTA,186.5,False,2026-01-27T04,2026-01-28T12,gauges,22.1,5.3,15.3,5.9,33,14.0,36.7,61.2,1.0,1.0,0.51,1.35,0.37,0.0169,11.6,4,False,0.0,False,False,,
chj-14051,EA 87 MARIMOTA,186.5,False,2026-01-29T01,2026-01-29T17,gauges,17.9,3.2,14.9,3.3,17,29.3,57.6,80.8,1.0,1.0,1.36,2.6,0.87,0.0484,18.6,14,False,0.0,False,False,,
chj-14051,EA 87 MARIMOTA,186.5,False,2026-02-03T11,2026-02-06T01,gauges,31.1,5.5,18.7,7.6,63,18.1,85.0,97.9,1.0,1.0,1.28,8.02,2.29,0.0735,16.2,6,False,0.0,False,False,,
chj-14051,EA 87 MARIMOTA,186.5,False,2026-02-09T02,2026-02-10T20,gauges,15.5,4.2,6.8,5.6,43,39.0,124.0,126.1,1.0,1.0,3.04,3.74,1.02,0.066,22.8,10,False,0.0,False,False,,
chj-14051,EA 87 MARIMOTA,186.5,False,2026-02-13T03,2026-02-13T13,gauges,15.1,3.9,15.1,4.2,11,28.7,150.2,141.1,1.0,1.0,3.26,8.5,1.82,0.1205,8.3,10,True,0.0,False,False,,
chj-14051,EA 87 MARIMOTA,186.5,False,2026-03-09T15,2026-03-10T16,gauges,20.7,4.3,16.6,4.6,26,14.7,65.5,110.8,1.0,1.0,1.2,2.41,1.04,0.0503,16.4,17,False,0.0,False,False,,
chj-14051,EA 87 MARIMOTA,186.5,False,2026-04-12T06,2026-04-12T22,gauges,16.2,4.3,14.1,5.2,17,0.2,1.5,67.9,1.0,1.0,0.79,0.25,0.1,0.0059,3.9,2,False,0.0,False,False,,
chj-13070,EA 89 HUERTO MULET,1999.6,True,2024-10-22T18,2024-10-24T02,gauges,48.0,4.2,35.6,29.6,33,0.6,4.4,8.0,1.0,1.0,7.88,27.08,1.19,0.0248,16.3,18,False,114.34,False,False,,
chj-13070,EA 89 HUERTO MULET,1999.6,True,2024-10-25T17,2024-10-26T03,gauges,15.7,4.4,15.7,30.6,11,49.4,53.2,54.0,1.0,1.0,7.98,0.43,0.0,0.0002,31.4,29,False,0.59,False,False,,
chj-13070,EA 89 HUERTO MULET,1999.6,True,2024-10-27T15,2024-10-29T23,truth,168.7,16.3,118.0,118.4,57,65.4,69.6,67.9,1.0,0.53,,,,,,,,,,,,
chj-13070,EA 89 HUERTO MULET,1999.6,True,2024-11-03T04,2024-11-04T02,truth,23.5,4.5,18.2,58.5,23,156.7,242.9,217.2,1.0,0.0,,,,,,,,,,,,21.0
chj-13070,EA 89 HUERTO MULET,1999.6,True,2024-11-12T22,2024-11-14T19,truth,17.7,1.8,9.1,44.1,46,0.3,273.2,204.9,1.0,0.0,,,,,,,,,,,,9.4
chj-13070,EA 89 HUERTO MULET,1999.6,True,2025-01-16T15,2025-01-17T21,gauges,41.5,3.2,22.0,10.1,31,0.1,14.5,75.1,1.0,1.0,0.0,0.0,0.0,0.0,-15.6,-23,False,1.22,False,False,,
chj-13070,EA 89 HUERTO MULET,1999.6,True,2025-03-01T07,2025-03-07T06,truth,161.2,4.4,29.8,20.7,144,1.2,11.7,59.5,1.0,1.0,0.0,144.05,2.78,0.0173,52.8,46,False,1.14,False,False,,
chj-13070,EA 89 HUERTO MULET,1999.6,True,2025-03-13T12,2025-03-21T07,gauges,60.4,3.8,20.5,38.5,188,3.5,174.0,185.1,1.0,1.0,0.0,0.0,0.0,0.0,-99.2,-145,False,6.17,False,False,,
chj-13070,EA 89 HUERTO MULET,1999.6,True,2025-09-28T20,2025-09-30T23,truth,52.1,4.6,30.7,32.4,52,0.4,14.7,27.7,1.0,1.0,12.13,29.06,1.25,0.024,4.2,2,False,5.89,False,False,,
chj-13070,EA 89 HUERTO MULET,1999.6,True,2025-10-09T00,2025-10-14T02,gauges,111.7,6.5,38.4,50.2,123,1.7,60.7,67.6,1.0,1.0,11.3,63.12,5.29,0.0473,21.0,30,False,5.08,False,False,,
chj-13070,EA 89 HUERTO MULET,1999.6,True,2025-12-13T13,2025-12-18T01,truth,54.6,4.4,15.8,17.4,109,1.0,8.6,61.6,1.0,1.0,15.14,16.3,0.74,0.0136,50.9,67,False,19.8,False,False,,
chj-13070,EA 89 HUERTO MULET,1999.6,True,2025-12-25T10,2025-12-28T23,truth,102.9,7.3,55.7,51.9,86,0.3,57.2,94.2,1.0,1.0,16.82,189.6,10.14,0.0986,40.7,18,False,0.19,False,False,,
chj-13070,EA 89 HUERTO MULET,1999.6,True,2026-01-03T18,2026-01-05T16,gauges,22.9,1.0,8.5,6.5,47,0.5,159.7,167.7,1.0,1.0,15.51,10.19,0.9,0.0391,1.9,-11,False,0.03,False,False,,
chj-13070,EA 89 HUERTO MULET,1999.6,True,2026-03-03T06,2026-03-07T18,gauges,73.5,6.3,31.9,20.5,109,1.4,9.2,76.1,1.0,0.96,17.61,17.61,1.61,0.0219,5.2,13,False,0.43,False,False,,
chj-13070,EA 89 HUERTO MULET,1999.6,True,2026-03-10T09,2026-03-11T10,gauges,19.2,1.9,13.0,10.5,26,62.7,78.8,135.1,1.0,0.92,22.4,7.89,0.23,0.0118,16.7,22,False,46.85,False,False,,
chj-13070,EA 89 HUERTO MULET,1999.6,True,2026-04-12T05,2026-04-13T03,gauges,25.8,5.5,24.0,18.4,23,0.2,6.9,84.1,1.0,0.84,19.61,8.54,0.39,0.015,13.3,14,False,0.58,False,False,,
chj-13070,EA 89 HUERTO MULET,1999.6,True,2026-05-09T08,2026-05-10T18,gauges,27.0,6.1,24.2,19.3,35,19.7,58.6,93.3,1.0,0.87,27.55,13.06,0.6,0.0222,12.5,13,False,1.56,False,False,,
chj-13070,EA 89 HUERTO MULET,1999.6,True,2026-08-20T12,2026-08-20T21,gauges,24.8,9.9,24.8,24.8,10,8.0,14.8,30.7,1.0,1.0,22.4,21.73,0.83,0.0334,15.4,14,False,0.46,False,False,,
chj-13070,EA 89 HUERTO MULET,1999.6,True,2026-09-16T18,2026-09-17T00,gauges,16.0,4.3,16.0,36.6,7,0.0,40.9,45.1,1.0,1.0,18.33,8.17,0.25,0.0158,19.2,18,False,0.97,False,False,,
chj-13070,EA 89 HUERTO MULET,1999.6,True,2026-10-01T15,2026-10-01T21,gauges,16.1,4.9,16.1,32.8,7,2.0,31.4,47.6,1.0,0.75,,,,,,,,,,,,
chj-2735,EA 90 PAJARONCILLO,832.4,False,2024-10-15T12,2024-10-17T16,gauges,17.3,1.3,6.3,3.1,53,12.9,,,1.0,1.0,4.75,0.5,0.09,0.0052,32.0,53,False,0.0,False,False,,
chj-2735,EA 90 PAJARONCILLO,832.4,False,2024-10-27T17,2024-10-30T07,truth,101.2,8.6,49.7,21.9,63,10.8,55.3,52.2,1.0,0.58,,,,,,,,,,,,
chj-2735,EA 90 PAJARONCILLO,832.4,False,2025-01-27T00,2025-01-28T10,gauges,16.7,2.3,8.6,8.3,35,4.5,19.2,46.1,1.0,0.9,5.13,10.57,1.1,0.0656,20.7,24,False,0.0,False,False,,
chj-2735,EA 90 PAJARONCILLO,832.4,False,2025-03-01T05,2025-03-11T20,gauges,83.0,5.0,21.2,8.0,256,0.6,10.1,41.7,1.0,1.0,6.46,34.43,10.65,0.1283,113.1,80,False,0.0,False,False,,
chj-2735,EA 90 PAJARONCILLO,832.4,False,2025-03-16T08,2025-03-19T00,gauges,22.5,1.4,12.4,2.8,65,16.1,93.7,108.7,1.0,1.0,16.64,22.5,3.53,0.157,36.7,28,False,0.0,False,False,,
chj-2735,EA 90 PAJARONCILLO,832.4,False,2025-03-21T03,2025-03-23T12,gauges,23.2,1.5,11.6,3.0,58,23.1,116.4,120.3,1.0,0.88,22.18,23.33,3.91,0.1687,23.4,43,False,0.0,False,False,,
chj-2735,EA 90 PAJARONCILLO,832.4,False,2025-04-11T08,2025-04-15T20,gauges,23.0,2.3,5.6,6.0,109,0.3,71.5,108.1,1.0,1.0,12.02,4.34,1.37,0.0597,67.5,112,False,0.0,False,False,,
chj-2735,EA 90 PAJARONCILLO,832.4,False,2025-07-01T18,2025-07-05T22,gauges,18.5,2.9,11.7,8.1,101,,,,1.0,0.99,6.69,2.25,0.58,0.0315,39.7,16,False,0.0,False,False,,
chj-2735,EA 90 PAJARONCILLO,832.4,False,2025-10-15T18,2025-10-17T18,gauges,23.1,5.4,10.4,17.8,49,11.1,35.2,44.7,1.0,1.0,3.46,1.79,0.29,0.0126,-3.7,-20,False,0.0,False,False,,
chj-2735,EA 90 PAJARONCILLO,832.4,False,2025-10-29T02,2025-10-29T18,gauges,16.1,2.8,12.0,5.1,17,9.0,63.0,65.4,1.0,1.0,3.58,1.31,0.21,0.013,22.9,28,False,0.0,False,False,,
chj-2735,EA 90 PAJARONCILLO,832.4,False,2025-11-14T00,2025-11-17T16,gauges,27.1,3.1,14.5,4.6,89,0.1,75.3,77.7,1.0,1.0,3.05,2.0,0.48,0.0179,15.7,13,False,0.0,False,False,,
chj-2735,EA 90 PAJARONCILLO,832.4,False,2026-01-25T11,2026-01-29T17,gauges,44.9,3.9,11.6,8.3,103,15.0,26.6,60.1,1.0,0.38,,,,,,,,,,,,
chj-2735,EA 90 PAJARONCILLO,832.4,False,2026-02-02T02,2026-02-12T01,gauges,95.3,4.6,23.3,8.2,240,40.4,80.5,103.7,1.0,1.0,10.09,51.31,17.48,0.1835,107.4,164,False,0.0,False,False,,
chj-2735,EA 90 PAJARONCILLO,832.4,False,2026-02-13T02,2026-02-13T22,gauges,20.6,4.3,17.2,7.4,21,37.1,170.6,168.7,1.0,1.0,41.23,6.25,0.45,0.0218,7.2,10,False,0.0,False,False,,
chj-2735,EA 90 PAJARONCILLO,832.4,False,2026-03-05T06,2026-03-10T15,gauges,31.3,1.9,6.4,3.4,130,1.5,113.3,127.9,1.0,1.0,7.63,1.86,0.67,0.0214,61.4,95,False,0.0,False,False,,
chj-2735,EA 90 PAJARONCILLO,832.4,False,2026-04-12T05,2026-04-12T23,gauges,17.3,2.1,12.4,4.0,19,0.2,1.9,76.1,1.0,1.0,5.84,0.69,0.06,0.0034,8.8,12,False,0.0,False,False,,
chj-2735,EA 90 PAJARONCILLO,832.4,False,2026-05-02T19,2026-05-04T14,gauges,17.3,1.9,8.6,5.4,44,16.0,48.7,88.8,1.0,1.0,5.36,1.27,0.13,0.0074,34.1,37,False,0.0,False,False,,
chj-2735,EA 90 PAJARONCILLO,832.4,False,2026-09-16T14,2026-09-18T16,gauges,24.6,3.7,15.2,19.1,51,0.0,5.3,19.6,1.0,1.0,2.49,0.88,0.14,0.0058,-2.9,12,False,0.0,False,False,,
chj-2695,EA 91 SAN LORENZO DE LA PARRILLA,1526.5,True,2024-10-12T04,2024-10-12T15,gauges,16.5,3.1,16.5,5.7,12,12.9,,,1.0,1.0,7.91,2.1,0.1,0.0059,13.7,14,False,0.0,False,False,,
chj-2695,EA 91 SAN LORENZO DE LA PARRILLA,1526.5,True,2024-10-15T10,2024-10-17T23,gauges,22.7,2.7,11.2,4.2,62,17.2,,,1.0,0.99,8.04,3.57,0.39,0.0173,45.4,35,False,0.0,False,False,,
chj-2695,EA 91 SAN LORENZO DE LA PARRILLA,1526.5,True,2024-10-25T14,2024-11-02T15,truth,132.6,10.3,43.8,19.8,194,0.3,55.7,49.0,1.0,0.95,6.9,23.03,3.79,0.0286,34.2,58,False,0.0,False,False,,
chj-2695,EA 91 SAN LORENZO DE LA PARRILLA,1526.5,True,2025-01-20T10,2025-01-23T07,gauges,20.3,1.6,5.8,2.6,70,0.2,6.0,47.2,0.97,0.99,4.02,6.78,0.53,0.0261,74.5,100,False,0.0,False,False,,
chj-2695,EA 91 SAN LORENZO DE LA PARRILLA,1526.5,True,2025-01-25T11,2025-01-30T00,gauges,42.4,5.2,18.3,13.8,110,20.3,26.8,61.9,0.95,0.97,9.99,31.11,4.11,0.0969,17.3,27,False,0.0,False,False,,
chj-2695,EA 91 SAN LORENZO DE LA PARRILLA,1526.5,True,2025-03-01T01,2025-03-11T22,gauges,92.7,5.6,15.6,11.6,262,0.1,18.0,65.6,1.0,1.0,9.7,37.11,5.8,0.0625,125.7,94,False,0.0,False,False,,
chj-2695,EA 91 SAN LORENZO DE LA PARRILLA,1526.5,True,2025-03-18T05,2025-03-18T21,gauges,16.6,2.3,13.1,4.2,17,15.4,110.4,136.4,1.0,1.0,25.1,45.0,3.42,0.2061,35.5,33,False,0.0,False,False,,
chj-2695,EA 91 SAN LORENZO DE LA PARRILLA,1526.5,True,2025-03-21T02,2025-03-24T20,gauges,23.9,1.3,7.7,5.0,91,22.3,127.5,144.9,1.0,1.0,42.35,42.19,4.39,0.1835,28.8,-25,False,0.0,False,False,,
chj-2695,EA 91 SAN LORENZO DE LA PARRILLA,1526.5,True,2025-04-02T17,2025-04-04T23,gauges,22.4,3.3,7.3,14.6,55,0.0,133.6,131.8,1.0,0.99,19.98,2.31,0.28,0.0124,28.8,48,False,0.0,False,False,,
chj-2695,EA 91 SAN LORENZO DE LA PARRILLA,1526.5,True,2025-04-11T14,2025-04-16T21,gauges,28.4,4.3,8.7,9.1,128,0.4,80.3,129.8,1.0,1.0,17.75,3.4,0.29,0.0101,57.8,97,False,0.0,False,False,,
chj-2695,EA 91 SAN LORENZO DE LA PARRILLA,1526.5,True,2025-04-18T22,2025-04-20T07,gauges,21.2,4.3,16.3,6.4,34,17.9,76.2,138.2,1.0,1.0,18.8,6.51,0.74,0.0347,35.6,42,False,0.0,False,False,,
chj-2695,EA 91 SAN LORENZO DE LA PARRILLA,1526.5,True,2025-05-07T16,2025-05-10T15,gauges,16.5,4.5,7.6,9.9,72,,,,1.0,0.9,17.64,3.69,0.07,0.0043,30.7,4,False,0.0,False,False,,
chj-2695,EA 91 SAN LORENZO DE LA PARRILLA,1526.5,True,2025-07-02T15,2025-07-05T23,gauges,16.2,2.4,11.0,12.7,81,,,,1.0,1.0,6.84,3.02,0.2,0.0123,-7.9,-24,False,0.0,False,False,,
chj-2695,EA 91 SAN LORENZO DE LA PARRILLA,1526.5,True,2025-11-05T19,2025-11-08T02,gauges,23.2,3.4,14.4,7.0,56,1.3,58.0,57.2,1.0,0.91,4.17,5.18,0.51,0.0218,37.6,22,False,0.0,False,False,,
chj-2695,EA 91 SAN LORENZO DE LA PARRILLA,1526.5,True,2025-11-14T05,2025-11-16T23,gauges,26.5,3.8,14.2,5.4,67,0.2,66.1,68.6,1.0,1.0,6.41,1.45,0.09,0.0032,55.9,50,False,0.0,False,False,,
chj-2695,EA 91 SAN LORENZO DE LA PARRILLA,1526.5,True,2026-01-21T14,2026-01-30T23,gauges,92.0,5.4,20.0,13.0,226,1.7,17.2,54.3,1.0,1.0,4.77,81.32,12.9,0.1402,79.0,25,False,0.0,False,False,,
chj-2695,EA 91 SAN LORENZO DE LA PARRILLA,1526.5,True,2026-02-01T15,2026-02-13T21,gauges,136.7,5.3,21.3,7.1,295,53.0,106.6,126.5,1.0,0.98,48.05,287.55,60.44,0.4421,113.7,-5,False,0.0,False,False,,
chj-2695,EA 91 SAN LORENZO DE LA PARRILLA,1526.5,True,2026-03-05T14,2026-03-10T10,gauges,35.7,3.9,14.8,5.6,117,1.0,126.3,151.7,1.0,0.97,18.55,20.45,1.17,0.0329,49.4,17,False,0.0,False,False,,
chj-2695,EA 91 SAN LORENZO DE LA PARRILLA,1526.5,True,2026-04-12T04,2026-04-12T22,gauges,15.5,1.8,11.0,4.6,19,0.1,1.6,90.0,1.0,1.0,13.9,0.0,0.0,0.0,-9.6,-17,False,0.0,False,False,,
chj-2695,EA 91 SAN LORENZO DE LA PARRILLA,1526.5,True,2026-05-02T18,2026-05-04T14,gauges,20.3,4.7,9.7,15.1,45,2.3,21.3,74.5,1.0,1.0,7.77,5.29,0.51,0.0251,49.4,49,False,0.0,False,False,,
chj-2693,EA 97 MONTEMAYOR,74.1,False,2024-10-25T18,2024-10-25T23,gauges,21.9,11.2,21.9,11.7,6,0.2,29.5,22.5,1.0,1.0,0.23,0.97,0.24,0.0109,0.1,1,False,0.0,False,False,,
chj-2693,EA 97 MONTEMAYOR,74.1,False,2024-10-28T22,2024-10-29T22,truth,36.2,11.9,32.1,17.5,25,27.4,56.5,47.0,1.0,1.0,0.26,1.13,0.48,0.0131,6.9,4,False,0.0,False,False,,53.8
chj-2693,EA 97 MONTEMAYOR,74.1,False,2025-01-27T10,2025-01-28T13,gauges,15.3,2.2,9.5,2.4,28,0.0,15.8,27.7,1.0,0.88,0.33,0.08,0.06,0.0042,1.1,3,False,0.0,False,False,,
chj-2693,EA 97 MONTEMAYOR,74.1,False,2025-03-01T16,2025-03-03T15,truth,26.7,5.1,14.6,5.8,48,0.5,7.1,31.0,1.0,1.0,0.2,0.09,0.12,0.0044,18.3,4,False,0.0,False,False,,
chj-2693,EA 97 MONTEMAYOR,74.1,False,2025-03-04T16,2025-03-07T02,truth,24.6,2.2,9.7,3.2,59,27.6,34.3,55.6,1.0,1.0,0.24,0.15,0.22,0.0089,5.1,-13,False,0.0,False,False,,
chj-2693,EA 97 MONTEMAYOR,74.1,False,2025-03-09T17,2025-03-12T00,gauges,23.5,3.8,9.5,4.2,56,33.9,68.5,82.5,1.0,1.0,0.29,0.11,0.11,0.0045,26.0,5,False,0.0,False,False,,
chj-2693,EA 97 MONTEMAYOR,74.1,False,2025-03-13T11,2025-03-14T20,gauges,17.4,2.5,10.1,2.6,34,32.0,90.9,99.0,1.0,1.0,0.31,0.08,0.09,0.005,17.8,7,False,0.0,False,False,,
chj-2693,EA 97 MONTEMAYOR,74.1,False,2025-03-16T03,2025-03-18T17,gauges,31.1,3.8,17.2,4.0,63,32.0,104.6,111.0,1.0,1.0,0.32,0.27,0.56,0.0179,29.5,32,False,0.0,False,False,,
chj-2693,EA 97 MONTEMAYOR,74.1,False,2025-12-14T16,2025-12-15T01,truth,23.1,4.9,23.1,8.9,10,2.0,30.8,34.2,1.0,1.0,0.25,0.07,0.05,0.0024,8.0,10,False,0.0,False,False,,15.4
chj-2693,EA 97 MONTEMAYOR,74.1,False,2026-01-27T06,2026-01-29T19,gauges,35.4,4.7,11.9,5.1,62,16.7,41.0,67.7,1.0,1.0,0.29,0.14,0.28,0.0079,32.1,39,False,0.0,False,False,,
chj-2693,EA 97 MONTEMAYOR,74.1,False,2026-02-03T10,2026-02-05T20,gauges,52.8,5.4,22.2,6.0,59,20.5,75.6,99.5,1.0,0.99,0.33,1.12,1.42,0.0269,13.6,-1,False,0.0,False,False,,
chj-2693,EA 97 MONTEMAYOR,74.1,False,2026-02-10T14,2026-02-12T02,gauges,19.6,3.2,11.8,3.4,37,44.5,151.2,164.6,1.0,1.0,0.88,0.39,0.59,0.0302,31.9,44,False,0.0,False,False,,
chj-2693,EA 97 MONTEMAYOR,74.1,False,2026-03-04T22,2026-03-05T21,gauges,17.3,5.8,14.1,6.0,24,0.5,116.5,124.9,1.0,1.0,0.52,0.13,0.09,0.0051,9.7,8,False,0.0,False,False,,
chj-2693,EA 97 MONTEMAYOR,74.1,False,2026-03-09T23,2026-03-11T05,gauges,48.0,5.2,23.9,5.8,31,31.6,80.7,143.3,1.0,0.85,0.53,0.3,0.51,0.0106,21.1,17,False,0.0,False,False,,
chj-2693,EA 97 MONTEMAYOR,74.1,False,2026-04-12T10,2026-04-12T22,gauges,17.6,6.1,17.2,6.6,13,0.5,5.3,101.1,1.0,1.0,0.52,0.17,0.14,0.0081,5.4,6,False,0.0,False,False,,
chj-2749,EA 98 RÍO JARDÍN,319.3,False,2024-10-25T18,2024-10-25T23,gauges,20.7,7.9,20.7,10.4,6,0.2,29.4,23.1,1.0,1.0,0.53,0.15,0.02,0.0009,5.9,7,False,0.0,False,False,,
chj-2749,EA 98 RÍO JARDÍN,319.3,False,2024-10-29T03,2024-10-29T23,truth,33.7,9.9,30.0,26.6,21,29.5,58.5,49.5,1.0,1.0,0.57,1.24,0.13,0.0038,6.7,3,False,0.0,False,False,,53.9
chj-2749,EA 98 RÍO JARDÍN,319.3,False,2025-03-09T17,2025-03-12T00,gauges,20.0,2.6,7.9,3.5,56,19.7,44.7,57.6,1.0,1.0,0.57,0.18,0.05,0.0027,41.3,20,False,0.0,False,False,,
chj-2749,EA 98 RÍO JARDÍN,319.3,False,2025-03-13T11,2025-03-14T20,gauges,16.5,2.2,8.7,2.4,34,27.9,64.0,72.6,1.0,1.0,0.67,0.34,0.11,0.0064,36.1,24,False,0.0,False,False,,
chj-2749,EA 98 RÍO JARDÍN,319.3,False,2025-03-16T03,2025-03-18T17,gauges,28.1,3.3,15.2,3.7,63,28.2,76.7,84.9,1.0,1.0,0.99,0.21,0.06,0.002,22.6,26,False,0.0,False,False,,
chj-2749,EA 98 RÍO JARDÍN,319.3,False,2026-01-27T06,2026-01-29T19,gauges,38.3,6.2,13.0,8.0,62,15.4,34.9,59.0,1.0,1.0,0.47,1.24,0.35,0.0091,48.8,57,False,0.0,False,False,,
chj-2749,EA 98 RÍO JARDÍN,319.3,False,2026-02-03T10,2026-02-05T20,gauges,49.6,3.8,20.8,4.9,59,21.4,77.2,94.0,1.0,1.0,0.95,6.01,1.2,0.0242,35.7,34,False,0.0,False,False,,
chj-2749,EA 98 RÍO JARDÍN,319.3,False,2026-02-10T14,2026-02-12T02,gauges,20.7,2.7,10.9,3.1,37,37.4,146.4,154.0,1.0,1.0,5.7,5.99,3.1,0.1497,36.5,50,False,0.0,False,False,,
chj-2749,EA 98 RÍO JARDÍN,319.3,False,2026-03-06T16,2026-03-07T23,gauges,16.5,2.4,12.4,3.5,32,15.3,110.3,128.4,1.0,1.0,2.9,0.03,0.0,0.0,7.6,13,False,0.0,False,False,,
chj-2749,EA 98 RÍO JARDÍN,319.3,False,2026-03-09T23,2026-03-11T05,gauges,41.5,4.8,22.4,4.8,31,34.3,81.8,139.1,1.0,1.0,2.67,0.69,0.29,0.0071,31.4,40,False,0.0,False,False,,
chj-13707,MC ATZENETA DEL MAESTRAT,440.2,False,2024-10-15T08,2024-10-15T19,gauges,22.9,5.3,22.9,22.3,12,6.1,,,1.0,1.0,0.0,0.0,0.0,0.0,-4.7,-5,False,0.0,False,False,,
chj-13707,MC ATZENETA DEL MAESTRAT,440.2,False,2024-10-25T18,2024-10-30T11,truth,208.4,22.7,98.6,56.3,114,8.3,40.4,38.8,1.0,1.0,0.0,156.02,28.79,0.1382,-2.4,3,False,0.0,False,False,,
chj-13707,MC ATZENETA DEL MAESTRAT,440.2,False,2024-11-01T07,2024-11-02T15,truth,37.6,4.7,23.9,10.4,33,199.7,257.6,236.4,1.0,1.0,29.51,0.0,0.0,0.0,-16.6,-24,False,0.0,False,False,,16.9
chj-13707,MC ATZENETA DEL MAESTRAT,440.2,False,2024-11-03T21,2024-11-04T11,truth,23.5,11.2,22.9,16.4,15,89.3,294.6,260.6,1.0,1.0,22.85,6.08,0.46,0.0196,19.9,21,False,0.0,False,False,,12.8
chj-13707,MC ATZENETA DEL MAESTRAT,440.2,False,2024-11-13T01,2024-11-14T03,truth,33.4,4.3,23.0,14.7,27,2.1,317.8,242.2,1.0,1.0,3.93,5.42,0.21,0.0062,28.8,26,False,0.0,False,False,,16.3
chj-13707,MC ATZENETA DEL MAESTRAT,440.2,False,2025-03-01T20,2025-03-09T00,truth,189.7,10.9,73.4,38.2,173,1.7,5.0,39.8,1.0,1.0,0.0,80.45,35.34,0.1863,99.4,135,False,0.0,False,False,,
chj-13707,MC ATZENETA DEL MAESTRAT,440.2,False,2025-03-18T07,2025-03-19T13,gauges,21.9,1.9,11.9,3.0,31,15.4,209.4,189.8,1.0,1.0,4.97,5.98,0.85,0.0387,47.5,54,False,0.0,False,False,,
chj-13707,MC ATZENETA DEL MAESTRAT,440.2,False,2025-09-28T15,2025-09-29T21,truth,43.7,9.6,37.5,14.5,31,0.6,26.0,53.7,1.0,1.0,0.0,0.0,0.0,0.0,-14.5,-15,False,0.0,False,False,,39.5
chj-13707,MC ATZENETA DEL MAESTRAT,440.2,False,2025-10-11T08,2025-10-12T15,gauges,56.3,5.2,25.0,10.8,32,13.8,66.1,89.1,1.0,1.0,0.0,0.04,0.0,0.0,-4.6,-16,False,0.0,False,False,,
chj-13707,MC ATZENETA DEL MAESTRAT,440.2,False,2025-12-13T17,2025-12-15T12,truth,53.0,6.9,36.7,16.6,44,0.7,5.9,57.6,1.0,1.0,0.0,0.0,0.0,0.0,-28.5,-27,False,0.0,False,False,,46.6
chj-13707,MC ATZENETA DEL MAESTRAT,440.2,False,2025-12-25T05,2025-12-29T04,truth,46.4,3.9,12.9,13.6,96,0.2,63.6,96.2,1.0,1.0,0.0,2.55,0.57,0.0124,55.0,21,False,0.0,False,False,,
chj-13707,MC ATZENETA DEL MAESTRAT,440.2,False,2026-03-05T02,2026-03-08T02,gauges,104.5,5.4,29.2,7.6,73,2.8,13.4,61.3,1.0,1.0,0.0,30.88,7.8,0.0747,24.9,46,False,0.0,False,False,,
chj-13707,MC ATZENETA DEL MAESTRAT,440.2,False,2026-05-02T10,2026-05-03T11,gauges,15.9,4.2,10.5,8.0,26,2.4,21.6,73.8,1.0,1.0,0.0,0.0,0.0,0.0,-16.4,-23,False,0.0,False,False,,
chj-13102,MC CANALS,500.7,False,2024-10-22T18,2024-10-23T19,gauges,33.6,6.6,29.9,11.4,26,0.7,3.8,10.0,1.0,0.0,,,,,,,,,,,,
chj-13102,MC CANALS,500.7,False,2025-01-16T16,2025-01-17T22,gauges,48.4,3.1,26.5,5.4,31,0.3,6.9,28.1,1.0,0.0,,,,,,,,,,,,
chj-13102,MC CANALS,500.7,False,2025-03-01T03,2025-03-03T10,truth,37.6,2.0,15.3,10.8,56,0.5,7.3,39.5,1.0,0.33,,,,,,,,,,,,
chj-13102,MC CANALS,500.7,False,2025-03-04T16,2025-03-07T17,truth,112.5,8.1,43.6,19.9,74,38.3,42.5,73.4,1.0,1.0,0.38,9.34,1.78,0.0159,6.6,8,False,0.0,False,False,,
chj-13102,MC CANALS,500.7,False,2025-03-16T13,2025-03-17T16,gauges,15.7,3.3,14.0,7.9,28,16.5,174.3,167.0,1.0,1.0,0.66,0.31,0.03,0.0017,5.2,1,False,0.0,False,False,,
chj-13102,MC CANALS,500.7,False,2025-03-18T06,2025-03-19T13,gauges,33.9,4.5,25.0,33.6,32,33.2,191.3,178.1,1.0,1.0,0.86,2.62,0.24,0.0071,4.2,-10,False,0.0,False,False,,
chj-13102,MC CANALS,500.7,False,2025-04-03T16,2025-04-04T23,gauges,15.6,2.8,10.3,10.8,32,0.1,187.2,155.4,1.0,1.0,0.72,0.14,0.01,0.001,37.3,34,False,0.0,False,False,,
chj-13102,MC CANALS,500.7,False,2025-09-28T20,2025-09-30T07,truth,24.9,7.7,18.8,23.5,36,0.2,18.5,38.7,1.0,1.0,0.51,1.38,0.13,0.0052,19.0,19,False,0.0,False,False,,15.7
chj-13102,MC CANALS,500.7,False,2025-10-09T08,2025-10-12T11,gauges,93.8,8.4,47.7,44.3,76,2.5,43.9,55.3,1.0,1.0,0.7,8.97,1.57,0.0168,-2.6,-1,False,0.0,False,False,,
chj-13102,MC CANALS,500.7,False,2025-12-15T04,2025-12-15T07,truth,17.0,7.3,17.0,11.0,4,13.0,19.0,63.8,1.0,1.0,0.61,0.31,0.02,0.0013,0.9,1,False,0.0,False,False,,14.9
chj-13102,MC CANALS,500.7,False,2025-12-16T07,2025-12-17T14,gauges,25.0,3.3,13.2,14.1,32,30.2,32.8,79.2,1.0,1.0,0.76,0.18,0.01,0.0003,11.8,25,False,0.0,False,False,,
chj-13102,MC CANALS,500.7,False,2025-12-25T12,2025-12-26T07,gauges,40.1,5.1,35.1,8.0,20,0.6,57.2,87.9,1.0,1.0,0.56,1.47,0.21,0.0052,5.7,6,False,0.0,False,False,,
chj-13102,MC CANALS,500.7,False,2026-01-03T18,2026-01-05T21,gauges,34.4,1.8,14.8,5.2,52,0.7,101.8,111.2,1.0,1.0,0.63,0.34,0.13,0.0037,2.7,18,False,0.0,False,False,,
chj-13102,MC CANALS,500.7,False,2026-03-02T17,2026-03-07T03,gauges,76.8,8.6,33.6,12.4,107,0.6,11.0,61.2,1.0,1.0,0.51,3.25,0.35,0.0046,0.0,0,False,0.0,False,False,,
chj-13102,MC CANALS,500.7,False,2026-03-10T08,2026-03-11T10,gauges,30.5,3.2,16.1,6.4,27,59.2,83.1,126.4,1.0,1.0,0.77,0.91,0.13,0.0041,21.5,31,False,0.0,False,False,,
chj-13102,MC CANALS,500.7,False,2026-04-12T05,2026-04-13T03,gauges,22.0,4.8,19.5,7.7,23,0.1,9.2,86.8,1.0,1.0,0.61,0.19,0.03,0.0012,14.3,11,False,0.0,False,False,,
chj-13102,MC CANALS,500.7,False,2026-05-03T18,2026-05-04T15,gauges,16.9,7.3,15.5,16.8,22,12.1,36.4,84.0,1.0,1.0,0.48,0.29,0.05,0.0028,15.7,16,False,0.0,False,False,,
chj-13102,MC CANALS,500.7,False,2026-05-07T14,2026-05-07T19,gauges,17.0,6.4,17.0,13.7,6,20.4,56.0,96.2,1.0,1.0,0.61,0.36,0.03,0.002,-0.1,0,False,0.0,False,False,,
chj-13102,MC CANALS,500.7,False,2026-05-09T08,2026-05-09T22,gauges,27.0,7.1,25.7,13.2,15,35.5,73.3,109.6,1.0,1.0,0.68,1.07,0.08,0.0029,2.1,2,False,0.0,False,False,,
chj-13102,MC CANALS,500.7,False,2026-08-20T11,2026-08-20T19,gauges,30.9,10.0,30.9,21.8,9,7.7,13.4,30.7,1.0,1.0,0.0,0.95,0.14,0.0045,3.9,2,False,0.0,False,False,,
chj-13792,MC CARRAIXET BÉTERA,125.5,False,2024-10-15T03,2024-10-15T18,gauges,22.3,5.2,21.3,11.4,16,2.7,,,1.0,0.0,,,,,,,,,,,,
chj-13792,MC CARRAIXET BÉTERA,125.5,False,2024-10-25T18,2024-10-26T04,gauges,18.8,4.3,18.8,7.6,11,6.0,33.3,30.2,1.0,0.0,,,,,,,,,,,,
chj-13792,MC CARRAIXET BÉTERA,125.5,False,2024-10-27T09,2024-10-30T05,truth,72.2,7.5,33.2,20.6,69,25.4,52.7,48.1,1.0,0.0,,,,,,,,,,,,
chj-13792,MC CARRAIXET BÉTERA,125.5,False,2024-11-13T08,2024-11-14T03,truth,22.9,6.0,19.5,16.4,20,0.7,143.6,106.7,1.0,1.0,0.63,0.07,0.04,0.0019,15.1,14,False,0.0,False,False,,11.5
chj-13792,MC CARRAIXET BÉTERA,125.5,False,2025-03-02T18,2025-03-03T18,truth,58.1,8.2,53.0,34.3,25,6.5,12.6,33.6,1.0,1.0,0.63,0.36,0.07,0.0012,22.3,18,False,0.0,False,False,,38.7
chj-13792,MC CARRAIXET BÉTERA,125.5,False,2025-03-04T16,2025-03-06T14,truth,30.1,2.5,15.2,6.1,47,65.8,71.0,90.1,1.0,0.99,0.98,8.86,1.32,0.0439,16.5,20,False,0.0,False,False,,14.0
chj-13792,MC CARRAIXET BÉTERA,125.5,False,2025-03-13T13,2025-03-14T16,gauges,16.2,3.0,9.4,3.6,28,8.2,113.9,112.8,1.0,1.0,0.0,0.0,0.0,0.0,-14.2,-1,False,0.0,False,False,,
chj-13792,MC CARRAIXET BÉTERA,125.5,False,2025-03-18T07,2025-03-19T05,gauges,17.7,2.4,11.8,3.9,23,21.3,133.5,122.2,1.0,1.0,0.0,0.0,0.0,0.0,-13.3,-21,False,0.0,False,False,,
chj-13792,MC CARRAIXET BÉTERA,125.5,False,2025-05-08T15,2025-05-08T17,gauges,15.9,6.8,15.9,15.9,3,,,,1.0,1.0,0.0,0.0,0.0,0.0,-0.8,0,False,0.0,False,False,,
chj-13792,MC CARRAIXET BÉTERA,125.5,False,2025-07-24T05,2025-07-24T15,gauges,27.8,19.0,27.8,28.0,11,0.0,20.5,40.3,1.0,1.0,0.0,0.0,0.0,0.0,-9.0,-9,False,0.0,False,False,,
chj-13792,MC CARRAIXET BÉTERA,125.5,False,2025-09-28T04,2025-09-30T09,truth,45.5,4.9,27.8,14.1,54,0.2,5.8,26.9,1.0,1.0,0.0,0.0,0.0,0.0,-28.3,-22,False,0.0,False,False,,32.4
chj-13792,MC CARRAIXET BÉTERA,125.5,False,2025-10-10T02,2025-10-12T03,gauges,55.2,7.4,24.2,10.8,50,9.9,55.7,67.6,1.0,1.0,0.0,0.64,0.06,0.001,19.3,17,False,0.0,False,False,,
chj-13792,MC CARRAIXET BÉTERA,125.5,False,2025-12-14T09,2025-12-15T18,truth,23.9,3.4,13.3,6.1,34,1.8,5.0,47.2,1.0,1.0,0.0,0.0,0.0,0.0,-11.7,-17,False,0.0,False,False,,20.3
chj-13792,MC CARRAIXET BÉTERA,125.5,False,2025-12-16T11,2025-12-17T09,gauges,17.9,1.7,11.6,3.2,23,25.9,28.6,68.7,1.0,1.0,0.0,0.0,0.0,0.0,-9.8,-10,False,0.0,False,False,,
chj-13792,MC CARRAIXET BÉTERA,125.5,False,2025-12-28T13,2025-12-29T02,truth,29.9,12.6,29.0,16.1,14,2.8,47.2,71.0,1.0,1.0,0.0,0.0,0.0,0.0,-8.9,-10,False,0.0,False,False,,29.7
chj-13792,MC CARRAIXET BÉTERA,125.5,False,2026-03-05T06,2026-03-07T19,gauges,53.7,5.9,32.4,8.7,62,0.5,9.0,44.7,1.0,1.0,0.0,0.0,0.0,0.0,-18.8,-9,False,0.0,False,False,,
chj-13792,MC CARRAIXET BÉTERA,125.5,False,2026-09-16T18,2026-09-17T01,gauges,27.1,17.0,27.1,32.7,8,0.0,6.1,12.1,1.0,1.0,0.0,0.0,0.0,0.0,-2.0,-1,False,0.0,False,False,,
chj-13420,MC CERVERA DEL MAESTRE,286.2,False,2024-10-15T11,2024-10-15T19,gauges,29.2,15.4,29.2,36.8,9,2.3,,,1.0,1.0,0.0,0.0,0.0,0.0,-3.4,-2,False,0.0,False,False,,
chj-13420,MC CERVERA DEL MAESTRE,286.2,False,2024-10-25T19,2024-10-26T17,gauges,15.1,2.1,14.0,3.9,23,7.5,47.9,47.7,1.0,1.0,0.0,0.0,0.0,0.0,-6.4,-10,False,0.0,False,False,,
chj-13420,MC CERVERA DEL MAESTRE,286.2,False,2024-10-27T07,2024-10-28T19,truth,55.8,6.0,34.8,11.6,37,22.8,63.2,61.2,1.0,1.0,0.0,0.0,0.0,0.0,-15.8,-18,False,0.0,False,False,,
chj-13420,MC CERVERA DEL MAESTRE,286.2,False,2024-10-29T08,2024-10-31T16,truth,242.1,15.2,127.3,55.8,57,71.7,119.2,113.3,1.0,1.0,0.0,87.09,1.35,0.0056,15.8,9,False,0.0,False,False,,101.7
chj-13420,MC CERVERA DEL MAESTRE,286.2,False,2024-11-01T08,2024-11-02T12,truth,52.2,7.2,34.9,10.9,29,297.9,361.5,341.7,1.0,1.0,0.0,0.0,0.0,0.0,-16.7,-22,False,0.0,False,False,,59.3
chj-13420,MC CERVERA DEL MAESTRE,286.2,False,2024-11-03T22,2024-11-04T11,truth,30.1,8.6,25.9,36.1,14,275.1,411.2,375.0,1.0,0.97,0.0,0.0,0.0,0.0,0.3,2,False,0.0,False,False,,51.3
chj-13420,MC CERVERA DEL MAESTRE,286.2,False,2024-11-12T16,2024-11-14T08,truth,88.3,13.1,65.8,45.4,41,0.8,449.5,352.1,1.0,1.0,0.0,0.0,0.0,0.0,3.1,1,False,0.0,False,False,,97.3
chj-13420,MC CERVERA DEL MAESTRE,286.2,False,2025-03-01T19,2025-03-04T23,truth,148.2,16.7,111.4,35.5,77,0.2,3.5,57.2,1.0,1.0,0.0,0.29,0.0,0.0,7.8,3,False,0.0,False,False,,
chj-13420,MC CERVERA DEL MAESTRE,286.2,False,2025-03-05T14,2025-03-09T02,gauges,68.8,9.8,26.7,23.2,85,149.2,150.6,196.3,1.0,1.0,0.0,0.0,0.0,0.0,-48.0,-82,False,0.0,False,False,,
chj-13420,MC CERVERA DEL MAESTRE,286.2,False,2025-05-13T13,2025-05-13T17,gauges,24.5,11.6,24.5,41.9,5,17.8,,,1.0,1.0,0.0,0.0,0.0,0.0,-1.7,-1,False,0.0,False,False,,
chj-13420,MC CERVERA DEL MAESTRE,286.2,False,2025-07-12T02,2025-07-12T17,gauges,20.4,8.9,19.8,26.7,16,8.9,17.6,57.6,1.0,0.97,0.0,0.0,0.0,0.0,-8.2,-9,False,0.0,False,False,,
chj-13420,MC CERVERA DEL MAESTRE,286.2,False,2025-07-23T15,2025-07-23T17,gauges,17.5,12.5,17.5,19.9,3,0.0,37.2,62.1,1.0,1.0,0.0,0.0,0.0,0.0,-0.3,0,False,0.0,False,False,,
chj-13420,MC CERVERA DEL MAESTRE,286.2,False,2025-09-28T16,2025-09-29T21,truth,43.7,7.5,36.9,21.0,30,0.3,33.4,55.8,1.0,0.98,0.0,0.0,0.0,0.0,-15.0,-15,False,0.0,False,False,,43.7
chj-13420,MC CERVERA DEL MAESTRE,286.2,False,2025-10-11T09,2025-10-12T18,gauges,61.1,7.1,32.0,14.9,34,8.3,71.9,85.5,1.0,1.0,0.0,0.0,0.0,0.0,-13.9,-2,False,0.0,False,False,,
chj-13420,MC CERVERA DEL MAESTRE,286.2,False,2025-12-14T15,2025-12-15T14,truth,53.4,7.4,37.9,11.6,24,3.1,6.1,59.5,1.0,1.0,0.0,0.0,0.0,0.0,-9.7,-3,False,0.0,False,False,,44.0
chj-13420,MC CERVERA DEL MAESTRE,286.2,False,2025-12-25T07,2025-12-29T08,truth,149.8,7.6,50.2,17.6,98,1.4,69.2,100.5,1.0,1.0,0.0,0.0,0.0,0.0,-63.5,-71,False,0.0,False,False,,
chj-13420,MC CERVERA DEL MAESTRE,286.2,False,2026-01-16T20,2026-01-17T20,gauges,20.7,3.1,13.3,7.0,25,0.0,156.4,168.0,1.0,1.0,0.0,0.0,0.0,0.0,-9.3,-15,False,0.0,False,False,,
chj-13420,MC CERVERA DEL MAESTRE,286.2,False,2026-03-05T04,2026-03-08T01,gauges,157.1,8.0,51.4,21.5,70,3.0,8.2,88.1,1.0,1.0,0.0,0.0,0.0,0.0,-30.2,-19,False,0.0,False,False,,
chj-13420,MC CERVERA DEL MAESTRE,286.2,False,2026-05-01T03,2026-05-03T11,gauges,22.4,3.8,10.7,5.3,57,0.2,11.4,90.4,1.0,1.0,0.0,0.0,0.0,0.0,-39.7,-55,False,0.0,False,False,,
chj-2701,MC ESTUBENY,245.2,False,2024-10-22T18,2024-10-23T20,gauges,55.5,7.2,45.5,12.1,27,0.2,4.0,6.9,1.0,0.98,0.03,0.18,0.05,0.001,4.6,6,False,0.0,False,False,,
chj-2701,MC ESTUBENY,245.2,False,2024-10-28T18,2024-10-29T13,truth,29.9,6.9,23.0,17.2,20,25.5,82.4,77.6,1.0,1.0,0.1,0.27,0.03,0.0009,7.3,7,False,0.0,False,False,,37.3
chj-2701,MC ESTUBENY,245.2,False,2024-11-03T10,2024-11-04T02,truth,16.5,5.1,15.3,11.1,17,10.0,117.6,101.2,1.0,1.0,0.11,0.02,0.01,0.0003,2.7,3,False,0.0,False,False,,18.0
chj-2701,MC ESTUBENY,245.2,False,2024-11-12T22,2024-11-15T02,truth,19.6,2.4,11.6,11.5,53,0.6,140.7,104.4,1.0,1.0,0.08,0.07,0.05,0.0025,24.5,16,False,0.0,False,False,,
chj-2701,MC ESTUBENY,245.2,False,2025-01-16T18,2025-01-19T12,gauges,45.2,2.6,15.8,6.3,67,0.4,9.6,43.0,1.0,1.0,0.04,0.13,0.06,0.0013,-5.5,2,False,0.0,False,False,,
chj-2701,MC ESTUBENY,245.2,False,2025-03-01T06,2025-03-03T10,truth,79.3,4.5,37.0,10.8,53,1.2,9.9,45.2,1.0,1.0,0.13,0.75,0.16,0.0021,8.5,4,False,0.0,False,False,,
chj-2701,MC ESTUBENY,245.2,False,2025-03-04T02,2025-03-07T04,truth,209.1,13.4,66.7,19.9,75,79.9,87.5,120.1,1.0,1.0,0.25,42.3,11.99,0.0574,29.5,48,False,0.0,False,False,,
chj-2701,MC ESTUBENY,245.2,False,2025-03-18T06,2025-03-19T13,gauges,45.3,21.4,26.2,38.5,32,30.2,328.9,284.2,1.0,1.0,1.04,6.54,1.62,0.0358,-0.5,-9,False,0.0,False,False,,
chj-2701,MC ESTUBENY,245.2,False,2025-09-08T00,2025-09-08T22,truth,15.2,12.1,13.9,32.9,23,0.2,19.6,38.2,1.0,1.0,0.01,0.28,0.03,0.0018,3.1,2,False,0.0,False,False,,
chj-2701,MC ESTUBENY,245.2,False,2025-09-28T20,2025-09-30T23,truth,50.4,5.8,34.9,23.5,52,0.5,22.8,41.6,1.0,1.0,0.1,0.08,0.03,0.0006,-3.2,-2,False,0.0,False,False,,
chj-2701,MC ESTUBENY,245.2,False,2025-10-09T06,2025-10-11T21,gauges,112.5,28.5,55.3,50.2,64,1.7,59.6,77.1,1.0,1.0,0.12,1.89,0.33,0.0029,25.1,29,False,0.0,False,False,,
chj-2701,MC ESTUBENY,245.2,False,2025-12-13T13,2025-12-15T08,truth,44.9,7.5,21.8,17.2,44,1.1,9.1,70.7,1.0,1.0,0.14,0.2,0.06,0.0013,24.2,2,False,0.0,False,False,,23.8
chj-2701,MC ESTUBENY,245.2,False,2025-12-16T08,2025-12-17T16,gauges,37.4,10.5,27.6,17.4,33,46.0,51.6,110.1,1.0,1.0,0.18,1.37,0.11,0.003,10.9,3,False,0.0,False,False,,
chj-2701,MC ESTUBENY,245.2,False,2025-12-25T12,2025-12-26T06,gauges,41.0,6.4,35.7,8.5,19,0.3,84.8,123.5,1.0,1.0,0.16,0.5,0.12,0.0029,7.0,4,False,0.0,False,False,,
chj-2701,MC ESTUBENY,245.2,False,2026-01-03T18,2026-01-05T20,gauges,25.0,2.0,10.5,4.6,51,0.7,133.8,144.7,1.0,1.0,0.25,0.15,0.08,0.0032,20.0,26,False,0.0,False,False,,
chj-2701,MC ESTUBENY,245.2,False,2026-03-02T18,2026-03-05T20,gauges,58.5,9.0,41.7,13.4,75,0.6,6.6,65.4,1.0,1.0,0.12,0.57,0.13,0.0023,14.8,4,False,0.0,False,False,,
chj-2701,MC ESTUBENY,245.2,False,2026-03-06T09,2026-03-07T03,gauges,35.0,5.1,26.6,10.2,19,59.5,62.1,118.3,1.0,1.0,0.28,1.76,0.18,0.0052,0.3,-7,False,0.0,False,False,,
chj-2701,MC ESTUBENY,245.2,False,2026-03-10T09,2026-03-11T10,gauges,21.6,4.4,15.1,7.6,26,77.4,97.1,143.7,1.0,1.0,0.44,0.11,0.01,0.0006,-2.8,3,False,0.0,False,False,,
chj-2701,MC ESTUBENY,245.2,False,2026-04-12T07,2026-04-13T03,gauges,25.6,5.6,24.1,14.7,21,0.4,8.8,90.9,1.0,1.0,0.27,0.23,0.03,0.0012,5.0,6,False,0.0,False,False,,
chj-2701,MC ESTUBENY,245.2,False,2026-05-09T08,2026-05-09T22,gauges,33.3,8.5,30.5,18.3,15,11.5,57.3,95.2,1.0,1.0,0.19,0.61,0.05,0.0015,2.6,2,False,0.0,False,False,,
chj-2701,MC ESTUBENY,245.2,False,2026-08-20T11,2026-08-20T19,gauges,28.9,17.5,28.9,24.8,9,8.0,12.4,29.4,1.0,1.0,0.07,0.04,0.0,0.0,1.9,1,False,0.0,False,False,,
chj-13566,MC GALLINERA L'ATZÚBIA,31.3,False,2024-10-22T03,2024-10-23T18,gauges,79.2,12.4,47.5,18.9,40,0.1,2.9,7.5,1.0,0.0,,,,,,,,,,,,
chj-13566,MC GALLINERA L'ATZÚBIA,31.3,False,2024-10-28T20,2024-10-29T14,truth,47.6,16.4,42.3,20.9,19,20.8,102.9,97.0,1.0,0.0,,,,,,,,,,,,26.5
chj-13566,MC GALLINERA L'ATZÚBIA,31.3,False,2024-11-03T07,2024-11-04T01,truth,35.5,16.1,34.8,47.3,19,28.2,158.4,137.6,1.0,0.0,,,,,,,,,,,,41.9
chj-13566,MC GALLINERA L'ATZÚBIA,31.3,False,2024-11-07T01,2024-11-07T14,truth,46.0,18.0,45.6,35.1,14,36.7,194.2,161.7,1.0,0.55,,,,,,,,,,,,47.4
chj-13566,MC GALLINERA L'ATZÚBIA,31.3,False,2024-11-12T22,2024-11-13T13,truth,72.1,15.0,70.0,24.3,16,0.3,240.4,185.0,1.0,1.0,0.0,0.0,0.0,0.0,-5.9,-3,False,0.0,False,False,,72.0
chj-13566,MC GALLINERA L'ATZÚBIA,31.3,False,2024-11-14T04,2024-11-15T00,truth,16.2,6.3,13.9,8.7,21,72.6,310.9,251.3,1.0,1.0,0.0,0.0,0.0,0.0,-9.6,-15,False,0.0,False,False,,
chj-13566,MC GALLINERA L'ATZÚBIA,31.3,False,2024-12-11T13,2024-12-12T08,truth,32.8,10.0,32.1,12.1,20,0.2,97.8,160.5,1.0,1.0,0.0,0.0,0.0,0.0,-5.1,-4,False,0.0,False,False,,
chj-13566,MC GALLINERA L'ATZÚBIA,31.3,False,2024-12-31T01,2025-01-01T18,gauges,17.1,3.9,11.3,5.4,42,1.8,37.6,132.2,1.0,1.0,0.0,0.0,0.0,0.0,-14.7,-6,False,0.0,False,False,,
chj-13566,MC GALLINERA L'ATZÚBIA,31.3,False,2025-01-16T12,2025-01-17T20,gauges,81.9,5.1,40.3,11.3,33,0.0,19.8,108.0,1.0,1.0,0.0,0.0,0.0,0.0,-17.3,-15,False,0.0,False,False,,
chj-13566,MC GALLINERA L'ATZÚBIA,31.3,False,2025-02-22T16,2025-02-23T13,gauges,26.6,9.2,19.2,10.7,22,0.3,17.7,102.5,1.0,1.0,0.0,0.0,0.0,0.0,-9.4,-7,False,0.0,False,False,,
chj-13566,MC GALLINERA L'ATZÚBIA,31.3,False,2025-03-01T04,2025-03-03T10,truth,185.8,11.7,114.6,15.2,55,1.0,45.6,114.6,1.0,1.0,0.0,3.01,3.92,0.0211,7.4,9,False,0.0,False,False,,
chj-13566,MC GALLINERA L'ATZÚBIA,31.3,False,2025-03-04T07,2025-03-07T18,truth,213.1,16.6,59.4,29.7,84,187.2,217.3,288.4,1.0,1.0,0.18,3.38,9.66,0.0453,-1.7,20,False,0.0,False,False,,
chj-13566,MC GALLINERA L'ATZÚBIA,31.3,False,2025-03-14T08,2025-03-15T01,gauges,18.1,3.1,16.2,3.3,18,1.6,432.6,416.9,1.0,1.0,0.0,0.0,0.0,0.0,-8.1,-8,False,0.0,False,False,,
chj-13566,MC GALLINERA L'ATZÚBIA,31.3,False,2025-03-17T05,2025-03-19T04,gauges,70.1,7.8,53.0,9.0,48,20.1,450.1,411.8,1.0,1.0,0.0,0.29,0.36,0.0051,12.7,3,False,0.0,False,False,,
chj-13566,MC GALLINERA L'ATZÚBIA,31.3,False,2025-07-12T13,2025-07-12T19,gauges,20.2,12.8,20.2,20.8,7,0.0,1.2,59.0,1.0,1.0,0.0,0.0,0.0,0.0,-4.2,-5,False,0.0,False,False,,
chj-13566,MC GALLINERA L'ATZÚBIA,31.3,False,2025-07-24T09,2025-07-25T05,gauges,52.9,7.4,43.5,11.7,21,0.0,20.3,62.5,1.0,1.0,0.0,0.0,0.0,0.0,-8.3,-6,False,0.0,False,False,,
chj-13566,MC GALLINERA L'ATZÚBIA,31.3,False,2025-10-09T04,2025-10-12T11,gauges,109.9,12.9,59.3,24.8,80,4.5,25.6,51.5,1.0,1.0,0.0,0.17,0.02,0.0002,0.4,1,False,0.0,False,False,,
chj-13566,MC GALLINERA L'ATZÚBIA,31.3,False,2025-12-13T17,2025-12-15T07,truth,33.3,7.6,18.3,23.7,39,0.3,8.5,54.8,1.0,1.0,0.0,0.0,0.0,0.0,-17.9,-37,False,0.0,False,False,,32.2
chj-13566,MC GALLINERA L'ATZÚBIA,31.3,False,2025-12-25T13,2025-12-26T11,gauges,145.3,18.0,120.7,20.0,23,1.3,50.5,83.2,1.0,1.0,0.0,0.61,0.39,0.0027,6.1,7,False,0.0,False,False,,
chj-13566,MC GALLINERA L'ATZÚBIA,31.3,False,2025-12-28T09,2025-12-28T21,truth,25.6,8.7,25.4,11.3,13,148.2,197.6,218.6,1.0,1.0,0.0,0.0,0.0,0.0,-4.7,-1,False,0.0,False,False,,20.1
chj-13566,MC GALLINERA L'ATZÚBIA,31.3,False,2026-01-03T18,2026-01-05T20,gauges,128.4,18.3,71.7,30.2,51,1.2,223.4,216.2,1.0,1.0,0.0,0.8,2.18,0.017,-4.1,8,False,0.0,False,False,,
chj-13566,MC GALLINERA L'ATZÚBIA,31.3,False,2026-01-18T22,2026-01-21T07,gauges,30.4,3.6,18.1,3.7,58,4.5,308.9,259.8,1.0,1.0,0.0,0.0,0.0,0.0,-37.6,-47,False,0.0,False,False,,
chj-13566,MC GALLINERA L'ATZÚBIA,31.3,False,2026-03-03T05,2026-03-05T13,gauges,71.6,16.7,56.7,19.9,57,0.7,4.9,127.3,1.0,1.0,0.0,0.0,0.0,0.0,-45.5,-54,False,0.0,False,False,,
chj-13566,MC GALLINERA L'ATZÚBIA,31.3,False,2026-03-06T07,2026-03-07T21,gauges,31.0,8.9,20.9,15.3,39,72.6,75.3,189.9,1.0,1.0,0.0,0.0,0.0,0.0,-24.8,-33,False,0.0,False,False,,
chj-13566,MC GALLINERA L'ATZÚBIA,31.3,False,2026-03-10T08,2026-03-11T14,gauges,78.4,10.3,55.7,13.5,31,70.8,107.4,205.6,1.0,1.0,0.0,0.44,0.63,0.0081,9.5,4,False,0.0,False,False,,
chj-13566,MC GALLINERA L'ATZÚBIA,31.3,False,2026-04-12T03,2026-04-13T04,gauges,26.9,6.3,23.6,7.0,26,0.3,8.0,153.1,1.0,1.0,0.0,0.0,0.0,0.0,-19.0,-19,False,0.0,False,False,,
chj-13566,MC GALLINERA L'ATZÚBIA,31.3,False,2026-05-07T15,2026-05-07T21,gauges,21.9,17.9,21.9,31.2,7,10.3,42.9,122.0,1.0,1.0,0.0,0.0,0.0,0.0,-4.0,-4,False,0.0,False,False,,
chj-13566,MC GALLINERA L'ATZÚBIA,31.3,False,2026-05-09T07,2026-05-09T14,gauges,28.2,6.9,28.2,7.9,8,32.0,65.0,139.4,1.0,1.0,0.0,0.0,0.0,0.0,-3.3,-1,False,0.0,False,False,,
chj-13566,MC GALLINERA L'ATZÚBIA,31.3,False,2026-06-05T03,2026-06-05T14,gauges,17.6,3.9,17.6,7.6,12,0.2,53.8,99.8,1.0,1.0,0.0,0.0,0.0,0.0,-3.6,-3,False,0.0,False,False,,
chj-13566,MC GALLINERA L'ATZÚBIA,31.3,False,2026-09-09T14,2026-09-10T12,gauges,20.3,4.2,15.1,6.9,23,0.0,26.8,35.5,1.0,1.0,0.0,0.0,0.0,0.0,-14.4,-18,False,0.0,False,False,,
chj-13566,MC GALLINERA L'ATZÚBIA,31.3,False,2026-10-01T19,2026-10-01T21,gauges,22.2,13.7,22.2,20.1,3,0.0,27.1,41.0,1.0,0.75,,,,,,,,,,,,
chj-14551,MC GUADASSUAR,508.4,True,2024-10-22T18,2024-10-24T03,gauges,21.7,3.8,11.1,11.1,34,0.0,6.2,8.2,1.0,0.0,,,,,,,,,,,,
chj-14551,MC GUADASSUAR,508.4,True,2024-10-25T17,2024-10-26T03,gauges,27.1,8.3,27.1,30.6,11,22.2,28.4,28.9,1.0,0.0,,,,,,,,,,,,
chj-14551,MC GUADASSUAR,508.4,True,2024-10-28T17,2024-10-30T00,truth,387.2,45.0,267.8,118.4,32,35.0,59.8,57.1,1.0,0.0,,,,,,,,,,,,208.1
chj-14551,MC GUADASSUAR,508.4,True,2024-11-03T12,2024-11-04T02,truth,21.1,4.2,19.9,27.8,15,209.4,453.1,407.3,1.0,0.0,,,,,,,,,,,,23.8
chj-14551,MC GUADASSUAR,508.4,True,2024-11-13T08,2024-11-14T06,truth,21.7,6.3,19.9,35.3,23,0.7,475.0,353.0,1.0,0.0,,,,,,,,,,,,7.8
chj-14551,MC GUADASSUAR,508.4,True,2025-01-16T17,2025-01-17T15,gauges,19.2,1.9,13.5,6.0,23,0.2,11.8,112.0,1.0,0.0,,,,,,,,,,,,
chj-14551,MC GUADASSUAR,508.4,True,2025-03-01T09,2025-03-06T23,truth,170.1,6.9,45.3,18.8,135,0.3,6.4,59.8,1.0,0.91,0.0,53.78,16.58,0.0974,47.4,34,False,0.0,False,False,,
chj-14551,MC GUADASSUAR,508.4,True,2025-03-16T11,2025-03-19T07,gauges,31.4,2.4,12.9,6.4,69,19.2,194.0,199.1,1.0,1.0,3.19,31.56,5.24,0.1668,22.0,5,False,0.0,False,False,,
chj-14551,MC GUADASSUAR,508.4,True,2025-09-28T04,2025-09-30T14,truth,60.8,10.1,27.5,32.3,59,0.1,2.5,12.8,1.0,1.0,0.51,3.6,0.84,0.0138,7.2,20,False,-0.0,False,False,,52.9
chj-14551,MC GUADASSUAR,508.4,True,2025-10-09T00,2025-10-12T02,gauges,89.6,6.2,39.0,16.3,75,1.7,63.8,62.4,1.0,1.0,0.0,29.23,4.25,0.0474,19.8,7,False,0.0,False,False,,
chj-14551,MC GUADASSUAR,508.4,True,2025-12-13T17,2025-12-17T20,truth,42.5,3.5,14.3,8.2,100,1.3,8.1,58.2,1.0,1.0,0.41,2.7,0.49,0.0115,38.9,23,False,0.72,False,False,,
chj-14551,MC GUADASSUAR,508.4,True,2025-12-27T06,2025-12-28T23,truth,105.4,11.7,83.2,38.9,42,12.0,57.0,90.8,1.0,1.0,0.5,44.73,5.82,0.0552,7.4,-2,False,0.05,False,False,,67.3
chj-14551,MC GUADASSUAR,508.4,True,2026-03-04T23,2026-03-07T16,gauges,59.4,5.9,24.9,10.0,66,2.6,12.8,78.1,1.0,1.0,0.3,3.49,0.75,0.0127,11.1,29,False,0.0,False,False,,
chj-14551,MC GUADASSUAR,508.4,True,2026-03-10T04,2026-03-10T21,gauges,17.0,4.8,15.6,10.5,18,59.9,67.2,126.8,1.0,1.0,0.47,2.32,0.25,0.0149,28.8,29,False,0.05,False,False,,
chj-14551,MC GUADASSUAR,508.4,True,2026-04-12T04,2026-04-13T03,gauges,24.7,4.9,22.1,8.6,24,0.1,5.3,77.4,1.0,1.0,0.4,1.32,0.14,0.0055,7.3,6,False,0.0,False,False,,
chj-14551,MC GUADASSUAR,508.4,True,2026-09-16T18,2026-09-17T00,gauges,37.6,14.8,37.6,36.6,7,0.0,20.0,30.8,1.0,1.0,0.07,16.23,0.89,0.0237,10.9,12,False,0.0,False,False,,
chj-14551,MC GUADASSUAR,508.4,True,2026-10-01T15,2026-10-01T21,gauges,20.6,5.7,20.6,32.8,7,4.6,52.4,55.5,1.0,0.88,0.12,0.25,0.0,0.0001,2.8,4,False,0.0,False,False,,
chj-2443,MC MANUEL,697.3,True,2024-10-22T14,2024-10-23T20,gauges,48.2,5.8,40.3,29.6,31,0.7,3.6,8.5,1.0,1.0,0.35,6.91,0.54,0.0111,9.1,11,False,0.05,False,False,,
chj-2443,MC MANUEL,697.3,True,2024-10-28T20,2024-10-29T22,truth,33.8,8.1,28.8,46.9,27,22.2,73.7,71.5,1.0,0.97,0.39,73.91,2.31,0.0684,4.8,7,False,70.85,False,False,,33.8
chj-2443,MC MANUEL,697.3,True,2025-01-16T15,2025-01-17T22,gauges,58.3,3.8,30.9,10.1,32,0.2,9.6,41.9,1.0,1.0,0.8,20.28,2.05,0.0352,9.6,3,False,0.01,False,False,,
chj-2443,MC MANUEL,697.3,True,2025-03-01T03,2025-03-03T10,truth,43.8,2.3,18.7,10.8,56,0.6,11.7,52.5,1.0,1.0,0.76,9.18,1.04,0.0237,10.1,14,False,0.11,False,False,,
chj-2443,MC MANUEL,697.3,True,2025-03-04T14,2025-03-07T08,truth,100.0,6.2,35.3,19.9,67,44.7,52.5,91.8,1.0,1.0,1.76,12.99,2.83,0.0283,12.0,13,False,0.2,False,False,,
chj-2443,MC MANUEL,697.3,True,2025-03-18T06,2025-03-19T13,gauges,30.6,3.6,23.0,33.6,32,29.0,184.1,178.4,1.0,1.0,2.66,13.42,0.8,0.0261,5.2,4,False,0.0,False,False,,
chj-2443,MC MANUEL,697.3,True,2025-09-28T20,2025-09-30T14,truth,34.8,5.8,26.4,31.8,43,0.1,20.4,37.0,1.0,1.0,0.35,13.01,0.84,0.0243,1.0,0,False,0.06,False,False,,29.1
chj-2443,MC MANUEL,697.3,True,2025-10-09T08,2025-10-12T11,gauges,98.4,6.6,48.6,44.3,76,2.2,50.5,61.3,1.0,1.0,0.45,41.1,3.27,0.0332,-2.2,0,False,4.53,False,False,,
chj-2443,MC MANUEL,697.3,True,2025-12-13T13,2025-12-15T07,truth,27.4,6.1,15.3,13.1,43,0.8,7.7,56.7,1.0,1.0,0.8,1.03,0.09,0.0032,18.5,6,False,0.06,False,False,,26.4
chj-2443,MC MANUEL,697.3,True,2025-12-16T07,2025-12-17T14,gauges,22.9,2.8,12.6,14.1,32,28.3,32.5,80.4,1.0,1.0,1.12,1.94,0.12,0.0051,16.4,30,False,20.06,False,False,,
chj-2443,MC MANUEL,697.3,True,2025-12-25T11,2025-12-26T07,gauges,48.6,5.8,40.9,10.5,21,0.5,54.1,87.5,1.0,1.0,1.55,20.46,1.61,0.0331,5.8,6,False,0.03,False,False,,
chj-2443,MC MANUEL,697.3,True,2025-12-28T11,2025-12-28T21,truth,21.6,3.6,21.6,51.9,11,50.1,103.7,129.5,1.0,1.0,2.6,127.49,4.36,0.2019,4.1,5,False,0.03,False,False,,11.9
chj-2443,MC MANUEL,697.3,True,2026-01-03T18,2026-01-05T21,gauges,32.4,1.5,13.9,6.5,52,0.9,125.1,134.2,1.0,1.0,2.23,4.55,0.96,0.0297,-9.8,-1,False,0.04,False,False,,
chj-2443,MC MANUEL,697.3,True,2026-03-02T17,2026-03-07T19,gauges,79.4,7.5,37.1,20.5,123,0.5,9.3,67.7,1.0,1.0,1.92,19.15,2.08,0.0262,0.7,2,False,0.73,False,False,,
chj-2443,MC MANUEL,697.3,True,2026-03-10T08,2026-03-11T10,gauges,28.1,2.6,15.2,6.4,27,60.9,83.8,132.6,1.0,1.0,4.15,3.5,0.35,0.0123,-2.5,7,False,46.79,False,False,,
chj-2443,MC MANUEL,697.3,True,2026-04-12T05,2026-04-13T03,gauges,23.1,4.4,20.9,12.5,23,0.1,8.2,88.2,1.0,1.0,3.58,4.17,0.21,0.0092,5.1,6,False,0.08,False,False,,
chj-2443,MC MANUEL,697.3,True,2026-05-03T18,2026-05-04T15,gauges,15.4,5.9,14.3,16.8,22,10.1,35.5,83.7,1.0,1.0,2.61,0.46,0.04,0.0023,3.6,4,False,42.38,False,False,,
chj-2443,MC MANUEL,697.3,True,2026-05-07T14,2026-05-07T20,gauges,15.4,4.7,15.4,13.7,7,18.1,52.9,93.8,1.0,1.0,3.61,1.05,0.1,0.0063,8.5,9,False,0.04,False,False,,
chj-2443,MC MANUEL,697.3,True,2026-05-09T08,2026-05-09T21,gauges,28.0,7.0,27.1,18.3,14,32.0,68.6,105.8,1.0,1.0,4.04,11.87,0.39,0.014,4.2,3,False,0.99,False,False,,
chj-2443,MC MANUEL,697.3,True,2026-08-20T11,2026-08-20T19,gauges,33.6,12.3,33.6,21.8,9,8.2,13.6,30.3,1.0,1.0,2.13,15.63,0.44,0.0132,4.6,3,False,0.03,False,False,,
chj-13722,MC MOIXENT,227.1,False,2024-09-18T08,2024-09-18T17,gauges,15.2,5.2,15.2,12.5,10,,,,1.0,0.0,,,,,,,,,,,,
chj-13722,MC MOIXENT,227.1,False,2024-10-22T19,2024-10-23T19,gauges,22.9,5.6,21.4,11.4,25,0.7,4.4,13.0,1.0,0.0,,,,,,,,,,,,
chj-13722,MC MOIXENT,227.1,False,2024-10-25T10,2024-10-26T03,gauges,15.3,7.7,14.6,11.2,18,23.8,27.4,34.3,1.0,0.0,,,,,,,,,,,,
chj-13722,MC MOIXENT,227.1,False,2025-01-16T16,2025-01-17T22,gauges,46.6,3.1,25.8,5.2,31,0.1,5.3,23.9,1.0,0.0,,,,,,,,,,,,
chj-13722,MC MOIXENT,227.1,False,2025-03-01T03,2025-03-03T09,truth,24.6,1.8,9.3,4.6,55,0.4,5.3,34.3,1.0,0.0,,,,,,,,,,,,
chj-13722,MC MOIXENT,227.1,False,2025-03-04T16,2025-03-07T17,truth,70.0,6.4,36.8,15.5,74,25.3,27.6,56.0,1.0,0.0,,,,,,,,,,,,
chj-13722,MC MOIXENT,227.1,False,2025-03-16T13,2025-03-17T16,gauges,17.1,3.5,15.3,3.9,28,16.8,118.2,120.2,1.0,0.0,,,,,,,,,,,,
chj-13722,MC MOIXENT,227.1,False,2025-03-18T06,2025-03-19T13,gauges,32.0,5.3,26.4,9.0,32,34.5,136.3,134.0,1.0,0.0,,,,,,,,,,,,
chj-13722,MC MOIXENT,227.1,False,2025-04-03T16,2025-04-04T23,gauges,17.3,5.4,12.8,10.8,32,0.0,144.1,121.6,1.0,0.0,,,,,,,,,,,,
chj-13722,MC MOIXENT,227.1,False,2025-06-17T16,2025-06-17T20,gauges,20.3,11.0,20.3,16.8,5,0.1,12.3,54.2,1.0,0.19,,,,,,,,,,,,
chj-13722,MC MOIXENT,227.1,False,2025-07-24T17,2025-07-25T07,gauges,15.2,3.7,14.7,6.0,15,0.3,7.0,41.2,1.0,1.0,0.0,0.0,0.0,0.0,-5.8,-6,False,0.0,True,False,,
chj-13722,MC MOIXENT,227.1,False,2025-10-09T09,2025-10-12T11,gauges,79.7,5.9,37.1,13.3,75,1.9,31.9,42.1,1.0,1.0,1.19,4.14,3.05,0.0383,42.3,37,False,0.0,False,False,,
chj-13722,MC MOIXENT,227.1,False,2025-12-15T04,2025-12-15T07,truth,19.4,8.1,19.4,11.0,4,9.6,15.3,51.4,1.0,1.0,0.0,2.53,0.72,0.0374,3.1,3,False,0.0,False,False,,17.9
chj-13722,MC MOIXENT,227.1,False,2025-12-16T07,2025-12-17T14,gauges,23.2,3.9,10.9,6.4,32,29.1,30.7,69.4,1.0,1.0,1.33,1.06,0.38,0.0164,16.3,27,False,0.0,False,False,,
chj-13722,MC MOIXENT,227.1,False,2025-12-25T12,2025-12-26T05,gauges,34.6,4.8,30.8,8.0,18,0.6,53.8,78.0,1.0,1.0,0.3,2.66,1.2,0.0347,7.9,8,False,0.0,False,False,,
chj-13722,MC MOIXENT,227.1,False,2026-01-03T18,2026-01-05T21,gauges,28.7,1.6,11.6,4.4,52,0.5,94.5,99.5,1.0,1.0,1.74,0.79,0.43,0.0149,-11.2,-26,False,0.0,False,False,,
chj-13722,MC MOIXENT,227.1,False,2026-03-03T06,2026-03-07T02,gauges,65.6,7.8,28.8,12.4,93,1.4,14.5,57.5,1.0,1.0,0.04,0.86,0.24,0.0037,28.0,31,False,0.0,False,False,,
chj-13722,MC MOIXENT,227.1,False,2026-03-10T08,2026-03-11T07,gauges,28.4,3.3,15.5,5.6,24,54.4,73.4,113.8,1.0,1.0,0.11,0.38,0.16,0.0057,0.8,10,False,0.0,False,False,,
chj-13722,MC MOIXENT,227.1,False,2026-04-12T05,2026-04-13T03,gauges,20.8,5.1,18.5,7.1,23,0.1,8.5,78.8,1.0,1.0,0.15,0.16,0.04,0.0017,8.1,5,False,0.0,False,False,,
chj-13722,MC MOIXENT,227.1,False,2026-05-03T17,2026-05-04T15,gauges,19.9,7.9,18.2,16.8,23,12.7,35.5,78.5,1.0,1.0,0.14,0.75,0.06,0.0028,7.0,7,False,0.0,False,False,,
chj-13722,MC MOIXENT,227.1,False,2026-05-07T14,2026-05-07T18,gauges,18.1,5.5,18.1,12.5,5,24.2,59.1,94.9,1.0,1.0,0.1,0.39,0.04,0.0021,4.3,4,False,0.0,False,False,,
chj-13722,MC MOIXENT,227.1,False,2026-05-09T08,2026-05-09T20,gauges,23.3,6.3,22.6,8.8,13,40.4,77.6,109.5,1.0,1.0,0.11,0.88,0.11,0.0047,3.4,3,False,0.0,False,False,,
chj-13722,MC MOIXENT,227.1,False,2026-08-20T11,2026-08-20T18,gauges,31.2,10.4,31.2,12.7,8,6.6,14.9,31.1,1.0,1.0,0.0,0.32,0.02,0.0006,6.3,7,False,0.0,False,False,,
chj-13896,MC RAMBLA CASTELLANA,383.1,False,2024-10-15T05,2024-10-15T18,gauges,17.1,3.1,16.8,10.8,14,14.2,,,1.0,0.0,,,,,,,,,,,,
chj-13896,MC RAMBLA CASTELLANA,383.1,False,2024-10-25T05,2024-10-26T03,gauges,22.9,5.7,22.7,9.9,23,2.7,41.7,36.6,1.0,0.0,,,,,,,,,,,,
chj-13896,MC RAMBLA CASTELLANA,383.1,False,2024-10-27T17,2024-10-30T03,truth,128.5,14.8,63.0,78.7,59,26.9,65.8,58.1,1.0,0.0,,,,,,,,,,,,
chj-13896,MC RAMBLA CASTELLANA,383.1,False,2024-11-03T19,2024-11-04T22,truth,23.2,8.6,21.2,13.6,28,44.2,194.7,167.6,1.0,0.0,,,,,,,,,,,,7.0
chj-13896,MC RAMBLA CASTELLANA,383.1,False,2025-03-01T21,2025-03-03T18,truth,81.4,11.5,69.0,29.3,46,2.5,6.6,30.4,1.0,1.0,0.0,47.18,2.01,0.0247,7.7,3,False,0.0,False,False,,
chj-13896,MC RAMBLA CASTELLANA,383.1,False,2025-03-07T13,2025-03-09T00,gauges,18.3,4.8,13.7,8.8,36,92.0,102.6,117.0,1.0,1.0,0.0,0.0,0.0,0.0,-26.0,-32,False,0.0,False,False,,
chj-13896,MC RAMBLA CASTELLANA,383.1,False,2025-03-13T13,2025-03-14T19,gauges,17.6,2.2,12.0,3.6,31,20.4,127.1,126.8,1.0,1.0,0.0,0.0,0.0,0.0,-16.4,-25,False,0.0,False,False,,
chj-13896,MC RAMBLA CASTELLANA,383.1,False,2025-03-18T05,2025-03-19T11,gauges,27.7,2.8,18.7,4.1,31,23.3,149.1,137.2,1.0,0.8,0.0,0.0,0.0,0.0,-10.3,-4,False,0.0,False,False,,
chj-13896,MC RAMBLA CASTELLANA,383.1,False,2025-05-08T14,2025-05-08T21,gauges,19.3,7.9,19.3,16.5,8,,,,1.0,1.0,0.0,10.27,0.37,0.0192,9.7,10,False,0.0,False,False,,
chj-13896,MC RAMBLA CASTELLANA,383.1,False,2025-05-10T16,2025-05-10T20,gauges,37.0,23.9,37.0,36.1,5,,,,1.0,0.97,0.0,20.82,0.43,0.0116,4.6,5,False,0.0,False,False,,
chj-13896,MC RAMBLA CASTELLANA,383.1,False,2025-07-12T08,2025-07-12T18,gauges,21.9,13.7,21.9,34.5,11,3.1,18.5,59.6,1.0,1.0,0.0,0.0,0.0,0.0,-3.4,-1,False,0.0,False,False,,
chj-13896,MC RAMBLA CASTELLANA,383.1,False,2025-09-28T20,2025-09-30T08,truth,56.7,6.5,43.6,13.4,37,1.2,8.6,29.6,1.0,1.0,0.0,0.0,0.0,0.0,-10.5,-9,False,0.0,False,False,,45.0
chj-13896,MC RAMBLA CASTELLANA,383.1,False,2025-10-10T03,2025-10-12T03,gauges,31.8,4.4,14.2,9.1,49,8.2,66.6,77.4,1.0,1.0,0.0,0.0,0.0,0.0,-22.4,-27,False,0.0,False,False,,
chj-13896,MC RAMBLA CASTELLANA,383.1,False,2025-12-14T10,2025-12-17T04,truth,33.3,2.5,12.8,4.6,67,1.6,9.8,53.9,1.0,1.0,0.0,0.0,0.0,0.0,-38.4,-59,False,0.0,False,False,,
chj-13896,MC RAMBLA CASTELLANA,383.1,False,2025-12-28T13,2025-12-29T01,truth,24.3,10.4,23.8,14.9,13,6.2,42.4,73.3,1.0,1.0,0.0,0.0,0.0,0.0,-8.9,-10,False,0.0,False,False,,19.2
chj-13896,MC RAMBLA CASTELLANA,383.1,False,2026-03-05T07,2026-03-07T19,gauges,49.9,4.5,25.6,7.7,61,0.8,19.7,55.7,1.0,1.0,0.0,0.0,0.0,0.0,-21.8,-8,False,0.0,False,False,,
chj-13896,MC RAMBLA CASTELLANA,383.1,False,2026-04-12T04,2026-04-13T02,gauges,19.1,2.5,14.0,8.0,23,0.1,0.7,56.7,1.0,1.0,0.0,0.0,0.0,0.0,-13.9,-17,False,0.0,False,False,,
chj-13896,MC RAMBLA CASTELLANA,383.1,False,2026-08-15T14,2026-08-15T18,gauges,17.0,11.8,17.0,26.5,5,1.1,7.6,20.1,1.0,1.0,0.0,0.0,0.0,0.0,-1.4,-1,False,0.0,False,False,,
chj-13896,MC RAMBLA CASTELLANA,383.1,False,2026-09-16T18,2026-09-17T00,gauges,20.8,9.4,20.8,50.9,7,0.0,8.5,26.6,1.0,1.0,0.0,14.62,0.21,0.0099,-1.0,0,False,0.0,False,False,,
chj-13873,MC RAMBLA POYO N-III,183.8,False,2024-10-25T17,2024-10-26T03,gauges,36.2,14.2,36.2,30.6,11,7.9,24.0,22.1,1.0,0.0,,,,,,,,,,,,
chj-13873,MC RAMBLA POYO N-III,183.8,False,2024-10-28T19,2024-10-30T04,truth,431.4,60.3,279.8,118.4,34,45.7,68.1,62.8,1.0,0.0,,,,,,,,,,,,187.6
chj-13873,MC RAMBLA POYO N-III,183.8,False,2024-11-03T18,2024-11-04T02,truth,16.4,4.6,16.4,15.7,9,235.2,503.2,449.2,1.0,0.0,,,,,,,,,,,,14.1
chj-13873,MC RAMBLA POYO N-III,183.8,False,2024-11-13T09,2024-11-14T06,truth,36.9,10.4,34.6,48.5,22,0.6,517.3,385.0,1.0,0.0,,,,,,,,,,,,16.2
chj-13873,MC RAMBLA POYO N-III,183.8,False,2025-03-01T21,2025-03-06T17,truth,149.8,10.3,65.9,21.3,117,0.4,4.0,56.2,1.0,1.0,0.0,0.46,0.08,0.0005,47.3,69,False,0.0,False,False,,
chj-13873,MC RAMBLA POYO N-III,183.8,False,2025-03-15T14,2025-03-17T12,gauges,15.3,5.8,10.7,11.2,47,17.7,173.7,183.1,1.0,1.0,0.0,0.0,0.0,0.0,-11.2,-1,False,0.0,False,False,,
chj-13873,MC RAMBLA POYO N-III,183.8,False,2025-03-18T07,2025-03-19T08,gauges,30.2,5.4,17.4,9.7,26,27.3,189.4,188.4,1.0,1.0,0.0,0.63,0.03,0.0011,9.5,2,False,0.0,False,False,,
chj-13873,MC RAMBLA POYO N-III,183.8,False,2025-05-08T15,2025-05-08T22,gauges,16.1,9.6,16.1,13.1,8,,,,1.0,1.0,0.0,0.0,0.0,0.0,-2.0,-1,False,0.0,False,False,,
chj-13873,MC RAMBLA POYO N-III,183.8,False,2025-09-28T20,2025-09-30T09,truth,72.4,14.2,40.2,34.1,38,0.7,3.8,16.2,1.0,1.0,0.0,0.8,0.27,0.0038,12.5,23,False,0.0,False,False,,66.0
chj-13873,MC RAMBLA POYO N-III,183.8,False,2025-10-09T00,2025-10-12T03,gauges,82.1,6.5,30.3,15.0,76,1.1,76.3,74.3,1.0,1.0,0.0,0.8,0.39,0.0048,17.3,8,False,0.0,False,False,,
chj-13873,MC RAMBLA POYO N-III,183.8,False,2025-12-16T10,2025-12-17T20,gauges,33.4,6.4,20.5,8.8,35,14.7,26.2,74.9,1.0,1.0,0.05,0.78,0.16,0.0048,22.0,23,False,0.0,False,False,,
chj-13873,MC RAMBLA POYO N-III,183.8,False,2025-12-28T06,2025-12-29T00,truth,70.5,8.3,63.4,32.4,19,15.1,63.7,100.5,1.0,1.0,0.0,1.69,0.4,0.0056,-0.2,4,False,0.0,False,False,,60.3
chj-13873,MC RAMBLA POYO N-III,183.8,False,2026-03-04T23,2026-03-07T06,gauges,56.4,6.3,31.4,8.2,56,1.2,11.9,69.3,1.0,1.0,0.0,0.28,0.1,0.0017,13.3,26,False,0.0,False,False,,
chj-13873,MC RAMBLA POYO N-III,183.8,False,2026-03-09T22,2026-03-10T18,gauges,18.4,4.2,15.5,6.2,21,58.4,63.4,116.9,1.0,0.98,0.0,0.03,0.0,0.0001,4.9,2,False,0.0,False,False,,
chj-13873,MC RAMBLA POYO N-III,183.8,False,2026-04-12T04,2026-04-13T03,gauges,19.9,4.3,17.7,6.1,24,0.1,2.9,71.3,1.0,1.0,0.0,0.06,0.0,0.0001,16.2,15,False,0.0,False,False,,
chj-13873,MC RAMBLA POYO N-III,183.8,False,2026-09-16T18,2026-09-17T01,gauges,27.3,13.9,27.3,64.3,8,0.1,17.0,27.7,1.0,1.0,0.0,0.63,0.04,0.0016,-0.1,1,False,0.0,False,False,,
chj-13897,MC RAMBLA PRIMERA,157.0,False,2024-10-15T03,2024-10-15T17,gauges,23.1,4.8,22.2,12.3,15,5.0,,,1.0,0.0,,,,,,,,,,,,
chj-13897,MC RAMBLA PRIMERA,157.0,False,2024-10-25T17,2024-10-26T04,gauges,20.3,4.8,20.3,7.9,12,5.4,36.9,33.4,1.0,0.0,,,,,,,,,,,,
chj-13897,MC RAMBLA PRIMERA,157.0,False,2024-10-27T09,2024-10-30T04,truth,76.4,10.3,34.3,16.7,68,26.4,57.9,52.7,1.0,0.0,,,,,,,,,,,,
chj-13897,MC RAMBLA PRIMERA,157.0,False,2025-03-02T19,2025-03-03T18,truth,72.1,10.5,68.2,24.1,24,9.2,16.6,34.7,1.0,1.0,0.0,9.5,0.58,0.0081,4.7,2,False,0.0,False,False,,71.6
chj-13897,MC RAMBLA PRIMERA,157.0,False,2025-03-13T13,2025-03-14T16,gauges,16.4,2.4,10.8,3.3,28,13.9,120.6,116.5,1.0,1.0,0.0,0.0,0.0,0.0,-15.2,-1,False,0.0,False,False,,
chj-13897,MC RAMBLA PRIMERA,157.0,False,2025-03-18T07,2025-03-19T12,gauges,24.7,2.9,12.6,4.0,30,21.4,140.5,125.8,1.0,0.74,,,,,,,,,,,,
chj-13897,MC RAMBLA PRIMERA,157.0,False,2025-05-08T14,2025-05-08T21,gauges,22.7,11.7,22.7,15.9,8,,,,1.0,1.0,0.0,0.38,0.03,0.0013,9.4,10,False,0.0,False,False,,
chj-13897,MC RAMBLA PRIMERA,157.0,False,2025-05-10T17,2025-05-10T21,gauges,19.4,11.9,19.4,20.6,5,,,,1.0,1.0,0.0,3.66,0.12,0.0062,4.2,4,False,0.0,False,False,,
chj-13897,MC RAMBLA PRIMERA,157.0,False,2025-09-28T20,2025-09-30T08,truth,45.9,5.9,36.7,12.6,37,1.7,13.1,32.7,1.0,1.0,1.03,3.51,3.01,0.0656,-5.9,-1,False,0.0,False,False,,37.4
chj-13897,MC RAMBLA PRIMERA,157.0,False,2025-10-10T02,2025-10-12T03,gauges,45.6,5.9,19.4,7.6,50,8.1,56.3,71.2,1.0,1.0,0.0,3.34,1.15,0.0253,4.9,1,False,0.0,False,False,,
chj-13897,MC RAMBLA PRIMERA,157.0,False,2025-10-13T14,2025-10-14T04,gauges,16.6,7.4,13.2,26.1,15,53.8,102.4,110.2,1.0,1.0,0.41,2.72,0.14,0.0087,7.0,12,False,0.0,False,False,,
chj-13897,MC RAMBLA PRIMERA,157.0,False,2025-10-26T06,2025-10-26T13,gauges,15.2,5.0,15.2,5.9,8,0.2,122.8,101.7,1.0,1.0,0.04,1.46,0.07,0.0043,1.7,1,False,0.0,False,False,,
chj-13897,MC RAMBLA PRIMERA,157.0,False,2025-12-14T09,2025-12-15T18,truth,20.1,2.0,10.4,4.3,34,1.4,5.9,50.9,1.0,1.0,0.77,3.9,3.5,0.174,12.2,22,False,0.0,False,False,,18.5
chj-13897,MC RAMBLA PRIMERA,157.0,False,2025-12-16T11,2025-12-17T09,gauges,18.3,1.9,12.8,3.1,23,21.9,25.2,68.7,1.0,1.0,4.14,0.68,0.1,0.0055,1.7,1,False,0.0,False,False,,
chj-13897,MC RAMBLA PRIMERA,157.0,False,2025-12-28T13,2025-12-29T02,truth,25.6,13.4,25.3,18.2,14,4.4,45.2,72.9,1.0,1.0,0.6,1.58,0.14,0.0055,3.0,2,False,0.0,False,False,,26.0
chj-13897,MC RAMBLA PRIMERA,157.0,False,2026-03-05T06,2026-03-07T19,gauges,59.3,6.7,31.5,8.0,62,0.4,10.9,45.8,1.0,1.0,1.08,3.17,0.66,0.0111,-11.7,1,False,0.0,False,False,,
chj-13897,MC RAMBLA PRIMERA,157.0,False,2026-09-16T18,2026-09-17T01,gauges,26.3,16.8,26.3,36.4,8,0.0,8.8,15.6,1.0,1.0,0.88,10.05,2.62,0.0996,2.1,3,False,0.0,False,False,,
chj-16767,MC SAX,930.5,False,2024-09-18T09,2024-09-18T17,gauges,25.1,10.5,25.1,15.0,9,,,,0.87,0.0,,,,,,,,,,,,
chj-16767,MC SAX,930.5,False,2024-10-22T10,2024-10-23T18,gauges,18.0,4.2,15.3,7.0,33,0.2,3.6,19.5,1.0,0.0,,,,,,,,,,,,
chj-16767,MC SAX,930.5,False,2025-01-16T16,2025-01-17T22,gauges,41.6,2.7,21.5,6.1,31,0.1,4.4,22.0,1.0,0.0,,,,,,,,,,,,
chj-16767,MC SAX,930.5,False,2025-03-04T16,2025-03-08T20,truth,20.9,2.0,8.2,17.2,101,14.4,17.5,43.3,1.0,0.0,,,,,,,,,,,,
chj-16767,MC SAX,930.5,False,2025-03-16T13,2025-03-19T02,gauges,39.8,5.3,22.9,8.9,62,16.4,55.8,68.0,1.0,0.0,,,,,,,,,,,,
chj-16767,MC SAX,930.5,False,2025-10-09T09,2025-10-12T07,gauges,61.5,6.2,29.6,17.8,71,0.7,13.9,25.7,1.0,1.0,0.01,0.01,0.0,0.0,-30.2,-35,False,0.0,False,False,,
chj-16767,MC SAX,930.5,False,2025-12-13T17,2025-12-15T07,truth,26.0,11.7,21.9,16.8,39,0.6,5.1,31.4,1.0,1.0,0.01,0.0,0.0,0.0,2.6,-2,False,0.0,False,False,,23.3
chj-16767,MC SAX,930.5,False,2025-12-16T06,2025-12-17T14,gauges,16.3,2.9,11.1,4.7,33,26.7,28.2,55.3,1.0,1.0,0.01,0.0,0.0,0.0,58.4,64,False,0.0,False,False,,
chj-16767,MC SAX,930.5,False,2025-12-25T12,2025-12-26T07,gauges,30.5,4.9,27.5,9.8,20,0.7,44.5,60.4,1.0,1.0,0.01,0.0,0.0,0.0,16.2,15,False,0.0,False,False,,
chj-16767,MC SAX,930.5,False,2026-01-03T22,2026-01-05T14,gauges,16.7,1.7,8.9,3.9,41,0.6,83.9,83.7,1.0,1.0,0.01,0.0,0.0,0.0,-8.8,-19,False,0.0,False,False,,
chj-16767,MC SAX,930.5,False,2026-03-04T23,2026-03-07T18,gauges,37.0,6.6,21.5,9.1,68,5.5,17.9,51.3,1.0,1.0,0.01,0.0,0.0,0.0,-11.0,0,False,0.0,False,False,,
chj-16767,MC SAX,930.5,False,2026-03-10T07,2026-03-11T08,gauges,32.5,4.2,23.1,7.8,26,39.2,49.0,83.9,1.0,1.0,0.01,0.03,0.0,0.0001,3.8,8,False,0.0,False,False,,
chj-16767,MC SAX,930.5,False,2026-04-12T06,2026-04-13T03,gauges,21.7,5.2,19.8,7.7,22,0.3,7.7,65.0,1.0,1.0,0.01,0.02,0.0,0.0,1.9,0,False,0.0,False,False,,
chj-16767,MC SAX,930.5,False,2026-05-07T13,2026-05-07T18,gauges,17.3,5.4,17.3,16.9,6,15.9,49.2,76.8,1.0,1.0,0.01,0.01,0.0,0.0,0.6,1,False,0.0,False,False,,
chj-16767,MC SAX,930.5,False,2026-05-09T07,2026-05-09T20,gauges,20.7,6.0,20.4,7.3,14,27.7,66.6,90.9,1.0,1.0,0.01,0.03,0.0,0.0,6.4,6,False,0.0,False,False,,
chj-16767,MC SAX,930.5,False,2026-08-10T16,2026-08-10T18,gauges,15.6,8.9,15.6,31.4,3,0.0,3.9,22.1,1.0,1.0,0.0,0.02,0.0,0.0,-0.5,0,False,0.0,False,False,,
chj-16767,MC SAX,930.5,False,2026-08-20T11,2026-08-20T20,gauges,21.8,6.0,21.8,13.3,10,3.6,23.2,34.5,1.0,1.0,0.0,0.01,0.0,0.0,3.4,5,False,0.0,False,False,,
chj-13431,MC TRAIGUERA,318.2,False,2024-10-15T11,2024-10-15T19,gauges,26.1,13.3,26.1,36.8,9,1.5,,,1.0,1.0,0.0,0.0,0.0,0.0,-3.3,-2,False,0.0,False,False,,
chj-13431,MC TRAIGUERA,318.2,False,2024-10-27T07,2024-10-28T19,truth,58.1,10.7,43.3,15.8,37,21.5,58.6,61.4,1.0,1.0,0.0,0.0,0.0,0.0,-15.8,-18,False,0.0,False,False,,
chj-13431,MC TRAIGUERA,318.2,False,2024-10-29T08,2024-10-31T17,truth,234.2,21.8,113.7,55.8,58,73.3,117.0,115.7,1.0,1.0,0.0,89.66,8.76,0.0374,15.0,8,False,0.0,False,False,,102.9
chj-13431,MC TRAIGUERA,318.2,False,2024-11-01T08,2024-11-02T12,truth,60.4,8.7,39.9,13.5,29,292.3,351.2,336.1,1.0,1.0,0.31,0.0,0.0,0.0,-15.9,-2,False,0.0,False,False,,62.7
chj-13431,MC TRAIGUERA,318.2,False,2024-11-03T22,2024-11-04T12,truth,51.6,13.9,41.5,27.9,15,278.0,408.6,377.4,1.0,1.0,0.09,32.16,0.53,0.0103,0.6,3,False,0.0,False,False,,56.5
chj-13431,MC TRAIGUERA,318.2,False,2024-11-12T15,2024-11-14T08,truth,83.8,9.0,61.2,33.7,42,0.8,467.7,370.9,1.0,1.0,0.04,1.17,0.04,0.0004,3.8,3,False,0.0,False,False,,96.2
chj-13431,MC TRAIGUERA,318.2,False,2025-03-01T18,2025-03-03T23,truth,104.9,12.1,79.7,24.9,54,0.2,4.3,60.3,1.0,0.97,0.04,11.13,0.29,0.0027,11.5,4,False,0.0,False,False,level sensor latched at ~235 m3/s for hours with jumps 0.04 -> 235 -> 0.04 within 5 min,
chj-13431,MC TRAIGUERA,318.2,False,2025-03-05T14,2025-03-09T02,gauges,80.2,8.4,31.2,23.2,85,109.8,111.7,161.4,1.0,0.94,0.09,238.57,7.92,0.0988,-10.1,-44,False,0.0,False,False,level sensor latched at ~235 m3/s for hours with jumps 0.04 -> 235 -> 0.04 within 5 min,
chj-13431,MC TRAIGUERA,318.2,False,2025-05-08T12,2025-05-08T18,gauges,15.1,4.3,15.1,11.2,7,,,,1.0,1.0,0.05,0.0,0.0,0.0,5.7,6,False,0.0,False,False,,
chj-13431,MC TRAIGUERA,318.2,False,2025-05-13T13,2025-05-13T17,gauges,20.9,11.3,20.9,41.9,5,25.7,,,1.0,1.0,0.05,0.0,0.0,0.0,11.4,12,False,0.0,False,False,,
chj-13431,MC TRAIGUERA,318.2,False,2025-07-12T03,2025-07-12T12,gauges,24.5,14.3,24.5,39.0,10,8.1,15.5,57.2,1.0,1.0,0.05,0.01,0.0,0.0,1.8,1,False,0.0,False,False,,
chj-13431,MC TRAIGUERA,318.2,False,2025-09-21T07,2025-09-21T20,gauges,16.9,4.7,16.6,19.2,14,0.0,38.7,52.5,1.0,1.0,0.04,0.0,0.0,0.0,3.1,4,False,0.0,False,False,,
chj-13431,MC TRAIGUERA,318.2,False,2025-09-28T14,2025-09-29T16,truth,59.5,6.4,44.3,50.5,27,0.2,43.9,60.5,1.0,1.0,0.04,0.04,0.01,0.0002,-6.9,-6,False,0.0,False,False,,60.1
chj-13431,MC TRAIGUERA,318.2,False,2025-10-10T11,2025-10-12T20,gauges,56.9,6.3,29.6,11.4,58,3.3,91.0,98.4,1.0,1.0,0.05,0.01,0.0,0.0,-0.5,1,False,0.0,False,False,,
chj-13431,MC TRAIGUERA,318.2,False,2025-12-14T15,2025-12-15T14,truth,45.5,7.1,30.8,11.5,24,3.0,6.9,62.2,1.0,1.0,0.04,0.0,0.0,0.0,-0.5,-12,False,0.0,False,False,,42.7
chj-13431,MC TRAIGUERA,318.2,False,2025-12-16T08,2025-12-17T19,gauges,16.8,2.2,10.4,5.5,36,48.7,52.5,104.8,1.0,1.0,0.04,0.0,0.0,0.0,10.7,2,False,0.0,False,False,,
chj-13431,MC TRAIGUERA,318.2,False,2025-12-25T07,2025-12-29T08,truth,112.9,6.1,30.0,10.8,98,1.3,69.9,103.1,1.0,1.0,0.04,0.05,0.02,0.0002,28.2,14,False,0.0,False,False,,
chj-13431,MC TRAIGUERA,318.2,False,2026-01-16T21,2026-01-17T21,gauges,24.7,3.9,14.1,9.3,25,0.0,118.9,144.0,1.0,1.0,0.05,0.0,0.0,0.0,6.2,14,False,0.0,False,False,,
chj-13431,MC TRAIGUERA,318.2,False,2026-03-04T12,2026-03-08T01,gauges,153.5,6.6,46.7,12.5,86,2.2,12.7,85.6,1.0,1.0,0.05,2.87,0.42,0.0027,15.1,36,False,0.0,False,False,,
chj-13431,MC TRAIGUERA,318.2,False,2026-05-01T20,2026-05-03T11,gauges,27.2,3.7,12.6,9.3,40,0.8,13.7,89.0,1.0,1.0,0.06,0.01,0.0,0.0001,17.4,3,False,0.0,False,False,,
chj-13431,MC TRAIGUERA,318.2,False,2026-05-09T10,2026-05-09T15,gauges,15.9,4.7,15.9,8.3,6,23.5,64.7,122.1,1.0,1.0,0.06,0.0,0.0,0.0,3.1,4,False,0.0,False,False,,
chj-13917,MC VALL D'ALBA,826.8,False,2024-10-15T08,2024-10-15T19,gauges,19.6,5.6,19.6,22.3,12,6.0,,,1.0,0.0,,,,,,,,,,,,
chj-13917,MC VALL D'ALBA,826.8,False,2024-10-25T18,2024-10-30T11,truth,196.5,19.5,96.5,56.3,114,8.0,36.6,36.3,1.0,0.0,,,,,,,,,,,,
chj-13917,MC VALL D'ALBA,826.8,False,2024-10-31T03,2024-10-31T13,truth,20.6,3.9,20.6,32.1,11,184.8,233.2,219.5,1.0,0.0,,,,,,,,,,,,25.2
chj-13917,MC VALL D'ALBA,826.8,False,2024-11-01T07,2024-11-02T15,truth,37.6,4.9,22.6,10.5,33,200.1,254.3,235.1,1.0,0.0,,,,,,,,,,,,20.7
chj-13917,MC VALL D'ALBA,826.8,False,2024-11-03T21,2024-11-04T11,truth,22.6,10.5,22.1,22.4,15,97.9,291.4,259.5,1.0,0.0,,,,,,,,,,,,14.9
chj-13917,MC VALL D'ALBA,826.8,False,2024-11-13T00,2024-11-14T03,truth,40.6,6.0,28.1,38.9,28,1.9,315.0,241.9,1.0,0.0,,,,,,,,,,,,21.7
chj-13917,MC VALL D'ALBA,826.8,False,2025-03-01T05,2025-03-09T00,truth,209.4,14.2,96.2,44.5,188,0.3,3.5,39.7,1.0,1.0,0.0,223.17,19.08,0.0911,-24.9,5,False,0.0,False,False,,
chj-13917,MC VALL D'ALBA,826.8,False,2025-03-18T07,2025-03-19T13,gauges,23.1,2.1,12.7,3.0,31,15.3,227.5,203.3,1.0,1.0,5.86,2.28,0.21,0.009,36.7,43,False,0.0,False,False,,
chj-13917,MC VALL D'ALBA,826.8,False,2025-09-28T14,2025-09-29T19,truth,48.1,9.2,39.8,30.8,30,0.4,24.0,47.3,1.0,1.0,0.0,0.07,0.0,0.0,-2.0,-2,False,0.0,False,False,,44.6
chj-13917,MC VALL D'ALBA,826.8,False,2025-10-11T08,2025-10-12T15,gauges,65.4,6.3,30.2,12.1,32,14.8,72.8,88.8,1.0,1.0,0.0,0.0,0.0,0.0,-15.9,-27,False,0.0,False,False,,
chj-13917,MC VALL D'ALBA,826.8,False,2025-12-13T17,2025-12-15T13,truth,56.2,7.7,41.1,16.6,45,0.8,4.5,59.9,1.0,1.0,0.0,0.0,0.0,0.0,-28.2,-27,False,0.0,False,False,,50.7
chj-13917,MC VALL D'ALBA,826.8,False,2025-12-25T05,2025-12-29T10,truth,54.6,4.2,15.9,13.6,102,0.3,66.1,100.2,1.0,1.0,0.0,4.55,0.36,0.0067,61.6,28,False,0.0,False,False,,
chj-13917,MC VALL D'ALBA,826.8,False,2026-03-05T02,2026-03-09T03,gauges,114.2,5.8,28.8,12.8,98,2.7,10.9,63.4,1.0,1.0,0.0,19.32,4.83,0.0423,45.7,72,False,0.0,False,False,,
chj-13917,MC VALL D'ALBA,826.8,False,2026-05-02T09,2026-05-03T11,gauges,17.2,4.3,10.9,8.0,27,2.6,17.5,71.8,1.0,1.0,0.0,0.45,0.01,0.0004,8.3,1,False,0.0,False,False,,
chj-13568,MC VERNISSA,112.3,False,2024-10-22T06,2024-10-23T13,gauges,106.6,18.8,81.1,37.5,32,0.4,3.9,4.9,1.0,0.0,,,,,,,,,,,,
chj-13568,MC VERNISSA,112.3,False,2024-10-28T20,2024-10-29T23,truth,153.7,19.7,128.2,36.1,28,18.5,129.3,117.1,1.0,0.0,,,,,,,,,,,,96.1
chj-13568,MC VERNISSA,112.3,False,2024-11-03T05,2024-11-04T02,truth,100.5,31.3,96.6,51.6,22,115.4,294.8,255.7,1.0,0.0,,,,,,,,,,,,44.8
chj-13568,MC VERNISSA,112.3,False,2024-11-07T00,2024-11-07T14,truth,107.9,30.8,102.6,52.4,15,102.2,395.0,332.0,1.0,0.62,,,,,,,,,,,,39.0
chj-13568,MC VERNISSA,112.3,False,2024-11-12T22,2024-11-13T13,truth,141.0,23.9,140.1,33.9,16,1.3,503.6,392.0,1.0,1.0,0.0,14.74,5.08,0.036,10.2,12,False,0.0,False,False,,53.0
chj-13568,MC VERNISSA,112.3,False,2024-12-11T10,2024-12-12T10,truth,107.4,25.1,102.9,50.7,25,0.0,156.6,309.3,1.0,1.0,0.0,0.0,0.0,0.0,-7.5,-7,False,0.0,False,False,,
chj-13568,MC VERNISSA,112.3,False,2025-01-16T10,2025-01-17T22,gauges,114.1,7.6,57.8,12.7,37,0.2,15.0,214.2,1.0,1.0,0.0,17.21,11.94,0.1047,19.5,21,False,0.0,False,False,,
chj-13568,MC VERNISSA,112.3,False,2025-02-22T18,2025-02-23T12,gauges,16.5,7.6,13.3,9.6,19,0.3,12.4,164.3,1.0,1.0,0.0,0.0,0.0,0.0,-6.8,-5,False,0.0,False,False,,
chj-13568,MC VERNISSA,112.3,False,2025-03-02T00,2025-03-07T06,truth,304.7,13.9,102.5,23.2,127,3.5,32.5,159.7,1.0,1.0,0.0,34.48,49.71,0.1632,48.8,6,False,0.0,False,False,,
chj-13568,MC VERNISSA,112.3,False,2025-03-17T05,2025-03-19T14,gauges,46.9,7.3,29.5,14.8,58,12.9,340.0,365.1,1.0,1.0,1.46,18.36,13.69,0.292,16.8,6,False,0.0,False,False,,
chj-13568,MC VERNISSA,112.3,False,2025-07-24T11,2025-07-25T05,gauges,16.8,2.5,14.0,5.9,19,0.1,1.5,45.1,1.0,1.0,1.05,0.0,0.0,0.0,-8.6,-10,False,0.0,True,False,,
chj-13568,MC VERNISSA,112.3,False,2025-09-29T05,2025-09-30T15,truth,96.7,15.2,73.8,75.8,35,1.2,15.3,31.5,1.0,1.0,1.05,8.65,0.26,0.0027,-5.4,-8,False,0.0,False,False,,73.4
chj-13568,MC VERNISSA,112.3,False,2025-10-09T08,2025-10-12T01,gauges,169.5,12.8,90.8,32.7,66,2.5,106.4,108.1,1.0,1.0,1.05,22.25,16.78,0.099,7.6,12,False,0.0,False,False,,
chj-13568,MC VERNISSA,112.3,False,2025-10-13T08,2025-10-13T13,gauges,16.2,11.1,16.2,32.1,6,171.0,276.8,261.2,1.0,1.0,1.05,3.31,0.14,0.0083,0.1,0,False,0.0,False,False,,
chj-13568,MC VERNISSA,112.3,False,2025-12-13T17,2025-12-15T07,truth,100.7,18.5,70.3,33.0,39,0.3,11.3,90.3,1.0,1.0,0.0,5.91,0.31,0.0031,-0.5,3,False,0.0,False,False,,36.4
chj-13568,MC VERNISSA,112.3,False,2025-12-25T11,2025-12-27T06,gauges,95.8,8.3,70.7,18.5,44,1.1,120.3,164.5,1.0,1.0,0.0,31.3,16.4,0.1711,5.9,6,False,0.0,False,False,,
chj-13568,MC VERNISSA,112.3,False,2025-12-28T10,2025-12-28T22,truth,104.3,16.6,104.1,51.9,13,97.0,216.7,246.7,1.0,1.0,0.06,69.4,17.82,0.1708,7.8,12,False,0.0,False,False,,34.3
chj-13568,MC VERNISSA,112.3,False,2026-01-03T17,2026-01-05T19,gauges,45.6,4.3,20.9,9.3,51,10.6,327.5,319.7,1.0,1.0,0.0,20.53,23.62,0.518,-3.8,8,False,0.0,False,False,,
chj-13568,MC VERNISSA,112.3,False,2026-01-19T14,2026-01-21T06,gauges,27.1,3.7,23.5,6.6,41,4.0,264.9,271.6,1.0,1.0,1.09,9.45,5.3,0.1956,15.9,15,False,0.0,False,False,,
chj-13568,MC VERNISSA,112.3,False,2026-03-03T05,2026-03-05T13,gauges,77.4,20.1,65.8,22.9,57,0.5,6.1,132.6,1.0,1.0,0.0,31.14,9.64,0.1246,12.6,6,False,0.0,False,False,,
chj-13568,MC VERNISSA,112.3,False,2026-03-06T08,2026-03-07T20,gauges,25.5,5.4,14.6,8.6,37,78.1,81.3,200.5,1.0,1.0,10.78,2.19,0.27,0.0105,-0.5,9,False,0.0,False,False,,
chj-13568,MC VERNISSA,112.3,False,2026-03-10T09,2026-03-11T12,gauges,46.2,7.5,28.7,14.1,28,74.1,107.0,209.1,1.0,1.0,5.36,20.01,12.75,0.276,14.0,17,False,0.0,False,False,,
chj-13568,MC VERNISSA,112.3,False,2026-04-12T03,2026-04-13T04,gauges,23.1,6.4,20.9,7.2,26,0.1,7.9,137.2,1.0,1.0,1.48,6.66,4.58,0.1983,15.7,16,False,0.0,False,False,,
chj-13568,MC VERNISSA,112.3,False,2026-05-09T07,2026-05-09T13,gauges,31.7,7.5,31.7,13.9,7,19.9,47.2,114.7,1.0,1.0,0.0,10.77,6.05,0.1909,13.5,12,False,0.0,False,False,,
chj-13568,MC VERNISSA,112.3,False,2026-08-20T14,2026-08-20T20,gauges,26.8,10.9,26.8,18.7,7,12.2,20.9,38.0,1.0,1.0,0.0,0.3,0.11,0.0041,2.0,2,False,0.0,False,False,,
chj-13568,MC VERNISSA,112.3,False,2026-09-09T13,2026-09-10T09,gauges,15.6,4.0,8.5,7.2,21,0.0,45.0,43.7,1.0,1.0,0.08,0.01,0.0,0.0001,-6.4,2,False,0.0,False,False,,
chj-13568,MC VERNISSA,112.3,False,2026-10-01T19,2026-10-01T21,gauges,17.3,14.6,17.3,22.8,3,0.4,17.9,39.6,1.0,0.75,,,,,,,,,,,,
chj-12808,MC VILAMARXANT,925.4,True,2024-10-15T03,2024-10-15T17,gauges,18.2,3.7,17.7,14.1,15,11.6,,,1.0,1.0,5.23,73.49,1.28,0.0705,11.2,15,False,0.07,False,False,,
chj-12808,MC VILAMARXANT,925.4,True,2024-10-25T05,2024-10-26T03,gauges,24.3,6.1,24.0,21.2,23,3.3,40.1,34.8,1.0,1.0,4.25,0.26,0.0,0.0001,2.3,4,False,0.01,False,False,,
chj-12808,MC VILAMARXANT,925.4,True,2024-10-27T17,2024-10-30T04,truth,165.0,19.3,91.6,89.1,60,28.6,65.4,57.6,1.0,1.0,3.85,1871.8,48.01,0.291,14.7,6,False,14.46,False,False,,
chj-12808,MC VILAMARXANT,925.4,True,2024-11-03T18,2024-11-04T02,truth,19.5,6.1,19.5,13.6,9,83.4,230.8,200.1,1.0,1.0,48.65,11.17,0.15,0.0075,3.7,3,False,0.0,False,False,,8.4
chj-12808,MC VILAMARXANT,925.4,True,2024-11-13T09,2024-11-14T06,truth,19.6,4.6,14.8,15.4,22,1.2,241.3,186.4,1.0,1.0,14.86,4.84,0.17,0.0085,8.8,4,False,0.14,False,False,,12.4
chj-12808,MC VILAMARXANT,925.4,True,2025-03-01T03,2025-03-03T22,truth,92.3,9.0,73.3,29.3,68,0.1,4.9,32.6,1.0,1.0,6.97,81.15,3.15,0.0342,9.9,4,False,0.0,False,False,,
chj-12808,MC VILAMARXANT,925.4,True,2025-03-04T21,2025-03-06T08,truth,17.6,1.5,7.9,12.6,36,93.7,97.1,121.0,1.0,1.0,14.33,7.11,0.89,0.0506,19.2,13,False,0.04,False,False,,21.5
chj-12808,MC VILAMARXANT,925.4,True,2025-03-13T13,2025-03-14T21,gauges,17.5,2.4,11.5,3.6,33,16.3,134.6,135.3,1.0,1.0,12.66,3.0,0.37,0.0211,39.4,31,False,0.02,False,False,,
chj-12808,MC VILAMARXANT,925.4,True,2025-03-16T11,2025-03-19T11,gauges,32.2,2.9,17.6,5.4,73,21.4,151.2,144.9,1.0,1.0,15.45,4.2,0.73,0.0227,11.5,13,False,0.03,False,False,,
chj-12808,MC VILAMARXANT,925.4,True,2025-05-08T14,2025-05-08T22,gauges,20.0,8.0,20.0,17.2,9,,,,1.0,1.0,6.92,13.45,0.37,0.0186,4.3,4,False,0.55,False,False,,
chj-12808,MC VILAMARXANT,925.4,True,2025-05-10T16,2025-05-10T20,gauges,23.6,14.1,23.6,36.1,5,,,,1.0,1.0,7.27,10.02,0.33,0.0139,8.5,9,False,0.13,False,False,,
chj-12808,MC VILAMARXANT,925.4,True,2025-09-28T04,2025-09-30T09,truth,55.6,5.1,39.2,19.4,54,0.4,7.7,26.6,1.0,1.0,6.3,1.47,0.05,0.001,-2.2,6,False,0.5,False,False,,45.5
chj-12808,MC VILAMARXANT,925.4,True,2025-10-10T02,2025-10-12T03,gauges,40.3,5.2,18.6,9.1,50,9.5,65.8,75.1,1.0,1.0,4.57,1.8,0.19,0.0046,13.1,9,False,0.05,False,False,,
chj-12808,MC VILAMARXANT,925.4,True,2025-12-13T18,2025-12-17T10,truth,35.9,2.7,14.0,5.7,89,0.6,7.7,53.1,1.0,1.0,4.08,1.8,0.52,0.0144,29.3,10,False,0.85,False,False,,
chj-12808,MC VILAMARXANT,925.4,True,2025-12-28T11,2025-12-29T01,truth,32.1,11.8,31.1,18.2,15,5.8,43.2,73.6,1.0,1.0,4.15,2.19,0.24,0.0076,8.5,6,False,0.04,False,False,,28.2
chj-12808,MC VILAMARXANT,925.4,True,2026-03-05T07,2026-03-07T19,gauges,56.0,5.3,30.7,8.0,61,0.7,14.5,52.2,1.0,1.0,4.58,2.64,0.35,0.0062,20.7,33,False,5.71,False,False,,
chj-12808,MC VILAMARXANT,925.4,True,2026-04-12T04,2026-04-13T02,gauges,17.3,2.8,13.5,8.0,23,0.1,0.9,57.4,1.0,1.0,4.14,0.84,0.05,0.0029,13.2,11,False,0.05,False,False,,
chj-12808,MC VILAMARXANT,925.4,True,2026-09-16T18,2026-09-17T01,gauges,24.3,12.7,24.3,50.9,8,0.0,11.4,23.2,1.0,1.0,6.3,3.28,0.18,0.0074,18.0,19,False,0.32,False,False,,
chj-12808,MC VILAMARXANT,925.4,True,2026-09-30T07,2026-10-01T19,gauges,20.6,6.0,12.7,25.4,37,5.1,39.6,41.4,1.0,0.95,5.22,0.12,0.0,0.0,12.0,4,False,0.13,False,False,,
chj-12901,MC VILLATOYA,496.2,True,2024-10-25T16,2024-10-26T01,gauges,30.5,5.4,30.5,14.7,10,0.3,15.9,17.1,1.0,1.0,7.29,65.99,3.56,0.1167,16.3,17,False,0.52,False,False,,
chj-12901,MC VILLATOYA,496.2,True,2024-10-27T16,2024-10-29T23,truth,61.1,8.3,27.9,20.2,56,31.0,46.5,46.0,1.0,1.0,7.63,13.13,2.07,0.0338,9.1,-6,False,0.18,False,False,,
chj-12901,MC VILLATOYA,496.2,True,2025-03-01T22,2025-03-08T21,truth,66.3,4.6,15.1,9.9,168,0.2,7.1,19.8,1.0,1.0,7.28,1.0,0.38,0.0057,-7.7,7,False,0.24,False,False,,
chj-12901,MC VILLATOYA,496.2,True,2025-03-10T05,2025-03-14T20,gauges,30.9,2.1,8.9,5.0,112,39.7,73.4,78.3,1.0,0.93,7.51,0.55,0.09,0.0029,47.2,7,False,0.17,False,False,,
chj-12901,MC VILLATOYA,496.2,True,2025-03-16T09,2025-03-18T22,gauges,18.1,2.3,8.0,3.6,62,25.5,99.6,98.2,1.0,0.99,7.46,0.56,0.15,0.0084,40.6,73,False,0.05,False,False,,
chj-12901,MC VILLATOYA,496.2,True,2025-05-07T18,2025-05-08T23,gauges,15.9,3.6,9.8,12.0,30,,,,1.0,0.43,,,,,,,,,,,,
chj-12901,MC VILLATOYA,496.2,True,2025-06-17T16,2025-06-21T16,gauges,20.1,3.1,5.6,11.9,97,1.8,13.3,48.5,1.0,0.93,16.7,983.3,4.96,0.2469,71.6,91,True,0.56,False,False,,
chj-12901,MC VILLATOYA,496.2,True,2025-09-28T02,2025-09-29T13,truth,24.2,6.1,20.1,32.6,36,0.5,2.5,18.8,1.0,1.0,18.47,4.82,0.3,0.0125,12.7,16,False,1.07,False,False,,27.0
chj-12901,MC VILLATOYA,496.2,True,2025-10-08T22,2025-10-11T17,gauges,24.6,7.0,11.2,22.8,68,0.0,26.1,35.9,1.0,1.0,7.99,0.85,0.06,0.0026,-7.5,18,False,0.8,False,False,,
chj-12901,MC VILLATOYA,496.2,True,2025-12-28T12,2025-12-29T00,truth,28.9,4.2,28.7,11.8,13,2.7,22.9,46.5,1.0,1.0,7.92,0.57,0.08,0.0028,21.9,25,False,0.12,False,False,,25.8
chj-12901,MC VILLATOYA,496.2,True,2026-01-27T01,2026-01-29T18,gauges,26.8,3.4,9.9,4.2,66,6.8,56.7,63.9,1.0,1.0,7.93,0.49,0.09,0.0033,41.3,50,False,0.08,False,False,,
chj-12901,MC VILLATOYA,496.2,True,2026-02-02T12,2026-02-12T01,gauges,52.1,3.2,15.5,5.7,230,16.7,56.6,83.2,1.0,1.0,7.95,1.94,0.23,0.0045,158.2,185,False,6.15,False,False,,
chj-12901,MC VILLATOYA,496.2,True,2026-03-05T11,2026-03-08T21,gauges,27.1,2.2,12.4,4.6,83,0.4,55.2,78.4,1.0,1.0,19.95,0.6,0.1,0.0039,25.7,46,False,0.19,False,False,,
chj-12901,MC VILLATOYA,496.2,True,2026-04-12T07,2026-04-13T01,gauges,15.1,2.7,10.3,5.7,19,0.2,6.3,61.6,1.0,1.0,11.64,0.4,0.04,0.0027,7.6,4,False,0.39,False,False,,
seg-01O03A1,Aforo en río Mula (Marco de control),221.4,True,2024-10-28T14,2024-10-29T21,truth,16.4,2.9,12.2,9.6,32,,,,1.0,1.0,0.01,0.18,0.01,0.0006,28.1,30,False,0.0,False,False,,
seg-01O03A1,Aforo en río Mula (Marco de control),221.4,True,2024-11-14T12,2024-11-14T19,truth,84.2,31.6,84.2,139.2,8,6.0,,,1.0,1.0,0.01,0.53,0.02,0.0003,15.8,16,False,0.0,False,False,,
seg-01O03A1,Aforo en río Mula (Marco de control),221.4,True,2025-03-02T02,2025-03-03T02,truth,54.9,7.8,49.5,13.1,25,,,,1.0,1.0,0.01,14.84,3.25,0.0592,11.3,10,False,0.0,False,False,,
seg-01O03A1,Aforo en río Mula (Marco de control),221.4,True,2025-03-04T19,2025-03-06T22,truth,53.0,5.3,27.9,10.0,52,,,,1.0,1.0,0.96,156.74,15.84,0.2989,21.3,25,False,0.0,False,False,,
seg-01O03A1,Aforo en río Mula (Marco de control),221.4,True,2025-12-13T23,2025-12-15T18,truth,70.7,6.9,54.4,18.5,44,,,,1.0,1.0,0.45,29.48,3.87,0.0548,4.8,7,False,0.0,False,False,,
seg-01O03A1,Aforo en río Mula (Marco de control),221.4,True,2025-12-27T21,2025-12-29T14,truth,36.8,10.0,18.8,24.2,42,,,,1.0,1.0,0.63,4.29,1.52,0.0412,-6.5,-8,False,0.0,False,False,,
forata-in,Forata reservoir inflow,1031.8,False,2024-10-25T16,2024-10-26T01,gauges,30.0,7.2,30.0,30.5,10,4.8,22.9,23.9,1.0,0.0,,,,,,,,,,,,
forata-in,Forata reservoir inflow,1031.8,False,2024-10-27T17,2024-10-30T02,truth,237.6,40.9,160.5,106.3,58,35.4,53.5,52.4,1.0,0.0,,,,,,,,,,,,
forata-in,Forata reservoir inflow,1031.8,False,2025-03-01T21,2025-03-14T21,gauges,120.1,4.3,19.2,18.8,313,1.0,6.9,39.7,1.0,0.0,,,,,,,,,,,,
forata-in,Forata reservoir inflow,1031.8,False,2025-03-16T10,2025-03-19T03,gauges,21.6,1.9,10.5,3.5,66,24.5,121.8,130.3,1.0,0.0,,,,,,,,,,,,
forata-in,Forata reservoir inflow,1031.8,False,2025-09-28T16,2025-09-30T03,truth,19.8,3.1,12.0,26.8,36,0.9,2.8,17.3,1.0,0.0,,,,,,,,,,,,28.2
forata-in,Forata reservoir inflow,1031.8,False,2025-10-08T22,2025-10-11T23,gauges,46.0,5.4,13.8,19.8,74,0.4,22.0,31.3,1.0,0.0,,,,,,,,,,,,
forata-in,Forata reservoir inflow,1031.8,False,2025-10-13T13,2025-10-14T22,gauges,17.0,4.9,15.3,14.1,34,46.5,68.3,72.1,1.0,0.0,,,,,,,,,,,,
forata-in,Forata reservoir inflow,1031.8,False,2025-12-13T17,2025-12-17T10,truth,25.3,2.1,8.0,7.9,90,0.8,11.8,47.1,1.0,0.0,,,,,,,,,,,,
forata-in,Forata reservoir inflow,1031.8,False,2025-12-28T11,2025-12-29T00,truth,59.0,7.2,57.7,18.3,14,7.0,37.0,63.1,1.0,0.0,,,,,,,,,,,,46.2
forata-in,Forata reservoir inflow,1031.8,False,2026-01-26T19,2026-01-29T17,gauges,21.1,2.5,10.0,5.4,71,6.2,86.0,89.1,1.0,0.0,,,,,,,,,,,,
forata-in,Forata reservoir inflow,1031.8,False,2026-02-02T12,2026-02-09T21,gauges,27.0,1.8,8.3,6.5,178,12.2,49.8,99.6,1.0,0.0,,,,,,,,,,,,
forata-in,Forata reservoir inflow,1031.8,False,2026-03-05T09,2026-03-07T15,gauges,38.8,3.2,16.5,8.3,55,1.3,38.1,78.0,1.0,0.0,,,,,,,,,,,,
forata-in,Forata reservoir inflow,1031.8,False,2026-04-12T04,2026-04-13T02,gauges,19.9,2.9,15.3,7.3,23,0.2,5.0,67.2,1.0,0.0,,,,,,,,,,,,
forata-in,Forata reservoir inflow,1031.8,False,2026-08-13T20,2026-08-15T17,gauges,16.6,8.8,13.8,50.6,46,3.7,7.7,23.7,1.0,0.0,,,,,,,,,,,,
forata-in,Forata reservoir inflow,1031.8,False,2026-09-28T17,2026-09-29T02,gauges,19.6,12.1,19.6,66.9,10,0.2,17.2,30.8,1.0,0.0,,,,,,,,,,,,
