{"type":"FeatureCollection","features":[{"type":"Feature","properties":{"id":"poyo-chiva","scope":"natural","area_km2":46.8},"geometry":{"type":"Polygon","coordinates":[[[-0.8483,39.4858],[-0.8483,39.4833],[-0.85,39.4808],[-0.8492,39.4808],[-0.8475,39.4733],[-0.8458,39.4725],[-0.8492,39.4692],[-0.8492,39.4667],[-0.8475,39.4642],[-0.8483,39.4608],[-0.8458,39.4608],[-0.845,39.455],[-0.84,39.4542],[-0.84,39.4533],[-0.8325,39.4533],[-0.8317,39.4517],[-0.8267,39.4508],[-0.8258,39.4492],[-0.8208,39.4475],[-0.8183,39.4442],[-0.8133,39.4442],[-0.8117,39.4425],[-0.8083,39.4467],[-0.8058,39.445],[-0.8,39.445],[-0.7983,39.4433],[-0.7958,39.4433],[-0.795,39.4417],[-0.7908,39.4408],[-0.7908,39.4383],[-0.7892,39.4367],[-0.78,39.4375],[-0.78,39.4383],[-0.7742,39.4375],[-0.77,39.4333],[-0.7658,39.4333],[-0.7575,39.4283],[-0.76,39.4183],[-0.7592,39.4167],[-0.7567,39.4167],[-0.7567,39.4158],[-0.7483,39.415],[-0.745,39.4183],[-0.7408,39.4183],[-0.7392,39.4208],[-0.7342,39.4208],[-0.7342,39.4233],[-0.7333,39.4233],[-0.7342,39.4258],[-0.73,39.4308],[-0.7267,39.4317],[-0.7242,39.4342],[-0.7242,39.4392],[-0.7225,39.44],[-0.7225,39.4425],[-0.7183,39.4442],[-0.7183,39.4475],[-0.7167,39.4483],[-0.7167,39.4508],[-0.715,39.4508],[-0.715,39.4542],[-0.7167,39.4558],[-0.7167,39.4583],[-0.715,39.46],[-0.715,39.4658],[-0.7192,39.4692],[-0.7192,39.4708],[-0.7167,39.4717],[-0.7167,39.4758],[-0.7183,39.4758],[-0.7192,39.4742],[-0.7217,39.4742],[-0.7225,39.4725],[-0.7267,39.4742],[-0.7292,39.4717],[-0.7308,39.4717],[-0.7317,39.4733],[-0.7358,39.4725],[-0.7375,39.4742],[-0.7375,39.4767],[-0.7408,39.4758],[-0.7433,39.4725],[-0.7475,39.4725],[-0.75,39.475],[-0.7608,39.4733],[-0.7608,39.4742],[-0.7658,39.4742],[-0.7658,39.4758],[-0.7717,39.4758],[-0.7717,39.475],[-0.7783,39.475],[-0.7783,39.4733],[-0.7817,39.4717],[-0.7825,39.4683],[-0.79,39.4692],[-0.79,39.47],[-0.7983,39.4683],[-0.8008,39.47],[-0.805,39.4692],[-0.8058,39.4733],[-0.8075,39.4733],[-0.8092,39.4758],[-0.8158,39.4758],[-0.8167,39.4742],[-0.8208,39.475],[-0.8217,39.4783],[-0.8267,39.4775],[-0.8267,39.4792],[-0.8308,39.4792],[-0.835,39.4833],[-0.8383,39.4825],[-0.8383,39.4833],[-0.8425,39.4833],[-0.845,39.4858],[-0.8483,39.4858]]]}},{"type":"Feature","properties":{"id":"poyo-cheste","scope":"natural","area_km2":153.0},"geometry":{"type":"Polygon","coordinates":[[[-0.8517,39.55],[-0.855,39.5483],[-0.8542,39.5417],[-0.8592,39.5392],[-0.86,39.5317],[-0.8667,39.5267],[-0.8667,39.5242],[-0.8617,39.5217],[-0.8625,39.5183],[-0.8567,39.5125],[-0.8575,39.5083],[-0.8625,39.505],[-0.8633,39.4958],[-0.86,39.4942],[-0.8583,39.4892],[-0.8483,39.4867],[-0.85,39.4808],[-0.8458,39.4725],[-0.8492,39.4667],[-0.8483,39.4608],[-0.8458,39.4608],[-0.8458,39.4558],[-0.8325,39.4533],[-0.8208,39.4475],[-0.8183,39.4442],[-0.8117,39.4425],[-0.8083,39.4467],[-0.8,39.445],[-0.7908,39.4408],[-0.7892,39.4367],[-0.7742,39.4375],[-0.77,39.4333],[-0.7658,39.4333],[-0.7575,39.4283],[-0.76,39.4183],[-0.7567,39.4158],[-0.7483,39.415],[-0.7392,39.4208],[-0.7342,39.4208],[-0.7342,39.4258],[-0.7242,39.4342],[-0.7242,39.4392],[-0.7225,39.4425],[-0.7183,39.4442],[-0.7167,39.4508],[-0.7142,39.4517],[-0.7125,39.4492],[-0.7042,39.4508],[-0.7008,39.46],[-0.6908,39.4608],[-0.6908,39.4633],[-0.6842,39.4675],[-0.6825,39.4725],[-0.6725,39.4775],[-0.6625,39.4783],[-0.6567,39.4867],[-0.6475,39.4892],[-0.6475,39.4942],[-0.6567,39.4975],[-0.6567,39.5008],[-0.6617,39.505],[-0.66,39.5092],[-0.6625,39.5117],[-0.675,39.5083],[-0.6792,39.5133],[-0.6917,39.5167],[-0.7025,39.5242],[-0.7017,39.5317],[-0.7075,39.53],[-0.7108,39.5325],[-0.72,39.5333],[-0.725,39.5317],[-0.7292,39.5267],[-0.7342,39.5267],[-0.7383,39.53],[-0.7525,39.5292],[-0.7575,39.5275],[-0.7583,39.5242],[-0.7733,39.5233],[-0.7775,39.5183],[-0.7817,39.5192],[-0.7892,39.5267],[-0.8033,39.5258],[-0.8067,39.53],[-0.8183,39.5333],[-0.82,39.5358],[-0.8292,39.535],[-0.8367,39.5433],[-0.8517,39.55]]]}},{"type":"Feature","properties":{"id":"poyo-ribarroja","scope":"natural","area_km2":183.7},"geometry":{"type":"Polygon","coordinates":[[[-0.8517,39.55],[-0.855,39.5483],[-0.8542,39.5417],[-0.8592,39.5392],[-0.86,39.5317],[-0.8667,39.5267],[-0.8667,39.5242],[-0.8617,39.5217],[-0.8625,39.5183],[-0.8567,39.5125],[-0.8575,39.5083],[-0.8625,39.505],[-0.8633,39.4958],[-0.86,39.4942],[-0.8583,39.4892],[-0.8483,39.4867],[-0.85,39.4808],[-0.8458,39.4725],[-0.8492,39.4667],[-0.8458,39.4558],[-0.8325,39.4533],[-0.8183,39.4442],[-0.8117,39.4425],[-0.8083,39.4467],[-0.8,39.445],[-0.7908,39.4408],[-0.7892,39.4367],[-0.7742,39.4375],[-0.77,39.4333],[-0.7658,39.4333],[-0.7575,39.4283],[-0.76,39.4183],[-0.7567,39.4158],[-0.7483,39.415],[-0.7392,39.4208],[-0.7342,39.4208],[-0.7325,39.4283],[-0.7242,39.435],[-0.7167,39.4375],[-0.7033,39.4375],[-0.7025,39.44],[-0.6883,39.4442],[-0.6783,39.4425],[-0.66,39.4567],[-0.6517,39.4575],[-0.6483,39.4608],[-0.6392,39.46],[-0.6342,39.465],[-0.6292,39.4658],[-0.6158,39.48],[-0.6133,39.4775],[-0.6008,39.4758],[-0.5992,39.4733],[-0.585,39.4708],[-0.58,39.4725],[-0.585,39.4825],[-0.6042,39.4833],[-0.6117,39.4892],[-0.6258,39.495],[-0.63,39.5017],[-0.6375,39.505],[-0.64,39.5092],[-0.6442,39.51],[-0.6483,39.5075],[-0.6517,39.51],[-0.6642,39.5117],[-0.675,39.5083],[-0.6792,39.5133],[-0.6917,39.5167],[-0.7017,39.5233],[-0.7033,39.5258],[-0.7017,39.5317],[-0.7075,39.53],[-0.7108,39.5325],[-0.72,39.5333],[-0.725,39.5317],[-0.7292,39.5267],[-0.7342,39.5267],[-0.7383,39.53],[-0.7525,39.5292],[-0.7575,39.5275],[-0.7583,39.5242],[-0.7733,39.5233],[-0.7775,39.5183],[-0.7817,39.5192],[-0.7892,39.5267],[-0.8033,39.5258],[-0.8067,39.53],[-0.8183,39.5333],[-0.82,39.5358],[-0.8292,39.535],[-0.8367,39.5433],[-0.8517,39.55]]]}},{"type":"Feature","properties":{"id":"horteta-torrent","scope":"natural","area_km2":95.6},"geometry":{"type":"Polygon","coordinates":[[[-0.5525,39.4633],[-0.5533,39.46],[-0.5625,39.46],[-0.5642,39.4558],[-0.5758,39.4492],[-0.5775,39.4467],[-0.5825,39.4458],[-0.5875,39.4408],[-0.5867,39.4383],[-0.5833,39.4383],[-0.5817,39.4358],[-0.5783,39.435],[-0.5775,39.43],[-0.5942,39.4283],[-0.6017,39.4325],[-0.6125,39.4325],[-0.6142,39.4308],[-0.6142,39.425],[-0.6167,39.4225],[-0.6192,39.4225],[-0.6208,39.4192],[-0.6358,39.41],[-0.6467,39.4108],[-0.65,39.4075],[-0.6567,39.4075],[-0.6617,39.41],[-0.6667,39.4092],[-0.6692,39.4117],[-0.6758,39.4125],[-0.6875,39.4092],[-0.6983,39.4108],[-0.7033,39.4092],[-0.705,39.4067],[-0.6983,39.4067],[-0.695,39.4042],[-0.6867,39.4042],[-0.68,39.3983],[-0.6792,39.395],[-0.6708,39.3942],[-0.6692,39.3925],[-0.67,39.3892],[-0.6633,39.3842],[-0.6608,39.375],[-0.6583,39.3742],[-0.6583,39.3717],[-0.655,39.3708],[-0.6425,39.3708],[-0.6417,39.375],[-0.6458,39.3767],[-0.6358,39.3783],[-0.6317,39.3842],[-0.6217,39.3842],[-0.6183,39.38],[-0.6183,39.3775],[-0.615,39.375],[-0.6075,39.3775],[-0.605,39.3808],[-0.5917,39.3808],[-0.5842,39.3783],[-0.5767,39.3817],[-0.5708,39.3808],[-0.5683,39.3833],[-0.5667,39.3817],[-0.5542,39.3833],[-0.5492,39.3825],[-0.5483,39.38],[-0.5467,39.38],[-0.5442,39.3817],[-0.5358,39.3817],[-0.5358,39.3833],[-0.5308,39.3833],[-0.5283,39.3867],[-0.5208,39.3875],[-0.5192,39.3933],[-0.5142,39.3942],[-0.5058,39.4008],[-0.5033,39.4],[-0.5008,39.4025],[-0.4983,39.4025],[-0.4958,39.405],[-0.4958,39.4083],[-0.4942,39.4083],[-0.4942,39.4117],[-0.4908,39.4133],[-0.4908,39.4208],[-0.485,39.4225],[-0.4817,39.4283],[-0.4758,39.4292],[-0.475,39.4317],[-0.4733,39.4317],[-0.4733,39.4375],[-0.505,39.4408],[-0.5058,39.4458],[-0.5133,39.4467],[-0.515,39.4483],[-0.5133,39.4525],[-0.5267,39.4558],[-0.5308,39.4608],[-0.5358,39.4608],[-0.5408,39.4633],[-0.5525,39.4633]]]}},{"type":"Feature","properties":{"id":"poyo-torrent","scope":"natural","area_km2":353.3},"geometry":{"type":"Polygon","coordinates":[[[-0.8517,39.55],[-0.8667,39.5242],[-0.8617,39.5217],[-0.8625,39.5183],[-0.8567,39.5125],[-0.8625,39.505],[-0.8633,39.4958],[-0.8583,39.4892],[-0.8483,39.4867],[-0.85,39.4808],[-0.8458,39.4725],[-0.8492,39.4667],[-0.845,39.455],[-0.8325,39.4533],[-0.8117,39.4425],[-0.8083,39.4467],[-0.8,39.445],[-0.7908,39.4408],[-0.7892,39.4367],[-0.7742,39.4375],[-0.7575,39.4283],[-0.76,39.4183],[-0.7567,39.4158],[-0.7483,39.415],[-0.7392,39.4208],[-0.7292,39.4192],[-0.7292,39.4142],[-0.7242,39.4117],[-0.7267,39.4042],[-0.7233,39.4],[-0.7142,39.4017],[-0.7142,39.405],[-0.7075,39.4083],[-0.6867,39.4042],[-0.6792,39.395],[-0.6692,39.3925],[-0.67,39.3892],[-0.6633,39.3842],[-0.6583,39.3717],[-0.6425,39.3708],[-0.6417,39.375],[-0.6458,39.3767],[-0.6358,39.3783],[-0.6317,39.3842],[-0.6217,39.3842],[-0.615,39.375],[-0.605,39.3808],[-0.5842,39.3783],[-0.5683,39.3833],[-0.5492,39.3825],[-0.5483,39.38],[-0.5308,39.3833],[-0.5208,39.3875],[-0.5192,39.3933],[-0.4983,39.4025],[-0.4908,39.4133],[-0.4908,39.4208],[-0.4617,39.44],[-0.4658,39.4458],[-0.4792,39.4475],[-0.4817,39.4508],[-0.4858,39.4467],[-0.5042,39.4492],[-0.5133,39.4583],[-0.5117,39.465],[-0.515,39.47],[-0.52,39.4717],[-0.5283,39.4733],[-0.5333,39.4708],[-0.5342,39.4742],[-0.5558,39.4733],[-0.5583,39.4758],[-0.5742,39.4742],[-0.5825,39.4767],[-0.585,39.4825],[-0.6042,39.4833],[-0.6175,39.49],[-0.64,39.5092],[-0.6483,39.5075],[-0.6642,39.5117],[-0.675,39.5083],[-0.6792,39.5133],[-0.7017,39.5233],[-0.7017,39.5317],[-0.7075,39.53],[-0.72,39.5333],[-0.7292,39.5267],[-0.7383,39.53],[-0.7525,39.5292],[-0.7583,39.5242],[-0.7733,39.5233],[-0.7775,39.5183],[-0.7892,39.5267],[-0.8033,39.5258],[-0.82,39.5358],[-0.8292,39.535],[-0.8367,39.5433],[-0.8517,39.55]]]}},{"type":"Feature","properties":{"id":"poyo-paiporta","scope":"natural","area_km2":355.7},"geometry":{"type":"Polygon","coordinates":[[[-0.8517,39.55],[-0.8667,39.5242],[-0.8617,39.5217],[-0.8625,39.5183],[-0.8567,39.5125],[-0.8625,39.505],[-0.8633,39.4958],[-0.8583,39.4892],[-0.8483,39.4867],[-0.85,39.4808],[-0.8458,39.4725],[-0.8492,39.4667],[-0.845,39.455],[-0.8325,39.4533],[-0.8117,39.4425],[-0.8083,39.4467],[-0.8,39.445],[-0.7908,39.4408],[-0.7892,39.4367],[-0.7742,39.4375],[-0.7575,39.4283],[-0.76,39.4183],[-0.7567,39.4158],[-0.7483,39.415],[-0.7392,39.4208],[-0.7292,39.4192],[-0.7292,39.4142],[-0.7242,39.4117],[-0.7267,39.4042],[-0.7233,39.4],[-0.7142,39.4017],[-0.7142,39.405],[-0.7075,39.4083],[-0.6867,39.4042],[-0.6792,39.395],[-0.6692,39.3925],[-0.67,39.3892],[-0.6633,39.3842],[-0.6583,39.3717],[-0.6425,39.3708],[-0.6417,39.375],[-0.6458,39.3767],[-0.6358,39.3783],[-0.6317,39.3842],[-0.6217,39.3842],[-0.615,39.375],[-0.605,39.3808],[-0.5842,39.3783],[-0.5683,39.3833],[-0.5492,39.3825],[-0.5483,39.38],[-0.5308,39.3833],[-0.5208,39.3875],[-0.5192,39.3933],[-0.4983,39.4025],[-0.4908,39.4133],[-0.4908,39.4208],[-0.4733,39.4333],[-0.4675,39.4342],[-0.4633,39.44],[-0.4283,39.4342],[-0.4183,39.4267],[-0.4142,39.4292],[-0.4217,39.4367],[-0.4308,39.4367],[-0.4575,39.4458],[-0.4725,39.4458],[-0.4817,39.4508],[-0.4858,39.4467],[-0.5042,39.4492],[-0.5133,39.4583],[-0.5117,39.465],[-0.515,39.47],[-0.52,39.4717],[-0.5283,39.4733],[-0.5333,39.4708],[-0.5342,39.4742],[-0.5558,39.4733],[-0.5583,39.4758],[-0.5742,39.4742],[-0.5825,39.4767],[-0.585,39.4825],[-0.6042,39.4833],[-0.6258,39.495],[-0.6308,39.5025],[-0.6425,39.51],[-0.6483,39.5075],[-0.6642,39.5117],[-0.675,39.5083],[-0.6792,39.5133],[-0.7017,39.5233],[-0.7017,39.5317],[-0.7075,39.53],[-0.72,39.5333],[-0.7292,39.5267],[-0.7383,39.53],[-0.7525,39.5292],[-0.7583,39.5242],[-0.7733,39.5233],[-0.7775,39.5183],[-0.7892,39.5267],[-0.8033,39.5258],[-0.82,39.5358],[-0.8292,39.535],[-0.8367,39.5433],[-0.8517,39.55]]]}},{"type":"Feature","properties":{"id":"poyo-catarroja","scope":"natural","area_km2":360.5},"geometry":{"type":"Polygon","coordinates":[[[-0.8517,39.55],[-0.8667,39.5242],[-0.8617,39.5217],[-0.8625,39.5183],[-0.8567,39.5125],[-0.8625,39.505],[-0.8633,39.4958],[-0.8583,39.4892],[-0.8483,39.4867],[-0.85,39.4808],[-0.8458,39.4725],[-0.8492,39.4667],[-0.845,39.455],[-0.8325,39.4533],[-0.8117,39.4425],[-0.8083,39.4467],[-0.8,39.445],[-0.7908,39.4408],[-0.7892,39.4367],[-0.7742,39.4375],[-0.7575,39.4283],[-0.76,39.4183],[-0.7567,39.4158],[-0.7483,39.415],[-0.7392,39.4208],[-0.7292,39.4192],[-0.7292,39.4142],[-0.7242,39.4117],[-0.7267,39.4042],[-0.7233,39.4],[-0.7142,39.4017],[-0.7142,39.405],[-0.7075,39.4083],[-0.6867,39.4042],[-0.6792,39.395],[-0.6692,39.3925],[-0.67,39.3892],[-0.6633,39.3842],[-0.6583,39.3717],[-0.6425,39.3708],[-0.6417,39.375],[-0.6458,39.3767],[-0.6358,39.3783],[-0.6317,39.3842],[-0.6217,39.3842],[-0.615,39.375],[-0.605,39.3808],[-0.5842,39.3783],[-0.5683,39.3833],[-0.5492,39.3825],[-0.5483,39.38],[-0.5308,39.3833],[-0.5208,39.3875],[-0.5192,39.3933],[-0.4983,39.4025],[-0.4908,39.4133],[-0.4908,39.4208],[-0.4733,39.4333],[-0.4675,39.4342],[-0.4633,39.44],[-0.4433,39.4375],[-0.4258,39.4208],[-0.4167,39.42],[-0.4033,39.405],[-0.395,39.4025],[-0.4017,39.4125],[-0.4025,39.4167],[-0.3975,39.4208],[-0.3992,39.425],[-0.405,39.4267],[-0.4042,39.4333],[-0.4158,39.43],[-0.4217,39.4367],[-0.4308,39.4367],[-0.4575,39.4458],[-0.4725,39.4458],[-0.4817,39.4508],[-0.4858,39.4467],[-0.4975,39.4467],[-0.5133,39.4583],[-0.5117,39.465],[-0.515,39.47],[-0.5458,39.475],[-0.5742,39.4742],[-0.5825,39.4767],[-0.585,39.4825],[-0.6042,39.4833],[-0.6258,39.495],[-0.64,39.5092],[-0.6483,39.5075],[-0.6642,39.5117],[-0.675,39.5083],[-0.6792,39.5133],[-0.7017,39.5233],[-0.7017,39.5317],[-0.7075,39.53],[-0.72,39.5333],[-0.7292,39.5267],[-0.7383,39.53],[-0.7525,39.5292],[-0.7583,39.5242],[-0.7733,39.5233],[-0.7775,39.5183],[-0.7892,39.5267],[-0.8033,39.5258],[-0.82,39.5358],[-0.8292,39.535],[-0.8367,39.5433],[-0.8517,39.55]]]}},{"type":"Feature","properties":{"id":"saleta-aldaia","scope":"natural","area_km2":60.1},"geometry":{"type":"Polygon","coordinates":[[[-0.6183,39.5342],[-0.6217,39.5333],[-0.6233,39.53],[-0.6267,39.53],[-0.6292,39.5258],[-0.6333,39.5225],[-0.6333,39.52],[-0.6375,39.5242],[-0.6442,39.5242],[-0.645,39.5258],[-0.6592,39.5258],[-0.6617,39.5275],[-0.6675,39.5275],[-0.6675,39.5258],[-0.6692,39.525],[-0.6808,39.5242],[-0.6883,39.5275],[-0.6958,39.5275],[-0.6967,39.5292],[-0.7,39.5292],[-0.7008,39.5308],[-0.7033,39.5292],[-0.7033,39.5258],[-0.7017,39.5233],[-0.6983,39.5225],[-0.6975,39.52],[-0.6942,39.52],[-0.6917,39.5167],[-0.6883,39.5167],[-0.6875,39.515],[-0.685,39.515],[-0.6833,39.5133],[-0.6792,39.5133],[-0.6792,39.5117],[-0.6767,39.5108],[-0.675,39.5083],[-0.6683,39.5092],[-0.6642,39.5117],[-0.6625,39.5117],[-0.6617,39.51],[-0.6517,39.51],[-0.6483,39.5075],[-0.645,39.5083],[-0.6442,39.51],[-0.64,39.5092],[-0.6375,39.505],[-0.6342,39.5042],[-0.6342,39.5025],[-0.63,39.5017],[-0.6292,39.4983],[-0.6258,39.495],[-0.62,39.4933],[-0.6175,39.49],[-0.6117,39.4892],[-0.6042,39.4833],[-0.5992,39.4842],[-0.5892,39.4817],[-0.585,39.4825],[-0.5842,39.4792],[-0.5825,39.4792],[-0.5825,39.4767],[-0.5775,39.4767],[-0.5742,39.4742],[-0.5583,39.4758],[-0.5558,39.4733],[-0.5492,39.4733],[-0.5458,39.475],[-0.5408,39.4733],[-0.5342,39.4742],[-0.5333,39.4708],[-0.5267,39.4733],[-0.515,39.47],[-0.515,39.4667],[-0.5117,39.465],[-0.5133,39.4583],[-0.505,39.4525],[-0.5042,39.4492],[-0.4975,39.4483],[-0.4975,39.4467],[-0.4858,39.4467],[-0.485,39.45],[-0.4833,39.4508],[-0.48,39.45],[-0.4792,39.4475],[-0.4758,39.4483],[-0.4733,39.4517],[-0.4717,39.4517],[-0.4717,39.4558],[-0.4675,39.4583],[-0.4675,39.46],[-0.4642,39.4592],[-0.465,39.4558],[-0.4633,39.455],[-0.46,39.4558],[-0.46,39.4583],[-0.4575,39.4592],[-0.455,39.4592],[-0.4542,39.4575],[-0.4467,39.4583],[-0.4458,39.4567],[-0.4425,39.4583],[-0.4433,39.4608],[-0.4458,39.4608],[-0.445,39.4633],[-0.4575,39.4642],[-0.4575,39.4658],[-0.4658,39.465],[-0.4725,39.4683],[-0.47,39.4725],[-0.4667,39.4725],[-0.4675,39.4758],[-0.47,39.4783],[-0.4742,39.4783],[-0.4775,39.4767],[-0.48,39.4767],[-0.48,39.4783],[-0.4858,39.4775],[-0.4917,39.4817],[-0.4975,39.4808],[-0.4975,39.485],[-0.5033,39.4842],[-0.5067,39.4867],[-0.5125,39.4867],[-0.5133,39.485],[-0.515,39.485],[-0.5167,39.4883],[-0.5158,39.4908],[-0.5183,39.4933],[-0.5175,39.495],[-0.5258,39.4958],[-0.5283,39.4933],[-0.53,39.4933],[-0.5308,39.495],[-0.5342,39.495],[-0.5367,39.4983],[-0.5392,39.4983],[-0.545,39.5042],[-0.5458,39.5067],[-0.55,39.5067],[-0.5508,39.5083],[-0.5567,39.5092],[-0.5592,39.5117],[-0.5725,39.5133],[-0.575,39.5108],[-0.5783,39.5108],[-0.5825,39.5083],[-0.5867,39.5108],[-0.59,39.51],[-0.59,39.5125],[-0.5992,39.5125],[-0.6008,39.5175],[-0.6042,39.5175],[-0.6058,39.5192],[-0.6058,39.5217],[-0.6042,39.5217],[-0.6042,39.5233],[-0.6075,39.5258],[-0.6083,39.53],[-0.6117,39.5325],[-0.6183,39.5342]]]}},{"type":"Feature","properties":{"id":"picassent-beniparrell","scope":"natural","area_km2":102.0},"geometry":{"type":"Polygon","coordinates":[[[-0.4658,39.4258],[-0.4775,39.4208],[-0.49,39.4217],[-0.4908,39.4133],[-0.4942,39.4117],[-0.4942,39.4083],[-0.4958,39.4083],[-0.4958,39.405],[-0.4983,39.4025],[-0.5033,39.4],[-0.5058,39.4008],[-0.5142,39.3942],[-0.5192,39.3933],[-0.5208,39.3875],[-0.5283,39.3867],[-0.5308,39.3833],[-0.5467,39.38],[-0.5483,39.38],[-0.5492,39.3825],[-0.5542,39.3833],[-0.5617,39.3817],[-0.5667,39.3817],[-0.5683,39.3833],[-0.5708,39.3808],[-0.5767,39.3817],[-0.5842,39.3792],[-0.575,39.3683],[-0.5775,39.3633],[-0.5792,39.3633],[-0.5775,39.3583],[-0.5792,39.3525],[-0.5767,39.3508],[-0.5767,39.3483],[-0.5733,39.35],[-0.5717,39.3492],[-0.5725,39.3475],[-0.5625,39.3475],[-0.56,39.3383],[-0.5567,39.3375],[-0.5558,39.335],[-0.5567,39.3283],[-0.545,39.3225],[-0.545,39.3192],[-0.5417,39.3175],[-0.5425,39.3133],[-0.54,39.3125],[-0.5375,39.3067],[-0.5317,39.3058],[-0.5292,39.3083],[-0.5292,39.3167],[-0.5242,39.3175],[-0.5242,39.3208],[-0.5208,39.3225],[-0.52,39.3267],[-0.5142,39.3292],[-0.5117,39.3325],[-0.5017,39.3283],[-0.4933,39.3325],[-0.4867,39.3383],[-0.4817,39.3375],[-0.4783,39.3425],[-0.4675,39.3417],[-0.4642,39.3433],[-0.46,39.3492],[-0.4517,39.3475],[-0.4442,39.3483],[-0.4408,39.3425],[-0.4308,39.3433],[-0.4325,39.3508],[-0.4317,39.3592],[-0.4258,39.3592],[-0.4242,39.3633],[-0.4175,39.3658],[-0.4167,39.37],[-0.4183,39.3733],[-0.415,39.3742],[-0.4158,39.3775],[-0.4117,39.3783],[-0.4067,39.3767],[-0.4042,39.3783],[-0.4025,39.3867],[-0.4033,39.3892],[-0.4083,39.3867],[-0.4092,39.3917],[-0.4075,39.3958],[-0.4092,39.3958],[-0.4092,39.3975],[-0.42,39.3983],[-0.4208,39.4017],[-0.4258,39.4025],[-0.4275,39.405],[-0.4267,39.4075],[-0.4317,39.4075],[-0.4358,39.4142],[-0.4417,39.415],[-0.445,39.4183],[-0.445,39.4208],[-0.4475,39.4208],[-0.4475,39.425],[-0.455,39.4258],[-0.4575,39.4242],[-0.4592,39.4258],[-0.4658,39.4258]]]}},{"type":"Feature","properties":{"id":"carraixet-betera","scope":"natural","area_km2":156.0},"geometry":{"type":"Polygon","coordinates":[[[-0.5467,39.8025],[-0.5483,39.7958],[-0.56,39.7925],[-0.5683,39.7933],[-0.5742,39.79],[-0.5758,39.7842],[-0.5783,39.7833],[-0.575,39.7775],[-0.5692,39.7775],[-0.5642,39.7817],[-0.5558,39.7817],[-0.55,39.7717],[-0.54,39.7683],[-0.5392,39.7633],[-0.5417,39.76],[-0.5458,39.7608],[-0.545,39.7558],[-0.5542,39.7558],[-0.5592,39.7525],[-0.5617,39.7408],[-0.5667,39.7383],[-0.5675,39.7333],[-0.5625,39.7333],[-0.56,39.7308],[-0.565,39.7267],[-0.5642,39.7242],[-0.5733,39.7167],[-0.5733,39.7133],[-0.5767,39.7125],[-0.5758,39.7083],[-0.58,39.7033],[-0.5783,39.695],[-0.58,39.6942],[-0.5808,39.68],[-0.5783,39.6792],[-0.5775,39.6692],[-0.5817,39.665],[-0.5775,39.6642],[-0.5667,39.6533],[-0.5642,39.6533],[-0.565,39.6492],[-0.5625,39.6475],[-0.5483,39.6433],[-0.55,39.6383],[-0.5425,39.6317],[-0.5383,39.6308],[-0.5267,39.6175],[-0.5225,39.6175],[-0.5142,39.6092],[-0.5133,39.6],[-0.5158,39.5958],[-0.5008,39.5892],[-0.4992,39.585],[-0.4958,39.5842],[-0.4883,39.5742],[-0.4833,39.5717],[-0.48,39.565],[-0.4758,39.5642],[-0.4733,39.5608],[-0.4667,39.5617],[-0.4642,39.5575],[-0.4617,39.5575],[-0.4567,39.5708],[-0.4608,39.5725],[-0.4608,39.5775],[-0.4658,39.5833],[-0.4658,39.5883],[-0.4608,39.5908],[-0.4592,39.5875],[-0.4542,39.5867],[-0.4525,39.5892],[-0.4475,39.59],[-0.4475,39.5967],[-0.45,39.6],[-0.4492,39.6067],[-0.4525,39.6092],[-0.455,39.6183],[-0.4608,39.6233],[-0.465,39.6358],[-0.4817,39.65],[-0.4867,39.65],[-0.4867,39.6533],[-0.4892,39.6542],[-0.4892,39.6608],[-0.4933,39.6617],[-0.4942,39.6675],[-0.4933,39.6725],[-0.4858,39.6767],[-0.4875,39.6808],[-0.4817,39.6842],[-0.4833,39.6875],[-0.4817,39.6933],[-0.485,39.6975],[-0.4733,39.7042],[-0.4617,39.7042],[-0.4592,39.7075],[-0.455,39.7083],[-0.455,39.7108],[-0.4583,39.715],[-0.4617,39.715],[-0.4625,39.72],[-0.4683,39.7225],[-0.4658,39.725],[-0.4683,39.7342],[-0.4783,39.7367],[-0.4833,39.7333],[-0.4867,39.74],[-0.4925,39.7417],[-0.4925,39.7442],[-0.4992,39.7483],[-0.4975,39.755],[-0.5067,39.7592],[-0.5083,39.7708],[-0.5142,39.7758],[-0.5133,39.7792],[-0.5225,39.785],[-0.5225,39.7892],[-0.525,39.7917],[-0.5292,39.7917],[-0.53,39.7958],[-0.5408,39.7983],[-0.5467,39.8025]]]}},{"type":"Feature","properties":{"id":"carraixet-alfara","scope":"natural","area_km2":291.4},"geometry":{"type":"Polygon","coordinates":[[[-0.5467,39.8025],[-0.5483,39.7958],[-0.5683,39.7933],[-0.5783,39.7833],[-0.575,39.7775],[-0.5558,39.7817],[-0.55,39.7717],[-0.54,39.7683],[-0.5392,39.7633],[-0.5417,39.76],[-0.5458,39.7608],[-0.545,39.7558],[-0.5542,39.7558],[-0.5592,39.7525],[-0.5617,39.7408],[-0.5667,39.7383],[-0.5675,39.7333],[-0.56,39.7308],[-0.5767,39.7125],[-0.5758,39.7083],[-0.58,39.7033],[-0.5783,39.695],[-0.5808,39.68],[-0.5783,39.6792],[-0.5775,39.6692],[-0.5817,39.665],[-0.5642,39.6533],[-0.565,39.6492],[-0.5625,39.6475],[-0.5483,39.6433],[-0.55,39.6383],[-0.5142,39.6092],[-0.5133,39.6],[-0.5158,39.5958],[-0.5008,39.5892],[-0.475,39.5617],[-0.4667,39.5617],[-0.4642,39.5575],[-0.4583,39.5583],[-0.4517,39.5508],[-0.4533,39.5483],[-0.4442,39.54],[-0.44,39.54],[-0.4408,39.53],[-0.425,39.5033],[-0.4167,39.4975],[-0.4058,39.4958],[-0.3875,39.4983],[-0.3833,39.5008],[-0.3842,39.5042],[-0.3742,39.5092],[-0.3658,39.5067],[-0.3633,39.5092],[-0.3667,39.5117],[-0.3617,39.5125],[-0.3617,39.515],[-0.37,39.5192],[-0.3725,39.5267],[-0.3708,39.5417],[-0.3808,39.5533],[-0.3842,39.5625],[-0.3892,39.5658],[-0.3908,39.5758],[-0.4008,39.5783],[-0.4025,39.6025],[-0.4117,39.6142],[-0.4117,39.62],[-0.405,39.6275],[-0.4092,39.6367],[-0.3967,39.6467],[-0.4008,39.6567],[-0.3925,39.6617],[-0.4058,39.6783],[-0.405,39.6825],[-0.3975,39.6858],[-0.4,39.6908],[-0.3975,39.6975],[-0.4042,39.7017],[-0.4125,39.6992],[-0.4192,39.7058],[-0.4267,39.705],[-0.4292,39.71],[-0.4392,39.7092],[-0.4442,39.7175],[-0.4617,39.715],[-0.4625,39.72],[-0.4683,39.7225],[-0.4658,39.725],[-0.4683,39.7342],[-0.4783,39.7367],[-0.4833,39.7333],[-0.4867,39.74],[-0.4992,39.7483],[-0.4975,39.755],[-0.5067,39.7592],[-0.5083,39.7708],[-0.5142,39.7758],[-0.5133,39.7792],[-0.5225,39.785],[-0.5225,39.7892],[-0.5292,39.7917],[-0.53,39.7958],[-0.5467,39.8025]]]}},{"type":"Feature","properties":{"id":"castellarda-lliria","scope":"natural","area_km2":404.5},"geometry":{"type":"Polygon","coordinates":[[[-0.8508,39.9333],[-0.8533,39.9292],[-0.86,39.9283],[-0.865,39.9208],[-0.8708,39.9225],[-0.8742,39.9133],[-0.8658,39.9033],[-0.8708,39.9025],[-0.8717,39.8958],[-0.8825,39.8925],[-0.8833,39.8817],[-0.8917,39.8808],[-0.8992,39.8675],[-0.895,39.8567],[-0.89,39.855],[-0.8917,39.8483],[-0.8825,39.8483],[-0.8817,39.8433],[-0.8725,39.8367],[-0.8667,39.8367],[-0.8692,39.8275],[-0.8583,39.8258],[-0.855,39.8217],[-0.8633,39.82],[-0.8617,39.8133],[-0.8683,39.8125],[-0.8692,39.8067],[-0.8933,39.805],[-0.905,39.7983],[-0.8992,39.7917],[-0.9008,39.7783],[-0.9225,39.765],[-0.9217,39.7583],[-0.9075,39.7608],[-0.905,39.7567],[-0.895,39.7542],[-0.8883,39.7417],[-0.88,39.7392],[-0.8758,39.7308],[-0.8575,39.73],[-0.8525,39.7242],[-0.8408,39.7333],[-0.8325,39.7217],[-0.845,39.6967],[-0.845,39.6892],[-0.84,39.6833],[-0.8433,39.6742],[-0.8375,39.6717],[-0.8317,39.6525],[-0.8417,39.65],[-0.8458,39.6425],[-0.8608,39.6375],[-0.8642,39.63],[-0.8492,39.6208],[-0.8308,39.6292],[-0.8225,39.6225],[-0.8183,39.6242],[-0.8167,39.6342],[-0.8058,39.6367],[-0.7958,39.645],[-0.7733,39.6458],[-0.77,39.6508],[-0.7625,39.6508],[-0.76,39.6475],[-0.75,39.65],[-0.7408,39.6342],[-0.7283,39.6258],[-0.7042,39.6183],[-0.6742,39.6158],[-0.6683,39.6117],[-0.6683,39.6058],[-0.66,39.6083],[-0.6517,39.6158],[-0.66,39.6275],[-0.6583,39.635],[-0.6642,39.6442],[-0.6708,39.6475],[-0.6767,39.6725],[-0.6958,39.6958],[-0.7067,39.6992],[-0.7308,39.7167],[-0.7292,39.7208],[-0.7242,39.7217],[-0.7208,39.7342],[-0.7375,39.7392],[-0.74,39.7533],[-0.75,39.7575],[-0.7533,39.7658],[-0.7517,39.7692],[-0.7458,39.7675],[-0.7417,39.7792],[-0.735,39.7825],[-0.7267,39.7808],[-0.7275,39.775],[-0.7208,39.775],[-0.715,39.7825],[-0.6975,39.775],[-0.6967,39.7792],[-0.6892,39.7833],[-0.6917,39.8],[-0.6833,39.8058],[-0.6725,39.8033],[-0.6683,39.8075],[-0.67,39.815],[-0.6633,39.8175],[-0.6633,39.8208],[-0.6783,39.8258],[-0.68,39.8325],[-0.69,39.8383],[-0.6958,39.8383],[-0.7033,39.8258],[-0.7192,39.8275],[-0.7267,39.8325],[-0.7267,39.8367],[-0.7317,39.8367],[-0.7333,39.8417],[-0.7383,39.8433],[-0.74,39.8492],[-0.7467,39.85],[-0.7492,39.8567],[-0.7575,39.8575],[-0.755,39.8658],[-0.7583,39.8692],[-0.78,39.8667],[-0.7992,39.8775],[-0.8033,39.8833],[-0.8017,39.8908],[-0.8125,39.8975],[-0.8192,39.8958],[-0.8192,39.9025],[-0.8283,39.905],[-0.8325,39.9183],[-0.8508,39.9333]]]}},{"type":"Feature","properties":{"id":"turia-ribarroja","scope":"natural","area_km2":5995.3},"geometry":{"type":"Polygon","coordinates":[[[-0.9825,40.7533],[-1.0058,40.7342],[-1.0508,40.745],[-1.0667,40.7292],[-1.105,40.7517],[-1.1542,40.7458],[-1.14,40.7367],[-1.1392,40.695],[-1.0867,40.6508],[-1.1117,40.6217],[-1.1575,40.6208],[-1.1383,40.6117],[-1.1083,40.5683],[-1.1092,40.5467],[-1.1375,40.5425],[-1.1392,40.5333],[-1.095,40.4992],[-1.1158,40.4808],[-1.0992,40.4658],[-1.1225,40.4383],[-1.1417,40.4467],[-1.165,40.4358],[-1.1917,40.4575],[-1.2217,40.4642],[-1.2592,40.4292],[-1.3025,40.4183],[-1.3608,40.4333],[-1.3908,40.4558],[-1.4175,40.4542],[-1.405,40.5142],[-1.4492,40.5358],[-1.4633,40.5567],[-1.4617,40.5817],[-1.4708,40.5817],[-1.4975,40.5633],[-1.5258,40.5775],[-1.5242,40.5658],[-1.5633,40.5442],[-1.5725,40.4858],[-1.6225,40.5],[-1.6275,40.49],[-1.6658,40.485],[-1.6858,40.4608],[-1.715,40.4533],[-1.7317,40.4317],[-1.7242,40.415],[-1.7458,40.405],[-1.7317,40.3817],[-1.6983,40.3742],[-1.7067,40.3542],[-1.6758,40.3583],[-1.6625,40.325],[-1.615,40.3075],[-1.6083,40.3175],[-1.5775,40.3192],[-1.555,40.2767],[-1.5442,40.2967],[-1.5108,40.2933],[-1.4933,40.2608],[-1.4783,40.265],[-1.465,40.2417],[-1.45,40.24],[-1.4483,40.2225],[-1.4258,40.2042],[-1.435,40.1642],[-1.4608,40.1325],[-1.4442,40.1192],[-1.46,40.1017],[-1.4392,40.0917],[-1.475,40.075],[-1.44,40.0475],[-1.4125,40.0508],[-1.365,39.9942],[-1.34,39.9983],[-1.3233,39.9883],[-1.3208,39.9667],[-1.2808,39.9417],[-1.2933,39.9317],[-1.2558,39.9017],[-1.2558,39.8833],[-1.2933,39.8675],[-1.3058,39.8425],[-1.3,39.825],[-1.32,39.7975],[-1.2933,39.7767],[-1.2683,39.78],[-1.2025,39.755],[-1.2183,39.725],[-1.1925,39.715],[-1.1942,39.685],[-1.0842,39.6042],[-1.08,39.5708],[-1.0533,39.5583],[-1.0633,39.5325],[-1.0467,39.525],[-1.04,39.5058],[-0.9525,39.5067],[-0.9367,39.5325],[-0.9217,39.5367],[-0.8708,39.5133],[-0.8517,39.55],[-0.7775,39.5183],[-0.72,39.5333],[-0.6333,39.52],[-0.6175,39.5342],[-0.59,39.5125],[-0.5633,39.55],[-0.5975,39.5733],[-0.6008,39.5933],[-0.6408,39.6058],[-0.61,39.6125],[-0.5667,39.6525],[-0.5817,39.665],[-0.58,39.7033],[-0.56,39.7308],[-0.5675,39.7333],[-0.56,39.7517],[-0.54,39.7683],[-0.5817,39.7833],[-0.61,39.8308],[-0.6442,39.8158],[-0.69,39.8383],[-0.7192,39.8275],[-0.7575,39.8575],[-0.7583,39.8692],[-0.7992,39.8775],[-0.8475,39.9325],[-0.8708,39.9225],[-0.8733,39.9417],[-0.905,39.9533],[-0.8975,39.9725],[-0.9125,39.9775],[-0.9142,39.9925],[-0.9917,40.0233],[-0.995,40.035],[-1.0158,40.0417],[-1.0117,40.0592],[-1.035,40.0825],[-0.9908,40.1433],[-1.0117,40.1508],[-1.0192,40.1808],[-1.0283,40.1808],[-1.005,40.2075],[-1.0125,40.2542],[-0.9942,40.2533],[-0.9983,40.2683],[-0.9533,40.2992],[-0.9617,40.3142],[-0.9517,40.3333],[-0.9383,40.33],[-0.9383,40.3442],[-0.9225,40.345],[-0.91,40.3608],[-0.9208,40.4258],[-0.9317,40.43],[-0.92,40.4583],[-0.8458,40.4508],[-0.8375,40.4608],[-0.795,40.4567],[-0.7775,40.4667],[-0.72,40.3975],[-0.6442,40.385],[-0.6325,40.3992],[-0.635,40.4183],[-0.6167,40.42],[-0.6042,40.4358],[-0.6192,40.4658],[-0.6975,40.485],[-0.7042,40.5267],[-0.7342,40.535],[-0.7275,40.55],[-0.7392,40.5825],[-0.7208,40.6058],[-0.7433,40.6258],[-0.745,40.6583],[-0.82,40.6517],[-0.8592,40.6933],[-0.8883,40.7017],[-0.8867,40.7117],[-0.9233,40.7283],[-0.95,40.7275],[-0.9825,40.7533]]]}},{"type":"Feature","properties":{"id":"turia-ribarroja","scope":"unregulated","area_km2":998.7},"geometry":{"type":"Polygon","coordinates":[[[-0.8508,39.9333],[-0.865,39.9208],[-0.8708,39.9225],[-0.8742,39.9133],[-0.8658,39.9033],[-0.8825,39.8925],[-0.8833,39.8817],[-0.8917,39.8808],[-0.8992,39.8675],[-0.89,39.855],[-0.8917,39.8483],[-0.8825,39.8483],[-0.8667,39.8367],[-0.8692,39.8275],[-0.855,39.8217],[-0.8633,39.82],[-0.8617,39.8133],[-0.8683,39.8125],[-0.8692,39.8067],[-0.8933,39.805],[-0.905,39.7983],[-0.8992,39.7917],[-0.9008,39.7783],[-0.9225,39.765],[-0.9217,39.7583],[-0.9075,39.7608],[-0.895,39.7542],[-0.8692,39.7258],[-0.8858,39.7167],[-0.8908,39.6967],[-0.9067,39.69],[-0.8992,39.6808],[-0.9025,39.6717],[-0.9225,39.6667],[-0.9258,39.6517],[-0.9517,39.6383],[-0.9533,39.6283],[-0.9733,39.6275],[-0.98,39.62],[-0.9608,39.6067],[-0.945,39.6033],[-0.935,39.5908],[-0.9075,39.5917],[-0.8833,39.5717],[-0.8667,39.5675],[-0.8292,39.535],[-0.7867,39.5258],[-0.7817,39.5192],[-0.7525,39.5292],[-0.7292,39.5267],[-0.72,39.5333],[-0.6808,39.5242],[-0.645,39.5258],[-0.6333,39.52],[-0.6175,39.5342],[-0.6083,39.53],[-0.5992,39.5125],[-0.59,39.5125],[-0.5817,39.5325],[-0.57,39.53],[-0.5658,39.535],[-0.5633,39.55],[-0.5758,39.555],[-0.58,39.5675],[-0.5975,39.5733],[-0.6033,39.5825],[-0.6008,39.5933],[-0.6408,39.6058],[-0.6275,39.6142],[-0.61,39.6125],[-0.605,39.6217],[-0.5983,39.6217],[-0.5983,39.63],[-0.5767,39.6375],[-0.5667,39.6525],[-0.5817,39.665],[-0.5775,39.6692],[-0.58,39.7033],[-0.56,39.7308],[-0.5675,39.7333],[-0.56,39.7517],[-0.545,39.7558],[-0.54,39.7683],[-0.55,39.7717],[-0.5558,39.7817],[-0.575,39.7775],[-0.5817,39.7833],[-0.5925,39.8042],[-0.6042,39.81],[-0.6025,39.8192],[-0.61,39.8308],[-0.625,39.8292],[-0.6317,39.8183],[-0.6392,39.8208],[-0.6442,39.8158],[-0.6508,39.8217],[-0.6633,39.8175],[-0.69,39.8383],[-0.6958,39.8383],[-0.7033,39.8258],[-0.7192,39.8275],[-0.7492,39.8567],[-0.7575,39.8575],[-0.7583,39.8692],[-0.78,39.8667],[-0.7992,39.8775],[-0.8017,39.8908],[-0.8192,39.8958],[-0.8325,39.9183],[-0.8508,39.9333]]]}},{"type":"Feature","properties":{"id":"turia-nuevo-cauce","scope":"natural","area_km2":6153.3},"geometry":{"type":"Polygon","coordinates":[[[-0.9825,40.7533],[-1.0058,40.7342],[-1.0508,40.745],[-1.0667,40.7292],[-1.105,40.7517],[-1.1542,40.7458],[-1.14,40.7367],[-1.1392,40.695],[-1.0867,40.6508],[-1.1117,40.6217],[-1.1575,40.6208],[-1.1383,40.6117],[-1.1083,40.5683],[-1.1092,40.5467],[-1.1375,40.5425],[-1.1392,40.5333],[-1.095,40.4992],[-1.1158,40.4808],[-1.0992,40.4658],[-1.1225,40.4383],[-1.1417,40.4467],[-1.165,40.4358],[-1.1917,40.4575],[-1.2217,40.4642],[-1.2592,40.4292],[-1.3025,40.4183],[-1.3608,40.4333],[-1.3908,40.4558],[-1.4175,40.4542],[-1.405,40.5142],[-1.4492,40.5358],[-1.4633,40.5567],[-1.4617,40.5817],[-1.4708,40.5817],[-1.4975,40.5633],[-1.5258,40.5775],[-1.5242,40.5658],[-1.5633,40.5442],[-1.5725,40.4858],[-1.6225,40.5],[-1.6275,40.49],[-1.6658,40.485],[-1.6858,40.4608],[-1.7158,40.4525],[-1.7317,40.4317],[-1.7242,40.415],[-1.745,40.4025],[-1.7317,40.3817],[-1.6983,40.3742],[-1.7067,40.3542],[-1.6758,40.3583],[-1.6625,40.325],[-1.615,40.3075],[-1.6083,40.3175],[-1.5775,40.3192],[-1.555,40.2767],[-1.5442,40.2967],[-1.5108,40.2933],[-1.4933,40.2608],[-1.4783,40.265],[-1.465,40.2417],[-1.45,40.24],[-1.4483,40.2225],[-1.4258,40.2042],[-1.435,40.1642],[-1.4608,40.1325],[-1.4442,40.1192],[-1.46,40.1017],[-1.4392,40.0917],[-1.475,40.075],[-1.44,40.0475],[-1.4125,40.0508],[-1.365,39.9942],[-1.34,39.9983],[-1.3233,39.9883],[-1.3208,39.9667],[-1.2808,39.9417],[-1.2933,39.9317],[-1.2558,39.9017],[-1.2558,39.8833],[-1.2933,39.8675],[-1.3058,39.8425],[-1.3,39.825],[-1.32,39.7975],[-1.2933,39.7767],[-1.2683,39.78],[-1.2025,39.755],[-1.2183,39.725],[-1.1925,39.715],[-1.1942,39.685],[-1.0842,39.6042],[-1.08,39.5708],[-1.0533,39.5583],[-1.0633,39.5325],[-1.0467,39.525],[-1.04,39.5058],[-0.9525,39.5067],[-0.9367,39.5325],[-0.9217,39.5367],[-0.8708,39.5133],[-0.8483,39.55],[-0.7775,39.5183],[-0.72,39.5333],[-0.6333,39.52],[-0.6175,39.5342],[-0.5992,39.5125],[-0.5592,39.5117],[-0.5175,39.495],[-0.515,39.485],[-0.47,39.4783],[-0.4658,39.465],[-0.4233,39.4658],[-0.42,39.4783],[-0.4542,39.4992],[-0.4475,39.5175],[-0.4733,39.5617],[-0.5158,39.5958],[-0.5142,39.6092],[-0.5483,39.6433],[-0.5817,39.665],[-0.58,39.7033],[-0.56,39.7308],[-0.5667,39.7383],[-0.54,39.7683],[-0.5817,39.7833],[-0.61,39.8308],[-0.645,39.8158],[-0.6958,39.8383],[-0.7092,39.8242],[-0.7575,39.8575],[-0.7583,39.8692],[-0.7933,39.8733],[-0.8475,39.9325],[-0.8675,39.9208],[-0.8733,39.9417],[-0.8958,39.9442],[-0.905,39.9533],[-0.8975,39.9725],[-0.9125,39.9775],[-0.9142,39.9925],[-0.9575,40.0025],[-1.0158,40.0417],[-1.0117,40.0592],[-1.0342,40.0775],[-1.0267,40.1058],[-0.9908,40.1433],[-1.0117,40.1508],[-1.0192,40.1808],[-1.0283,40.1808],[-1.005,40.2075],[-1.0125,40.2542],[-0.9942,40.2533],[-0.9983,40.2683],[-0.9533,40.2992],[-0.9617,40.3142],[-0.9517,40.3333],[-0.9383,40.33],[-0.9383,40.3442],[-0.9225,40.345],[-0.91,40.3608],[-0.9208,40.4258],[-0.9317,40.43],[-0.92,40.4583],[-0.8458,40.4508],[-0.8375,40.4608],[-0.7717,40.465],[-0.7308,40.4075],[-0.6908,40.3892],[-0.6425,40.385],[-0.635,40.4183],[-0.6042,40.43],[-0.6192,40.4658],[-0.6975,40.485],[-0.7042,40.5267],[-0.7342,40.535],[-0.7275,40.55],[-0.7392,40.5825],[-0.7208,40.6058],[-0.7433,40.6258],[-0.745,40.6583],[-0.82,40.6517],[-0.8592,40.6933],[-0.8883,40.7017],[-0.8867,40.7117],[-0.9233,40.7283],[-0.95,40.7275],[-0.9825,40.7533]]]}},{"type":"Feature","properties":{"id":"turia-nuevo-cauce","scope":"unregulated","area_km2":1156.7},"geometry":{"type":"Polygon","coordinates":[[[-0.8508,39.9333],[-0.865,39.9208],[-0.8708,39.9225],[-0.8742,39.9133],[-0.8658,39.9033],[-0.8825,39.8925],[-0.8833,39.8817],[-0.8917,39.8808],[-0.8992,39.8675],[-0.89,39.855],[-0.8917,39.8483],[-0.8825,39.8483],[-0.8667,39.8367],[-0.8692,39.8275],[-0.855,39.8217],[-0.8633,39.82],[-0.8617,39.8133],[-0.8692,39.8067],[-0.905,39.7983],[-0.8992,39.7917],[-0.9008,39.7783],[-0.9225,39.765],[-0.9217,39.7583],[-0.9075,39.7608],[-0.895,39.7542],[-0.8692,39.7258],[-0.8858,39.7167],[-0.8908,39.6967],[-0.9067,39.69],[-0.8992,39.6808],[-0.9025,39.6717],[-0.9225,39.6667],[-0.9258,39.6517],[-0.9517,39.6383],[-0.9533,39.6283],[-0.9733,39.6275],[-0.98,39.62],[-0.945,39.6033],[-0.935,39.5908],[-0.9075,39.5917],[-0.8833,39.5717],[-0.8667,39.5675],[-0.8292,39.535],[-0.7867,39.5258],[-0.7817,39.5192],[-0.7525,39.5292],[-0.7292,39.5267],[-0.72,39.5333],[-0.6808,39.5242],[-0.645,39.5258],[-0.6333,39.52],[-0.6175,39.5342],[-0.6083,39.53],[-0.5992,39.5125],[-0.5592,39.5117],[-0.5342,39.495],[-0.5175,39.495],[-0.515,39.485],[-0.47,39.4783],[-0.4667,39.4725],[-0.4725,39.4683],[-0.4658,39.465],[-0.44,39.4625],[-0.4175,39.4692],[-0.42,39.4783],[-0.4458,39.4892],[-0.4542,39.4992],[-0.4475,39.5175],[-0.4575,39.5258],[-0.4567,39.5367],[-0.4708,39.5475],[-0.4733,39.5617],[-0.5008,39.5892],[-0.5158,39.5958],[-0.5142,39.6092],[-0.55,39.6383],[-0.5483,39.6433],[-0.5625,39.6475],[-0.5817,39.665],[-0.5775,39.6692],[-0.58,39.7033],[-0.56,39.7308],[-0.5675,39.7333],[-0.5667,39.7383],[-0.5592,39.7525],[-0.545,39.7558],[-0.54,39.7683],[-0.55,39.7717],[-0.5558,39.7817],[-0.575,39.7775],[-0.5817,39.7833],[-0.5925,39.8042],[-0.6042,39.81],[-0.6025,39.8192],[-0.61,39.8308],[-0.625,39.8292],[-0.6317,39.8183],[-0.6392,39.8208],[-0.6442,39.8158],[-0.6508,39.8217],[-0.6633,39.8175],[-0.69,39.8383],[-0.6958,39.8383],[-0.7033,39.8258],[-0.7192,39.8275],[-0.7492,39.8567],[-0.7575,39.8575],[-0.7583,39.8692],[-0.78,39.8667],[-0.7992,39.8775],[-0.8017,39.8908],[-0.8192,39.8958],[-0.8325,39.9183],[-0.8508,39.9333]]]}},{"type":"Feature","properties":{"id":"bunol-bunol","scope":"natural","area_km2":98.2},"geometry":{"type":"Polygon","coordinates":[[[-0.9217,39.5367],[-0.9217,39.535],[-0.9267,39.5317],[-0.9367,39.5325],[-0.9375,39.5283],[-0.9358,39.5283],[-0.935,39.5258],[-0.9375,39.5242],[-0.9358,39.5225],[-0.9383,39.5217],[-0.9408,39.5175],[-0.95,39.5158],[-0.9517,39.5133],[-0.95,39.5092],[-0.9525,39.5075],[-0.9508,39.505],[-0.9458,39.5042],[-0.9408,39.5],[-0.945,39.4967],[-0.9417,39.4908],[-0.9467,39.4858],[-0.9425,39.4808],[-0.9458,39.4808],[-0.9475,39.4775],[-0.9475,39.4733],[-0.9442,39.4692],[-0.9408,39.4592],[-0.9408,39.4567],[-0.9442,39.4533],[-0.9442,39.45],[-0.9417,39.4492],[-0.9408,39.445],[-0.9317,39.4458],[-0.9308,39.4342],[-0.9292,39.4325],[-0.92,39.4317],[-0.915,39.4258],[-0.9042,39.4267],[-0.9025,39.4275],[-0.9033,39.4333],[-0.8992,39.4358],[-0.8983,39.44],[-0.8758,39.44],[-0.8683,39.4358],[-0.8683,39.4342],[-0.8642,39.4342],[-0.8542,39.4283],[-0.8525,39.4258],[-0.8542,39.4225],[-0.845,39.4175],[-0.8442,39.415],[-0.8375,39.415],[-0.8358,39.4125],[-0.8292,39.4133],[-0.8267,39.4108],[-0.8225,39.4117],[-0.8192,39.4083],[-0.8142,39.41],[-0.8133,39.4083],[-0.8058,39.4067],[-0.8017,39.41],[-0.79,39.41],[-0.7883,39.4117],[-0.7883,39.4167],[-0.7867,39.4167],[-0.7875,39.425],[-0.7917,39.43],[-0.8008,39.4358],[-0.8,39.4408],[-0.8025,39.445],[-0.8083,39.4467],[-0.8108,39.4425],[-0.8183,39.4442],[-0.8208,39.4475],[-0.8325,39.4533],[-0.84,39.4533],[-0.8458,39.4558],[-0.8458,39.4608],[-0.8483,39.4608],[-0.8475,39.4642],[-0.8492,39.4667],[-0.8492,39.4692],[-0.8458,39.4725],[-0.85,39.4808],[-0.8483,39.4867],[-0.85,39.4883],[-0.8533,39.4875],[-0.8542,39.4892],[-0.8583,39.4892],[-0.86,39.4942],[-0.8633,39.4958],[-0.8625,39.505],[-0.8567,39.51],[-0.8567,39.5125],[-0.8617,39.5183],[-0.8683,39.5167],[-0.8708,39.5133],[-0.8775,39.5133],[-0.8808,39.515],[-0.8825,39.5192],[-0.89,39.5208],[-0.8967,39.5267],[-0.9158,39.53],[-0.9183,39.5358],[-0.9217,39.5367]]]}},{"type":"Feature","properties":{"id":"magro-utiel","scope":"natural","area_km2":521.8},"geometry":{"type":"Polygon","coordinates":[[[-1.3208,39.7983],[-1.3283,39.7933],[-1.3308,39.7825],[-1.34,39.7833],[-1.345,39.7783],[-1.3433,39.7675],[-1.3525,39.7617],[-1.3517,39.7558],[-1.3708,39.755],[-1.3833,39.7475],[-1.38,39.745],[-1.3833,39.7358],[-1.38,39.7133],[-1.3858,39.7117],[-1.3833,39.7058],[-1.4008,39.7042],[-1.3992,39.6983],[-1.4117,39.6942],[-1.425,39.6692],[-1.4442,39.6675],[-1.445,39.6792],[-1.4608,39.6783],[-1.4733,39.6875],[-1.5,39.6758],[-1.5,39.67],[-1.4883,39.655],[-1.4917,39.6467],[-1.4808,39.6358],[-1.4833,39.63],[-1.4708,39.6192],[-1.4767,39.6108],[-1.4717,39.6008],[-1.475,39.5983],[-1.4733,39.5908],[-1.445,39.5875],[-1.4417,39.5817],[-1.43,39.5783],[-1.43,39.5667],[-1.4267,39.5642],[-1.405,39.5617],[-1.4017,39.5558],[-1.3775,39.5475],[-1.3667,39.5492],[-1.3483,39.5433],[-1.3283,39.5308],[-1.2783,39.5358],[-1.2725,39.5275],[-1.2683,39.5275],[-1.2617,39.5325],[-1.2508,39.5292],[-1.235,39.5325],[-1.235,39.5375],[-1.2233,39.545],[-1.2208,39.5533],[-1.2042,39.5542],[-1.1983,39.5592],[-1.1983,39.5683],[-1.1925,39.5758],[-1.1742,39.5833],[-1.1667,39.5942],[-1.165,39.6092],[-1.1508,39.6175],[-1.15,39.6225],[-1.1425,39.6225],[-1.1417,39.635],[-1.1358,39.6392],[-1.1425,39.6475],[-1.15,39.645],[-1.16,39.6517],[-1.1767,39.6725],[-1.1942,39.685],[-1.195,39.6892],[-1.1892,39.6917],[-1.1883,39.7042],[-1.1925,39.715],[-1.1983,39.7167],[-1.2008,39.7233],[-1.2183,39.725],[-1.2108,39.7325],[-1.2025,39.755],[-1.2142,39.7642],[-1.23,39.7625],[-1.24,39.77],[-1.2542,39.7692],[-1.2617,39.7783],[-1.2683,39.78],[-1.2933,39.7767],[-1.305,39.7917],[-1.3208,39.7983]],[[-1.37,39.6992],[-1.3592,39.6983],[-1.3525,39.6908],[-1.3492,39.6742],[-1.3525,39.665],[-1.36,39.6625],[-1.3608,39.655],[-1.3508,39.6417],[-1.3708,39.6358],[-1.3858,39.625],[-1.3967,39.6383],[-1.4058,39.6358],[-1.4108,39.6375],[-1.41,39.6417],[-1.4167,39.6425],[-1.4158,39.6525],[-1.4242,39.6625],[-1.4142,39.6675],[-1.3967,39.6667],[-1.3825,39.6933],[-1.37,39.6992]]]}},{"type":"Feature","properties":{"id":"magro-requena","scope":"natural","area_km2":686.2},"geometry":{"type":"Polygon","coordinates":[[[-1.3208,39.7983],[-1.3283,39.7933],[-1.3308,39.7825],[-1.34,39.7833],[-1.345,39.7783],[-1.3433,39.7675],[-1.3525,39.7617],[-1.3517,39.7558],[-1.3708,39.755],[-1.3833,39.7475],[-1.38,39.745],[-1.3833,39.7358],[-1.38,39.7133],[-1.3858,39.7117],[-1.3833,39.7058],[-1.4008,39.7042],[-1.3992,39.6983],[-1.4117,39.6942],[-1.425,39.6692],[-1.4442,39.6675],[-1.445,39.6792],[-1.4608,39.6783],[-1.4733,39.6875],[-1.5,39.6758],[-1.4883,39.655],[-1.4917,39.6467],[-1.4808,39.6358],[-1.4833,39.63],[-1.4708,39.6192],[-1.4767,39.6108],[-1.4717,39.6008],[-1.4733,39.5908],[-1.445,39.5875],[-1.4417,39.5817],[-1.43,39.5783],[-1.43,39.5667],[-1.425,39.5633],[-1.405,39.5617],[-1.4017,39.5558],[-1.3775,39.5475],[-1.3667,39.5492],[-1.3483,39.5433],[-1.3325,39.5317],[-1.2783,39.5358],[-1.2683,39.5275],[-1.2617,39.5325],[-1.2508,39.5292],[-1.2342,39.5325],[-1.2258,39.5233],[-1.1892,39.5075],[-1.1808,39.4967],[-1.1342,39.4792],[-1.1108,39.4633],[-1.0808,39.4783],[-1.0767,39.4842],[-1.0783,39.495],[-1.0675,39.5058],[-1.0667,39.525],[-1.0533,39.5583],[-1.0608,39.5583],[-1.0617,39.5658],[-1.0683,39.57],[-1.08,39.5708],[-1.0792,39.5775],[-1.0892,39.5925],[-1.0833,39.5983],[-1.0842,39.6042],[-1.0958,39.61],[-1.1008,39.6217],[-1.1192,39.6267],[-1.1425,39.6475],[-1.15,39.645],[-1.16,39.6517],[-1.1767,39.6725],[-1.1942,39.685],[-1.1883,39.7042],[-1.1925,39.715],[-1.2008,39.7233],[-1.2183,39.725],[-1.2108,39.7325],[-1.2025,39.755],[-1.2142,39.7642],[-1.23,39.7625],[-1.24,39.77],[-1.2542,39.7692],[-1.2683,39.78],[-1.2933,39.7767],[-1.305,39.7917],[-1.3208,39.7983]],[[-1.37,39.6992],[-1.3592,39.6983],[-1.3525,39.6908],[-1.3492,39.6742],[-1.3525,39.665],[-1.36,39.6625],[-1.3608,39.655],[-1.3508,39.6417],[-1.3708,39.6358],[-1.3858,39.625],[-1.3967,39.6383],[-1.4058,39.6358],[-1.4167,39.6425],[-1.4158,39.6525],[-1.4242,39.6625],[-1.4142,39.6675],[-1.3967,39.6667],[-1.3825,39.6933],[-1.37,39.6992]]]}},{"type":"Feature","properties":{"id":"magro-real","scope":"natural","area_km2":1378.4},"geometry":{"type":"Polygon","coordinates":[[[-1.3208,39.7983],[-1.3308,39.7825],[-1.345,39.7783],[-1.3433,39.7675],[-1.3517,39.7558],[-1.3833,39.7475],[-1.3833,39.7058],[-1.4008,39.7042],[-1.3992,39.6983],[-1.4117,39.6942],[-1.425,39.6692],[-1.4442,39.6675],[-1.445,39.6792],[-1.4608,39.6783],[-1.4733,39.6875],[-1.5,39.6758],[-1.4883,39.655],[-1.4917,39.6467],[-1.4808,39.6358],[-1.4833,39.63],[-1.4708,39.6192],[-1.4767,39.6108],[-1.4733,39.5908],[-1.445,39.5875],[-1.43,39.5783],[-1.425,39.5633],[-1.3483,39.5433],[-1.3325,39.5317],[-1.2783,39.5358],[-1.2683,39.5275],[-1.2342,39.5325],[-1.1892,39.5075],[-1.1808,39.4967],[-1.1083,39.4633],[-1.1075,39.4483],[-1.0942,39.44],[-1.1133,39.4292],[-1.1183,39.41],[-1.135,39.4067],[-1.1375,39.3975],[-1.1325,39.3858],[-1.1108,39.375],[-1.1308,39.3533],[-1.1242,39.3417],[-1.1117,39.34],[-1.1142,39.3308],[-1.0708,39.3142],[-1.0358,39.3283],[-1.02,39.3525],[-1.01,39.3525],[-0.9133,39.3117],[-0.9075,39.3008],[-0.8908,39.2942],[-0.8883,39.3042],[-0.8758,39.3108],[-0.8017,39.3058],[-0.7742,39.3192],[-0.7717,39.33],[-0.7442,39.3292],[-0.7283,39.3375],[-0.6992,39.3308],[-0.6808,39.3433],[-0.6383,39.3175],[-0.625,39.3167],[-0.61,39.3208],[-0.6108,39.3333],[-0.5917,39.3367],[-0.5767,39.3483],[-0.575,39.3683],[-0.5867,39.38],[-0.615,39.375],[-0.6217,39.3842],[-0.6317,39.3842],[-0.6458,39.3767],[-0.6425,39.3708],[-0.6583,39.3717],[-0.6692,39.3925],[-0.6867,39.4042],[-0.7075,39.4083],[-0.7233,39.4],[-0.7292,39.4192],[-0.7567,39.4158],[-0.7575,39.4283],[-0.7742,39.4375],[-0.7892,39.4367],[-0.8,39.445],[-0.8117,39.4425],[-0.845,39.455],[-0.8483,39.4867],[-0.8633,39.4958],[-0.8567,39.51],[-0.8617,39.5183],[-0.8775,39.5133],[-0.9217,39.5367],[-0.9367,39.5325],[-0.9358,39.5225],[-0.95,39.5158],[-0.9525,39.5067],[-0.9858,39.5133],[-1.0092,39.5008],[-1.04,39.5058],[-1.0492,39.515],[-1.0467,39.525],[-1.0633,39.5325],[-1.0533,39.5583],[-1.08,39.5708],[-1.0892,39.5925],[-1.0842,39.6042],[-1.0958,39.61],[-1.1008,39.6217],[-1.16,39.6517],[-1.1942,39.685],[-1.1883,39.7042],[-1.1925,39.715],[-1.2008,39.7233],[-1.2183,39.725],[-1.2025,39.755],[-1.2142,39.7642],[-1.2542,39.7692],[-1.2683,39.78],[-1.2933,39.7767],[-1.305,39.7917],[-1.3208,39.7983]],[[-1.37,39.6992],[-1.3525,39.6908],[-1.3492,39.6742],[-1.3608,39.655],[-1.3508,39.6417],[-1.3858,39.625],[-1.3967,39.6383],[-1.4058,39.6358],[-1.4167,39.6425],[-1.4158,39.6525],[-1.4242,39.6625],[-1.3967,39.6667],[-1.3825,39.6933],[-1.37,39.6992]]]}},{"type":"Feature","properties":{"id":"magro-real","scope":"unregulated","area_km2":361.8},"geometry":{"type":"Polygon","coordinates":[[[-0.9217,39.5367],[-0.9267,39.5317],[-0.9367,39.5325],[-0.9358,39.5225],[-0.9408,39.5175],[-0.95,39.5158],[-0.9525,39.5067],[-0.9408,39.5],[-0.945,39.4967],[-0.9417,39.4908],[-0.9467,39.4858],[-0.9425,39.4808],[-0.9475,39.4775],[-0.9408,39.4592],[-0.9442,39.45],[-0.9408,39.445],[-0.9317,39.4458],[-0.9308,39.4342],[-0.92,39.4317],[-0.915,39.4267],[-0.9167,39.4242],[-0.9358,39.4242],[-0.9242,39.4175],[-0.925,39.4108],[-0.9333,39.4108],[-0.9333,39.4067],[-0.9183,39.3975],[-0.9175,39.3883],[-0.91,39.3875],[-0.9083,39.3833],[-0.9025,39.3817],[-0.8992,39.3667],[-0.8925,39.3667],[-0.89,39.3592],[-0.88,39.3542],[-0.8775,39.3483],[-0.8767,39.3433],[-0.8867,39.3175],[-0.8975,39.315],[-0.9008,39.3108],[-0.9117,39.3108],[-0.905,39.2992],[-0.8908,39.2942],[-0.8883,39.3042],[-0.8758,39.3108],[-0.86,39.3058],[-0.8425,39.3083],[-0.8017,39.3058],[-0.7892,39.315],[-0.7742,39.3192],[-0.7717,39.33],[-0.755,39.3317],[-0.7442,39.3292],[-0.7433,39.3342],[-0.7283,39.3375],[-0.6992,39.3308],[-0.6892,39.3358],[-0.6875,39.3425],[-0.6808,39.3433],[-0.6658,39.3375],[-0.6383,39.3175],[-0.625,39.3167],[-0.61,39.3208],[-0.6108,39.3333],[-0.5917,39.3367],[-0.5833,39.3483],[-0.5767,39.3483],[-0.5792,39.3633],[-0.575,39.3683],[-0.5867,39.38],[-0.605,39.3808],[-0.615,39.375],[-0.6217,39.3842],[-0.6317,39.3842],[-0.6358,39.3783],[-0.6458,39.3767],[-0.6417,39.375],[-0.6425,39.3708],[-0.6583,39.3717],[-0.6633,39.3842],[-0.67,39.3892],[-0.6692,39.3925],[-0.6792,39.395],[-0.6867,39.4042],[-0.7075,39.4083],[-0.7142,39.405],[-0.7142,39.4017],[-0.7233,39.4],[-0.7267,39.4042],[-0.7242,39.4117],[-0.7292,39.4142],[-0.7292,39.4192],[-0.7392,39.4208],[-0.7483,39.415],[-0.7567,39.4158],[-0.76,39.4183],[-0.7575,39.4283],[-0.7742,39.4375],[-0.7892,39.4367],[-0.7908,39.4408],[-0.8,39.445],[-0.8083,39.4467],[-0.8117,39.4425],[-0.8325,39.4533],[-0.845,39.455],[-0.8492,39.4667],[-0.8458,39.4725],[-0.85,39.4808],[-0.8483,39.4867],[-0.8583,39.4892],[-0.8633,39.4958],[-0.8625,39.505],[-0.8567,39.51],[-0.8583,39.515],[-0.8633,39.5183],[-0.8708,39.5133],[-0.88,39.5142],[-0.8825,39.5192],[-0.8967,39.5267],[-0.9158,39.53],[-0.9217,39.5367]]]}},{"type":"Feature","properties":{"id":"magro-carlet","scope":"natural","area_km2":1522.7},"geometry":{"type":"Polygon","coordinates":[[[-1.3208,39.7983],[-1.3308,39.7825],[-1.345,39.7783],[-1.3433,39.7675],[-1.3517,39.7558],[-1.3833,39.7475],[-1.3833,39.7058],[-1.4008,39.7042],[-1.3992,39.6983],[-1.4117,39.6942],[-1.425,39.6692],[-1.4442,39.6675],[-1.445,39.6792],[-1.4608,39.6783],[-1.4733,39.6875],[-1.5,39.6758],[-1.4833,39.63],[-1.4708,39.6192],[-1.4767,39.6108],[-1.4733,39.5908],[-1.445,39.5875],[-1.43,39.5783],[-1.425,39.5633],[-1.3483,39.5433],[-1.3325,39.5317],[-1.2783,39.5358],[-1.2683,39.5275],[-1.2342,39.5325],[-1.1808,39.4967],[-1.1083,39.4633],[-1.1075,39.4483],[-1.0942,39.44],[-1.1133,39.4292],[-1.1183,39.41],[-1.135,39.4067],[-1.1375,39.3975],[-1.1325,39.3858],[-1.1108,39.375],[-1.1308,39.3533],[-1.1242,39.3417],[-1.1117,39.34],[-1.1142,39.3308],[-1.0708,39.3142],[-1.0358,39.3283],[-1.02,39.3525],[-1.01,39.3525],[-0.9117,39.3108],[-0.9075,39.3008],[-0.8933,39.2942],[-0.8758,39.3108],[-0.86,39.3058],[-0.7967,39.3092],[-0.7633,39.305],[-0.76,39.2775],[-0.7367,39.2833],[-0.7025,39.275],[-0.6842,39.2967],[-0.6642,39.2825],[-0.6192,39.2842],[-0.5858,39.2475],[-0.5117,39.225],[-0.5192,39.2442],[-0.5392,39.2617],[-0.5375,39.2783],[-0.5225,39.2817],[-0.5158,39.2992],[-0.525,39.31],[-0.5383,39.3075],[-0.545,39.3225],[-0.5567,39.3283],[-0.5633,39.3483],[-0.5767,39.3483],[-0.575,39.3683],[-0.5833,39.3783],[-0.605,39.3808],[-0.615,39.375],[-0.6217,39.3842],[-0.6317,39.3842],[-0.6458,39.3767],[-0.6425,39.3708],[-0.6583,39.3717],[-0.6692,39.3925],[-0.6867,39.4042],[-0.7075,39.4083],[-0.7233,39.4],[-0.7292,39.4192],[-0.7567,39.4158],[-0.7575,39.4283],[-0.7742,39.4375],[-0.845,39.455],[-0.8483,39.4867],[-0.8633,39.4958],[-0.8583,39.515],[-0.88,39.5142],[-0.9192,39.5367],[-0.9367,39.5325],[-0.9358,39.5225],[-0.95,39.5158],[-0.9525,39.5067],[-0.9858,39.5133],[-1.0092,39.5008],[-1.04,39.5058],[-1.0492,39.515],[-1.0467,39.525],[-1.0633,39.5325],[-1.0533,39.5583],[-1.08,39.5708],[-1.0892,39.5925],[-1.0842,39.6042],[-1.1008,39.6217],[-1.16,39.6517],[-1.1942,39.685],[-1.1883,39.7042],[-1.1925,39.715],[-1.2008,39.7233],[-1.2183,39.725],[-1.2025,39.755],[-1.2142,39.7642],[-1.2542,39.7692],[-1.2683,39.78],[-1.2933,39.7767],[-1.305,39.7917],[-1.3208,39.7983]],[[-1.37,39.6992],[-1.3525,39.6908],[-1.3492,39.6742],[-1.3608,39.655],[-1.3508,39.6417],[-1.3858,39.625],[-1.3967,39.6383],[-1.4167,39.6425],[-1.4242,39.6625],[-1.3967,39.6667],[-1.3825,39.6933],[-1.37,39.6992]]]}},{"type":"Feature","properties":{"id":"magro-carlet","scope":"unregulated","area_km2":506.1},"geometry":{"type":"Polygon","coordinates":[[[-0.9217,39.5367],[-0.9267,39.5317],[-0.9367,39.5325],[-0.9358,39.5225],[-0.9517,39.5133],[-0.9525,39.5067],[-0.9408,39.5],[-0.945,39.4967],[-0.9417,39.4908],[-0.9467,39.4858],[-0.9425,39.4808],[-0.9475,39.4775],[-0.9408,39.4592],[-0.9442,39.45],[-0.9408,39.445],[-0.9317,39.4458],[-0.9308,39.4342],[-0.915,39.4267],[-0.9358,39.4242],[-0.9242,39.4175],[-0.925,39.4108],[-0.9333,39.4108],[-0.9333,39.4067],[-0.9183,39.3975],[-0.9175,39.3883],[-0.9025,39.3817],[-0.8992,39.3667],[-0.8925,39.3667],[-0.89,39.3592],[-0.8792,39.3533],[-0.8767,39.3442],[-0.8875,39.3167],[-0.9117,39.3108],[-0.9075,39.3008],[-0.8908,39.2942],[-0.8883,39.3042],[-0.8758,39.3108],[-0.86,39.3058],[-0.8017,39.3058],[-0.7967,39.3092],[-0.7842,39.305],[-0.7633,39.305],[-0.7583,39.2958],[-0.7617,39.2783],[-0.7367,39.2833],[-0.7125,39.275],[-0.6933,39.28],[-0.6917,39.2892],[-0.6842,39.2967],[-0.6725,39.285],[-0.6642,39.2825],[-0.6558,39.2867],[-0.6358,39.2842],[-0.6342,39.2808],[-0.6192,39.2842],[-0.6,39.2642],[-0.5992,39.2583],[-0.5883,39.2558],[-0.5858,39.2475],[-0.5767,39.2492],[-0.5542,39.2417],[-0.5483,39.235],[-0.5283,39.2342],[-0.5167,39.2233],[-0.5117,39.225],[-0.5175,39.2317],[-0.5192,39.2442],[-0.5392,39.2617],[-0.535,39.2675],[-0.5375,39.2742],[-0.5333,39.2758],[-0.5375,39.2783],[-0.5225,39.2817],[-0.5208,39.2942],[-0.5158,39.2992],[-0.525,39.31],[-0.5317,39.3058],[-0.5383,39.3075],[-0.545,39.3225],[-0.5567,39.3283],[-0.5567,39.3375],[-0.5633,39.3483],[-0.5767,39.3483],[-0.5792,39.3633],[-0.575,39.3683],[-0.58,39.3758],[-0.5867,39.38],[-0.605,39.3808],[-0.615,39.375],[-0.6217,39.3842],[-0.6317,39.3842],[-0.6358,39.3783],[-0.6458,39.3767],[-0.6417,39.375],[-0.6425,39.3708],[-0.6583,39.3717],[-0.6692,39.3925],[-0.6792,39.395],[-0.6867,39.4042],[-0.7075,39.4083],[-0.7142,39.4017],[-0.7233,39.4],[-0.7267,39.4042],[-0.7242,39.4117],[-0.7292,39.4142],[-0.7292,39.4192],[-0.7392,39.4208],[-0.7483,39.415],[-0.7567,39.4158],[-0.76,39.4183],[-0.7575,39.4283],[-0.7742,39.4375],[-0.7892,39.4367],[-0.8,39.445],[-0.8083,39.4467],[-0.8117,39.4425],[-0.8325,39.4533],[-0.845,39.455],[-0.8492,39.4667],[-0.8458,39.4725],[-0.85,39.4808],[-0.8483,39.4867],[-0.8583,39.4892],[-0.8633,39.4958],[-0.8625,39.505],[-0.8567,39.51],[-0.8583,39.515],[-0.8633,39.5183],[-0.8708,39.5133],[-0.88,39.5142],[-0.8825,39.5192],[-0.8967,39.5267],[-0.9158,39.53],[-0.9217,39.5367]]]}},{"type":"Feature","properties":{"id":"magro-algemesi","scope":"natural","area_km2":1526.5},"geometry":{"type":"Polygon","coordinates":[[[-1.3208,39.7983],[-1.3308,39.7825],[-1.345,39.7783],[-1.3433,39.7675],[-1.3517,39.7558],[-1.3833,39.7475],[-1.3833,39.7058],[-1.4008,39.7042],[-1.3992,39.6983],[-1.4117,39.6942],[-1.425,39.6692],[-1.4442,39.6675],[-1.445,39.6792],[-1.4608,39.6783],[-1.4733,39.6875],[-1.5,39.6758],[-1.4833,39.63],[-1.4708,39.6192],[-1.4767,39.6108],[-1.4733,39.5908],[-1.445,39.5875],[-1.43,39.5783],[-1.425,39.5633],[-1.3483,39.5433],[-1.3325,39.5317],[-1.2783,39.5358],[-1.2683,39.5275],[-1.2342,39.5325],[-1.1808,39.4967],[-1.1083,39.4633],[-1.1075,39.4483],[-1.0942,39.44],[-1.1133,39.4292],[-1.1183,39.41],[-1.135,39.4067],[-1.1375,39.3975],[-1.1325,39.3858],[-1.1108,39.375],[-1.1308,39.3533],[-1.1242,39.3417],[-1.1117,39.34],[-1.1142,39.3308],[-1.0708,39.3142],[-1.0358,39.3283],[-1.02,39.3525],[-1.01,39.3525],[-0.9117,39.3108],[-0.9075,39.3008],[-0.8933,39.2942],[-0.8758,39.3108],[-0.86,39.3058],[-0.7967,39.3092],[-0.7633,39.305],[-0.76,39.2775],[-0.7367,39.2833],[-0.7025,39.275],[-0.6858,39.2967],[-0.6642,39.2825],[-0.6192,39.2842],[-0.5858,39.2475],[-0.5258,39.2333],[-0.5058,39.2067],[-0.4758,39.1983],[-0.4533,39.2008],[-0.4417,39.1842],[-0.4508,39.2042],[-0.5017,39.2092],[-0.5192,39.2442],[-0.5392,39.2617],[-0.5375,39.2783],[-0.5225,39.2817],[-0.5158,39.2992],[-0.525,39.31],[-0.5383,39.3075],[-0.545,39.3225],[-0.5567,39.3283],[-0.5633,39.3483],[-0.5767,39.3483],[-0.575,39.3683],[-0.5833,39.3783],[-0.605,39.3808],[-0.615,39.375],[-0.6217,39.3842],[-0.6317,39.3842],[-0.6458,39.3767],[-0.6425,39.3708],[-0.6583,39.3717],[-0.6692,39.3925],[-0.6867,39.4042],[-0.7075,39.4083],[-0.7233,39.4],[-0.7292,39.4192],[-0.7567,39.4158],[-0.7575,39.4283],[-0.7742,39.4375],[-0.845,39.455],[-0.8483,39.4867],[-0.8633,39.4958],[-0.8583,39.515],[-0.88,39.5142],[-0.9192,39.5367],[-0.9367,39.5325],[-0.9358,39.5225],[-0.95,39.5158],[-0.9525,39.5067],[-0.9858,39.5133],[-1.0092,39.5008],[-1.04,39.5058],[-1.0492,39.515],[-1.0467,39.525],[-1.0633,39.5325],[-1.0533,39.5583],[-1.08,39.5708],[-1.0892,39.5925],[-1.0842,39.6042],[-1.1008,39.6217],[-1.16,39.6517],[-1.1942,39.685],[-1.1883,39.7042],[-1.1925,39.715],[-1.2008,39.7233],[-1.2183,39.725],[-1.2025,39.755],[-1.2142,39.7642],[-1.2542,39.7692],[-1.2683,39.78],[-1.2933,39.7767],[-1.305,39.7917],[-1.3208,39.7983]],[[-1.37,39.6992],[-1.3525,39.6908],[-1.3492,39.6742],[-1.3608,39.655],[-1.3508,39.6417],[-1.3858,39.625],[-1.3967,39.6383],[-1.4167,39.6425],[-1.4242,39.6625],[-1.3967,39.6667],[-1.3825,39.6933],[-1.37,39.6992]]]}},{"type":"Feature","properties":{"id":"magro-algemesi","scope":"unregulated","area_km2":509.9},"geometry":{"type":"Polygon","coordinates":[[[-0.9217,39.5367],[-0.9267,39.5317],[-0.9367,39.5325],[-0.9358,39.5225],[-0.9517,39.5133],[-0.9525,39.5067],[-0.9408,39.5],[-0.945,39.4967],[-0.9417,39.4908],[-0.9467,39.4858],[-0.9425,39.4808],[-0.9475,39.4775],[-0.9408,39.4592],[-0.9442,39.45],[-0.9408,39.445],[-0.9317,39.4458],[-0.9308,39.4342],[-0.915,39.4267],[-0.9358,39.4242],[-0.9242,39.4175],[-0.925,39.4108],[-0.9333,39.4108],[-0.9333,39.4067],[-0.9183,39.3975],[-0.9175,39.3883],[-0.9025,39.3817],[-0.8992,39.3667],[-0.8925,39.3667],[-0.89,39.3592],[-0.8792,39.3533],[-0.8767,39.3442],[-0.8875,39.3167],[-0.9117,39.3108],[-0.9075,39.3008],[-0.8908,39.2942],[-0.8883,39.3042],[-0.8758,39.3108],[-0.86,39.3058],[-0.8017,39.3058],[-0.7967,39.3092],[-0.7842,39.305],[-0.7633,39.305],[-0.7583,39.2958],[-0.76,39.2775],[-0.7367,39.2833],[-0.7233,39.2767],[-0.7025,39.275],[-0.6925,39.2808],[-0.6942,39.2842],[-0.6858,39.2967],[-0.6642,39.2825],[-0.6558,39.2867],[-0.6358,39.2842],[-0.6342,39.2808],[-0.6192,39.2842],[-0.6,39.2642],[-0.5992,39.2583],[-0.5883,39.2558],[-0.5858,39.2475],[-0.5767,39.2492],[-0.5575,39.2433],[-0.5433,39.2333],[-0.5258,39.2333],[-0.5075,39.2158],[-0.5058,39.2067],[-0.4758,39.1983],[-0.4533,39.2008],[-0.4417,39.1842],[-0.4408,39.1908],[-0.4508,39.2042],[-0.4792,39.2033],[-0.4933,39.2108],[-0.5017,39.2092],[-0.5017,39.2158],[-0.5175,39.2317],[-0.5192,39.2442],[-0.5392,39.2617],[-0.535,39.2675],[-0.5375,39.2742],[-0.5333,39.2758],[-0.5375,39.2783],[-0.5225,39.2817],[-0.5208,39.2942],[-0.5158,39.2992],[-0.525,39.31],[-0.5317,39.3058],[-0.5383,39.3075],[-0.545,39.3225],[-0.5567,39.3283],[-0.5567,39.3375],[-0.5633,39.3483],[-0.5767,39.3483],[-0.5792,39.3633],[-0.575,39.3683],[-0.5833,39.3783],[-0.605,39.3808],[-0.615,39.375],[-0.6217,39.3842],[-0.6317,39.3842],[-0.6358,39.3783],[-0.6458,39.3767],[-0.6417,39.375],[-0.6425,39.3708],[-0.6583,39.3717],[-0.6692,39.3925],[-0.6792,39.395],[-0.6867,39.4042],[-0.7075,39.4083],[-0.7142,39.4017],[-0.7233,39.4],[-0.7267,39.4042],[-0.7242,39.4117],[-0.7292,39.4142],[-0.7292,39.4192],[-0.7392,39.4208],[-0.7483,39.415],[-0.7567,39.4158],[-0.76,39.4183],[-0.7575,39.4283],[-0.7742,39.4375],[-0.7892,39.4367],[-0.8,39.445],[-0.8083,39.4467],[-0.8117,39.4425],[-0.8325,39.4533],[-0.845,39.455],[-0.8492,39.4667],[-0.8458,39.4725],[-0.85,39.4808],[-0.8483,39.4867],[-0.8583,39.4892],[-0.8633,39.4958],[-0.8625,39.505],[-0.8567,39.51],[-0.8583,39.515],[-0.8633,39.5183],[-0.8708,39.5133],[-0.88,39.5142],[-0.8825,39.5192],[-0.8967,39.5267],[-0.9158,39.53],[-0.9217,39.5367]]]}},{"type":"Feature","properties":{"id":"verd-alzira","scope":"natural","area_km2":258.7},"geometry":{"type":"Polygon","coordinates":[[[-0.6858,39.2967],[-0.6942,39.2842],[-0.6925,39.2808],[-0.7033,39.275],[-0.7,39.2725],[-0.7017,39.2675],[-0.6992,39.265],[-0.7017,39.2583],[-0.705,39.2575],[-0.7017,39.2417],[-0.69,39.2217],[-0.6775,39.2175],[-0.6683,39.2208],[-0.6558,39.2192],[-0.65,39.2133],[-0.6508,39.205],[-0.655,39.2042],[-0.6575,39.1992],[-0.6517,39.19],[-0.6567,39.1842],[-0.6433,39.1758],[-0.6475,39.1725],[-0.6475,39.1658],[-0.65,39.1642],[-0.6458,39.1625],[-0.6442,39.1558],[-0.6392,39.1542],[-0.6383,39.1492],[-0.6325,39.1483],[-0.6142,39.1317],[-0.6142,39.1233],[-0.6075,39.1192],[-0.6083,39.1083],[-0.5867,39.11],[-0.5875,39.1133],[-0.5808,39.1142],[-0.5683,39.105],[-0.5475,39.1],[-0.5467,39.0967],[-0.5417,39.0992],[-0.5267,39.0992],[-0.5167,39.1075],[-0.5058,39.1108],[-0.5033,39.1133],[-0.5042,39.12],[-0.4983,39.1208],[-0.4983,39.125],[-0.4917,39.1333],[-0.4875,39.135],[-0.4733,39.1325],[-0.4733,39.1367],[-0.4633,39.1375],[-0.4617,39.1467],[-0.4558,39.1467],[-0.4467,39.1583],[-0.4383,39.1617],[-0.4392,39.1683],[-0.4475,39.1725],[-0.4467,39.1825],[-0.45,39.1833],[-0.4567,39.2017],[-0.4758,39.1983],[-0.4883,39.2042],[-0.5025,39.205],[-0.5075,39.21],[-0.5075,39.2158],[-0.5167,39.2225],[-0.5225,39.2317],[-0.5283,39.2342],[-0.5433,39.2333],[-0.5575,39.2433],[-0.57,39.245],[-0.5767,39.2492],[-0.5858,39.2475],[-0.5883,39.2558],[-0.5992,39.2583],[-0.6,39.2642],[-0.6083,39.2692],[-0.61,39.2758],[-0.6192,39.2842],[-0.6242,39.2808],[-0.6342,39.2808],[-0.6358,39.2842],[-0.6558,39.2867],[-0.6642,39.2825],[-0.6725,39.285],[-0.6758,39.2908],[-0.6858,39.2967]]]}},{"type":"Feature","properties":{"id":"jucar-alzira","scope":"natural","area_km2":17622.5},"geometry":{"type":"Polygon","coordinates":[[[-1.8433,40.4042],[-1.8758,40.4008],[-1.8792,40.3825],[-1.9,40.3817],[-1.8608,40.3258],[-1.8333,40.3058],[-1.8358,40.2958],[-1.9042,40.31],[-1.9183,40.2967],[-1.9417,40.3142],[-1.9767,40.3092],[-1.9758,40.3217],[-1.9908,40.3267],[-1.9783,40.3358],[-1.9967,40.3342],[-2.0,40.3492],[-2.0183,40.3342],[-2.0617,40.3442],[-2.0758,40.3225],[-2.1083,40.3058],[-2.1692,40.2908],[-2.1792,40.2392],[-2.2333,40.24],[-2.2658,40.195],[-2.3067,40.185],[-2.3283,40.1175],[-2.3058,40.0708],[-2.3233,40.075],[-2.3392,40.0617],[-2.3542,40.0383],[-2.3492,40.025],[-2.3658,40.0083],[-2.3608,39.9925],[-2.3925,39.9642],[-2.4083,39.965],[-2.41,39.9525],[-2.4425,39.9425],[-2.4583,39.9508],[-2.485,39.915],[-2.4725,39.9025],[-2.4767,39.8792],[-2.4517,39.8492],[-2.4733,39.8325],[-2.4733,39.82],[-2.4033,39.7183],[-2.4358,39.69],[-2.4017,39.6725],[-2.3575,39.6842],[-2.295,39.6667],[-2.2958,39.6542],[-2.2442,39.5967],[-2.2467,39.5875],[-2.2017,39.5717],[-2.1992,39.5592],[-2.2117,39.5533],[-2.1942,39.5542],[-2.1908,39.5367],[-2.1742,39.53],[-2.1858,39.5042],[-2.1567,39.49],[-2.1625,39.4617],[-2.1375,39.4592],[-2.115,39.4383],[-2.1158,39.4058],[-2.1492,39.3842],[-2.15,39.3667],[-2.1383,39.3592],[-2.1425,39.3283],[-2.1308,39.285],[-2.0867,39.22],[-2.1042,39.2058],[-2.1225,39.1625],[-2.1575,39.1425],[-2.17,39.155],[-2.1783,39.1417],[-2.2,39.1375],[-2.2342,39.0733],[-2.2342,39.0517],[-2.2675,39.0383],[-2.2683,39.0192],[-2.3392,39.0175],[-2.3575,39.0067],[-2.3467,38.9808],[-2.3617,38.9683],[-2.4008,38.9633],[-2.4183,38.9808],[-2.4292,38.9642],[-2.4508,38.9708],[-2.4492,38.9558],[-2.4733,38.9492],[-2.4475,38.93],[-2.46,38.9083],[-2.4458,38.8833],[-2.4725,38.8417],[-2.4317,38.8358],[-2.4217,38.8142],[-2.4308,38.7967],[-2.4867,38.7858],[-2.4908,38.7725],[-2.5125,38.7633],[-2.4967,38.7267],[-2.48,38.7408],[-2.4608,38.7367],[-2.4508,38.7167],[-2.4575,38.6975],[-2.4292,38.6867],[-2.4292,38.665],[-2.3792,38.6517],[-2.3592,38.6308],[-2.3217,38.6533],[-2.2958,38.645],[-2.275,38.6525],[-2.2217,38.6233],[-2.1967,38.6508],[-2.1833,38.7075],[-2.1317,38.7183],[-2.0417,38.7342],[-1.9825,38.7033],[-1.945,38.7008],[-1.9342,38.7225],[-1.8925,38.7383],[-1.8325,38.7317],[-1.8142,38.7458],[-1.8,38.74],[-1.8067,38.7283],[-1.7833,38.7242],[-1.7625,38.7458],[-1.7333,38.7292],[-1.7125,38.7308],[-1.7,38.7533],[-1.6833,38.7575],[-1.6175,38.7417],[-1.555,38.7767],[-1.5925,38.8217],[-1.6133,38.8233],[-1.6333,38.7958],[-1.635,38.8108],[-1.675,38.8125],[-1.67,38.8525],[-1.645,38.8817],[-1.6058,38.8783],[-1.6033,38.9033],[-1.5867,38.91],[-1.5517,38.8892],[-1.4908,38.8825],[-1.4808,38.8908],[-1.49,38.9108],[-1.4575,38.9233],[-1.4425,38.9492],[-1.4258,38.9533],[-1.4058,38.9908],[-1.36,39.0],[-1.3242,38.9967],[-1.2667,38.9633],[-1.1475,38.9458],[-1.1425,38.9825],[-1.1133,39.0033],[-1.05,38.9775],[-1.0408,38.9517],[-1.0508,38.9467],[-1.0267,38.935],[-1.0025,38.9492],[-0.9592,38.9442],[-0.955,38.9108],[-0.9925,38.8908],[-0.9892,38.8758],[-0.9283,38.8283],[-0.93,38.8108],[-0.9558,38.8042],[-0.9075,38.7667],[-0.7933,38.7875],[-0.7758,38.775],[-0.7725,38.7567],[-0.7108,38.7492],[-0.6583,38.76],[-0.6425,38.7275],[-0.585,38.7583],[-0.5575,38.7533],[-0.5242,38.7667],[-0.53,38.7942],[-0.5208,38.8075],[-0.4667,38.8033],[-0.46,38.8158],[-0.4033,38.84],[-0.3808,38.835],[-0.3558,38.8492],[-0.3508,38.8575],[-0.3742,38.8583],[-0.3642,38.8908],[-0.38,38.9133],[-0.3642,38.9258],[-0.3675,38.9475],[-0.3508,38.9658],[-0.3567,39.0017],[-0.3375,39.005],[-0.3375,39.0233],[-0.3867,39.0592],[-0.3717,39.0767],[-0.3408,39.085],[-0.3333,39.1],[-0.2933,39.0833],[-0.3133,39.1067],[-0.395,39.1342],[-0.4217,39.1592],[-0.4375,39.1508],[-0.4375,39.1625],[-0.4633,39.1375],[-0.4917,39.1333],[-0.5267,39.0992],[-0.5467,39.0967],[-0.5808,39.1142],[-0.6083,39.1083],[-0.6142,39.1317],[-0.65,39.1642],[-0.6433,39.1758],[-0.6575,39.1975],[-0.65,39.2133],[-0.6933,39.225],[-0.7017,39.2742],[-0.76,39.2775],[-0.7633,39.305],[-0.7967,39.3092],[-0.8758,39.3108],[-0.8933,39.2942],[-1.01,39.3525],[-1.0508,39.3192],[-1.0908,39.3175],[-1.1283,39.3475],[-1.1108,39.375],[-1.1375,39.3958],[-1.0942,39.44],[-1.1083,39.4633],[-1.2342,39.5325],[-1.3325,39.5317],[-1.425,39.5633],[-1.445,39.5875],[-1.4733,39.5908],[-1.4708,39.6192],[-1.5,39.6758],[-1.4775,39.6875],[-1.4575,39.68],[-1.4533,39.6925],[-1.415,39.685],[-1.4008,39.7042],[-1.3842,39.705],[-1.3833,39.7475],[-1.3517,39.7558],[-1.345,39.7783],[-1.33,39.7833],[-1.3,39.825],[-1.3025,39.855],[-1.2558,39.8833],[-1.2558,39.9017],[-1.2883,39.9233],[-1.2933,39.9325],[-1.2808,39.9417],[-1.3208,39.9667],[-1.3233,39.9883],[-1.34,39.9983],[-1.365,39.9942],[-1.4125,40.0508],[-1.44,40.0475],[-1.475,40.075],[-1.4392,40.0917],[-1.46,40.1017],[-1.4442,40.1192],[-1.4608,40.1325],[-1.435,40.1642],[-1.4258,40.2042],[-1.4733,40.2617],[-1.4933,40.2608],[-1.5117,40.28],[-1.5092,40.2925],[-1.5442,40.2967],[-1.555,40.2767],[-1.5817,40.32],[-1.6083,40.3175],[-1.6142,40.3075],[-1.6775,40.3242],[-1.6917,40.3208],[-1.685,40.3083],[-1.7233,40.3125],[-1.7208,40.3275],[-1.7383,40.3283],[-1.7683,40.355],[-1.785,40.3517],[-1.8433,40.4042]],[[-1.9567,40.0633],[-1.9425,40.0475],[-1.9442,40.0175],[-1.9567,40.0258],[-1.9567,40.0633]],[[-1.8042,39.9642],[-1.7758,39.945],[-1.7758,39.9292],[-1.7992,39.9192],[-1.8142,39.9208],[-1.8258,39.9517],[-1.8042,39.9642]],[[-1.9233,39.9608],[-1.895,39.9467],[-1.8767,39.92],[-1.895,39.9017],[-1.925,39.915],[-1.9692,39.8908],[-1.9675,39.8792],[-2.0175,39.8883],[-2.03,39.9017],[-1.9875,39.905],[-1.9808,39.9367],[-1.9433,39.9325],[-1.9233,39.9608]],[[-1.9042,39.3567],[-1.8133,39.2908],[-1.8225,39.2742],[-1.8092,39.2433],[-1.835,39.2417],[-1.8617,39.2558],[-1.8758,39.285],[-1.8983,39.2908],[-1.9175,39.3167],[-1.9042,39.3367],[-1.915,39.35],[-1.9042,39.3567]],[[-1.5333,39.3158],[-1.5033,39.2967],[-1.5108,39.28],[-1.5333,39.2842],[-1.5333,39.3158]],[[-2.0192,39.3108],[-1.9875,39.3025],[-1.9583,39.2783],[-1.9442,39.2408],[-2.03,39.2758],[-2.0192,39.3108]],[[-1.7017,39.3083],[-1.6225,39.2792],[-1.6142,39.245],[-1.6442,39.2375],[-1.6475,39.2275],[-1.6817,39.245],[-1.7017,39.3083]],[[-1.3342,39.2592],[-1.3225,39.2383],[-1.29,39.2317],[-1.2842,39.2183],[-1.5008,39.2017],[-1.52,39.2117],[-1.515,39.2217],[-1.5275,39.2325],[-1.4992,39.2525],[-1.4292,39.24],[-1.4025,39.2533],[-1.3342,39.2592]],[[-1.9842,39.2533],[-1.9658,39.2242],[-1.9717,39.2183],[-1.9908,39.2225],[-1.9842,39.2533]],[[-2.0417,39.2025],[-1.9975,39.1675],[-1.9683,39.1608],[-1.9733,39.1467],[-1.9433,39.1275],[-1.9475,39.0983],[-1.9183,39.0867],[-1.9258,39.0717],[-1.9725,39.0808],[-1.9633,39.0975],[-1.9725,39.1083],[-2.0092,39.1083],[-2.0333,39.1208],[-2.0217,39.1425],[-2.0442,39.18],[-2.0417,39.2025]],[[-1.705,39.1467],[-1.6642,39.135],[-1.665,39.1125],[-1.7,39.1025],[-1.7258,39.11],[-1.7017,39.1275],[-1.7108,39.1342],[-1.705,39.1467]],[[-0.5975,38.9992],[-0.5817,38.9925],[-0.5817,38.9717],[-0.59,38.9808],[-0.6367,38.9808],[-0.5975,38.9992]],[[-2.4025,38.9025],[-2.3908,38.8858],[-2.4133,38.875],[-2.4208,38.89],[-2.4025,38.9025]]]}},{"type":"Feature","properties":{"id":"jucar-alzira","scope":"unregulated","area_km2":1222.0},"geometry":{"type":"Polygon","coordinates":[[[-0.4383,39.1625],[-0.4617,39.1467],[-0.4633,39.1375],[-0.4917,39.1333],[-0.5058,39.1108],[-0.5267,39.0992],[-0.5467,39.0967],[-0.5808,39.1142],[-0.6083,39.1083],[-0.6142,39.1317],[-0.6308,39.14],[-0.6742,39.125],[-0.67,39.1117],[-0.6475,39.0892],[-0.6558,39.0842],[-0.6825,39.0975],[-0.6858,39.0867],[-0.6792,39.0742],[-0.7275,39.0775],[-0.7458,39.0967],[-0.7708,39.0883],[-0.7775,39.0575],[-0.7967,39.0508],[-0.8025,39.0383],[-0.8317,39.0208],[-0.8325,38.9883],[-0.8842,38.9758],[-0.9067,38.9567],[-0.94,38.9408],[-0.9592,38.9442],[-0.955,38.9108],[-0.98,38.89],[-0.9842,38.8908],[-0.9925,38.89],[-0.985,38.87],[-0.9667,38.8633],[-0.9533,38.8442],[-0.9283,38.8283],[-0.93,38.8108],[-0.9425,38.8142],[-0.9558,38.8042],[-0.9392,38.7942],[-0.9375,38.7808],[-0.9275,38.7842],[-0.9075,38.7667],[-0.8625,38.7758],[-0.8542,38.7833],[-0.83,38.7767],[-0.7933,38.7875],[-0.7758,38.775],[-0.77,38.7567],[-0.7483,38.7642],[-0.7458,38.7792],[-0.7383,38.7842],[-0.7417,38.7917],[-0.7617,38.8],[-0.765,38.8167],[-0.7575,38.8233],[-0.7292,38.8358],[-0.7158,38.83],[-0.69,38.8508],[-0.6617,38.8608],[-0.6542,38.8758],[-0.6333,38.8825],[-0.6142,38.9033],[-0.5733,38.925],[-0.57,38.9333],[-0.525,38.92],[-0.515,38.9317],[-0.465,38.9392],[-0.4608,38.9475],[-0.4367,38.9608],[-0.4425,38.9792],[-0.425,38.9858],[-0.3933,38.9875],[-0.3858,38.9767],[-0.3917,38.9717],[-0.3875,38.9658],[-0.3625,38.9608],[-0.3517,38.965],[-0.3567,39.0017],[-0.3375,39.005],[-0.3375,39.0233],[-0.3558,39.045],[-0.3658,39.045],[-0.3867,39.0592],[-0.3717,39.0767],[-0.3408,39.085],[-0.3333,39.1],[-0.3008,39.0833],[-0.2917,39.0858],[-0.2975,39.0958],[-0.3325,39.1167],[-0.4033,39.1383],[-0.4067,39.15],[-0.4217,39.1592],[-0.4375,39.1508],[-0.4383,39.1625]],[[-0.5975,38.9992],[-0.5817,38.9925],[-0.5817,38.9717],[-0.59,38.9808],[-0.6367,38.9808],[-0.5975,38.9992]]]}},{"type":"Feature","properties":{"id":"jucar-sueca","scope":"natural","area_km2":19423.1},"geometry":{"type":"Polygon","coordinates":[[[-1.8433,40.4042],[-1.8758,40.4008],[-1.8792,40.3825],[-1.9,40.3817],[-1.8608,40.3258],[-1.8333,40.3058],[-1.8358,40.2958],[-1.9042,40.31],[-1.9183,40.2967],[-1.9417,40.3142],[-1.9767,40.3092],[-1.9758,40.3217],[-1.9908,40.3267],[-1.9783,40.3358],[-1.9967,40.3342],[-2.0,40.3492],[-2.0183,40.3342],[-2.0617,40.3442],[-2.0758,40.3225],[-2.1083,40.3058],[-2.1692,40.2908],[-2.1792,40.2392],[-2.2333,40.24],[-2.2658,40.195],[-2.3067,40.185],[-2.3283,40.1175],[-2.3058,40.0708],[-2.3233,40.075],[-2.3392,40.0617],[-2.3542,40.0383],[-2.3492,40.025],[-2.3658,40.0083],[-2.3608,39.9925],[-2.3925,39.9642],[-2.4083,39.965],[-2.41,39.9525],[-2.4425,39.9425],[-2.4583,39.9508],[-2.485,39.915],[-2.4725,39.9025],[-2.4767,39.8792],[-2.4517,39.8492],[-2.4733,39.8325],[-2.4733,39.82],[-2.4033,39.7183],[-2.4358,39.69],[-2.4017,39.6725],[-2.3575,39.6842],[-2.295,39.6667],[-2.2958,39.6542],[-2.2442,39.5967],[-2.2467,39.5875],[-2.2017,39.5717],[-2.1992,39.5592],[-2.2117,39.5533],[-2.1942,39.5542],[-2.1908,39.5367],[-2.1742,39.53],[-2.1858,39.5042],[-2.1567,39.49],[-2.1625,39.4617],[-2.1375,39.4592],[-2.115,39.4383],[-2.1158,39.4058],[-2.1492,39.3842],[-2.15,39.3667],[-2.1383,39.3592],[-2.1425,39.3283],[-2.1308,39.285],[-2.0867,39.22],[-2.1042,39.2058],[-2.1225,39.1625],[-2.1575,39.1425],[-2.17,39.155],[-2.1783,39.1417],[-2.2,39.1375],[-2.2342,39.0733],[-2.2342,39.0517],[-2.2675,39.0383],[-2.2683,39.0192],[-2.3392,39.0175],[-2.3575,39.0067],[-2.3467,38.9808],[-2.3617,38.9683],[-2.4008,38.9633],[-2.4183,38.9808],[-2.4292,38.9642],[-2.4508,38.9708],[-2.4492,38.9558],[-2.4733,38.9492],[-2.4475,38.93],[-2.46,38.9083],[-2.4458,38.8833],[-2.4725,38.8417],[-2.4317,38.8358],[-2.4217,38.8142],[-2.4308,38.7967],[-2.4867,38.7858],[-2.4908,38.7725],[-2.5125,38.7633],[-2.4967,38.7267],[-2.48,38.7408],[-2.4608,38.7367],[-2.4508,38.7167],[-2.4575,38.6975],[-2.4292,38.6867],[-2.4292,38.665],[-2.3792,38.6517],[-2.3592,38.6308],[-2.3217,38.6533],[-2.2958,38.645],[-2.275,38.6525],[-2.2217,38.6233],[-2.1967,38.6508],[-2.1833,38.7075],[-2.1317,38.7183],[-2.0417,38.7342],[-1.9825,38.7033],[-1.945,38.7008],[-1.9342,38.7225],[-1.8925,38.7383],[-1.8325,38.7317],[-1.8142,38.7458],[-1.8,38.74],[-1.8067,38.7283],[-1.7833,38.7242],[-1.7625,38.7458],[-1.7333,38.7292],[-1.7125,38.7308],[-1.7,38.7533],[-1.6833,38.7575],[-1.6175,38.7417],[-1.555,38.7767],[-1.5925,38.8217],[-1.6133,38.8233],[-1.6333,38.7958],[-1.635,38.8108],[-1.675,38.8125],[-1.67,38.8525],[-1.645,38.8817],[-1.6058,38.8783],[-1.6033,38.9033],[-1.5867,38.91],[-1.5517,38.8892],[-1.4908,38.8825],[-1.4808,38.8908],[-1.49,38.9108],[-1.4575,38.9233],[-1.4425,38.9492],[-1.4258,38.9533],[-1.4058,38.9908],[-1.36,39.0],[-1.3242,38.9967],[-1.2667,38.9633],[-1.1475,38.9458],[-1.1425,38.9825],[-1.1133,39.0033],[-1.05,38.9775],[-1.0408,38.9517],[-1.0508,38.9467],[-1.0267,38.935],[-1.0025,38.9492],[-0.9592,38.9442],[-0.955,38.9108],[-0.9925,38.8908],[-0.9892,38.8758],[-0.9283,38.8283],[-0.93,38.8108],[-0.9558,38.8042],[-0.9075,38.7667],[-0.7933,38.7875],[-0.7758,38.775],[-0.7725,38.7567],[-0.7108,38.7492],[-0.6583,38.76],[-0.6425,38.7275],[-0.585,38.7583],[-0.5575,38.7533],[-0.5242,38.7667],[-0.53,38.7942],[-0.5208,38.8075],[-0.4667,38.8033],[-0.46,38.8158],[-0.4033,38.84],[-0.3808,38.835],[-0.3558,38.8492],[-0.3508,38.8575],[-0.3742,38.8583],[-0.3642,38.8908],[-0.38,38.9133],[-0.3642,38.9258],[-0.3675,38.9475],[-0.3508,38.9658],[-0.3567,39.0017],[-0.3375,39.005],[-0.3375,39.0233],[-0.3867,39.0592],[-0.3717,39.0767],[-0.3408,39.085],[-0.3333,39.1],[-0.3008,39.0833],[-0.2917,39.0858],[-0.3325,39.1167],[-0.4033,39.1383],[-0.4208,39.1725],[-0.4017,39.1983],[-0.3633,39.195],[-0.3433,39.2042],[-0.3358,39.1908],[-0.31,39.1917],[-0.3433,39.2117],[-0.36,39.2],[-0.41,39.2025],[-0.415,39.1883],[-0.43,39.1858],[-0.4558,39.2058],[-0.5017,39.2092],[-0.5392,39.2617],[-0.5375,39.2783],[-0.5225,39.2817],[-0.5158,39.2992],[-0.5383,39.3075],[-0.5633,39.3483],[-0.5767,39.3483],[-0.58,39.3758],[-0.6317,39.3842],[-0.6425,39.3708],[-0.6583,39.3717],[-0.6867,39.4042],[-0.7233,39.4],[-0.7292,39.4192],[-0.7567,39.4158],[-0.7575,39.4283],[-0.7742,39.4375],[-0.845,39.455],[-0.8483,39.4867],[-0.8633,39.4958],[-0.8617,39.5183],[-0.8775,39.5133],[-0.9217,39.5367],[-0.9367,39.5325],[-0.9525,39.5067],[-1.04,39.5058],[-1.0467,39.525],[-1.0633,39.5325],[-1.0533,39.5583],[-1.08,39.5708],[-1.0842,39.6042],[-1.1942,39.685],[-1.1925,39.715],[-1.2183,39.725],[-1.2025,39.755],[-1.2683,39.78],[-1.2933,39.7767],[-1.32,39.7975],[-1.3,39.825],[-1.3058,39.8425],[-1.2933,39.8675],[-1.2558,39.8833],[-1.2558,39.9017],[-1.2933,39.9317],[-1.2808,39.9417],[-1.3208,39.9667],[-1.3233,39.9883],[-1.34,39.9983],[-1.365,39.9942],[-1.4125,40.0508],[-1.44,40.0475],[-1.475,40.075],[-1.4392,40.0917],[-1.46,40.1017],[-1.4442,40.1192],[-1.4608,40.1325],[-1.435,40.1642],[-1.4258,40.2042],[-1.4483,40.2225],[-1.45,40.24],[-1.465,40.2417],[-1.4783,40.265],[-1.4933,40.2608],[-1.5108,40.2933],[-1.5442,40.2967],[-1.555,40.2767],[-1.5775,40.3192],[-1.6083,40.3175],[-1.6142,40.3075],[-1.6775,40.3242],[-1.6917,40.3208],[-1.685,40.3083],[-1.7233,40.3125],[-1.7208,40.3275],[-1.7383,40.3283],[-1.7683,40.355],[-1.785,40.3517],[-1.8433,40.4042]],[[-1.9567,40.0633],[-1.9425,40.0475],[-1.9442,40.0175],[-1.9567,40.0258],[-1.9567,40.0633]],[[-1.8042,39.9642],[-1.7758,39.945],[-1.7758,39.9292],[-1.7992,39.9192],[-1.8142,39.9208],[-1.8258,39.9517],[-1.8042,39.9642]],[[-1.9233,39.9608],[-1.895,39.9467],[-1.8767,39.92],[-1.895,39.9017],[-1.925,39.915],[-1.9692,39.8908],[-1.9675,39.8792],[-2.0175,39.8883],[-2.03,39.9017],[-1.9875,39.905],[-1.9808,39.9367],[-1.9433,39.9325],[-1.9233,39.9608]],[[-1.37,39.6992],[-1.3525,39.6908],[-1.3608,39.655],[-1.3508,39.6417],[-1.3858,39.625],[-1.4167,39.6425],[-1.4242,39.6625],[-1.3967,39.6667],[-1.37,39.6992]],[[-1.4533,39.6925],[-1.4192,39.6867],[-1.415,39.6833],[-1.425,39.6692],[-1.4442,39.6675],[-1.445,39.6792],[-1.4617,39.6792],[-1.4533,39.6925]],[[-1.9042,39.3567],[-1.8133,39.2908],[-1.8225,39.2742],[-1.8092,39.2433],[-1.835,39.2417],[-1.8617,39.2558],[-1.8758,39.285],[-1.8983,39.2908],[-1.9175,39.3167],[-1.9042,39.3367],[-1.915,39.35],[-1.9042,39.3567]],[[-1.5333,39.3158],[-1.5033,39.2967],[-1.5108,39.28],[-1.5333,39.2842],[-1.5333,39.3158]],[[-2.0192,39.3108],[-1.9875,39.3025],[-1.9583,39.2783],[-1.9442,39.2408],[-2.03,39.2758],[-2.0192,39.3108]],[[-1.7017,39.3083],[-1.6225,39.2792],[-1.6142,39.245],[-1.6442,39.2375],[-1.6475,39.2275],[-1.6817,39.245],[-1.7017,39.3083]],[[-1.3342,39.2592],[-1.3225,39.2383],[-1.29,39.2317],[-1.2842,39.2183],[-1.5008,39.2017],[-1.52,39.2117],[-1.515,39.2217],[-1.5275,39.2325],[-1.4992,39.2525],[-1.4292,39.24],[-1.4025,39.2533],[-1.3342,39.2592]],[[-1.9842,39.2533],[-1.9658,39.2242],[-1.9717,39.2183],[-1.9908,39.2225],[-1.9842,39.2533]],[[-2.0417,39.2025],[-1.9975,39.1675],[-1.9683,39.1608],[-1.9733,39.1467],[-1.9433,39.1275],[-1.9475,39.0983],[-1.9183,39.0867],[-1.9258,39.0717],[-1.9725,39.0808],[-1.9633,39.0975],[-1.9725,39.1083],[-2.0092,39.1083],[-2.0333,39.1208],[-2.0217,39.1425],[-2.0442,39.18],[-2.0417,39.2025]],[[-1.705,39.1467],[-1.6642,39.135],[-1.665,39.1125],[-1.7,39.1025],[-1.7258,39.11],[-1.7017,39.1275],[-1.7108,39.1342],[-1.705,39.1467]],[[-0.5975,38.9992],[-0.5817,38.9925],[-0.5817,38.9717],[-0.59,38.9808],[-0.6367,38.9808],[-0.5975,38.9992]],[[-2.4025,38.9025],[-2.3908,38.8858],[-2.4133,38.875],[-2.4208,38.89],[-2.4025,38.9025]]]}},{"type":"Feature","properties":{"id":"jucar-sueca","scope":"unregulated","area_km2":2006.0},"geometry":{"type":"Polygon","coordinates":[[[-0.9217,39.5367],[-0.9367,39.5325],[-0.9358,39.5225],[-0.9517,39.5133],[-0.9408,39.5],[-0.9475,39.4775],[-0.9442,39.45],[-0.915,39.4267],[-0.9358,39.4242],[-0.9242,39.4175],[-0.9333,39.4067],[-0.9025,39.3817],[-0.8992,39.3667],[-0.8767,39.3442],[-0.8875,39.3167],[-0.9117,39.3108],[-0.9083,39.3017],[-0.8908,39.2942],[-0.8758,39.3108],[-0.7633,39.305],[-0.7617,39.2783],[-0.7367,39.2833],[-0.7017,39.2742],[-0.705,39.2558],[-0.6933,39.225],[-0.6533,39.2175],[-0.6567,39.1842],[-0.6433,39.1758],[-0.65,39.1642],[-0.625,39.14],[-0.6742,39.125],[-0.6483,39.0917],[-0.6525,39.0842],[-0.6825,39.0975],[-0.6792,39.0742],[-0.6892,39.0717],[-0.7275,39.0775],[-0.7542,39.0967],[-0.7708,39.0883],[-0.7783,39.0567],[-0.7967,39.0508],[-0.8025,39.0383],[-0.8317,39.0208],[-0.8325,38.9883],[-0.8842,38.9758],[-0.94,38.9408],[-0.9592,38.9442],[-0.955,38.9108],[-0.98,38.89],[-0.9842,38.8908],[-0.9925,38.89],[-0.985,38.87],[-0.9667,38.8633],[-0.9533,38.8442],[-0.9283,38.8283],[-0.93,38.8108],[-0.9425,38.8142],[-0.9558,38.805],[-0.9392,38.7942],[-0.9375,38.7808],[-0.9275,38.7842],[-0.9158,38.7692],[-0.9017,38.7667],[-0.8542,38.7833],[-0.83,38.7767],[-0.7933,38.7875],[-0.7758,38.775],[-0.7725,38.7567],[-0.755,38.7608],[-0.7383,38.7867],[-0.7617,38.8],[-0.765,38.8167],[-0.7333,38.835],[-0.7158,38.83],[-0.69,38.8508],[-0.6617,38.8608],[-0.6542,38.8758],[-0.6333,38.8825],[-0.57,38.9333],[-0.525,38.92],[-0.515,38.9317],[-0.465,38.9392],[-0.4367,38.9608],[-0.4425,38.9792],[-0.425,38.9858],[-0.3933,38.9875],[-0.3875,38.9658],[-0.3517,38.965],[-0.3567,39.0017],[-0.3375,39.005],[-0.3375,39.0233],[-0.3558,39.045],[-0.3867,39.0592],[-0.3717,39.0767],[-0.3408,39.085],[-0.3333,39.1],[-0.3008,39.0833],[-0.2917,39.0858],[-0.3325,39.1167],[-0.4033,39.1383],[-0.4183,39.1558],[-0.4208,39.1725],[-0.4017,39.1983],[-0.3967,39.1925],[-0.38,39.2017],[-0.3633,39.195],[-0.3433,39.2042],[-0.3342,39.1983],[-0.3358,39.1908],[-0.31,39.1917],[-0.3433,39.2117],[-0.36,39.2],[-0.3783,39.2058],[-0.41,39.2025],[-0.415,39.1883],[-0.43,39.1858],[-0.4558,39.2058],[-0.5017,39.2092],[-0.5192,39.2442],[-0.5392,39.2617],[-0.5375,39.2783],[-0.5225,39.2817],[-0.5158,39.2992],[-0.525,39.31],[-0.5383,39.3075],[-0.5633,39.3483],[-0.5767,39.3483],[-0.58,39.3758],[-0.605,39.3808],[-0.615,39.375],[-0.6317,39.3842],[-0.6458,39.3767],[-0.6425,39.3708],[-0.6583,39.3717],[-0.6692,39.3925],[-0.6867,39.4042],[-0.7075,39.4083],[-0.7233,39.4],[-0.7292,39.4192],[-0.7567,39.4158],[-0.7575,39.4283],[-0.7742,39.4375],[-0.845,39.455],[-0.8483,39.4867],[-0.8633,39.4958],[-0.8583,39.515],[-0.88,39.5142],[-0.9217,39.5367]],[[-0.5975,38.9992],[-0.5817,38.9925],[-0.5817,38.9717],[-0.59,38.9808],[-0.6367,38.9808],[-0.5975,38.9992]]]}},{"type":"Feature","properties":{"id":"sellent-carcer","scope":"natural","area_km2":262.8},"geometry":{"type":"Polygon","coordinates":[[[-0.6825,39.0975],[-0.6867,39.0942],[-0.6858,39.0867],[-0.6783,39.0775],[-0.6792,39.0742],[-0.6858,39.0742],[-0.6875,39.0717],[-0.7017,39.0775],[-0.7275,39.0775],[-0.7458,39.0967],[-0.7542,39.0967],[-0.7558,39.0933],[-0.7708,39.0883],[-0.7717,39.08],[-0.775,39.0775],[-0.775,39.065],[-0.7783,39.0642],[-0.7775,39.0575],[-0.7883,39.0558],[-0.7967,39.0508],[-0.8025,39.0383],[-0.8108,39.0358],[-0.8217,39.0283],[-0.8233,39.0242],[-0.8317,39.0208],[-0.8292,39.0133],[-0.8325,39.0033],[-0.8308,38.9967],[-0.8342,38.9942],[-0.8325,38.9883],[-0.8375,38.985],[-0.8458,38.9867],[-0.8483,38.9817],[-0.8542,38.9792],[-0.8842,38.9758],[-0.9025,38.9608],[-0.9017,38.9558],[-0.8842,38.9508],[-0.8675,38.9525],[-0.8492,38.9483],[-0.8308,38.9525],[-0.83,38.9567],[-0.82,38.96],[-0.8067,38.9608],[-0.8017,38.9658],[-0.7933,38.9683],[-0.7833,38.9508],[-0.7733,38.945],[-0.7625,38.9475],[-0.7508,38.94],[-0.7433,38.9408],[-0.7408,38.9325],[-0.7208,38.93],[-0.7092,38.9417],[-0.6983,38.9467],[-0.6833,38.9658],[-0.6775,38.965],[-0.6683,38.9692],[-0.6683,38.9733],[-0.6567,38.9808],[-0.6367,38.9808],[-0.6317,38.9867],[-0.6158,38.9883],[-0.6117,38.9942],[-0.605,38.9967],[-0.6092,39.0025],[-0.6067,39.005],[-0.6083,39.0075],[-0.5942,39.0067],[-0.5833,39.01],[-0.5767,39.0175],[-0.5683,39.02],[-0.5642,39.0267],[-0.5583,39.0267],[-0.5583,39.0375],[-0.5642,39.0367],[-0.565,39.0325],[-0.5683,39.0317],[-0.5817,39.0408],[-0.595,39.0333],[-0.5992,39.0233],[-0.6242,39.03],[-0.6217,39.0333],[-0.6283,39.04],[-0.6275,39.0433],[-0.6233,39.0442],[-0.6242,39.0592],[-0.6283,39.0667],[-0.6308,39.0667],[-0.6308,39.0708],[-0.64,39.0792],[-0.6392,39.0825],[-0.6467,39.09],[-0.6558,39.0842],[-0.6708,39.0958],[-0.6825,39.0975]]]}},{"type":"Feature","properties":{"id":"albaida-manuel","scope":"natural","area_km2":1190.8},"geometry":{"type":"Polygon","coordinates":[[[-0.4967,39.0517],[-0.5083,39.05],[-0.5308,39.0317],[-0.5575,39.0325],[-0.5833,39.01],[-0.6083,39.0075],[-0.605,38.9975],[-0.5817,38.9925],[-0.5817,38.9717],[-0.59,38.9808],[-0.6567,38.9808],[-0.6683,38.9692],[-0.6833,38.9658],[-0.7208,38.93],[-0.7408,38.9325],[-0.7433,38.9408],[-0.7625,38.9475],[-0.7733,38.945],[-0.7933,38.9683],[-0.8492,38.9483],[-0.8842,38.9508],[-0.9058,38.96],[-0.94,38.9408],[-0.9592,38.9442],[-0.955,38.9108],[-0.98,38.89],[-0.9925,38.8908],[-0.9892,38.8758],[-0.9667,38.8633],[-0.9533,38.8442],[-0.9283,38.8283],[-0.93,38.8108],[-0.9425,38.8142],[-0.9558,38.8042],[-0.9392,38.7942],[-0.9375,38.7808],[-0.9275,38.7842],[-0.9075,38.7667],[-0.8625,38.7758],[-0.8542,38.7833],[-0.83,38.7767],[-0.815,38.7833],[-0.7992,38.7817],[-0.7933,38.7875],[-0.7758,38.775],[-0.7725,38.7567],[-0.7625,38.7617],[-0.735,38.7592],[-0.7325,38.7517],[-0.7108,38.7492],[-0.6583,38.76],[-0.6475,38.7517],[-0.6558,38.7392],[-0.645,38.7275],[-0.585,38.7583],[-0.5575,38.7533],[-0.5383,38.7658],[-0.5242,38.7667],[-0.53,38.7942],[-0.5208,38.8075],[-0.4667,38.8033],[-0.46,38.8158],[-0.4042,38.8325],[-0.4033,38.84],[-0.3808,38.835],[-0.3508,38.8558],[-0.3742,38.8583],[-0.3642,38.8908],[-0.3733,38.9017],[-0.37,38.9075],[-0.38,38.9133],[-0.3792,38.9192],[-0.3642,38.9258],[-0.3625,38.945],[-0.3675,38.9475],[-0.3617,38.9608],[-0.3508,38.9658],[-0.3567,39.0017],[-0.3375,39.005],[-0.34,39.0275],[-0.3558,39.045],[-0.3708,39.0492],[-0.3708,39.0425],[-0.39,39.0333],[-0.415,39.0383],[-0.4392,39.0267],[-0.4633,39.0267],[-0.4967,39.0517]]]}},{"type":"Feature","properties":{"id":"albaida-manuel","scope":"unregulated","area_km2":700.1},"geometry":{"type":"Polygon","coordinates":[[[-0.4867,39.0475],[-0.5083,39.05],[-0.5092,39.045],[-0.5283,39.0375],[-0.5308,39.0317],[-0.5367,39.035],[-0.5475,39.03],[-0.5575,39.0325],[-0.5583,39.0267],[-0.5642,39.0267],[-0.5833,39.01],[-0.6083,39.0075],[-0.605,38.9975],[-0.5908,38.9983],[-0.5817,38.9925],[-0.5817,38.9717],[-0.59,38.9808],[-0.5958,38.9775],[-0.6567,38.9808],[-0.6683,38.9692],[-0.6833,38.9658],[-0.6983,38.9467],[-0.7208,38.93],[-0.7408,38.9325],[-0.7433,38.9408],[-0.7508,38.94],[-0.7625,38.9475],[-0.7733,38.945],[-0.7833,38.9508],[-0.7933,38.9683],[-0.8492,38.9483],[-0.8842,38.9508],[-0.9058,38.96],[-0.94,38.9408],[-0.9592,38.9442],[-0.955,38.9108],[-0.9667,38.9],[-0.9758,38.8983],[-0.98,38.89],[-0.9925,38.8908],[-0.9892,38.8758],[-0.985,38.87],[-0.9667,38.8633],[-0.9533,38.8442],[-0.9283,38.8283],[-0.93,38.8108],[-0.9425,38.8142],[-0.9558,38.8042],[-0.9392,38.7942],[-0.9375,38.7808],[-0.9275,38.7842],[-0.9183,38.7783],[-0.9158,38.7692],[-0.8958,38.7675],[-0.8758,38.7758],[-0.8625,38.7758],[-0.8542,38.7833],[-0.8417,38.7767],[-0.83,38.7767],[-0.815,38.7833],[-0.7992,38.7817],[-0.7933,38.7875],[-0.7758,38.775],[-0.7725,38.7567],[-0.7525,38.7617],[-0.7467,38.7658],[-0.7458,38.7792],[-0.7383,38.7867],[-0.7617,38.8],[-0.765,38.8167],[-0.7333,38.835],[-0.7158,38.83],[-0.69,38.8508],[-0.6617,38.8608],[-0.6542,38.8758],[-0.6333,38.8825],[-0.6142,38.9033],[-0.6083,38.9025],[-0.5733,38.925],[-0.57,38.9333],[-0.525,38.92],[-0.515,38.9317],[-0.465,38.9392],[-0.4608,38.9475],[-0.4367,38.9608],[-0.4425,38.9792],[-0.425,38.9858],[-0.4025,38.9833],[-0.3933,38.9875],[-0.3858,38.9767],[-0.3917,38.9708],[-0.3825,38.9633],[-0.3767,38.9658],[-0.36,38.9608],[-0.3508,38.9658],[-0.3567,39.0017],[-0.3375,39.005],[-0.3408,39.0133],[-0.3375,39.0233],[-0.3558,39.045],[-0.3708,39.0492],[-0.3708,39.0425],[-0.3792,39.0425],[-0.39,39.0333],[-0.415,39.0383],[-0.4392,39.0267],[-0.4575,39.0258],[-0.4692,39.0283],[-0.4867,39.0475]]]}},{"type":"Feature","properties":{"id":"canyoles-canals","scope":"natural","area_km2":500.7},"geometry":{"type":"Polygon","coordinates":[[[-0.5975,38.9775],[-0.6567,38.9808],[-0.6683,38.9733],[-0.6683,38.9692],[-0.6833,38.9658],[-0.6983,38.9467],[-0.7208,38.93],[-0.7408,38.9325],[-0.7433,38.9408],[-0.7508,38.94],[-0.7625,38.9475],[-0.7733,38.945],[-0.7833,38.9508],[-0.7933,38.9683],[-0.8067,38.9608],[-0.82,38.96],[-0.83,38.9567],[-0.8308,38.9525],[-0.8492,38.9483],[-0.8675,38.9525],[-0.8842,38.9508],[-0.9058,38.96],[-0.94,38.9408],[-0.9592,38.9442],[-0.955,38.9108],[-0.9667,38.9],[-0.9758,38.8983],[-0.98,38.89],[-0.9925,38.8908],[-0.9892,38.8758],[-0.985,38.87],[-0.9667,38.8633],[-0.9533,38.8442],[-0.9483,38.8442],[-0.945,38.8367],[-0.9358,38.835],[-0.9283,38.8283],[-0.93,38.8108],[-0.9425,38.8142],[-0.9558,38.8042],[-0.9392,38.7942],[-0.9375,38.7808],[-0.9275,38.7842],[-0.9183,38.7783],[-0.92,38.7733],[-0.9158,38.7692],[-0.8958,38.7675],[-0.8758,38.7758],[-0.8625,38.7758],[-0.8542,38.7833],[-0.8417,38.7767],[-0.83,38.7767],[-0.815,38.7833],[-0.7992,38.7817],[-0.7933,38.7875],[-0.7758,38.775],[-0.7725,38.7567],[-0.7625,38.7617],[-0.755,38.7608],[-0.7467,38.7658],[-0.7458,38.7792],[-0.7383,38.7867],[-0.7417,38.7917],[-0.7508,38.7925],[-0.7617,38.8],[-0.765,38.8167],[-0.7558,38.8242],[-0.7433,38.8258],[-0.7333,38.835],[-0.7267,38.8358],[-0.7158,38.83],[-0.69,38.8508],[-0.6617,38.8608],[-0.6542,38.8758],[-0.6358,38.8808],[-0.6208,38.8917],[-0.6142,38.9033],[-0.6083,38.9025],[-0.6042,38.9067],[-0.6142,38.915],[-0.6125,38.92],[-0.59,38.935],[-0.5792,38.9508],[-0.5767,38.9583],[-0.5825,38.9642],[-0.58,38.9708],[-0.5858,38.9733],[-0.5883,38.98],[-0.5975,38.9775]]]}},{"type":"Feature","properties":{"id":"clariano-ontinyent","scope":"natural","area_km2":174.7},"geometry":{"type":"Polygon","coordinates":[[[-0.6458,38.8642],[-0.6683,38.86],[-0.68,38.8533],[-0.69,38.8508],[-0.7067,38.84],[-0.7158,38.83],[-0.7225,38.8308],[-0.7267,38.8358],[-0.7333,38.835],[-0.7433,38.8258],[-0.7558,38.8242],[-0.7608,38.8175],[-0.765,38.8167],[-0.7658,38.8092],[-0.7625,38.8075],[-0.7617,38.8],[-0.7575,38.7992],[-0.7508,38.7925],[-0.7417,38.7917],[-0.7383,38.7867],[-0.7383,38.7842],[-0.7425,38.7833],[-0.7458,38.7792],[-0.7467,38.7658],[-0.755,38.7617],[-0.7542,38.7592],[-0.7417,38.7592],[-0.7408,38.7575],[-0.735,38.7592],[-0.7325,38.7517],[-0.7217,38.7533],[-0.72,38.7508],[-0.7108,38.7492],[-0.6983,38.755],[-0.685,38.755],[-0.6808,38.7583],[-0.6725,38.755],[-0.6583,38.76],[-0.6542,38.755],[-0.65,38.755],[-0.6467,38.7492],[-0.6558,38.7417],[-0.6558,38.7392],[-0.6475,38.7292],[-0.6425,38.7275],[-0.6283,38.735],[-0.6175,38.7442],[-0.6158,38.7425],[-0.6067,38.7433],[-0.605,38.7492],[-0.6017,38.7508],[-0.5958,38.7492],[-0.585,38.7583],[-0.5758,38.7542],[-0.5575,38.7533],[-0.5525,38.7592],[-0.545,38.7608],[-0.5383,38.7658],[-0.5242,38.7667],[-0.5233,38.7725],[-0.5258,38.7758],[-0.525,38.78],[-0.53,38.7867],[-0.53,38.7942],[-0.5242,38.7958],[-0.5208,38.8075],[-0.5325,38.8108],[-0.5425,38.8058],[-0.5633,38.8042],[-0.5658,38.8017],[-0.585,38.8017],[-0.5917,38.8058],[-0.5917,38.8125],[-0.595,38.8192],[-0.6008,38.82],[-0.6033,38.8325],[-0.6208,38.8408],[-0.6258,38.8475],[-0.6325,38.8508],[-0.6442,38.8517],[-0.6417,38.8592],[-0.6458,38.8642]]]}},{"type":"Feature","properties":{"id":"barxeta-carcaixent","scope":"natural","area_km2":97.9},"geometry":{"type":"Polygon","coordinates":[[[-0.455,39.1267],[-0.4667,39.1242],[-0.4683,39.12],[-0.4708,39.1183],[-0.4733,39.12],[-0.4767,39.1158],[-0.4808,39.1158],[-0.4825,39.1175],[-0.4942,39.1158],[-0.4933,39.1117],[-0.5008,39.1083],[-0.5025,39.1092],[-0.5042,39.1067],[-0.515,39.1017],[-0.5175,39.0942],[-0.5225,39.0925],[-0.5233,39.0883],[-0.5217,39.0883],[-0.5217,39.08],[-0.52,39.08],[-0.5192,39.0742],[-0.5158,39.0717],[-0.5133,39.0725],[-0.5117,39.0625],[-0.505,39.0625],[-0.4975,39.0533],[-0.4925,39.0517],[-0.4892,39.0475],[-0.4867,39.0475],[-0.4858,39.0442],[-0.4783,39.0375],[-0.4775,39.0342],[-0.4692,39.0283],[-0.4575,39.0258],[-0.4542,39.0283],[-0.4392,39.0267],[-0.4325,39.0325],[-0.4175,39.0342],[-0.415,39.0383],[-0.4067,39.0342],[-0.39,39.0333],[-0.3883,39.0367],[-0.3817,39.0392],[-0.3792,39.0425],[-0.3708,39.0425],[-0.3708,39.05],[-0.3742,39.0508],[-0.375,39.0533],[-0.3808,39.0542],[-0.3808,39.0567],[-0.385,39.0567],[-0.3867,39.0583],[-0.3858,39.0608],[-0.3808,39.0642],[-0.38,39.0692],[-0.3733,39.0717],[-0.3717,39.0758],[-0.3717,39.0775],[-0.3758,39.0783],[-0.3775,39.0817],[-0.3825,39.0825],[-0.3825,39.0892],[-0.39,39.0883],[-0.39,39.0925],[-0.3942,39.0983],[-0.4008,39.1],[-0.4017,39.1025],[-0.4142,39.105],[-0.4183,39.11],[-0.4275,39.1158],[-0.4275,39.1192],[-0.4317,39.1192],[-0.435,39.1233],[-0.45,39.1208],[-0.4533,39.1242],[-0.4558,39.1242],[-0.455,39.1267]]]}},{"type":"Feature","properties":{"id":"casella-alzira","scope":"natural","area_km2":43.2},"geometry":{"type":"Polygon","coordinates":[[[-0.425,39.1592],[-0.4267,39.1558],[-0.4317,39.1558],[-0.4367,39.1508],[-0.4367,39.15],[-0.4342,39.15],[-0.4333,39.1458],[-0.4317,39.145],[-0.4325,39.1408],[-0.4333,39.1408],[-0.4325,39.1367],[-0.4308,39.1367],[-0.4308,39.135],[-0.4275,39.1317],[-0.4292,39.13],[-0.43,39.125],[-0.4242,39.125],[-0.42,39.1192],[-0.415,39.1167],[-0.4142,39.115],[-0.415,39.1108],[-0.4108,39.11],[-0.4108,39.105],[-0.4075,39.1042],[-0.4067,39.1025],[-0.4017,39.1025],[-0.4008,39.1],[-0.3942,39.0983],[-0.3917,39.0958],[-0.3917,39.0933],[-0.39,39.0925],[-0.3908,39.0908],[-0.39,39.0883],[-0.3825,39.0892],[-0.3817,39.0883],[-0.3825,39.0825],[-0.3775,39.0817],[-0.3758,39.0783],[-0.3725,39.0783],[-0.3717,39.0767],[-0.3633,39.0775],[-0.3608,39.0758],[-0.3575,39.0833],[-0.3442,39.0825],[-0.3425,39.085],[-0.3408,39.085],[-0.3367,39.0892],[-0.3375,39.0967],[-0.3358,39.0983],[-0.3333,39.0983],[-0.3333,39.1],[-0.3308,39.1],[-0.3192,39.0942],[-0.3183,39.0925],[-0.3142,39.0933],[-0.3108,39.0917],[-0.3092,39.0883],[-0.305,39.0875],[-0.3033,39.085],[-0.3008,39.085],[-0.3008,39.0833],[-0.2933,39.0833],[-0.2917,39.085],[-0.2933,39.0867],[-0.2933,39.0892],[-0.2967,39.0908],[-0.2975,39.0958],[-0.3008,39.0958],[-0.3042,39.0992],[-0.31,39.1017],[-0.3133,39.1067],[-0.3175,39.1067],[-0.3217,39.1108],[-0.3317,39.115],[-0.3325,39.1167],[-0.34,39.1183],[-0.3442,39.1217],[-0.3492,39.1217],[-0.3517,39.1233],[-0.355,39.1233],[-0.355,39.1242],[-0.36,39.1242],[-0.365,39.1267],[-0.3758,39.1283],[-0.385,39.1333],[-0.395,39.1342],[-0.3983,39.1358],[-0.3992,39.1375],[-0.4033,39.1383],[-0.4067,39.1417],[-0.4067,39.1442],[-0.4092,39.1467],[-0.4067,39.1492],[-0.4075,39.1508],[-0.4092,39.1508],[-0.4125,39.155],[-0.4158,39.1542],[-0.4167,39.1558],[-0.4183,39.1558],[-0.4183,39.1575],[-0.4217,39.1592],[-0.425,39.1592]]]}},{"type":"Feature","properties":{"id":"vaca-tavernes","scope":"natural","area_km2":70.4},"geometry":{"type":"Polygon","coordinates":[[[-0.3333,39.1],[-0.3333,39.0983],[-0.3375,39.0967],[-0.3367,39.0892],[-0.3408,39.085],[-0.3425,39.085],[-0.3442,39.0825],[-0.3575,39.0833],[-0.3608,39.0758],[-0.3633,39.0775],[-0.3717,39.0767],[-0.3725,39.0725],[-0.38,39.0692],[-0.3808,39.0642],[-0.3825,39.0642],[-0.3867,39.0583],[-0.385,39.0567],[-0.3808,39.0567],[-0.3808,39.0542],[-0.3792,39.0533],[-0.375,39.0533],[-0.3742,39.0508],[-0.3708,39.0492],[-0.3667,39.0483],[-0.3658,39.045],[-0.3558,39.045],[-0.355,39.04],[-0.3483,39.0367],[-0.3467,39.03],[-0.3425,39.03],[-0.3392,39.025],[-0.3333,39.0258],[-0.33,39.02],[-0.325,39.0192],[-0.3225,39.015],[-0.3225,39.0075],[-0.3308,39.0067],[-0.3308,39.005],[-0.3242,38.9967],[-0.315,38.9975],[-0.3108,38.9958],[-0.3017,38.9958],[-0.2992,39.0],[-0.295,39.0],[-0.2933,38.9975],[-0.29,38.9975],[-0.2883,38.9958],[-0.2842,38.9975],[-0.2767,38.9975],[-0.2775,39.0025],[-0.2758,39.0058],[-0.2708,39.01],[-0.275,39.0133],[-0.2792,39.0142],[-0.28,39.0158],[-0.275,39.0192],[-0.2758,39.0225],[-0.2733,39.0233],[-0.2725,39.0275],[-0.2658,39.0283],[-0.2642,39.0325],[-0.2658,39.0367],[-0.2642,39.04],[-0.26,39.0408],[-0.2592,39.0433],[-0.2642,39.0475],[-0.2642,39.05],[-0.2692,39.0483],[-0.2717,39.0508],[-0.2783,39.0517],[-0.2808,39.0533],[-0.2808,39.0567],[-0.2783,39.0583],[-0.2783,39.0608],[-0.2758,39.0608],[-0.2758,39.0625],[-0.2733,39.0642],[-0.27,39.065],[-0.2692,39.0667],[-0.265,39.0667],[-0.265,39.0692],[-0.2742,39.0808],[-0.2792,39.08],[-0.2808,39.0825],[-0.2875,39.0808],[-0.2917,39.085],[-0.2933,39.0833],[-0.3008,39.0833],[-0.3008,39.085],[-0.3092,39.0883],[-0.3108,39.0917],[-0.3142,39.0933],[-0.3183,39.0925],[-0.3242,39.0967],[-0.3333,39.1]]]}},{"type":"Feature","properties":{"id":"serpis-alcoi","scope":"natural","area_km2":154.1},"geometry":{"type":"Polygon","coordinates":[[[-0.5025,38.7692],[-0.5133,38.7658],[-0.5383,38.7658],[-0.545,38.7608],[-0.5525,38.7592],[-0.5575,38.7533],[-0.5667,38.755],[-0.5683,38.745],[-0.5617,38.735],[-0.5642,38.73],[-0.5725,38.7275],[-0.5783,38.7142],[-0.5775,38.71],[-0.5842,38.7092],[-0.5933,38.7],[-0.5975,38.7],[-0.6042,38.6942],[-0.6092,38.6942],[-0.6158,38.69],[-0.6175,38.685],[-0.6208,38.685],[-0.62,38.6783],[-0.625,38.6758],[-0.6258,38.6683],[-0.615,38.6575],[-0.6058,38.6575],[-0.6017,38.6508],[-0.5908,38.6517],[-0.585,38.6583],[-0.5658,38.6583],[-0.56,38.6558],[-0.5483,38.6592],[-0.5242,38.6567],[-0.5042,38.6583],[-0.5092,38.655],[-0.5092,38.6525],[-0.5067,38.6492],[-0.5075,38.645],[-0.5017,38.6375],[-0.5025,38.6317],[-0.4975,38.6217],[-0.4983,38.6167],[-0.5017,38.615],[-0.4967,38.6083],[-0.4825,38.6067],[-0.4583,38.615],[-0.445,38.6258],[-0.4342,38.6283],[-0.4283,38.6367],[-0.4283,38.6492],[-0.4325,38.6542],[-0.4308,38.6617],[-0.4458,38.6675],[-0.4442,38.6708],[-0.4358,38.6758],[-0.4383,38.6875],[-0.4433,38.685],[-0.4617,38.6875],[-0.4683,38.6975],[-0.4667,38.7042],[-0.4692,38.7083],[-0.4817,38.7167],[-0.4842,38.7208],[-0.4883,38.7208],[-0.4933,38.725],[-0.4942,38.7417],[-0.4875,38.7475],[-0.4875,38.75],[-0.4825,38.7508],[-0.4825,38.7533],[-0.4892,38.7575],[-0.4883,38.7633],[-0.5025,38.7692]]]}},{"type":"Feature","properties":{"id":"serpis-gandia","scope":"natural","area_km2":745.2},"geometry":{"type":"Polygon","coordinates":[[[-0.3317,39.0067],[-0.3567,39.0017],[-0.3508,38.9658],[-0.3617,38.9608],[-0.36,38.955],[-0.3675,38.9475],[-0.3625,38.945],[-0.3642,38.9258],[-0.3792,38.9192],[-0.38,38.9133],[-0.37,38.9075],[-0.3733,38.9017],[-0.3642,38.8908],[-0.3742,38.8583],[-0.3525,38.8583],[-0.3533,38.8517],[-0.3808,38.835],[-0.4033,38.84],[-0.4042,38.8325],[-0.4375,38.8258],[-0.46,38.8158],[-0.4667,38.8033],[-0.5208,38.8075],[-0.5242,38.7958],[-0.53,38.7942],[-0.5242,38.7667],[-0.5383,38.7658],[-0.5575,38.7533],[-0.5675,38.7542],[-0.5683,38.745],[-0.5617,38.735],[-0.5725,38.7275],[-0.5775,38.71],[-0.6208,38.685],[-0.6258,38.6683],[-0.6175,38.6592],[-0.6058,38.6575],[-0.6017,38.6508],[-0.5908,38.6517],[-0.585,38.6583],[-0.5042,38.6583],[-0.5092,38.6525],[-0.4975,38.6217],[-0.5017,38.615],[-0.4883,38.6067],[-0.4583,38.615],[-0.43,38.635],[-0.4183,38.635],[-0.415,38.6425],[-0.4058,38.64],[-0.4033,38.6458],[-0.3825,38.64],[-0.3692,38.65],[-0.3458,38.6517],[-0.3375,38.6442],[-0.3167,38.6533],[-0.2858,38.6542],[-0.285,38.6658],[-0.2992,38.6717],[-0.2967,38.6792],[-0.3017,38.6833],[-0.2967,38.6942],[-0.3017,38.7025],[-0.2983,38.7083],[-0.2858,38.7092],[-0.2817,38.7158],[-0.27,38.72],[-0.2733,38.7367],[-0.25,38.7442],[-0.2483,38.7475],[-0.2625,38.7458],[-0.2758,38.7608],[-0.2542,38.775],[-0.2442,38.7733],[-0.2425,38.7833],[-0.25,38.7825],[-0.2517,38.7892],[-0.2642,38.7917],[-0.265,38.8067],[-0.2892,38.8067],[-0.2975,38.8192],[-0.2542,38.8358],[-0.2508,38.845],[-0.2542,38.8525],[-0.2433,38.86],[-0.2208,38.8692],[-0.2075,38.8675],[-0.1842,38.8808],[-0.1642,38.8808],[-0.16,38.885],[-0.1608,38.8983],[-0.1833,38.9008],[-0.1858,38.9067],[-0.1967,38.91],[-0.195,38.9225],[-0.19,38.925],[-0.1808,38.9442],[-0.1825,38.9508],[-0.1758,38.9575],[-0.1767,38.97],[-0.1958,38.9525],[-0.2025,38.9583],[-0.2208,38.9558],[-0.2267,38.9758],[-0.2408,38.9733],[-0.2783,38.9833],[-0.285,38.9725],[-0.2967,38.9692],[-0.3075,38.9775],[-0.2975,38.9883],[-0.3008,38.9958],[-0.3242,38.9967],[-0.3317,39.0067]]]}},{"type":"Feature","properties":{"id":"serpis-gandia","scope":"unregulated","area_km2":280.7},"geometry":{"type":"Polygon","coordinates":[[[-0.3317,39.0067],[-0.3567,39.0017],[-0.3508,38.9825],[-0.3533,38.9775],[-0.3508,38.9658],[-0.3617,38.9608],[-0.36,38.955],[-0.3675,38.9475],[-0.3625,38.945],[-0.365,38.9392],[-0.3617,38.9375],[-0.3642,38.9258],[-0.3792,38.9192],[-0.38,38.9133],[-0.37,38.9075],[-0.3733,38.9017],[-0.3642,38.8908],[-0.3642,38.8817],[-0.3733,38.8692],[-0.3708,38.8642],[-0.3742,38.8625],[-0.3742,38.8583],[-0.3692,38.8558],[-0.3525,38.8583],[-0.3508,38.8558],[-0.3558,38.8492],[-0.3775,38.8367],[-0.3925,38.835],[-0.3767,38.8242],[-0.3742,38.8175],[-0.3483,38.8158],[-0.3417,38.8108],[-0.335,38.8033],[-0.3342,38.7975],[-0.3233,38.7958],[-0.3258,38.7933],[-0.325,38.7875],[-0.3208,38.7808],[-0.3083,38.7808],[-0.2892,38.7708],[-0.2908,38.765],[-0.2875,38.7608],[-0.2733,38.7608],[-0.2667,38.77],[-0.2592,38.7683],[-0.2542,38.775],[-0.2442,38.7733],[-0.2425,38.7833],[-0.25,38.7825],[-0.2517,38.7892],[-0.2642,38.7917],[-0.2667,38.7958],[-0.265,38.8067],[-0.2733,38.8042],[-0.2892,38.8067],[-0.2975,38.8192],[-0.2792,38.8258],[-0.2667,38.8342],[-0.2542,38.8358],[-0.2542,38.8442],[-0.2508,38.845],[-0.2542,38.8525],[-0.2433,38.86],[-0.2358,38.8608],[-0.2208,38.8692],[-0.2075,38.8675],[-0.1842,38.8808],[-0.1667,38.88],[-0.16,38.885],[-0.1625,38.8917],[-0.1608,38.8983],[-0.1833,38.9008],[-0.1858,38.9067],[-0.1967,38.91],[-0.1933,38.9183],[-0.195,38.9225],[-0.19,38.925],[-0.1858,38.9333],[-0.1858,38.9408],[-0.1808,38.9442],[-0.1825,38.9508],[-0.1758,38.9575],[-0.1775,38.9617],[-0.175,38.9658],[-0.1767,38.97],[-0.1817,38.9683],[-0.1817,38.9658],[-0.1858,38.965],[-0.1883,38.9558],[-0.1958,38.9525],[-0.2025,38.9583],[-0.2192,38.955],[-0.2267,38.9758],[-0.2408,38.9733],[-0.2767,38.9833],[-0.2817,38.9817],[-0.285,38.9725],[-0.2967,38.9692],[-0.2992,38.9725],[-0.3067,38.9733],[-0.3075,38.9775],[-0.3075,38.9817],[-0.2975,38.9883],[-0.3008,38.9958],[-0.3242,38.9967],[-0.3317,39.0067]]]}},{"type":"Feature","properties":{"id":"vernissa-real","scope":"natural","area_km2":150.3},"geometry":{"type":"Polygon","coordinates":[[[-0.3317,39.0067],[-0.3567,39.0017],[-0.3567,38.9958],[-0.3508,38.9825],[-0.3533,38.9775],[-0.3517,38.9733],[-0.3533,38.97],[-0.3508,38.9692],[-0.3508,38.9658],[-0.3617,38.9608],[-0.36,38.955],[-0.3675,38.9475],[-0.3625,38.945],[-0.365,38.9392],[-0.365,38.9375],[-0.3617,38.9375],[-0.3642,38.9342],[-0.3642,38.9258],[-0.3792,38.9192],[-0.3783,38.915],[-0.38,38.9133],[-0.3725,38.9108],[-0.37,38.9075],[-0.3733,38.905],[-0.3733,38.9017],[-0.3717,38.9017],[-0.3717,38.8975],[-0.3675,38.8958],[-0.3642,38.8908],[-0.3642,38.8817],[-0.3675,38.8742],[-0.3733,38.8692],[-0.3733,38.8658],[-0.3708,38.865],[-0.3742,38.8625],[-0.3733,38.8575],[-0.3567,38.8558],[-0.3517,38.86],[-0.3408,38.8617],[-0.3375,38.8642],[-0.3258,38.8625],[-0.3175,38.8692],[-0.3183,38.8742],[-0.3217,38.8767],[-0.3125,38.8833],[-0.3083,38.8833],[-0.3033,38.89],[-0.295,38.8883],[-0.2675,38.8933],[-0.2625,38.8925],[-0.2558,38.8975],[-0.2433,38.8975],[-0.24,38.895],[-0.225,38.895],[-0.2225,38.8983],[-0.2175,38.8975],[-0.2175,38.9008],[-0.2125,38.905],[-0.2125,38.9083],[-0.2058,38.9133],[-0.2025,38.9192],[-0.2025,38.925],[-0.195,38.9317],[-0.1917,38.94],[-0.1983,38.9425],[-0.21,38.9325],[-0.2142,38.935],[-0.215,38.9392],[-0.2208,38.9442],[-0.2217,38.9508],[-0.2192,38.9517],[-0.2192,38.9558],[-0.2208,38.9558],[-0.2208,38.965],[-0.2242,38.9683],[-0.225,38.975],[-0.2408,38.9733],[-0.265,38.9783],[-0.2692,38.9825],[-0.2783,38.9833],[-0.2817,38.9817],[-0.2817,38.9775],[-0.285,38.9725],[-0.2967,38.9692],[-0.2992,38.9725],[-0.3067,38.9733],[-0.3075,38.9775],[-0.3075,38.9817],[-0.3042,38.9817],[-0.2975,38.9883],[-0.3008,38.9958],[-0.3242,38.9967],[-0.3317,39.0067]]]}},{"type":"Feature","properties":{"id":"beniopa-gandia","scope":"natural","area_km2":31.1},"geometry":{"type":"Polygon","coordinates":[[[-0.2708,39.01],[-0.2717,39.0083],[-0.2733,39.0083],[-0.2758,39.0058],[-0.2758,39.0042],[-0.2775,39.0025],[-0.2775,38.9983],[-0.2767,38.9975],[-0.2842,38.9975],[-0.2858,38.9958],[-0.2883,38.9958],[-0.29,38.9975],[-0.2933,38.9975],[-0.295,39.0],[-0.2992,39.0],[-0.3,38.9992],[-0.3,38.9975],[-0.3017,38.9958],[-0.3008,38.9958],[-0.3008,38.9933],[-0.2983,38.9908],[-0.2975,38.9883],[-0.2983,38.9883],[-0.2992,38.9858],[-0.3033,38.9842],[-0.3042,38.9817],[-0.3075,38.9817],[-0.3067,38.9733],[-0.2992,38.9725],[-0.2983,38.97],[-0.295,38.9692],[-0.295,38.97],[-0.2917,38.97],[-0.2908,38.9717],[-0.285,38.9725],[-0.285,38.9742],[-0.2833,38.975],[-0.2833,38.9775],[-0.2817,38.9775],[-0.2817,38.9817],[-0.2808,38.9825],[-0.2783,38.9825],[-0.2783,38.9833],[-0.2767,38.9833],[-0.275,38.9817],[-0.2692,38.9825],[-0.265,38.9783],[-0.26,38.9783],[-0.26,38.9775],[-0.2567,38.9775],[-0.2567,38.9767],[-0.2467,38.9758],[-0.245,38.9742],[-0.2408,38.9742],[-0.2408,38.9733],[-0.2367,38.9733],[-0.2358,38.975],[-0.23,38.975],[-0.23,38.9758],[-0.225,38.975],[-0.2242,38.9742],[-0.2242,38.9683],[-0.2208,38.965],[-0.2208,38.9608],[-0.22,38.9608],[-0.2208,38.9558],[-0.2192,38.9558],[-0.2192,38.955],[-0.2175,38.955],[-0.2158,38.9575],[-0.2025,38.9583],[-0.2,38.9558],[-0.2,38.9542],[-0.1958,38.9525],[-0.1958,38.9533],[-0.1925,38.9542],[-0.1925,38.955],[-0.1883,38.9558],[-0.1875,38.9608],[-0.1858,38.9608],[-0.1858,38.965],[-0.185,38.965],[-0.1858,38.9692],[-0.185,38.9692],[-0.185,38.9717],[-0.1833,38.9717],[-0.1833,38.9758],[-0.1875,38.9767],[-0.1875,38.9775],[-0.1917,38.9767],[-0.1925,38.9783],[-0.1933,38.9775],[-0.1983,38.9775],[-0.1992,38.9792],[-0.2033,38.9792],[-0.205,38.9808],[-0.205,38.9858],[-0.2042,38.9867],[-0.2067,38.9875],[-0.2075,38.9925],[-0.2042,38.9925],[-0.2042,38.9942],[-0.2025,38.9958],[-0.2058,38.9983],[-0.2058,39.0],[-0.2075,39.0017],[-0.2117,39.0],[-0.2117,39.0008],[-0.2167,39.0017],[-0.2167,39.0033],[-0.2183,39.0033],[-0.2192,39.0017],[-0.2233,39.0017],[-0.2233,39.0008],[-0.2242,39.0017],[-0.2308,39.0008],[-0.2308,39.0],[-0.2408,39.0008],[-0.2425,38.9992],[-0.2492,38.9992],[-0.2492,39.0],[-0.2533,39.0],[-0.2542,39.0017],[-0.2575,39.0025],[-0.2625,39.0075],[-0.265,39.0075],[-0.2658,39.0092],[-0.2708,39.01]]]}},{"type":"Feature","properties":{"id":"gallinera-oliva","scope":"natural","area_km2":59.8},"geometry":{"type":"Polygon","coordinates":[[[-0.1092,38.905],[-0.11,38.9025],[-0.1125,38.9025],[-0.1142,38.9],[-0.12,38.9],[-0.1275,38.8967],[-0.1358,38.8967],[-0.1367,38.8992],[-0.14,38.9008],[-0.1425,38.9],[-0.1433,38.8975],[-0.1517,38.8975],[-0.1533,38.9017],[-0.1575,38.9008],[-0.1625,38.8958],[-0.1625,38.8917],[-0.16,38.885],[-0.1642,38.8808],[-0.1775,38.8792],[-0.1842,38.8808],[-0.1908,38.875],[-0.1975,38.8733],[-0.2,38.8708],[-0.2042,38.87],[-0.2075,38.8675],[-0.2108,38.8675],[-0.21,38.8658],[-0.2058,38.8658],[-0.205,38.8642],[-0.2008,38.8642],[-0.1992,38.8658],[-0.1992,38.8625],[-0.1975,38.8608],[-0.1992,38.8608],[-0.1992,38.8583],[-0.2008,38.8575],[-0.2008,38.8508],[-0.2042,38.8508],[-0.2058,38.8492],[-0.2175,38.85],[-0.2483,38.8467],[-0.2492,38.845],[-0.2542,38.8442],[-0.2542,38.8358],[-0.2567,38.8358],[-0.26,38.8333],[-0.2667,38.8342],[-0.2708,38.83],[-0.2783,38.8283],[-0.2792,38.8258],[-0.2858,38.825],[-0.2875,38.8233],[-0.2958,38.8208],[-0.2975,38.8175],[-0.2958,38.8175],[-0.295,38.8142],[-0.2917,38.8125],[-0.2892,38.8067],[-0.2817,38.8067],[-0.2792,38.8042],[-0.2733,38.8042],[-0.2692,38.805],[-0.2692,38.8067],[-0.265,38.8067],[-0.2642,38.8083],[-0.2525,38.8092],[-0.2508,38.8108],[-0.2442,38.8117],[-0.2433,38.81],[-0.2267,38.81],[-0.2217,38.8125],[-0.2125,38.8133],[-0.2083,38.8175],[-0.2008,38.82],[-0.1917,38.8267],[-0.1783,38.8283],[-0.1775,38.8325],[-0.1742,38.8333],[-0.1742,38.8417],[-0.1725,38.8467],[-0.1633,38.8492],[-0.1617,38.8525],[-0.1583,38.8542],[-0.1425,38.8525],[-0.1408,38.8542],[-0.1408,38.8567],[-0.135,38.8567],[-0.13,38.8608],[-0.1342,38.8633],[-0.1342,38.8667],[-0.1383,38.8667],[-0.14,38.8683],[-0.14,38.8708],[-0.1308,38.8792],[-0.1292,38.8792],[-0.1275,38.8825],[-0.1225,38.8833],[-0.1183,38.8883],[-0.1142,38.8892],[-0.1083,38.8958],[-0.1058,38.8958],[-0.1042,38.8983],[-0.0992,38.8983],[-0.0967,38.9017],[-0.0967,38.9033],[-0.1092,38.905]]]}},{"type":"Feature","properties":{"id":"palancia-sagunt","scope":"natural","area_km2":970.8},"geometry":{"type":"Polygon","coordinates":[[[-0.6733,40.0175],[-0.6767,40.0083],[-0.7033,40.0117],[-0.7358,39.99],[-0.7533,40.0067],[-0.765,40.01],[-0.7883,39.99],[-0.8217,40.0025],[-0.835,40.0008],[-0.8325,39.9917],[-0.8458,39.9792],[-0.8392,39.9725],[-0.8425,39.9675],[-0.8317,39.9642],[-0.8317,39.9583],[-0.8342,39.9525],[-0.8467,39.9492],[-0.8425,39.9425],[-0.85,39.9325],[-0.8325,39.9183],[-0.8258,39.9025],[-0.8192,39.9025],[-0.8192,39.8958],[-0.8017,39.8908],[-0.7992,39.8775],[-0.78,39.8667],[-0.7583,39.8692],[-0.7575,39.8575],[-0.7492,39.8567],[-0.7192,39.8275],[-0.7033,39.8258],[-0.6958,39.8383],[-0.69,39.8383],[-0.6633,39.8175],[-0.6508,39.8217],[-0.6442,39.8158],[-0.6392,39.8208],[-0.6317,39.8183],[-0.625,39.8292],[-0.61,39.8308],[-0.6025,39.8192],[-0.6042,39.81],[-0.5925,39.8042],[-0.5817,39.7833],[-0.5683,39.7933],[-0.5483,39.7958],[-0.5467,39.8025],[-0.53,39.7958],[-0.5133,39.7792],[-0.5067,39.7592],[-0.4975,39.755],[-0.4983,39.7475],[-0.4833,39.7333],[-0.4683,39.7342],[-0.4683,39.7225],[-0.4617,39.715],[-0.4442,39.7175],[-0.4392,39.7092],[-0.4292,39.71],[-0.4125,39.6992],[-0.4042,39.7017],[-0.3975,39.695],[-0.3867,39.6983],[-0.3875,39.6767],[-0.3567,39.6642],[-0.3575,39.6567],[-0.345,39.6492],[-0.3267,39.6508],[-0.3267,39.66],[-0.32,39.6642],[-0.3008,39.6617],[-0.2958,39.675],[-0.2767,39.6758],[-0.2767,39.685],[-0.29,39.6983],[-0.2967,39.6975],[-0.2933,39.7067],[-0.285,39.7092],[-0.2892,39.7308],[-0.3125,39.7283],[-0.3133,39.7508],[-0.3275,39.7575],[-0.3275,39.7667],[-0.3133,39.775],[-0.325,39.7842],[-0.3508,39.7908],[-0.3542,39.8142],[-0.3642,39.8217],[-0.3517,39.8317],[-0.3158,39.8233],[-0.3167,39.8342],[-0.3025,39.8425],[-0.3,39.8525],[-0.2908,39.8583],[-0.2942,39.865],[-0.3217,39.865],[-0.3258,39.8725],[-0.3617,39.8792],[-0.36,39.8975],[-0.3758,39.9008],[-0.3883,39.91],[-0.3908,39.9192],[-0.4133,39.9283],[-0.4167,39.9367],[-0.4125,39.9425],[-0.4233,39.9483],[-0.4217,39.9575],[-0.4275,39.9608],[-0.425,39.9692],[-0.4467,39.9817],[-0.4742,39.98],[-0.4825,39.9858],[-0.48,39.9958],[-0.4883,40.0058],[-0.5292,40.0058],[-0.555,39.9908],[-0.5733,39.9892],[-0.5892,39.9908],[-0.5983,39.9992],[-0.6033,39.9942],[-0.6167,39.9958],[-0.6233,40.01],[-0.6342,40.0042],[-0.6733,40.0175]]]}},{"type":"Feature","properties":{"id":"belcaire-vall","scope":"natural","area_km2":86.6},"geometry":{"type":"Polygon","coordinates":[[[-0.2817,39.8717],[-0.2858,39.8708],[-0.2858,39.8675],[-0.2892,39.8642],[-0.2925,39.8642],[-0.2908,39.8583],[-0.2967,39.8533],[-0.3,39.8525],[-0.3025,39.8425],[-0.3092,39.8417],[-0.3133,39.8358],[-0.3167,39.8342],[-0.3167,39.8325],[-0.3133,39.8317],[-0.3158,39.8233],[-0.33,39.8233],[-0.3383,39.83],[-0.3417,39.8292],[-0.3458,39.8317],[-0.36,39.8292],[-0.3608,39.8242],[-0.3642,39.8233],[-0.3642,39.8217],[-0.3542,39.8142],[-0.3542,39.8092],[-0.3517,39.8075],[-0.3517,39.8017],[-0.35,39.8008],[-0.3517,39.7917],[-0.3475,39.7892],[-0.3417,39.7892],[-0.34,39.7875],[-0.3342,39.7875],[-0.3317,39.785],[-0.325,39.7842],[-0.32,39.7783],[-0.3175,39.7783],[-0.3133,39.7742],[-0.3067,39.7742],[-0.3042,39.7767],[-0.3042,39.7792],[-0.3,39.7783],[-0.2992,39.78],[-0.2942,39.78],[-0.2892,39.775],[-0.2817,39.775],[-0.2783,39.7733],[-0.2775,39.7708],[-0.2717,39.7692],[-0.2692,39.7717],[-0.2625,39.7733],[-0.26,39.7775],[-0.2567,39.7783],[-0.2567,39.7833],[-0.2467,39.7833],[-0.2467,39.7875],[-0.2433,39.7875],[-0.2408,39.7908],[-0.2358,39.7925],[-0.2225,39.7925],[-0.2183,39.7908],[-0.2067,39.7942],[-0.2033,39.8025],[-0.2008,39.8025],[-0.1992,39.8058],[-0.2008,39.8125],[-0.1942,39.815],[-0.1942,39.8183],[-0.2,39.8183],[-0.2075,39.8225],[-0.2117,39.8225],[-0.2133,39.8208],[-0.2233,39.8225],[-0.23,39.8275],[-0.23,39.8292],[-0.2342,39.83],[-0.235,39.8317],[-0.24,39.8317],[-0.2408,39.8367],[-0.2467,39.8408],[-0.2475,39.8458],[-0.2425,39.8492],[-0.24,39.8533],[-0.2425,39.8592],[-0.2392,39.865],[-0.25,39.865],[-0.2625,39.8692],[-0.2817,39.8717]]]}},{"type":"Feature","properties":{"id":"sec-borriana","scope":"natural","area_km2":213.3},"geometry":{"type":"Polygon","coordinates":[[[-0.2808,40.0017],[-0.3017,39.9933],[-0.3025,39.9892],[-0.31,39.9867],[-0.32,39.9883],[-0.3242,39.985],[-0.33,39.985],[-0.3342,39.9783],[-0.3425,39.98],[-0.3483,39.9758],[-0.3567,39.9817],[-0.3608,39.9742],[-0.3667,39.9717],[-0.3683,39.9633],[-0.3742,39.9583],[-0.3742,39.9533],[-0.3808,39.9517],[-0.3858,39.9417],[-0.3917,39.9425],[-0.3958,39.9375],[-0.395,39.935],[-0.4083,39.9383],[-0.4167,39.9367],[-0.4133,39.9333],[-0.4133,39.9283],[-0.4075,39.9233],[-0.3908,39.9192],[-0.3883,39.91],[-0.3792,39.9058],[-0.3758,39.9008],[-0.36,39.8975],[-0.3583,39.8858],[-0.3617,39.8792],[-0.3475,39.8775],[-0.3442,39.8742],[-0.3258,39.8725],[-0.325,39.8667],[-0.3217,39.865],[-0.3008,39.8675],[-0.2925,39.8633],[-0.2858,39.8675],[-0.2858,39.8708],[-0.2817,39.8717],[-0.2433,39.865],[-0.24,39.8725],[-0.2408,39.8783],[-0.2358,39.885],[-0.2442,39.8875],[-0.2458,39.8958],[-0.2408,39.9008],[-0.2342,39.9017],[-0.2358,39.9042],[-0.2342,39.9092],[-0.2367,39.9125],[-0.2217,39.915],[-0.2142,39.925],[-0.1867,39.9242],[-0.1783,39.9192],[-0.1567,39.9158],[-0.1508,39.9108],[-0.1375,39.91],[-0.1317,39.9042],[-0.0967,39.9025],[-0.0967,39.9058],[-0.1,39.9042],[-0.1117,39.9058],[-0.1158,39.9108],[-0.1258,39.915],[-0.125,39.9208],[-0.1367,39.9367],[-0.1383,39.9458],[-0.1442,39.945],[-0.145,39.9492],[-0.1533,39.9558],[-0.155,39.9617],[-0.1625,39.9642],[-0.1608,39.9675],[-0.1625,39.9708],[-0.1675,39.9725],[-0.1717,39.9783],[-0.1833,39.9758],[-0.1933,39.9783],[-0.2042,39.9775],[-0.2075,39.9817],[-0.2275,39.9825],[-0.2383,39.99],[-0.245,39.9892],[-0.2492,39.995],[-0.2642,39.9925],[-0.2658,39.9983],[-0.2808,40.0017]]]}},{"type":"Feature","properties":{"id":"millars-vilareal","scope":"natural","area_km2":3957.2},"geometry":{"type":"Polygon","coordinates":[[[-0.1283,40.4683],[-0.1542,40.4492],[-0.1958,40.4483],[-0.2208,40.4667],[-0.2617,40.4325],[-0.2767,40.4483],[-0.2775,40.4242],[-0.3308,40.4225],[-0.3725,40.3992],[-0.3717,40.3842],[-0.3992,40.3775],[-0.405,40.3892],[-0.4317,40.3683],[-0.465,40.3783],[-0.4692,40.3642],[-0.4858,40.3658],[-0.4958,40.345],[-0.5233,40.3358],[-0.5375,40.3742],[-0.5583,40.38],[-0.575,40.3708],[-0.5783,40.3892],[-0.6208,40.42],[-0.635,40.4183],[-0.6425,40.385],[-0.6908,40.3892],[-0.7308,40.4075],[-0.7717,40.465],[-0.8375,40.4608],[-0.8458,40.4508],[-0.9208,40.4592],[-0.9317,40.43],[-0.9208,40.4258],[-0.91,40.3608],[-0.9225,40.345],[-0.9383,40.3442],[-0.9383,40.33],[-0.9517,40.3333],[-0.9617,40.3142],[-0.9533,40.2992],[-0.9983,40.2683],[-0.9942,40.2533],[-1.0125,40.2542],[-1.005,40.2075],[-1.0283,40.1808],[-1.0192,40.1808],[-1.0117,40.1508],[-0.9908,40.1433],[-1.0267,40.1058],[-1.0342,40.0775],[-1.0117,40.0592],[-1.0158,40.0417],[-0.995,40.035],[-0.9917,40.0233],[-0.9492,39.9992],[-0.9225,39.9975],[-0.9108,39.9758],[-0.8775,39.9658],[-0.8675,39.9208],[-0.8317,39.9583],[-0.8458,39.9792],[-0.835,40.0008],[-0.7883,39.99],[-0.765,40.01],[-0.7358,39.99],[-0.6733,40.0175],[-0.5733,39.9892],[-0.4908,40.0067],[-0.4742,39.98],[-0.4275,39.9717],[-0.4233,39.9483],[-0.4008,39.935],[-0.3567,39.9817],[-0.3342,39.9783],[-0.2808,40.0017],[-0.0767,39.9442],[-0.085,39.9717],[-0.1292,39.9958],[-0.13,40.0167],[-0.06,40.0908],[-0.0083,40.0983],[0.0025,40.07],[0.0317,40.0858],[0.0242,40.1017],[0.0367,40.12],[0.0525,40.12],[0.07,40.1392],[0.0633,40.1592],[0.0767,40.1575],[0.0925,40.2225],[0.0483,40.2208],[0.0183,40.2667],[-0.0067,40.27],[-0.0042,40.2967],[0.025,40.3125],[-0.03,40.3733],[-0.025,40.4025],[-0.04,40.4108],[-0.04,40.4558],[-0.0633,40.46],[-0.0817,40.4458],[-0.1033,40.4658],[-0.1283,40.4683]],[[-0.3017,40.3542],[-0.26,40.3467],[-0.2883,40.295],[-0.3175,40.2817],[-0.3183,40.2483],[-0.3508,40.2233],[-0.385,40.2742],[-0.34,40.3],[-0.3442,40.3142],[-0.3233,40.3233],[-0.3258,40.3333],[-0.3017,40.3542]]]}},{"type":"Feature","properties":{"id":"millars-vilareal","scope":"unregulated","area_km2":1469.1},"geometry":{"type":"Polygon","coordinates":[[[-0.1283,40.4683],[-0.1542,40.4492],[-0.1833,40.455],[-0.1958,40.4483],[-0.2083,40.4492],[-0.2208,40.4667],[-0.24,40.4583],[-0.2483,40.4383],[-0.2617,40.4325],[-0.2767,40.4483],[-0.2775,40.4242],[-0.2883,40.4267],[-0.2992,40.4167],[-0.3308,40.4225],[-0.3592,40.4008],[-0.3725,40.3992],[-0.3717,40.3842],[-0.3867,40.3867],[-0.3992,40.3775],[-0.405,40.3892],[-0.4158,40.3733],[-0.4275,40.375],[-0.4317,40.3683],[-0.465,40.3783],[-0.4692,40.3642],[-0.4858,40.3658],[-0.4975,40.3517],[-0.4958,40.345],[-0.5292,40.33],[-0.4933,40.3125],[-0.5017,40.3],[-0.4975,40.2883],[-0.4733,40.2658],[-0.4525,40.2542],[-0.4075,40.2508],[-0.3833,40.2642],[-0.3842,40.275],[-0.34,40.3],[-0.3442,40.3142],[-0.3233,40.3233],[-0.3258,40.3333],[-0.3042,40.3533],[-0.26,40.3483],[-0.28,40.3067],[-0.29,40.3033],[-0.2883,40.295],[-0.3092,40.2908],[-0.3175,40.2817],[-0.3192,40.2725],[-0.3117,40.2642],[-0.3183,40.2483],[-0.3258,40.2475],[-0.3308,40.235],[-0.3492,40.2317],[-0.3483,40.2242],[-0.32,40.2108],[-0.3217,40.1942],[-0.3283,40.1825],[-0.3425,40.1858],[-0.3617,40.1733],[-0.3592,40.155],[-0.3383,40.155],[-0.29,40.1267],[-0.2492,40.085],[-0.2525,40.0717],[-0.2358,40.0567],[-0.225,40.0575],[-0.215,40.0367],[-0.2208,40.0242],[-0.21,40.0208],[-0.2083,40.01],[-0.2292,40.0067],[-0.2342,40.0125],[-0.2483,39.9967],[-0.2467,39.99],[-0.2042,39.9775],[-0.1717,39.9783],[-0.16,39.9683],[-0.0767,39.9442],[-0.0725,39.9508],[-0.085,39.9592],[-0.085,39.9717],[-0.1292,39.9958],[-0.13,40.0167],[-0.105,40.0367],[-0.1083,40.0458],[-0.0992,40.0592],[-0.0683,40.075],[-0.06,40.0908],[-0.0275,40.0883],[-0.0083,40.0983],[-0.0092,40.0817],[0.0025,40.07],[0.0317,40.0858],[0.0242,40.1017],[0.035,40.1092],[0.0367,40.12],[0.0525,40.12],[0.07,40.1392],[0.0617,40.1475],[0.0633,40.1592],[0.0767,40.1575],[0.075,40.1708],[0.0825,40.1742],[0.0792,40.1883],[0.0883,40.1925],[0.0842,40.2158],[0.0925,40.2225],[0.0817,40.2175],[0.0692,40.225],[0.0625,40.2192],[0.0483,40.2208],[0.0225,40.2517],[0.0183,40.2667],[-0.0067,40.27],[-0.0008,40.2808],[-0.0042,40.2967],[0.025,40.3125],[0.0225,40.32],[0.0117,40.32],[0.0058,40.3417],[-0.0183,40.3567],[-0.03,40.3733],[-0.0242,40.3767],[-0.03,40.3858],[-0.025,40.4025],[-0.04,40.4108],[-0.04,40.4558],[-0.0633,40.46],[-0.0667,40.4517],[-0.0817,40.4458],[-0.1033,40.4658],[-0.1283,40.4683]]]}},{"type":"Feature","properties":{"id":"viuda-almassora","scope":"natural","area_km2":1437.4},"geometry":{"type":"Polygon","coordinates":[[[-0.1283,40.4683],[-0.1542,40.4492],[-0.1833,40.455],[-0.1958,40.4483],[-0.2083,40.4492],[-0.2208,40.4667],[-0.24,40.4583],[-0.2483,40.4383],[-0.2617,40.4325],[-0.2767,40.4483],[-0.2775,40.4242],[-0.2883,40.4267],[-0.2992,40.4167],[-0.3308,40.4225],[-0.3592,40.4008],[-0.3725,40.3992],[-0.3717,40.3842],[-0.3867,40.3867],[-0.3992,40.3775],[-0.405,40.3892],[-0.4158,40.3733],[-0.4275,40.375],[-0.4317,40.3683],[-0.465,40.3783],[-0.4692,40.3642],[-0.4858,40.3658],[-0.4975,40.3517],[-0.4958,40.345],[-0.5292,40.33],[-0.4933,40.3125],[-0.5017,40.3],[-0.4975,40.2883],[-0.4733,40.2658],[-0.4525,40.2542],[-0.4075,40.2508],[-0.3833,40.2642],[-0.3842,40.275],[-0.34,40.3],[-0.3442,40.3142],[-0.3233,40.3233],[-0.3258,40.3333],[-0.3042,40.3533],[-0.26,40.3483],[-0.28,40.3067],[-0.29,40.3033],[-0.2883,40.295],[-0.3092,40.2908],[-0.3175,40.2817],[-0.3192,40.2725],[-0.3117,40.2642],[-0.3183,40.2483],[-0.3258,40.2475],[-0.3308,40.235],[-0.3492,40.2317],[-0.3483,40.2242],[-0.32,40.2108],[-0.3217,40.1942],[-0.33,40.1817],[-0.3425,40.1858],[-0.3567,40.1775],[-0.3625,40.1625],[-0.3558,40.1533],[-0.3367,40.1542],[-0.29,40.1267],[-0.28,40.1108],[-0.2675,40.1092],[-0.2692,40.1],[-0.2492,40.085],[-0.2525,40.0717],[-0.2358,40.0567],[-0.225,40.0575],[-0.215,40.0367],[-0.2208,40.0242],[-0.21,40.0208],[-0.2092,40.0108],[-0.1992,40.0133],[-0.18,39.9958],[-0.1667,39.995],[-0.1483,39.9717],[-0.0892,39.9558],[-0.0975,39.9675],[-0.1325,39.9825],[-0.1358,40.0083],[-0.1208,40.0292],[-0.105,40.0367],[-0.1083,40.0458],[-0.0992,40.0592],[-0.0683,40.075],[-0.06,40.0908],[-0.0275,40.0883],[-0.0083,40.0983],[-0.0092,40.0817],[0.0025,40.07],[0.0317,40.0858],[0.0242,40.1017],[0.035,40.1092],[0.0367,40.12],[0.0525,40.12],[0.07,40.1392],[0.0617,40.1475],[0.0633,40.1592],[0.0767,40.1575],[0.075,40.1708],[0.0825,40.1742],[0.0792,40.1883],[0.0883,40.1925],[0.0842,40.2158],[0.0925,40.2225],[0.0817,40.2175],[0.0692,40.225],[0.0625,40.2192],[0.0483,40.2208],[0.0225,40.2517],[0.0183,40.2667],[-0.0067,40.27],[-0.0008,40.2808],[-0.0042,40.2967],[0.025,40.3125],[0.0225,40.32],[0.0117,40.32],[0.0058,40.3417],[-0.0183,40.3567],[-0.03,40.3733],[-0.0242,40.3767],[-0.03,40.3858],[-0.025,40.4025],[-0.04,40.4108],[-0.04,40.4558],[-0.0633,40.46],[-0.0667,40.4517],[-0.0817,40.4458],[-0.1033,40.4658],[-0.1283,40.4683]]]}},{"type":"Feature","properties":{"id":"sec-castello","scope":"natural","area_km2":54.8},"geometry":{"type":"Polygon","coordinates":[[[-0.01,40.0983],[-0.0133,40.0958],[-0.0192,40.0967],[-0.0275,40.0883],[-0.0383,40.0883],[-0.04,40.09],[-0.0475,40.09],[-0.0483,40.0917],[-0.06,40.0908],[-0.0608,40.0883],[-0.0625,40.0883],[-0.0617,40.0833],[-0.0658,40.08],[-0.0683,40.075],[-0.0725,40.075],[-0.0733,40.0733],[-0.0767,40.0742],[-0.08,40.0708],[-0.0842,40.07],[-0.0858,40.0667],[-0.0883,40.0658],[-0.0883,40.0642],[-0.09,40.0642],[-0.09,40.0625],[-0.0925,40.0625],[-0.0992,40.0592],[-0.0992,40.0575],[-0.1017,40.0558],[-0.1017,40.0517],[-0.1033,40.0517],[-0.105,40.0483],[-0.1083,40.0458],[-0.1083,40.0392],[-0.105,40.0367],[-0.1092,40.0342],[-0.1092,40.0325],[-0.1117,40.0317],[-0.1125,40.0292],[-0.11,40.0283],[-0.1075,40.025],[-0.105,40.025],[-0.1075,40.0217],[-0.11,40.0208],[-0.11,40.0192],[-0.1075,40.0183],[-0.1067,40.015],[-0.1042,40.0125],[-0.1042,40.01],[-0.0983,40.0058],[-0.0983,40.0042],[-0.0967,40.0033],[-0.0967,40.0],[-0.0933,39.9975],[-0.0933,39.9958],[-0.0908,39.9933],[-0.0825,39.9925],[-0.0817,39.9908],[-0.0767,39.9908],[-0.0758,39.9892],[-0.0683,39.9892],[-0.0675,39.9875],[-0.06,39.9875],[-0.0575,39.9858],[-0.0508,39.9858],[-0.0508,39.9883],[-0.0492,39.9883],[-0.0492,39.99],[-0.045,39.9933],[-0.045,39.9958],[-0.0467,39.9975],[-0.0625,39.9958],[-0.0633,39.9917],[-0.07,39.9933],[-0.0725,39.9975],[-0.0783,39.9992],[-0.0817,40.0017],[-0.0817,40.0058],[-0.08,40.0067],[-0.0808,40.0142],[-0.0758,40.0183],[-0.0767,40.0233],[-0.0667,40.0233],[-0.0658,40.0258],[-0.0625,40.0267],[-0.0583,40.0258],[-0.0575,40.0275],[-0.0525,40.0267],[-0.0483,40.0283],[-0.0433,40.0283],[-0.0417,40.03],[-0.0417,40.0325],[-0.0442,40.0342],[-0.0433,40.0375],[-0.0367,40.04],[-0.0358,40.0425],[-0.0308,40.045],[-0.0267,40.045],[-0.0242,40.0475],[-0.0183,40.0475],[-0.0142,40.05],[-0.0142,40.0558],[-0.0075,40.0608],[-0.0067,40.0633],[-0.0025,40.0642],[-0.0025,40.0658],[0.0025,40.07],[0.0017,40.0717],[-0.0033,40.0733],[-0.0042,40.0758],[-0.0058,40.0758],[-0.0067,40.0808],[-0.0092,40.0817],[-0.0092,40.085],[-0.0075,40.0867],[-0.0075,40.0975],[-0.01,40.0983]]]}},{"type":"Feature","properties":{"id":"chinchilla-orpesa","scope":"natural","area_km2":35.8},"geometry":{"type":"Polygon","coordinates":[[[0.0692,40.1392],[0.0617,40.1317],[0.0592,40.1317],[0.0583,40.1292],[0.0558,40.1283],[0.0558,40.1258],[0.0525,40.1233],[0.0525,40.12],[0.0492,40.12],[0.0467,40.1225],[0.0433,40.1225],[0.0417,40.1208],[0.0375,40.1208],[0.0367,40.12],[0.0367,40.1117],[0.035,40.1108],[0.035,40.1092],[0.0333,40.1075],[0.0317,40.1075],[0.0292,40.1042],[0.0267,40.1042],[0.0242,40.1017],[0.0242,40.1],[0.0258,40.0992],[0.0267,40.0942],[0.03,40.0908],[0.0325,40.09],[0.0317,40.0858],[0.0375,40.0867],[0.0375,40.085],[0.0392,40.0833],[0.0425,40.0817],[0.0425,40.08],[0.045,40.0783],[0.045,40.0767],[0.0542,40.0758],[0.0558,40.0783],[0.0608,40.08],[0.0608,40.0808],[0.0633,40.0808],[0.0642,40.0825],[0.0692,40.0825],[0.07,40.0817],[0.07,40.0825],[0.0742,40.0825],[0.0742,40.0833],[0.0792,40.0833],[0.0792,40.0842],[0.0817,40.0833],[0.0817,40.0825],[0.085,40.0825],[0.085,40.0833],[0.0883,40.0833],[0.0883,40.085],[0.0917,40.0858],[0.0925,40.0875],[0.0958,40.0883],[0.0958,40.0892],[0.1058,40.09],[0.1058,40.0917],[0.1067,40.0917],[0.1058,40.0925],[0.1058,40.0967],[0.1092,40.0992],[0.1108,40.0992],[0.1125,40.1008],[0.1125,40.1025],[0.1142,40.1033],[0.1142,40.105],[0.1158,40.105],[0.1175,40.1067],[0.1175,40.1083],[0.12,40.11],[0.1192,40.1117],[0.1167,40.1117],[0.1167,40.1167],[0.1225,40.1208],[0.1275,40.1208],[0.13,40.1183],[0.1333,40.1183],[0.1367,40.1142],[0.1392,40.1142],[0.1392,40.1133],[0.1425,40.1125],[0.1425,40.1108],[0.145,40.1092],[0.145,40.1075],[0.1492,40.1033],[0.1517,40.1033],[0.1517,40.1083],[0.1492,40.1083],[0.15,40.1125],[0.1458,40.1133],[0.1442,40.1158],[0.1417,40.1158],[0.1417,40.1167],[0.1383,40.1175],[0.135,40.1217],[0.13,40.1233],[0.13,40.1242],[0.1275,40.1242],[0.1242,40.1267],[0.1208,40.1267],[0.1183,40.13],[0.1158,40.13],[0.1133,40.1325],[0.1025,40.1325],[0.0992,40.1292],[0.0975,40.1292],[0.0967,40.1275],[0.0892,40.1283],[0.0883,40.1258],[0.0867,40.1258],[0.0833,40.1217],[0.0808,40.1217],[0.08,40.12],[0.0792,40.1208],[0.075,40.1208],[0.075,40.1242],[0.0742,40.1242],[0.075,40.1283],[0.07,40.1333],[0.0708,40.1383],[0.0692,40.1392]]]}},{"type":"Feature","properties":{"id":"coves-alcala","scope":"natural","area_km2":498.5},"geometry":{"type":"Polygon","coordinates":[[[-0.0158,40.4925],[-0.0192,40.4842],[-0.0283,40.4775],[-0.0358,40.4575],[-0.0408,40.455],[-0.0392,40.4442],[0.0067,40.4425],[0.0083,40.4375],[0.0025,40.4242],[0.0042,40.4175],[-0.0033,40.4167],[-0.0083,40.4125],[-0.0092,40.405],[-0.0167,40.4033],[-0.0175,40.3958],[-0.0283,40.3917],[-0.03,40.3858],[-0.0242,40.3817],[-0.0242,40.3767],[-0.03,40.3733],[-0.0183,40.3567],[0.0058,40.3417],[0.0058,40.3308],[0.0117,40.32],[0.0225,40.32],[0.025,40.3125],[-0.0042,40.2967],[-0.0008,40.2808],[-0.0067,40.27],[0.0025,40.2717],[0.0183,40.2667],[0.0225,40.2517],[0.0483,40.2208],[0.0625,40.2192],[0.0692,40.225],[0.0817,40.2175],[0.0925,40.2225],[0.0925,40.2192],[0.085,40.2175],[0.0825,40.2083],[0.0883,40.1942],[0.0792,40.1883],[0.0825,40.175],[0.115,40.1708],[0.1233,40.1825],[0.1442,40.1983],[0.145,40.2058],[0.1567,40.2058],[0.1625,40.22],[0.1783,40.2233],[0.1808,40.2292],[0.1917,40.2317],[0.1942,40.2358],[0.2092,40.2342],[0.2192,40.2375],[0.2217,40.2333],[0.2342,40.2317],[0.2558,40.21],[0.265,40.2092],[0.2625,40.2183],[0.2458,40.2275],[0.24,40.2408],[0.2242,40.255],[0.2225,40.2633],[0.2267,40.2642],[0.2275,40.2692],[0.2142,40.2833],[0.2092,40.2833],[0.2058,40.2942],[0.1883,40.3083],[0.1975,40.3233],[0.2133,40.335],[0.21,40.3467],[0.205,40.35],[0.2092,40.355],[0.1867,40.3683],[0.1883,40.38],[0.1842,40.3875],[0.1908,40.395],[0.1883,40.4017],[0.2067,40.4167],[0.2158,40.4158],[0.215,40.4192],[0.2058,40.4267],[0.175,40.43],[0.15,40.4442],[0.1375,40.445],[0.1258,40.4558],[0.1242,40.4667],[0.1108,40.4725],[0.1083,40.4808],[0.0908,40.4817],[0.0783,40.4683],[0.0525,40.465],[0.0342,40.4817],[0.0133,40.4817],[-0.005,40.4925],[-0.0158,40.4925]]]}},{"type":"Feature","properties":{"id":"cervera-benicarlo","scope":"natural","area_km2":342.7},"geometry":{"type":"Polygon","coordinates":[[[0.0008,40.585],[0.0,40.5758],[-0.0308,40.575],[-0.035,40.5642],[-0.0317,40.5533],[-0.0367,40.545],[-0.0517,40.5367],[-0.0508,40.5333],[-0.0683,40.5342],[-0.0708,40.52],[-0.0542,40.5142],[-0.0433,40.4975],[-0.0542,40.4817],[-0.0533,40.4783],[-0.06,40.4733],[-0.0642,40.4592],[-0.0567,40.4592],[-0.0533,40.455],[-0.0367,40.4567],[-0.0333,40.4658],[-0.0292,40.4683],[-0.0283,40.4775],[-0.0192,40.4842],[-0.0167,40.4917],[-0.005,40.4925],[0.0133,40.4817],[0.0342,40.4817],[0.0525,40.465],[0.0592,40.465],[0.065,40.4692],[0.07,40.4658],[0.0783,40.4683],[0.0908,40.4817],[0.1083,40.4808],[0.1108,40.4725],[0.1242,40.4667],[0.1258,40.4558],[0.1375,40.445],[0.15,40.4442],[0.175,40.43],[0.2058,40.4267],[0.2158,40.4158],[0.23,40.4117],[0.235,40.4058],[0.2567,40.4058],[0.26,40.4108],[0.2783,40.4142],[0.2783,40.4192],[0.2833,40.4233],[0.3067,40.4217],[0.3158,40.4158],[0.3392,40.4108],[0.3442,40.4217],[0.3567,40.4275],[0.355,40.435],[0.3683,40.4408],[0.3742,40.4492],[0.3883,40.4483],[0.3925,40.4392],[0.4117,40.4317],[0.4167,40.4233],[0.425,40.4225],[0.4283,40.4267],[0.4175,40.4442],[0.4042,40.4517],[0.3925,40.4492],[0.385,40.4567],[0.3833,40.4633],[0.3775,40.4658],[0.3758,40.4725],[0.3508,40.4783],[0.345,40.485],[0.34,40.4842],[0.3375,40.4892],[0.3258,40.49],[0.3175,40.4958],[0.3167,40.5033],[0.3075,40.51],[0.3008,40.5108],[0.2958,40.5075],[0.2942,40.5],[0.2858,40.4958],[0.2792,40.4875],[0.2742,40.49],[0.2683,40.4867],[0.2483,40.4908],[0.2433,40.4883],[0.2408,40.4917],[0.235,40.49],[0.2317,40.4908],[0.2292,40.4975],[0.22,40.4958],[0.2033,40.5058],[0.19,40.5075],[0.1708,40.5158],[0.1708,40.52],[0.1658,40.5217],[0.1642,40.5325],[0.1575,40.5317],[0.1467,40.5367],[0.1392,40.535],[0.1308,40.5417],[0.1267,40.5408],[0.1217,40.55],[0.1142,40.5517],[0.0967,40.5475],[0.085,40.55],[0.0858,40.5558],[0.0783,40.565],[0.0783,40.5725],[0.06,40.5683],[0.0533,40.5742],[0.0467,40.5733],[0.0183,40.5833],[0.0008,40.585]]]}},{"type":"Feature","properties":{"id":"aiguaoliva-vinaros","scope":"natural","area_km2":79.3},"geometry":{"type":"Polygon","coordinates":[[[0.2708,40.5442],[0.2658,40.54],[0.2667,40.535],[0.2625,40.535],[0.2625,40.5333],[0.2592,40.5325],[0.2558,40.5283],[0.2533,40.5283],[0.2483,40.5242],[0.2392,40.5233],[0.2383,40.5208],[0.24,40.52],[0.24,40.5175],[0.2358,40.5142],[0.2317,40.5142],[0.2308,40.5092],[0.2342,40.5067],[0.2417,40.5067],[0.2442,40.5042],[0.2508,40.5025],[0.265,40.5025],[0.2692,40.4975],[0.2692,40.4942],[0.2717,40.4925],[0.2717,40.49],[0.2792,40.4875],[0.2808,40.49],[0.285,40.4917],[0.2858,40.4958],[0.2942,40.5],[0.2942,40.505],[0.2958,40.5075],[0.2992,40.5083],[0.3008,40.5108],[0.305,40.5108],[0.3108,40.5083],[0.3108,40.5067],[0.3133,40.5067],[0.3167,40.5033],[0.3175,40.4958],[0.3233,40.4933],[0.3258,40.49],[0.3283,40.49],[0.3292,40.4883],[0.3375,40.4892],[0.3392,40.4883],[0.34,40.4842],[0.345,40.485],[0.3458,40.4825],[0.3508,40.4783],[0.3542,40.4783],[0.355,40.4767],[0.3592,40.4767],[0.3608,40.475],[0.3742,40.4733],[0.3783,40.4692],[0.3817,40.4692],[0.3825,40.4708],[0.3908,40.4708],[0.4,40.4633],[0.4008,40.4608],[0.4067,40.4592],[0.4142,40.45],[0.4233,40.4517],[0.4258,40.4492],[0.4283,40.4492],[0.4333,40.4508],[0.4392,40.4458],[0.445,40.4467],[0.4458,40.445],[0.4483,40.445],[0.4517,40.4467],[0.45,40.4475],[0.4492,40.4517],[0.4417,40.4583],[0.4342,40.46],[0.4325,40.4667],[0.4283,40.4692],[0.4283,40.4717],[0.4258,40.4725],[0.4208,40.4783],[0.4167,40.4908],[0.4225,40.4958],[0.4175,40.4992],[0.405,40.5025],[0.405,40.505],[0.4017,40.5075],[0.4017,40.5117],[0.3958,40.5133],[0.3942,40.5175],[0.39,40.5183],[0.39,40.52],[0.3817,40.5258],[0.375,40.5333],[0.3617,40.535],[0.3542,40.5383],[0.3375,40.5383],[0.335,40.5408],[0.3308,40.5408],[0.33,40.5392],[0.3233,40.5375],[0.3208,40.54],[0.3167,40.54],[0.3133,40.5358],[0.3083,40.5358],[0.3008,40.5292],[0.2983,40.5292],[0.2908,40.53],[0.2875,40.5342],[0.2833,40.5342],[0.2825,40.5383],[0.2775,40.5442],[0.2708,40.5442]]]}},{"type":"Feature","properties":{"id":"cervol-vinaros","scope":"natural","area_km2":354.3},"geometry":{"type":"Polygon","coordinates":[[[-0.0625,40.6708],[-0.07,40.6592],[-0.0667,40.6458],[-0.0625,40.6442],[-0.0642,40.6392],[-0.0558,40.6325],[-0.055,40.6267],[-0.0292,40.6158],[-0.0317,40.6067],[-0.0175,40.6025],[-0.0133,40.5942],[-0.0042,40.5867],[0.0183,40.5833],[0.0467,40.5733],[0.0533,40.5742],[0.06,40.5683],[0.0783,40.5725],[0.0783,40.565],[0.0858,40.5558],[0.085,40.55],[0.0925,40.5475],[0.1083,40.5483],[0.1142,40.5517],[0.1217,40.55],[0.1267,40.5408],[0.1308,40.5417],[0.1392,40.535],[0.1467,40.5367],[0.1575,40.5317],[0.1642,40.5325],[0.1658,40.5217],[0.1817,40.5108],[0.1892,40.5083],[0.2242,40.51],[0.2258,40.5058],[0.23,40.5058],[0.2308,40.5133],[0.24,40.5175],[0.2392,40.5233],[0.2483,40.5242],[0.2667,40.535],[0.2658,40.54],[0.2708,40.5442],[0.2775,40.5442],[0.2833,40.5342],[0.2983,40.5292],[0.3167,40.54],[0.3233,40.5375],[0.335,40.5408],[0.375,40.5333],[0.3958,40.5133],[0.4017,40.5117],[0.405,40.5025],[0.435,40.49],[0.4433,40.4917],[0.4617,40.4858],[0.4775,40.4775],[0.475,40.4867],[0.4675,40.4892],[0.4483,40.5108],[0.4142,40.5367],[0.3775,40.5392],[0.3625,40.5425],[0.36,40.5458],[0.3475,40.5467],[0.3467,40.555],[0.3383,40.56],[0.3375,40.5658],[0.2992,40.5975],[0.2917,40.6083],[0.2883,40.6217],[0.2783,40.625],[0.2708,40.6342],[0.2567,40.6425],[0.225,40.6417],[0.22,40.6467],[0.2117,40.6483],[0.2142,40.6542],[0.2117,40.6558],[0.2,40.6517],[0.1775,40.6508],[0.1725,40.6467],[0.1592,40.6467],[0.1408,40.6367],[0.1167,40.6342],[0.115,40.6383],[0.0983,40.64],[0.0958,40.6475],[0.09,40.6508],[0.0775,40.6508],[0.0617,40.645],[0.0483,40.645],[0.0392,40.6508],[0.0142,40.6475],[0.0,40.6575],[-0.0283,40.6575],[-0.04,40.6642],[-0.0475,40.6642],[-0.0533,40.6708],[-0.0625,40.6708]]]}},{"type":"Feature","properties":{"id":"senia-vinaros","scope":"natural","area_km2":196.8},"geometry":{"type":"Polygon","coordinates":[[[0.2858,40.7625],[0.2742,40.7583],[0.2558,40.76],[0.25,40.755],[0.2367,40.7542],[0.2367,40.7492],[0.23,40.7408],[0.2308,40.7367],[0.225,40.7325],[0.2158,40.7325],[0.1975,40.7242],[0.195,40.7258],[0.1833,40.7233],[0.1758,40.7175],[0.1683,40.7158],[0.1692,40.7108],[0.16,40.7025],[0.1583,40.685],[0.1492,40.6792],[0.1433,40.68],[0.1367,40.675],[0.1317,40.675],[0.1317,40.6725],[0.125,40.6692],[0.1108,40.6667],[0.11,40.6633],[0.1033,40.6617],[0.0975,40.6642],[0.0958,40.66],[0.1,40.6542],[0.0908,40.655],[0.0892,40.6508],[0.0958,40.6475],[0.0983,40.64],[0.115,40.6383],[0.1167,40.6342],[0.12,40.6342],[0.1242,40.6367],[0.1408,40.6367],[0.1425,40.6392],[0.1483,40.64],[0.1508,40.6442],[0.1592,40.6467],[0.1725,40.6467],[0.1775,40.6508],[0.2,40.6517],[0.2142,40.6558],[0.2117,40.6483],[0.22,40.6467],[0.2225,40.6425],[0.2283,40.6408],[0.2567,40.6425],[0.2708,40.6342],[0.2783,40.625],[0.285,40.6242],[0.2892,40.6208],[0.2975,40.6225],[0.3192,40.61],[0.3342,40.6083],[0.3383,40.605],[0.3483,40.6058],[0.3558,40.6025],[0.3642,40.5958],[0.375,40.5933],[0.3917,40.5817],[0.4008,40.58],[0.4083,40.575],[0.41,40.5733],[0.4083,40.57],[0.4167,40.5608],[0.4267,40.5592],[0.4233,40.5525],[0.4292,40.5475],[0.4392,40.545],[0.4575,40.5342],[0.4625,40.5325],[0.4675,40.5342],[0.4783,40.5283],[0.4892,40.5275],[0.4892,40.5308],[0.4633,40.5408],[0.4542,40.5525],[0.4733,40.5542],[0.4733,40.5567],[0.4767,40.5567],[0.4775,40.5667],[0.4742,40.5742],[0.4817,40.5758],[0.4917,40.585],[0.4917,40.5875],[0.5008,40.5875],[0.5042,40.5842],[0.5108,40.5833],[0.5217,40.5875],[0.5192,40.5942],[0.5225,40.6067],[0.5083,40.6042],[0.4992,40.6092],[0.4908,40.6083],[0.4875,40.6142],[0.4783,40.6175],[0.4658,40.6333],[0.4592,40.6275],[0.4517,40.625],[0.445,40.6242],[0.4408,40.6275],[0.4283,40.6142],[0.4225,40.615],[0.4175,40.6083],[0.4067,40.605],[0.3925,40.6092],[0.3583,40.6092],[0.3558,40.6117],[0.34,40.6092],[0.3108,40.62],[0.3042,40.6275],[0.2958,40.63],[0.2892,40.6433],[0.2733,40.6492],[0.2725,40.6525],[0.2858,40.655],[0.2908,40.6583],[0.2858,40.665],[0.2833,40.6742],[0.2917,40.6833],[0.2917,40.6883],[0.2775,40.6933],[0.27,40.7033],[0.2617,40.7058],[0.2608,40.7133],[0.265,40.72],[0.2667,40.7325],[0.2717,40.735],[0.2775,40.7342],[0.285,40.7417],[0.2842,40.7442],[0.2917,40.7492],[0.2883,40.7558],[0.2892,40.7592],[0.2858,40.7625]]]}},{"type":"Feature","properties":{"id":"senia-vinaros","scope":"unregulated","area_km2":103.1},"geometry":{"type":"Polygon","coordinates":[[[0.2608,40.7067],[0.2508,40.705],[0.2467,40.7017],[0.2467,40.6975],[0.2433,40.6967],[0.245,40.6875],[0.2425,40.685],[0.2425,40.6783],[0.235,40.6758],[0.235,40.6717],[0.2383,40.6708],[0.2383,40.6608],[0.23,40.6583],[0.2292,40.6567],[0.2233,40.6575],[0.2142,40.655],[0.2117,40.6508],[0.2125,40.6475],[0.2158,40.6483],[0.2167,40.6467],[0.22,40.6467],[0.2225,40.6425],[0.2283,40.6408],[0.2342,40.6408],[0.2358,40.6425],[0.2567,40.6425],[0.26,40.64],[0.2633,40.64],[0.2708,40.6342],[0.2733,40.6292],[0.2783,40.625],[0.285,40.6242],[0.2892,40.6208],[0.2975,40.6225],[0.3008,40.6192],[0.3192,40.61],[0.3342,40.6083],[0.3383,40.605],[0.3483,40.6058],[0.3492,40.6042],[0.3592,40.6008],[0.3642,40.5958],[0.3692,40.5958],[0.3717,40.5933],[0.3833,40.5892],[0.3917,40.5817],[0.4008,40.58],[0.4033,40.5767],[0.4083,40.575],[0.41,40.5733],[0.4083,40.57],[0.4167,40.5608],[0.4267,40.5592],[0.4233,40.5525],[0.4292,40.5475],[0.4392,40.545],[0.4408,40.5425],[0.4475,40.5408],[0.4575,40.5342],[0.4625,40.5325],[0.4675,40.5342],[0.4783,40.5283],[0.4892,40.5275],[0.4892,40.5308],[0.4633,40.5408],[0.4592,40.5442],[0.4592,40.5475],[0.4542,40.5525],[0.4575,40.5542],[0.4733,40.5542],[0.4733,40.5567],[0.4767,40.5567],[0.4758,40.5633],[0.4775,40.5667],[0.4742,40.5742],[0.4817,40.5758],[0.4867,40.5825],[0.4917,40.585],[0.4917,40.5875],[0.5008,40.5875],[0.5042,40.5858],[0.5042,40.5842],[0.5108,40.5833],[0.5158,40.5867],[0.5217,40.5875],[0.5208,40.59],[0.5192,40.59],[0.5192,40.5942],[0.5217,40.5983],[0.5225,40.6067],[0.5083,40.6042],[0.4992,40.6092],[0.4908,40.6083],[0.4875,40.6142],[0.48,40.6158],[0.4658,40.6333],[0.4625,40.6325],[0.4592,40.6275],[0.4517,40.625],[0.445,40.6242],[0.4408,40.6275],[0.4283,40.6142],[0.4225,40.615],[0.4208,40.6108],[0.4175,40.6083],[0.4067,40.605],[0.3925,40.6092],[0.3583,40.6092],[0.3558,40.6117],[0.34,40.6092],[0.3333,40.6125],[0.3233,40.6142],[0.3217,40.6167],[0.3175,40.6167],[0.3158,40.6192],[0.3108,40.62],[0.3042,40.6275],[0.2967,40.6292],[0.2917,40.6358],[0.2925,40.64],[0.2892,40.6433],[0.2808,40.645],[0.2808,40.6467],[0.2733,40.6492],[0.2725,40.6525],[0.2858,40.655],[0.2908,40.6583],[0.2883,40.6642],[0.2858,40.665],[0.2833,40.6742],[0.2917,40.6833],[0.2917,40.6883],[0.2867,40.6892],[0.2817,40.6933],[0.2775,40.6933],[0.27,40.7033],[0.265,40.7033],[0.2608,40.7067]]]}},{"type":"Feature","properties":{"id":"girona-verger","scope":"natural","area_km2":107.4},"geometry":{"type":"Polygon","coordinates":[[[0.01,38.8483],[0.0092,38.8392],[0.0108,38.8367],[0.0075,38.8317],[0.0083,38.83],[-0.0067,38.8267],[-0.015,38.8292],[-0.0158,38.8325],[-0.0208,38.8375],[-0.0292,38.8325],[-0.0333,38.8325],[-0.0358,38.8392],[-0.0417,38.8392],[-0.0508,38.8358],[-0.0525,38.8383],[-0.0583,38.84],[-0.0583,38.8417],[-0.0617,38.8417],[-0.0658,38.8367],[-0.0608,38.8325],[-0.0667,38.8283],[-0.0717,38.8283],[-0.0775,38.825],[-0.08,38.82],[-0.0892,38.8133],[-0.09,38.8083],[-0.1042,38.805],[-0.105,38.8017],[-0.1092,38.8025],[-0.115,38.8008],[-0.115,38.7992],[-0.1183,38.8],[-0.1208,38.8033],[-0.1242,38.8033],[-0.1258,38.8075],[-0.1225,38.8108],[-0.1258,38.8117],[-0.1275,38.815],[-0.1333,38.815],[-0.1367,38.8175],[-0.1525,38.815],[-0.1542,38.8167],[-0.1683,38.8183],[-0.1717,38.825],[-0.1775,38.83],[-0.1783,38.8283],[-0.1917,38.8267],[-0.2158,38.8125],[-0.2217,38.8125],[-0.2267,38.81],[-0.2433,38.81],[-0.245,38.8117],[-0.2642,38.8083],[-0.2667,38.8042],[-0.2667,38.7958],[-0.2642,38.7942],[-0.2642,38.7917],[-0.2517,38.7892],[-0.25,38.7825],[-0.2475,38.7842],[-0.2425,38.7833],[-0.2417,38.785],[-0.235,38.7842],[-0.2342,38.7867],[-0.2217,38.7867],[-0.2208,38.7883],[-0.215,38.7883],[-0.2133,38.79],[-0.2033,38.7858],[-0.2,38.7858],[-0.1975,38.7892],[-0.195,38.7892],[-0.19,38.78],[-0.1817,38.7808],[-0.175,38.7767],[-0.1717,38.7767],[-0.1608,38.7808],[-0.1575,38.7775],[-0.1567,38.7683],[-0.1492,38.7692],[-0.1,38.7642],[-0.0942,38.765],[-0.0908,38.77],[-0.0842,38.7708],[-0.0775,38.7742],[-0.0742,38.7733],[-0.0742,38.7717],[-0.0675,38.7717],[-0.0667,38.7675],[-0.0633,38.765],[-0.055,38.765],[-0.0533,38.76],[-0.0475,38.76],[-0.0425,38.7675],[-0.035,38.7692],[-0.0317,38.7725],[-0.0275,38.7725],[-0.0217,38.7783],[-0.0275,38.78],[-0.0292,38.7867],[-0.0308,38.7875],[-0.0267,38.8],[-0.0208,38.805],[-0.0142,38.8058],[-0.0133,38.8075],[-0.0092,38.8067],[-0.0042,38.8092],[0.0008,38.8175],[0.0075,38.82],[0.0092,38.8217],[0.0083,38.8242],[0.0142,38.8267],[0.015,38.8292],[0.0125,38.8308],[0.0142,38.8392],[0.0117,38.8417],[0.0142,38.8483],[0.01,38.8483]]]}},{"type":"Feature","properties":{"id":"gorgos-xabia","scope":"natural","area_km2":273.4},"geometry":{"type":"Polygon","coordinates":[[[0.095,38.8133],[0.0958,38.8067],[0.0842,38.8025],[0.0783,38.7958],[0.0825,38.7875],[0.08,38.7775],[0.0733,38.7783],[0.0708,38.7833],[0.0508,38.7808],[0.0358,38.7725],[0.0192,38.775],[-0.0108,38.7592],[-0.0175,38.7592],[-0.02,38.7733],[-0.0242,38.7742],[-0.0425,38.7675],[-0.0475,38.76],[-0.0533,38.76],[-0.055,38.765],[-0.0633,38.765],[-0.0675,38.7717],[-0.0775,38.7742],[-0.0908,38.77],[-0.0942,38.765],[-0.1017,38.7642],[-0.1567,38.7683],[-0.1575,38.7775],[-0.1608,38.7808],[-0.1717,38.7767],[-0.1817,38.7808],[-0.19,38.78],[-0.195,38.7892],[-0.2,38.7858],[-0.2133,38.79],[-0.2217,38.7867],[-0.2342,38.7867],[-0.235,38.7842],[-0.2417,38.785],[-0.2442,38.7733],[-0.2542,38.775],[-0.2575,38.7692],[-0.2667,38.77],[-0.2758,38.7608],[-0.2625,38.7458],[-0.2483,38.7475],[-0.2508,38.7433],[-0.2617,38.7433],[-0.2742,38.7358],[-0.2692,38.7217],[-0.275,38.7167],[-0.2617,38.7158],[-0.255,38.7183],[-0.2342,38.7158],[-0.2067,38.71],[-0.1958,38.7033],[-0.175,38.6983],[-0.1683,38.7025],[-0.1675,38.7083],[-0.1517,38.7108],[-0.1492,38.7208],[-0.1442,38.7242],[-0.1358,38.7208],[-0.135,38.7233],[-0.1092,38.7233],[-0.0967,38.7283],[-0.0908,38.7233],[-0.0592,38.7233],[-0.0592,38.72],[-0.055,38.7158],[-0.05,38.7158],[-0.05,38.7133],[-0.0558,38.7067],[-0.0625,38.6883],[-0.0575,38.6883],[-0.0558,38.6833],[-0.0525,38.6825],[-0.0458,38.6875],[-0.0425,38.685],[-0.0367,38.6875],[-0.0317,38.6858],[-0.0175,38.6967],[-0.0075,38.6967],[0.005,38.71],[0.0225,38.71],[0.0308,38.7058],[0.0508,38.7167],[0.0625,38.7167],[0.0808,38.7083],[0.0825,38.7017],[0.08,38.6942],[0.0842,38.6975],[0.0967,38.6975],[0.0983,38.7208],[0.105,38.7225],[0.1092,38.7325],[0.1133,38.7342],[0.1208,38.7333],[0.1258,38.7267],[0.1342,38.7275],[0.14,38.7317],[0.1508,38.7292],[0.1567,38.7242],[0.1567,38.7192],[0.1592,38.7192],[0.1617,38.7333],[0.1558,38.7383],[0.1558,38.7417],[0.1617,38.745],[0.1625,38.7567],[0.1592,38.7642],[0.1533,38.7658],[0.1525,38.7725],[0.16,38.7783],[0.155,38.78],[0.1517,38.7892],[0.145,38.7908],[0.1492,38.8],[0.1325,38.8017],[0.11,38.8125],[0.095,38.8133]]]}},{"type":"Feature","properties":{"id":"algar-altea","scope":"natural","area_km2":225.2},"geometry":{"type":"Polygon","coordinates":[[[-0.0975,38.7283],[-0.1008,38.7258],[-0.1058,38.7267],[-0.1092,38.7233],[-0.135,38.7233],[-0.1358,38.7208],[-0.1467,38.7233],[-0.1517,38.7108],[-0.1675,38.7083],[-0.1683,38.7025],[-0.175,38.6983],[-0.1958,38.7033],[-0.2067,38.71],[-0.2342,38.7158],[-0.2775,38.7175],[-0.2817,38.7158],[-0.2858,38.7092],[-0.2908,38.7083],[-0.2933,38.7108],[-0.3,38.7067],[-0.3017,38.7017],[-0.2983,38.6992],[-0.2967,38.6917],[-0.3017,38.6808],[-0.2967,38.6792],[-0.2958,38.6742],[-0.2992,38.6725],[-0.2967,38.6675],[-0.285,38.6658],[-0.2858,38.6533],[-0.2533,38.6483],[-0.2058,38.6508],[-0.19,38.6492],[-0.1883,38.6425],[-0.1842,38.6408],[-0.1842,38.6325],[-0.1892,38.63],[-0.1875,38.6175],[-0.1833,38.6117],[-0.1783,38.6125],[-0.1775,38.6042],[-0.1633,38.5942],[-0.1442,38.595],[-0.1383,38.6],[-0.1325,38.5983],[-0.1325,38.6058],[-0.115,38.6075],[-0.11,38.6042],[-0.1008,38.61],[-0.09,38.6067],[-0.0783,38.6067],[-0.0675,38.5983],[-0.0508,38.5992],[-0.0408,38.6058],[-0.04,38.6092],[-0.0425,38.6092],[-0.0425,38.6117],[-0.04,38.6117],[-0.035,38.6208],[-0.035,38.6242],[-0.0392,38.6275],[-0.0383,38.6367],[-0.0208,38.6467],[-0.0225,38.6533],[-0.0517,38.6625],[-0.0467,38.6683],[-0.0475,38.675],[-0.0408,38.6808],[-0.0408,38.6858],[-0.0458,38.6875],[-0.055,38.6825],[-0.0575,38.6883],[-0.0625,38.6892],[-0.05,38.7158],[-0.055,38.7158],[-0.0592,38.7233],[-0.0908,38.7233],[-0.0975,38.7283]]]}},{"type":"Feature","properties":{"id":"algar-altea","scope":"unregulated","area_km2":163.6},"geometry":{"type":"Polygon","coordinates":[[[-0.0975,38.7283],[-0.1008,38.7258],[-0.1058,38.7267],[-0.1092,38.7233],[-0.135,38.7233],[-0.1358,38.7208],[-0.1425,38.7217],[-0.1433,38.7242],[-0.1467,38.7233],[-0.1517,38.7108],[-0.1617,38.7108],[-0.1675,38.7083],[-0.1683,38.7025],[-0.1758,38.6983],[-0.1717,38.695],[-0.1642,38.695],[-0.1642,38.69],[-0.1708,38.6908],[-0.175,38.685],[-0.19,38.6825],[-0.1933,38.6775],[-0.2033,38.675],[-0.2075,38.6667],[-0.2142,38.6625],[-0.215,38.6592],[-0.2092,38.6567],[-0.2133,38.6492],[-0.1933,38.6508],[-0.1883,38.6475],[-0.1883,38.6425],[-0.1842,38.6408],[-0.1842,38.6325],[-0.1892,38.63],[-0.1875,38.6175],[-0.1833,38.6117],[-0.1783,38.6125],[-0.1775,38.6042],[-0.1633,38.5942],[-0.1442,38.595],[-0.1383,38.6],[-0.1325,38.5983],[-0.1325,38.6058],[-0.115,38.6075],[-0.11,38.6042],[-0.1083,38.6067],[-0.1017,38.6075],[-0.1008,38.61],[-0.0958,38.61],[-0.095,38.6075],[-0.09,38.6067],[-0.0783,38.6067],[-0.0725,38.6008],[-0.0683,38.6008],[-0.0675,38.5983],[-0.06,38.5975],[-0.0508,38.5992],[-0.05,38.6017],[-0.04,38.6075],[-0.0425,38.6117],[-0.04,38.6117],[-0.035,38.6208],[-0.035,38.6242],[-0.0392,38.6275],[-0.0383,38.6367],[-0.0292,38.64],[-0.0208,38.6483],[-0.025,38.655],[-0.0317,38.655],[-0.0517,38.6625],[-0.0467,38.6683],[-0.0475,38.675],[-0.0442,38.6758],[-0.0408,38.6808],[-0.0408,38.6858],[-0.0458,38.6875],[-0.05,38.6833],[-0.055,38.6825],[-0.0575,38.6883],[-0.0625,38.6892],[-0.05,38.7158],[-0.055,38.7158],[-0.0592,38.72],[-0.0592,38.7233],[-0.0908,38.7233],[-0.0975,38.7283]]]}},{"type":"Feature","properties":{"id":"amadorio-vila","scope":"natural","area_km2":217.2},"geometry":{"type":"Polygon","coordinates":[[[-0.3008,38.6558],[-0.3167,38.6533],[-0.3375,38.6442],[-0.3408,38.6442],[-0.3433,38.65],[-0.3483,38.6517],[-0.3583,38.6483],[-0.3742,38.6492],[-0.3825,38.64],[-0.3975,38.6458],[-0.4033,38.6458],[-0.4058,38.64],[-0.415,38.6425],[-0.4183,38.635],[-0.41,38.6308],[-0.4008,38.6192],[-0.4025,38.6142],[-0.3983,38.6092],[-0.3942,38.6092],[-0.3908,38.6],[-0.3933,38.5942],[-0.3975,38.5925],[-0.3917,38.5858],[-0.3983,38.5783],[-0.4075,38.575],[-0.4033,38.5692],[-0.4042,38.565],[-0.3975,38.5633],[-0.3933,38.5583],[-0.3992,38.5392],[-0.3942,38.5333],[-0.39,38.5367],[-0.3617,38.5383],[-0.355,38.5292],[-0.3433,38.53],[-0.3358,38.5275],[-0.3275,38.52],[-0.3025,38.5283],[-0.2958,38.5267],[-0.2933,38.5292],[-0.2867,38.5292],[-0.2858,38.5208],[-0.2783,38.5175],[-0.2733,38.51],[-0.2692,38.5092],[-0.2625,38.5125],[-0.2508,38.5117],[-0.2417,38.51],[-0.2367,38.5042],[-0.2325,38.5033],[-0.2317,38.5083],[-0.2392,38.5183],[-0.235,38.5283],[-0.2392,38.54],[-0.235,38.54],[-0.2308,38.5442],[-0.2383,38.55],[-0.2383,38.5533],[-0.245,38.5583],[-0.2458,38.5625],[-0.2392,38.5725],[-0.2358,38.5717],[-0.2333,38.5742],[-0.23,38.5833],[-0.235,38.59],[-0.2408,38.5917],[-0.2408,38.5942],[-0.2333,38.6025],[-0.2208,38.61],[-0.1908,38.6083],[-0.1833,38.6117],[-0.1875,38.6175],[-0.1892,38.6292],[-0.1842,38.6325],[-0.1842,38.6408],[-0.1883,38.6425],[-0.1883,38.6475],[-0.1933,38.6508],[-0.2533,38.6483],[-0.3008,38.6558]]]}},{"type":"Feature","properties":{"id":"amadorio-vila","scope":"unregulated","area_km2":14.2},"geometry":{"type":"Polygon","coordinates":[[[-0.2467,38.5608],[-0.2483,38.5592],[-0.2483,38.5575],[-0.2492,38.5575],[-0.2492,38.5558],[-0.25,38.5558],[-0.2508,38.5508],[-0.2533,38.55],[-0.2508,38.5475],[-0.2508,38.5433],[-0.2525,38.5417],[-0.2525,38.54],[-0.2533,38.54],[-0.2533,38.5375],[-0.2575,38.5375],[-0.2575,38.5367],[-0.26,38.5367],[-0.26,38.5358],[-0.2642,38.5358],[-0.2642,38.5333],[-0.2658,38.5333],[-0.2658,38.5325],[-0.2717,38.5325],[-0.2742,38.535],[-0.2775,38.535],[-0.28,38.5325],[-0.2817,38.5325],[-0.2825,38.5308],[-0.2858,38.5308],[-0.2867,38.53],[-0.2867,38.5258],[-0.2858,38.5258],[-0.2858,38.5233],[-0.285,38.5233],[-0.2858,38.5208],[-0.2842,38.5192],[-0.2817,38.5192],[-0.2808,38.5175],[-0.2783,38.5175],[-0.2733,38.5125],[-0.2733,38.51],[-0.27,38.51],[-0.2692,38.5092],[-0.2675,38.5108],[-0.265,38.5108],[-0.265,38.5117],[-0.2625,38.5117],[-0.2625,38.5125],[-0.2592,38.5117],[-0.2592,38.5108],[-0.2575,38.5108],[-0.2575,38.5117],[-0.2567,38.5108],[-0.2508,38.5117],[-0.25,38.51],[-0.2417,38.51],[-0.2417,38.5083],[-0.2383,38.5083],[-0.2375,38.5075],[-0.2367,38.5042],[-0.2325,38.5033],[-0.2317,38.5083],[-0.2342,38.5092],[-0.2333,38.51],[-0.2342,38.5125],[-0.2358,38.5133],[-0.2358,38.515],[-0.2392,38.5183],[-0.2392,38.5225],[-0.2358,38.525],[-0.2358,38.5283],[-0.235,38.5283],[-0.235,38.5308],[-0.2383,38.5333],[-0.2383,38.5358],[-0.2367,38.5375],[-0.2392,38.54],[-0.235,38.54],[-0.2308,38.5442],[-0.2325,38.5442],[-0.2325,38.5458],[-0.2342,38.5458],[-0.2383,38.55],[-0.2383,38.5533],[-0.24,38.5542],[-0.24,38.5558],[-0.2425,38.5583],[-0.245,38.5583],[-0.245,38.56],[-0.2467,38.5608]]]}},{"type":"Feature","properties":{"id":"monnegre-campello","scope":"natural","area_km2":514.3},"geometry":{"type":"Polygon","coordinates":[[[-0.6342,38.6758],[-0.6833,38.6558],[-0.6908,38.6508],[-0.6892,38.6425],[-0.7192,38.63],[-0.7217,38.6242],[-0.7392,38.6217],[-0.75,38.6142],[-0.7517,38.61],[-0.7467,38.6058],[-0.7458,38.5983],[-0.7358,38.5967],[-0.7317,38.5908],[-0.7325,38.5808],[-0.7275,38.575],[-0.7308,38.5667],[-0.7083,38.55],[-0.6942,38.5567],[-0.6717,38.5325],[-0.6642,38.53],[-0.66,38.5183],[-0.6475,38.5075],[-0.6317,38.5017],[-0.605,38.5058],[-0.5783,38.49],[-0.5758,38.4833],[-0.5625,38.4808],[-0.5583,38.4758],[-0.5458,38.4775],[-0.535,38.4725],[-0.5242,38.475],[-0.5233,38.4792],[-0.5125,38.48],[-0.5075,38.47],[-0.495,38.4658],[-0.4933,38.46],[-0.4867,38.4567],[-0.4858,38.4492],[-0.4783,38.4483],[-0.4683,38.4383],[-0.4392,38.4292],[-0.43,38.4217],[-0.3967,38.4158],[-0.395,38.4208],[-0.4158,38.4325],[-0.4192,38.4467],[-0.3975,38.4658],[-0.3992,38.4792],[-0.3883,38.4858],[-0.3858,38.4958],[-0.39,38.5017],[-0.3817,38.5133],[-0.3958,38.5242],[-0.3942,38.535],[-0.3992,38.5442],[-0.3933,38.5583],[-0.4042,38.565],[-0.4075,38.5733],[-0.3917,38.5858],[-0.3975,38.5925],[-0.3908,38.6],[-0.41,38.6308],[-0.415,38.635],[-0.43,38.635],[-0.4342,38.6283],[-0.445,38.6258],[-0.4742,38.6083],[-0.4967,38.6083],[-0.5017,38.615],[-0.4975,38.6183],[-0.5017,38.6375],[-0.5092,38.6525],[-0.5042,38.6583],[-0.585,38.6583],[-0.5908,38.6517],[-0.6017,38.6508],[-0.6058,38.6575],[-0.6175,38.6592],[-0.6258,38.6683],[-0.625,38.6758],[-0.6342,38.6758]]]}},{"type":"Feature","properties":{"id":"juncaret-alacant","scope":"natural","area_km2":64.0},"geometry":{"type":"Polygon","coordinates":[[[-0.52,38.48],[-0.525,38.4783],[-0.5242,38.475],[-0.5317,38.475],[-0.535,38.4725],[-0.5383,38.4725],[-0.5408,38.4758],[-0.5458,38.4775],[-0.5483,38.4775],[-0.5492,38.4758],[-0.5575,38.4758],[-0.5575,38.47],[-0.55,38.4625],[-0.5475,38.4625],[-0.5458,38.4608],[-0.5525,38.4558],[-0.5533,38.4483],[-0.5492,38.4442],[-0.5492,38.4408],[-0.5375,38.435],[-0.535,38.4325],[-0.5342,38.4275],[-0.53,38.4233],[-0.5275,38.4233],[-0.5225,38.4192],[-0.5217,38.4158],[-0.5183,38.4125],[-0.5142,38.4108],[-0.5142,38.4092],[-0.5092,38.405],[-0.5083,38.4017],[-0.5058,38.4017],[-0.4992,38.3942],[-0.4967,38.3942],[-0.4967,38.3875],[-0.4942,38.3867],[-0.4967,38.3842],[-0.495,38.3767],[-0.4925,38.3767],[-0.4917,38.3742],[-0.4825,38.375],[-0.4783,38.3717],[-0.47,38.3717],[-0.4683,38.3692],[-0.4658,38.3683],[-0.4658,38.3667],[-0.4633,38.365],[-0.4625,38.3608],[-0.46,38.3592],[-0.4567,38.36],[-0.4542,38.3625],[-0.4517,38.3625],[-0.45,38.3658],[-0.4442,38.3675],[-0.445,38.3792],[-0.4425,38.3825],[-0.4425,38.39],[-0.445,38.39],[-0.445,38.4],[-0.4467,38.4008],[-0.4467,38.4033],[-0.45,38.4067],[-0.4533,38.4075],[-0.455,38.415],[-0.4567,38.4158],[-0.4567,38.4225],[-0.4592,38.4258],[-0.4592,38.4308],[-0.4617,38.4317],[-0.4633,38.4367],[-0.4725,38.4408],[-0.4783,38.4483],[-0.4858,38.4492],[-0.4867,38.4567],[-0.4933,38.46],[-0.495,38.4658],[-0.5075,38.47],[-0.5108,38.4733],[-0.5108,38.4783],[-0.5125,38.48],[-0.52,38.48]]]}},{"type":"Feature","properties":{"id":"ovejas-alacant","scope":"natural","area_km2":196.2},"geometry":{"type":"Polygon","coordinates":[[[-0.6683,38.5117],[-0.6708,38.5092],[-0.6917,38.51],[-0.695,38.5058],[-0.7117,38.5033],[-0.7133,38.4933],[-0.72,38.4883],[-0.7192,38.4817],[-0.7217,38.4775],[-0.71,38.4725],[-0.7158,38.4567],[-0.7092,38.4558],[-0.7058,38.4525],[-0.7058,38.4475],[-0.695,38.4375],[-0.6917,38.4217],[-0.6883,38.4167],[-0.68,38.4167],[-0.6742,38.41],[-0.6717,38.405],[-0.6725,38.4],[-0.6658,38.3867],[-0.6525,38.385],[-0.6333,38.3933],[-0.6192,38.3908],[-0.6108,38.3933],[-0.5983,38.3875],[-0.595,38.3833],[-0.5958,38.375],[-0.5925,38.3675],[-0.5825,38.3625],[-0.5767,38.35],[-0.57,38.3433],[-0.5542,38.3425],[-0.5533,38.335],[-0.5417,38.3283],[-0.535,38.3308],[-0.5275,38.3275],[-0.5067,38.3283],[-0.5108,38.3458],[-0.515,38.3442],[-0.515,38.3492],[-0.5233,38.3492],[-0.5317,38.3608],[-0.53,38.3667],[-0.5275,38.3675],[-0.53,38.37],[-0.5275,38.3725],[-0.5292,38.3758],[-0.5275,38.3842],[-0.5308,38.3875],[-0.5317,38.4],[-0.545,38.415],[-0.5467,38.4333],[-0.5542,38.4392],[-0.5542,38.4433],[-0.55,38.4442],[-0.5533,38.4483],[-0.5525,38.4558],[-0.5458,38.4608],[-0.5575,38.47],[-0.5575,38.4758],[-0.5625,38.4775],[-0.5625,38.4808],[-0.5758,38.4833],[-0.5783,38.49],[-0.5817,38.49],[-0.5883,38.4967],[-0.5925,38.4967],[-0.605,38.5058],[-0.6258,38.505],[-0.6317,38.5017],[-0.6508,38.5108],[-0.6683,38.5117]]]}},{"type":"Feature","properties":{"id":"vinalopo-elda","scope":"natural","area_km2":1037.6},"geometry":{"type":"Polygon","coordinates":[[[-0.9583,38.805],[-0.9833,38.7958],[-0.9942,38.8033],[-1.01,38.795],[-1.0283,38.8008],[-1.0383,38.79],[-1.0383,38.7775],[-1.0483,38.7725],[-1.0742,38.7725],[-1.0933,38.7825],[-1.1117,38.7792],[-1.11,38.7833],[-1.1375,38.7908],[-1.1558,38.7808],[-1.1517,38.7592],[-1.1367,38.7508],[-1.1367,38.7458],[-1.1525,38.7375],[-1.15,38.73],[-1.1608,38.7225],[-1.1608,38.7092],[-1.1417,38.6842],[-1.1183,38.675],[-1.0875,38.6475],[-1.0692,38.6567],[-1.0575,38.6517],[-1.0342,38.6325],[-1.0308,38.6058],[-1.0183,38.6025],[-0.9925,38.6117],[-0.9867,38.6017],[-0.9625,38.6067],[-0.955,38.6008],[-0.9692,38.5917],[-0.9667,38.585],[-0.99,38.58],[-0.9858,38.57],[-0.99,38.5558],[-0.975,38.5367],[-1.0092,38.52],[-1.0083,38.4992],[-0.9533,38.52],[-0.9333,38.5358],[-0.9367,38.5483],[-0.9217,38.555],[-0.9108,38.5475],[-0.8892,38.5517],[-0.8567,38.5358],[-0.8617,38.5258],[-0.8492,38.5192],[-0.8417,38.4983],[-0.8292,38.4967],[-0.8333,38.49],[-0.82,38.4733],[-0.8108,38.4767],[-0.8008,38.4725],[-0.7858,38.4867],[-0.7217,38.4775],[-0.7117,38.5033],[-0.6917,38.51],[-0.6542,38.5108],[-0.6642,38.53],[-0.6942,38.5567],[-0.7083,38.55],[-0.7308,38.5667],[-0.7317,38.5908],[-0.745,38.5975],[-0.7517,38.6108],[-0.7392,38.6217],[-0.7217,38.6242],[-0.7192,38.63],[-0.6892,38.6425],[-0.6908,38.6508],[-0.6833,38.6558],[-0.6408,38.6742],[-0.6242,38.6758],[-0.6125,38.6925],[-0.5775,38.71],[-0.5725,38.7275],[-0.5617,38.735],[-0.5675,38.7533],[-0.5875,38.7575],[-0.5958,38.7492],[-0.605,38.7492],[-0.6067,38.7433],[-0.6175,38.7442],[-0.645,38.7275],[-0.6558,38.7392],[-0.6475,38.7517],[-0.6583,38.76],[-0.7108,38.7492],[-0.7325,38.7517],[-0.735,38.7592],[-0.7625,38.7617],[-0.7725,38.7567],[-0.7758,38.775],[-0.7933,38.7875],[-0.7992,38.7817],[-0.815,38.7833],[-0.83,38.7767],[-0.8542,38.7833],[-0.8625,38.7758],[-0.9075,38.7667],[-0.9275,38.7842],[-0.9375,38.7808],[-0.9392,38.7942],[-0.9583,38.805]]]}},{"type":"Feature","properties":{"id":"tarafa-aspe","scope":"natural","area_km2":336.4},"geometry":{"type":"Polygon","coordinates":[[[-0.9842,38.5058],[-1.0408,38.4875],[-1.0442,38.4783],[-1.0408,38.4692],[-1.0475,38.4592],[-1.0833,38.455],[-1.0983,38.4483],[-1.055,38.4483],[-1.0525,38.4425],[-1.0392,38.4417],[-1.035,38.4342],[-1.025,38.4308],[-1.0167,38.4167],[-1.0033,38.4083],[-0.9892,38.4058],[-0.9875,38.3975],[-0.9817,38.3942],[-0.9792,38.3867],[-0.9608,38.3833],[-0.9608,38.3792],[-0.9508,38.3767],[-0.9517,38.3725],[-0.9642,38.3717],[-0.9683,38.3683],[-0.9675,38.3617],[-0.9708,38.36],[-0.97,38.3292],[-0.9508,38.3283],[-0.9542,38.3058],[-0.95,38.3],[-0.955,38.2967],[-0.9467,38.2942],[-0.9467,38.2842],[-0.9408,38.2858],[-0.9308,38.2817],[-0.9183,38.2833],[-0.8992,38.2792],[-0.8992,38.2667],[-0.8958,38.2642],[-0.8667,38.2825],[-0.8508,38.2817],[-0.8367,38.2858],[-0.8333,38.29],[-0.8142,38.29],[-0.8025,38.2992],[-0.8008,38.3083],[-0.7875,38.3117],[-0.7875,38.3158],[-0.7817,38.3175],[-0.78,38.3258],[-0.77,38.3308],[-0.77,38.3342],[-0.76,38.3375],[-0.7458,38.335],[-0.745,38.3425],[-0.7275,38.3492],[-0.7283,38.3575],[-0.735,38.3592],[-0.7375,38.3675],[-0.755,38.3858],[-0.7633,38.3825],[-0.7658,38.3858],[-0.78,38.385],[-0.7925,38.3933],[-0.7983,38.3908],[-0.8092,38.3983],[-0.8217,38.4],[-0.8292,38.3967],[-0.8325,38.4008],[-0.8467,38.4025],[-0.8708,38.3983],[-0.8883,38.4075],[-0.8917,38.4117],[-0.89,38.4175],[-0.9025,38.4275],[-0.9042,38.4383],[-0.9008,38.4417],[-0.9017,38.4492],[-0.8958,38.4492],[-0.8967,38.4533],[-0.8917,38.4617],[-0.9108,38.4717],[-0.9233,38.4692],[-0.9275,38.4733],[-0.9275,38.48],[-0.9317,38.4825],[-0.9408,38.4817],[-0.945,38.4775],[-0.955,38.48],[-0.9592,38.485],[-0.9675,38.4867],[-0.9842,38.5058]]]}},{"type":"Feature","properties":{"id":"vinalopo-elx","scope":"natural","area_km2":1605.7},"geometry":{"type":"Polygon","coordinates":[[[-0.9583,38.805],[-0.9833,38.7958],[-0.9942,38.8033],[-1.01,38.795],[-1.0283,38.8008],[-1.0383,38.79],[-1.0383,38.7775],[-1.0483,38.7725],[-1.0742,38.7725],[-1.0933,38.7825],[-1.1117,38.7792],[-1.1375,38.7908],[-1.1558,38.7808],[-1.1517,38.7592],[-1.1367,38.7458],[-1.1525,38.7375],[-1.1608,38.7092],[-1.1417,38.6842],[-1.1183,38.675],[-1.0875,38.6475],[-1.0692,38.6567],[-1.0575,38.6517],[-1.0342,38.6325],[-1.0308,38.6058],[-1.0183,38.6025],[-0.9925,38.6117],[-0.9867,38.6017],[-0.9625,38.6067],[-0.9542,38.5992],[-0.9692,38.5917],[-0.9667,38.585],[-0.99,38.58],[-0.99,38.5558],[-0.975,38.5367],[-1.0092,38.52],[-1.0083,38.4992],[-1.0425,38.4858],[-1.0408,38.4692],[-1.0475,38.4592],[-1.0983,38.4483],[-1.055,38.4483],[-1.0392,38.4417],[-1.0167,38.4167],[-0.9892,38.4058],[-0.9792,38.3867],[-0.9508,38.3767],[-0.9683,38.3683],[-0.97,38.3292],[-0.9508,38.3283],[-0.955,38.2967],[-0.9467,38.2942],[-0.9467,38.2842],[-0.8992,38.2792],[-0.8958,38.2642],[-0.8667,38.2825],[-0.8142,38.29],[-0.8,38.3092],[-0.7875,38.3117],[-0.78,38.3258],[-0.7683,38.3308],[-0.7367,38.3133],[-0.7242,38.2875],[-0.6975,38.2642],[-0.6833,38.3067],[-0.6967,38.3167],[-0.6992,38.3275],[-0.6842,38.3433],[-0.6867,38.355],[-0.6567,38.385],[-0.6683,38.39],[-0.68,38.4167],[-0.6883,38.4167],[-0.695,38.4375],[-0.7158,38.4567],[-0.71,38.4725],[-0.7217,38.4792],[-0.7117,38.5033],[-0.6542,38.5125],[-0.6942,38.5567],[-0.7083,38.55],[-0.7308,38.5667],[-0.7317,38.5908],[-0.745,38.5975],[-0.7517,38.6108],[-0.6892,38.6425],[-0.6908,38.6508],[-0.6833,38.6558],[-0.6242,38.6758],[-0.6125,38.6925],[-0.5775,38.71],[-0.5725,38.7275],[-0.5617,38.735],[-0.5667,38.7525],[-0.585,38.7583],[-0.645,38.7275],[-0.6558,38.7392],[-0.6475,38.7517],[-0.6583,38.76],[-0.7108,38.7492],[-0.7325,38.7517],[-0.735,38.7592],[-0.7725,38.7567],[-0.7758,38.775],[-0.7933,38.7875],[-0.83,38.7767],[-0.8542,38.7833],[-0.8625,38.7758],[-0.9075,38.7667],[-0.9275,38.7842],[-0.9375,38.7808],[-0.9392,38.7942],[-0.9583,38.805]],[[-0.9217,38.555],[-0.9108,38.5475],[-0.8892,38.5517],[-0.8658,38.5408],[-0.8567,38.5358],[-0.8617,38.5258],[-0.8492,38.5192],[-0.8442,38.5008],[-0.86,38.4967],[-0.89,38.46],[-0.9108,38.4717],[-0.9233,38.4692],[-0.9317,38.4825],[-0.955,38.48],[-0.9875,38.5058],[-0.9508,38.5217],[-0.9333,38.5358],[-0.9367,38.5483],[-0.9217,38.555]]]}},{"type":"Feature","properties":{"id":"abanilla-benferri","scope":"natural","area_km2":415.4},"geometry":{"type":"Polygon","coordinates":[[[-1.1183,38.4575],[-1.1292,38.4542],[-1.1292,38.4458],[-1.135,38.435],[-1.1475,38.4358],[-1.1592,38.4283],[-1.1533,38.4283],[-1.1425,38.4208],[-1.12,38.4233],[-1.1042,38.4292],[-1.0875,38.4208],[-1.0867,38.3942],[-1.0925,38.3875],[-1.0942,38.3683],[-1.0775,38.3642],[-1.0683,38.3458],[-1.0783,38.345],[-1.09,38.3292],[-1.1,38.3267],[-1.11,38.3075],[-1.1175,38.3067],[-1.1283,38.2992],[-1.145,38.3017],[-1.1558,38.2942],[-1.1658,38.295],[-1.1708,38.2792],[-1.1692,38.275],[-1.1833,38.2675],[-1.1558,38.2583],[-1.16,38.2475],[-1.1458,38.2417],[-1.15,38.2308],[-1.145,38.2183],[-1.135,38.2208],[-1.1258,38.2125],[-1.1025,38.2125],[-1.09,38.205],[-1.0842,38.1942],[-1.0742,38.1917],[-1.07,38.1767],[-1.075,38.1675],[-1.0667,38.16],[-1.0683,38.1383],[-1.0608,38.1283],[-1.0625,38.1183],[-1.0717,38.105],[-1.0633,38.1008],[-1.0492,38.1017],[-1.0442,38.095],[-1.0292,38.0892],[-1.0092,38.0908],[-1.0008,38.0992],[-0.9875,38.0992],[-0.9833,38.1042],[-0.9683,38.1075],[-0.9667,38.13],[-0.97,38.1308],[-0.9692,38.135],[-0.955,38.1392],[-0.9975,38.1508],[-1.0008,38.1592],[-1.0075,38.1633],[-1.0083,38.1725],[-1.0133,38.175],[-1.02,38.1917],[-1.0275,38.1908],[-1.0275,38.2],[-1.0258,38.2108],[-1.02,38.2175],[-0.9975,38.225],[-0.9817,38.2383],[-0.9675,38.2442],[-0.9692,38.2558],[-0.9475,38.2575],[-0.9467,38.265],[-0.9408,38.2708],[-0.94,38.2775],[-0.9483,38.2858],[-0.9467,38.2942],[-0.955,38.2967],[-0.95,38.3],[-0.9542,38.3058],[-0.9508,38.3283],[-0.97,38.3292],[-0.9683,38.3683],[-0.9517,38.3725],[-0.9508,38.3767],[-0.9608,38.3792],[-0.9608,38.3833],[-0.9792,38.3867],[-0.9817,38.3942],[-0.9875,38.3975],[-0.9892,38.4058],[-1.0033,38.4083],[-1.0167,38.4167],[-1.025,38.4308],[-1.035,38.4342],[-1.0392,38.4417],[-1.0525,38.4425],[-1.055,38.4483],[-1.0967,38.4475],[-1.1025,38.4508],[-1.1125,38.4483],[-1.1183,38.4575]]]}},{"type":"Feature","properties":{"id":"segura-orihuela","scope":"natural","area_km2":13697.4},"geometry":{"type":"Polygon","coordinates":[[[-1.4608,38.7875],[-1.505,38.7725],[-1.5083,38.7608],[-1.5683,38.7733],[-1.6175,38.7417],[-1.6517,38.7542],[-1.7,38.7533],[-1.7125,38.7308],[-1.73,38.7317],[-1.7742,38.6992],[-1.7858,38.68],[-1.7825,38.6517],[-1.815,38.64],[-1.8683,38.675],[-1.8867,38.675],[-1.9167,38.7058],[-1.9825,38.7033],[-2.0417,38.7342],[-2.1833,38.7075],[-2.1875,38.6725],[-2.1983,38.6475],[-2.2192,38.6367],[-2.2142,38.6267],[-2.23,38.625],[-2.275,38.6525],[-2.2958,38.645],[-2.3217,38.6533],[-2.3808,38.6175],[-2.4558,38.5358],[-2.5292,38.5083],[-2.4558,38.4725],[-2.45,38.4517],[-2.4608,38.4067],[-2.5325,38.3642],[-2.5383,38.3408],[-2.5858,38.335],[-2.5833,38.305],[-2.6292,38.2583],[-2.6583,38.2508],[-2.6483,38.2267],[-2.6725,38.1892],[-2.6667,38.18],[-2.6842,38.1417],[-2.7058,38.1183],[-2.7008,38.11],[-2.7208,38.0725],[-2.7117,38.06],[-2.7275,38.0542],[-2.72,38.0233],[-2.7367,38.0175],[-2.7392,38.005],[-2.7258,37.9967],[-2.7208,37.9625],[-2.6867,37.9758],[-2.6725,37.9583],[-2.6058,37.9958],[-2.5833,38.0242],[-2.5742,38.0142],[-2.5542,38.0242],[-2.5492,38.0142],[-2.5358,38.0167],[-2.495,38.0367],[-2.4525,38.0767],[-2.43,38.0667],[-2.3758,38.0675],[-2.3667,38.0775],[-2.3283,38.0683],[-2.29,38.0908],[-2.2633,38.07],[-2.2825,38.0258],[-2.2575,38.0],[-2.255,37.9733],[-2.2325,37.9642],[-2.2267,37.9467],[-2.24,37.9317],[-2.2275,37.9225],[-2.2408,37.9167],[-2.2425,37.8933],[-2.2017,37.8767],[-2.2233,37.8575],[-2.1767,37.8475],[-2.1875,37.825],[-2.2375,37.8058],[-2.2425,37.79],[-2.2333,37.7742],[-2.2392,37.7383],[-2.2183,37.7083],[-2.1908,37.7042],[-2.1925,37.6758],[-2.235,37.6692],[-2.2492,37.65],[-2.29,37.6517],[-2.3158,37.6217],[-2.3875,37.6317],[-2.3883,37.6167],[-2.3667,37.5892],[-2.3733,37.5558],[-2.3575,37.5475],[-2.3125,37.5575],[-2.2142,37.5525],[-2.1758,37.5867],[-2.1375,37.5575],[-2.1033,37.585],[-2.0642,37.59],[-2.0308,37.58],[-2.0108,37.5583],[-1.8425,37.5167],[-1.8242,37.4842],[-1.7658,37.5475],[-1.7075,37.5333],[-1.6692,37.5367],[-1.6658,37.5267],[-1.6083,37.5275],[-1.565,37.5583],[-1.5783,37.5925],[-1.5083,37.6167],[-1.5325,37.6283],[-1.5117,37.6675],[-1.4525,37.6808],[-1.3892,37.7192],[-1.3517,37.7167],[-1.3383,37.7458],[-1.2958,37.7858],[-1.3067,37.8133],[-1.2975,37.8317],[-1.2267,37.86],[-1.2192,37.8725],[-1.1367,37.885],[-1.0,38.0575],[-0.965,38.0808],[-0.94,38.0825],[-0.9525,38.1033],[-0.9683,38.1075],[-1.0283,38.0892],[-1.0692,38.1025],[-1.0608,38.1283],[-1.0742,38.1917],[-1.1025,38.2125],[-1.145,38.2183],[-1.1558,38.2583],[-1.1833,38.2675],[-1.1692,38.275],[-1.1658,38.295],[-1.11,38.3075],[-1.1,38.3267],[-1.0683,38.3458],[-1.0775,38.3642],[-1.0942,38.3683],[-1.0875,38.4208],[-1.1592,38.4283],[-1.135,38.435],[-1.1083,38.4925],[-1.1567,38.495],[-1.1942,38.5425],[-1.2083,38.5458],[-1.2217,38.57],[-1.2,38.5842],[-1.21,38.595],[-1.2625,38.5867],[-1.2775,38.5733],[-1.2883,38.5817],[-1.2975,38.595],[-1.2858,38.605],[-1.3208,38.6358],[-1.315,38.645],[-1.3292,38.6708],[-1.3908,38.7067],[-1.3775,38.7108],[-1.3642,38.7375],[-1.4008,38.75],[-1.395,38.7675],[-1.4125,38.7658],[-1.4208,38.7792],[-1.4392,38.7733],[-1.4608,38.7875]]]}},{"type":"Feature","properties":{"id":"segura-orihuela","scope":"unregulated","area_km2":4964.7},"geometry":{"type":"Polygon","coordinates":[[[-1.3475,38.6775],[-1.3917,38.6542],[-1.38,38.6492],[-1.3858,38.6342],[-1.3767,38.6192],[-1.4158,38.5733],[-1.4075,38.5425],[-1.4733,38.5233],[-1.4533,38.4892],[-1.465,38.4408],[-1.5433,38.4125],[-1.5367,38.3958],[-1.5608,38.3842],[-1.5942,38.3417],[-1.6433,38.3458],[-1.665,38.3592],[-1.6675,38.39],[-1.7075,38.4008],[-1.7292,38.3925],[-1.7858,38.4275],[-1.8008,38.4183],[-1.795,38.4075],[-1.8058,38.3817],[-1.7758,38.3633],[-1.8133,38.3508],[-1.8075,38.3333],[-1.8533,38.3333],[-1.8683,38.3217],[-1.9367,38.3108],[-1.975,38.2833],[-1.9708,38.2525],[-1.98,38.2458],[-2.0308,38.2475],[-2.0767,38.2267],[-2.0992,38.2425],[-2.1842,38.225],[-2.1633,38.2],[-2.17,38.1867],[-2.1308,38.18],[-2.1392,38.1692],[-2.1325,38.1508],[-2.08,38.1558],[-2.0567,38.1725],[-2.0433,38.155],[-2.0283,38.1575],[-2.0283,38.1875],[-2.0067,38.1933],[-1.98,38.185],[-1.9517,38.15],[-1.9167,38.1375],[-1.9167,38.15],[-1.9033,38.1525],[-1.8717,38.1317],[-1.8208,38.1508],[-1.8058,38.1692],[-1.7733,38.1667],[-1.7592,38.1792],[-1.7267,38.1808],[-1.7158,38.1583],[-1.68,38.1958],[-1.6408,38.2092],[-1.6392,38.2292],[-1.5508,38.2083],[-1.5275,38.2217],[-1.49,38.2183],[-1.4742,38.1933],[-1.51,38.1625],[-1.4933,38.1258],[-1.4767,38.1158],[-1.4308,38.1317],[-1.4325,38.1142],[-1.4117,38.0967],[-1.3842,38.0983],[-1.33,38.055],[-1.2867,38.0508],[-1.3283,38.0117],[-1.3658,38.02],[-1.4192,37.9842],[-1.4575,37.9875],[-1.4867,38.0033],[-1.5333,37.9092],[-1.4625,37.8975],[-1.4,37.9075],[-1.3808,37.8967],[-1.4192,37.8658],[-1.465,37.8842],[-1.5058,37.8717],[-1.5583,37.8883],[-1.5567,37.8725],[-1.5708,37.8642],[-1.585,37.8725],[-1.5975,37.8625],[-1.6608,37.8583],[-1.6883,37.885],[-1.6692,37.9092],[-1.7158,37.9025],[-1.7333,37.91],[-1.7683,37.895],[-1.8017,37.8592],[-1.8208,37.815],[-1.8083,37.785],[-1.8233,37.7542],[-1.8183,37.7342],[-1.86,37.7167],[-1.8642,37.6917],[-1.8817,37.6875],[-1.895,37.6525],[-1.9125,37.64],[-1.9333,37.6517],[-1.9883,37.645],[-1.9833,37.6358],[-2.0117,37.6325],[-2.0242,37.61],[-2.0642,37.59],[-2.0583,37.5833],[-2.0308,37.58],[-2.0108,37.5583],[-1.9767,37.555],[-1.9467,37.5375],[-1.91,37.5383],[-1.8992,37.525],[-1.8833,37.53],[-1.8425,37.5167],[-1.8242,37.4842],[-1.7658,37.5475],[-1.7075,37.5333],[-1.6692,37.5367],[-1.6658,37.5267],[-1.6083,37.5275],[-1.565,37.5583],[-1.5783,37.5925],[-1.5083,37.6167],[-1.5325,37.6283],[-1.5117,37.6675],[-1.4525,37.6808],[-1.3892,37.7192],[-1.3517,37.7167],[-1.3383,37.7458],[-1.2958,37.7858],[-1.3067,37.8133],[-1.2975,37.8317],[-1.2267,37.86],[-1.2192,37.8725],[-1.1367,37.885],[-1.0,38.0575],[-0.965,38.0808],[-0.94,38.0825],[-0.9525,38.1033],[-0.9683,38.1075],[-1.0283,38.0892],[-1.0758,38.1067],[-1.09,38.0933],[-1.1092,38.105],[-1.14,38.0942],[-1.1875,38.1308],[-1.2025,38.1733],[-1.2183,38.1808],[-1.1808,38.2158],[-1.1933,38.2625],[-1.1692,38.275],[-1.1658,38.295],[-1.11,38.3075],[-1.1,38.3267],[-1.0683,38.3458],[-1.0775,38.3642],[-1.0942,38.3683],[-1.0867,38.42],[-1.1592,38.4283],[-1.135,38.435],[-1.1083,38.4925],[-1.1567,38.495],[-1.1942,38.5425],[-1.2083,38.5458],[-1.2217,38.57],[-1.2,38.5842],[-1.21,38.595],[-1.2625,38.5867],[-1.2783,38.5733],[-1.2975,38.5917],[-1.2858,38.605],[-1.3208,38.6358],[-1.315,38.645],[-1.3292,38.6708],[-1.3475,38.6775]]]}},{"type":"Feature","properties":{"id":"seco-pilar","scope":"natural","area_km2":24.9},"geometry":{"type":"Polygon","coordinates":[[[-0.9025,37.95],[-0.905,37.9475],[-0.9167,37.9483],[-0.9167,37.9475],[-0.92,37.9467],[-0.92,37.9458],[-0.9233,37.9458],[-0.9233,37.945],[-0.9175,37.9392],[-0.9158,37.9392],[-0.915,37.9375],[-0.9117,37.9375],[-0.9117,37.9367],[-0.9092,37.9367],[-0.9092,37.9358],[-0.9058,37.935],[-0.905,37.9333],[-0.8992,37.9325],[-0.8983,37.9308],[-0.8967,37.9308],[-0.8967,37.9292],[-0.8958,37.9292],[-0.8958,37.9275],[-0.8942,37.9258],[-0.8892,37.9258],[-0.8892,37.925],[-0.885,37.9242],[-0.8825,37.9208],[-0.88,37.9208],[-0.8792,37.9192],[-0.8775,37.9192],[-0.8767,37.9158],[-0.87,37.915],[-0.87,37.9133],[-0.8683,37.9117],[-0.8667,37.9117],[-0.865,37.9092],[-0.8633,37.9092],[-0.8633,37.9083],[-0.8625,37.9092],[-0.8575,37.9083],[-0.8567,37.9058],[-0.8558,37.9058],[-0.8558,37.9033],[-0.8517,37.9008],[-0.8508,37.8967],[-0.8492,37.8967],[-0.8492,37.8958],[-0.8467,37.8967],[-0.8458,37.895],[-0.8425,37.895],[-0.8417,37.8933],[-0.8383,37.8925],[-0.8375,37.8908],[-0.8342,37.8908],[-0.8342,37.89],[-0.8325,37.89],[-0.8308,37.8883],[-0.8283,37.8883],[-0.8283,37.8875],[-0.8258,37.8875],[-0.8258,37.8883],[-0.8242,37.8883],[-0.8242,37.8875],[-0.8175,37.8875],[-0.815,37.885],[-0.8142,37.8858],[-0.8017,37.8858],[-0.8,37.8875],[-0.7892,37.8875],[-0.7892,37.8867],[-0.7842,37.8867],[-0.7842,37.8858],[-0.7817,37.8858],[-0.7808,37.8867],[-0.78,37.8908],[-0.7842,37.8908],[-0.7858,37.8925],[-0.7917,37.8925],[-0.7958,37.8975],[-0.7975,37.8975],[-0.7975,37.8992],[-0.8042,37.9017],[-0.8058,37.9042],[-0.8133,37.905],[-0.8133,37.9042],[-0.8158,37.9033],[-0.8175,37.9058],[-0.8233,37.9058],[-0.8233,37.9075],[-0.8258,37.91],[-0.8258,37.9117],[-0.8283,37.9125],[-0.8283,37.9158],[-0.83,37.9167],[-0.8308,37.9192],[-0.8383,37.9192],[-0.8392,37.9208],[-0.8408,37.9208],[-0.8417,37.9225],[-0.8433,37.9225],[-0.8442,37.925],[-0.85,37.9258],[-0.85,37.9267],[-0.8525,37.9267],[-0.8542,37.9283],[-0.8567,37.9283],[-0.86,37.9325],[-0.8608,37.9317],[-0.8633,37.9317],[-0.8633,37.9325],[-0.8683,37.9317],[-0.8683,37.9325],[-0.8717,37.9333],[-0.8717,37.935],[-0.8733,37.935],[-0.8733,37.9358],[-0.8783,37.9358],[-0.8783,37.9367],[-0.8817,37.9375],[-0.8817,37.9383],[-0.8833,37.9383],[-0.8842,37.94],[-0.8858,37.94],[-0.8867,37.9417],[-0.8883,37.9417],[-0.8892,37.9458],[-0.8933,37.9467],[-0.895,37.9492],[-0.9025,37.95]]]}}]}